CD_MUN,NM_MUN,UF,year,pr,ETo,Tmax,Tmin,RH,VPD,u2,Rs
1100015,Alta Floresta D'Oeste,RO,1961,1839.86,1369.56,32.39,19.92,77.84,0.76,0.92,6486.95
1100015,Alta Floresta D'Oeste,RO,1962,1857.54,1378.51,32.15,19.79,77.95,0.74,1.08,6447.99
1100015,Alta Floresta D'Oeste,RO,1963,1482.55,1422.32,32.93,19.91,75.25,0.87,1.05,6524.33
1100015,Alta Floresta D'Oeste,RO,1964,1873.25,1362.49,32.15,19.95,77.22,0.77,1.05,6308.13
1100015,Alta Floresta D'Oeste,RO,1965,1922.56,1371.19,32.37,19.88,78.61,0.73,1.04,6394.42
1100015,Alta Floresta D'Oeste,RO,1966,1588.12,1407.58,32.91,19.68,76.24,0.82,1.02,6512.4
1100015,Alta Floresta D'Oeste,RO,1967,1525.44,1352.36,32.27,20.26,80.18,0.69,1.03,6328.6
1100015,Alta Floresta D'Oeste,RO,1968,1596.8,1332.24,31.3,20.26,82.17,0.6,1.07,6400.18
1100015,Alta Floresta D'Oeste,RO,1969,1556.98,1426.88,32.45,21.16,79.69,0.72,1.14,6647.02
1100015,Alta Floresta D'Oeste,RO,1970,1662.7,1395.56,32.6,20.63,80.85,0.67,1.0,6591.88
1100015,Alta Floresta D'Oeste,RO,1971,1646.94,1286.08,31.2,19.0,82.55,0.56,1.04,6234.51
1100015,Alta Floresta D'Oeste,RO,1972,2117.51,1292.27,31.49,20.2,83.12,0.57,0.77,6310.95
1100015,Alta Floresta D'Oeste,RO,1973,2083.18,1283.78,31.0,20.54,82.7,0.57,0.85,6228.23
1100015,Alta Floresta D'Oeste,RO,1974,2710.57,1210.94,29.45,19.96,83.72,0.51,0.81,6082.76
1100015,Alta Floresta D'Oeste,RO,1975,2572.53,1262.89,31.04,19.92,82.91,0.56,0.79,6198.54
1100015,Alta Floresta D'Oeste,RO,1976,1941.19,1253.07,30.81,20.02,82.13,0.59,0.78,6130.15
1100015,Alta Floresta D'Oeste,RO,1977,2180.78,1214.07,31.1,20.38,83.12,0.56,0.64,5960.08
1100015,Alta Floresta D'Oeste,RO,1978,2335.36,1160.12,31.15,20.16,82.36,0.58,0.5,5658.16
1100015,Alta Floresta D'Oeste,RO,1979,2027.04,1181.57,31.49,20.01,82.52,0.58,0.62,5730.42
1100015,Alta Floresta D'Oeste,RO,1980,1892.86,1217.29,31.44,20.35,82.51,0.59,0.79,5780.79
1100080,Costa Marques,RO,1961,1881.34,1365.31,32.52,20.05,77.92,0.77,0.89,6458.36
1100080,Costa Marques,RO,1962,1833.49,1386.14,32.41,20.1,78.12,0.75,1.09,6445.32
1100080,Costa Marques,RO,1963,1493.49,1430.82,33.1,20.16,75.41,0.87,1.09,6507.84
1100080,Costa Marques,RO,1964,1921.45,1362.59,32.33,20.19,77.4,0.78,1.07,6272.78
1100080,Costa Marques,RO,1965,1785.7,1375.54,32.62,20.09,78.71,0.74,1.08,6359.24
1100080,Costa Marques,RO,1966,1710.99,1389.36,32.7,19.93,76.98,0.79,0.98,6470.92
1100080,Costa Marques,RO,1967,1631.49,1338.64,32.48,20.22,83.46,0.57,1.05,6327.5
1100080,Costa Marques,RO,1968,1671.9,1316.74,31.4,20.7,84.16,0.54,1.06,6352.27
1100080,Costa Marques,RO,1969,1711.8,1380.46,32.44,21.46,83.67,0.58,1.08,6509.41
1100080,Costa Marques,RO,1970,1751.49,1336.59,32.37,20.85,85.41,0.51,0.87,6442.02
1100080,Costa Marques,RO,1971,1734.44,1244.21,31.01,19.7,85.81,0.46,0.88,6132.72
1100080,Costa Marques,RO,1972,1997.26,1267.3,31.42,20.02,85.53,0.48,0.84,6192.35
1100080,Costa Marques,RO,1973,2230.98,1233.57,30.82,20.32,87.48,0.41,1.04,6046.79
1100080,Costa Marques,RO,1974,2944.09,1168.72,29.32,19.98,87.1,0.4,0.97,5887.5
1100080,Costa Marques,RO,1975,2555.2,1218.16,30.73,19.96,85.65,0.46,0.86,5996.68
1100080,Costa Marques,RO,1976,1739.19,1232.39,30.79,20.18,84.18,0.52,0.83,6038.25
1100080,Costa Marques,RO,1977,1739.54,1187.25,31.08,20.6,85.29,0.49,0.71,5790.74
1100080,Costa Marques,RO,1978,1986.6,1123.27,31.05,20.35,84.54,0.51,0.51,5479.08
1100080,Costa Marques,RO,1979,1714.03,1142.77,31.51,20.03,85.05,0.5,0.5,5590.45
1100080,Costa Marques,RO,1980,1661.42,1175.07,31.3,20.51,84.35,0.53,0.67,5662.19
1100049,Cacoal,RO,1961,2109.24,1350.67,32.23,19.8,78.71,0.72,0.87,6438.72
1100049,Cacoal,RO,1962,2200.1,1360.34,31.97,19.73,79.85,0.67,1.06,6426.0
1100049,Cacoal,RO,1963,1737.86,1410.65,32.72,19.69,76.36,0.81,1.04,6512.08
1100049,Cacoal,RO,1964,2227.76,1347.39,31.95,19.79,79.1,0.7,1.02,6311.58
1100049,Cacoal,RO,1965,2013.37,1356.96,32.24,19.64,79.94,0.68,1.02,6373.06
1100049,Cacoal,RO,1966,1638.86,1372.83,32.5,19.78,77.03,0.78,0.92,6431.5
1100049,Cacoal,RO,1967,1668.52,1349.08,32.0,20.11,80.63,0.66,1.05,6335.83
1100049,Cacoal,RO,1968,1697.1,1321.24,31.08,20.28,83.11,0.56,1.11,6357.29
1100049,Cacoal,RO,1969,1785.77,1418.84,32.28,21.18,81.09,0.67,1.2,6606.02
1100049,Cacoal,RO,1970,1760.78,1389.31,32.33,20.72,82.21,0.62,1.09,6561.25
1100049,Cacoal,RO,1971,1780.74,1287.77,30.91,19.38,83.67,0.52,1.18,6221.78
1100049,Cacoal,RO,1972,2181.07,1295.04,31.26,20.18,83.64,0.54,0.87,6309.7
1100049,Cacoal,RO,1973,2154.35,1270.72,30.34,20.58,86.3,0.45,1.0,6264.51
1100049,Cacoal,RO,1974,2926.21,1189.45,29.29,19.87,87.64,0.38,0.94,6028.41
1100049,Cacoal,RO,1975,2600.19,1261.0,30.92,19.91,83.58,0.53,0.91,6145.13
1100049,Cacoal,RO,1976,2028.72,1260.74,30.57,20.05,83.91,0.53,0.86,6195.65
1100049,Cacoal,RO,1977,2175.63,1214.37,30.96,20.36,83.54,0.55,0.63,5980.34
1100049,Cacoal,RO,1978,2411.15,1168.21,30.82,20.12,82.87,0.56,0.49,5739.53
1100049,Cacoal,RO,1979,2090.23,1188.99,31.34,19.88,83.08,0.56,0.64,5781.47
1100049,Cacoal,RO,1980,1907.43,1198.25,31.29,20.12,83.38,0.55,0.73,5747.8
1100072,Corumbiara,RO,1961,1757.48,1376.62,32.12,19.62,75.88,0.81,0.95,6497.79
1100072,Corumbiara,RO,1962,1778.69,1377.69,31.73,19.38,76.13,0.79,1.09,6457.1
1100072,Corumbiara,RO,1963,1433.2,1414.59,32.56,19.45,73.45,0.91,1.01,6546.95
1100072,Corumbiara,RO,1964,1742.02,1364.59,31.77,19.53,75.31,0.82,1.04,6348.34
1100072,Corumbiara,RO,1965,1774.18,1372.68,31.98,19.46,76.7,0.78,1.03,6430.87
1100072,Corumbiara,RO,1966,1208.4,1409.58,32.61,19.47,75.35,0.83,1.02,6562.51
1100072,Corumbiara,RO,1967,1251.09,1351.8,31.88,19.75,79.07,0.71,1.01,6377.77
1100072,Corumbiara,RO,1968,1478.24,1338.08,31.06,19.65,80.85,0.63,1.06,6461.6
1100072,Corumbiara,RO,1969,1481.65,1438.85,32.24,20.66,78.46,0.75,1.2,6675.92
1100072,Corumbiara,RO,1970,1516.52,1420.84,32.41,19.98,78.67,0.73,1.12,6652.36
1100072,Corumbiara,RO,1971,1586.94,1319.45,31.26,18.19,80.98,0.6,1.14,6339.6
1100072,Corumbiara,RO,1972,2060.1,1328.3,31.75,19.72,81.63,0.62,0.8,6469.45
1100072,Corumbiara,RO,1973,1803.45,1355.48,32.07,19.93,80.65,0.65,0.86,6482.71
1100072,Corumbiara,RO,1974,2078.31,1274.82,29.97,19.92,81.06,0.6,0.89,6322.64
1100072,Corumbiara,RO,1975,1891.45,1305.63,31.57,19.76,80.43,0.65,0.8,6343.21
1100072,Corumbiara,RO,1976,1802.35,1290.33,31.07,19.62,80.32,0.65,0.88,6254.4
1100072,Corumbiara,RO,1977,1827.18,1258.59,31.33,20.08,81.58,0.61,0.7,6147.48
1100072,Corumbiara,RO,1978,2175.41,1239.5,31.33,19.85,80.43,0.64,0.61,6039.56
1100072,Corumbiara,RO,1979,2041.92,1225.33,31.58,19.8,81.31,0.62,0.7,5920.34
1100072,Corumbiara,RO,1980,1964.05,1230.65,31.52,19.79,81.7,0.61,0.82,5843.78
1100130,Machadinho D'Oeste,RO,1961,2237.04,1349.34,32.5,20.29,80.78,0.68,0.89,6390.18
1100130,Machadinho D'Oeste,RO,1962,2431.0,1352.56,32.47,20.35,82.31,0.62,1.02,6368.98
1100130,Machadinho D'Oeste,RO,1963,1778.42,1397.14,33.11,20.39,79.11,0.75,1.05,6399.92
1100130,Machadinho D'Oeste,RO,1964,2362.6,1322.78,32.37,20.41,81.75,0.63,1.04,6141.93
1100130,Machadinho D'Oeste,RO,1965,2141.51,1344.58,32.69,20.31,82.69,0.61,1.04,6272.84
1100130,Machadinho D'Oeste,RO,1966,1942.32,1313.67,32.73,19.94,83.16,0.58,0.88,6200.42
1100130,Machadinho D'Oeste,RO,1967,2086.99,1322.72,32.38,20.55,85.06,0.52,1.1,6221.0
1100130,Machadinho D'Oeste,RO,1968,2154.73,1275.79,31.37,21.07,87.36,0.43,1.14,6137.84
1100130,Machadinho D'Oeste,RO,1969,2124.72,1370.02,32.59,22.06,86.29,0.5,1.18,6413.43
1100130,Machadinho D'Oeste,RO,1970,1971.98,1348.72,32.54,21.82,87.05,0.47,1.0,6402.12
1100130,Machadinho D'Oeste,RO,1971,2189.77,1267.09,31.06,21.44,87.24,0.44,1.17,6111.82
1100130,Machadinho D'Oeste,RO,1972,2541.44,1271.29,31.5,20.91,87.12,0.44,0.9,6171.77
1100130,Machadinho D'Oeste,RO,1973,2535.17,1231.26,30.69,20.95,88.09,0.4,1.04,6019.14
1100130,Machadinho D'Oeste,RO,1974,2649.78,1179.42,29.61,20.23,87.94,0.38,0.97,5906.36
1100130,Machadinho D'Oeste,RO,1975,2750.7,1239.15,31.16,20.4,87.57,0.41,1.0,6033.12
1100130,Machadinho D'Oeste,RO,1976,1964.39,1243.24,30.82,20.62,86.99,0.44,0.9,6098.73
1100130,Machadinho D'Oeste,RO,1977,2311.14,1191.24,30.96,20.88,88.01,0.4,0.78,5819.33
1100130,Machadinho D'Oeste,RO,1978,2380.48,1138.01,30.86,20.67,88.25,0.39,0.53,5588.26
1100130,Machadinho D'Oeste,RO,1979,2586.61,1176.6,31.32,20.5,86.43,0.46,0.57,5739.06
1100130,Machadinho D'Oeste,RO,1980,2317.29,1214.12,31.22,20.88,86.19,0.47,0.62,5920.44
1100148,Nova Brasilândia D'Oeste,RO,1961,1979.58,1355.17,31.99,19.49,77.95,0.74,0.9,6471.4
1100148,Nova Brasilândia D'Oeste,RO,1962,1926.54,1368.79,31.8,19.52,78.2,0.72,1.1,6436.05
1100148,Nova Brasilândia D'Oeste,RO,1963,1521.18,1412.55,32.52,19.54,75.42,0.84,1.08,6508.0
1100148,Nova Brasilândia D'Oeste,RO,1964,1936.22,1347.96,31.74,19.6,77.45,0.75,1.07,6276.71
1100148,Nova Brasilândia D'Oeste,RO,1965,1936.78,1360.96,32.03,19.5,78.79,0.71,1.07,6367.72
1100148,Nova Brasilândia D'Oeste,RO,1966,1626.93,1380.0,32.3,19.45,76.74,0.78,0.99,6463.7
1100148,Nova Brasilândia D'Oeste,RO,1967,1630.89,1342.63,31.9,19.8,80.57,0.66,1.05,6332.69
1100148,Nova Brasilândia D'Oeste,RO,1968,1695.87,1313.51,30.85,20.09,83.06,0.56,1.09,6356.51
1100148,Nova Brasilândia D'Oeste,RO,1969,1785.26,1399.24,32.07,21.01,81.14,0.66,1.15,6562.66
1100148,Nova Brasilândia D'Oeste,RO,1970,1751.43,1360.55,32.15,20.55,81.89,0.63,0.98,6474.38
1100148,Nova Brasilândia D'Oeste,RO,1971,1766.72,1269.5,30.41,19.24,83.49,0.52,1.06,6233.1
1100148,Nova Brasilândia D'Oeste,RO,1972,2134.37,1269.75,30.73,19.88,84.21,0.51,0.76,6296.34
1100148,Nova Brasilândia D'Oeste,RO,1973,2281.75,1240.12,30.0,20.16,87.69,0.39,0.93,6213.46
1100148,Nova Brasilândia D'Oeste,RO,1974,2788.05,1168.21,28.86,19.39,87.34,0.38,0.89,5973.59
1100148,Nova Brasilândia D'Oeste,RO,1975,2553.68,1208.8,30.16,19.4,85.48,0.45,0.88,6005.48
1100148,Nova Brasilândia D'Oeste,RO,1976,2026.06,1220.67,30.11,19.68,84.14,0.51,0.81,6053.17
1100148,Nova Brasilândia D'Oeste,RO,1977,2183.92,1181.46,30.57,20.04,84.92,0.49,0.68,5826.24
1100148,Nova Brasilândia D'Oeste,RO,1978,2402.63,1126.19,30.45,19.78,84.16,0.51,0.5,5558.41
1100148,Nova Brasilândia D'Oeste,RO,1979,2061.94,1159.71,31.0,19.55,83.21,0.54,0.55,5701.67
1100148,Nova Brasilândia D'Oeste,RO,1980,1912.53,1193.03,30.98,19.88,83.01,0.56,0.7,5754.55
1100064,Colorado do Oeste,RO,1961,1693.4,1373.8,31.38,18.83,75.79,0.78,0.95,6602.56
1100064,Colorado do Oeste,RO,1962,1716.11,1385.11,30.97,18.6,76.0,0.75,1.1,6625.66
1100064,Colorado do Oeste,RO,1963,1327.13,1414.49,31.82,18.64,73.3,0.87,1.0,6678.12
1100064,Colorado do Oeste,RO,1964,1492.33,1364.28,31.02,18.74,75.15,0.79,1.03,6478.09
1100064,Colorado do Oeste,RO,1965,1685.82,1359.93,31.23,18.67,76.59,0.75,1.03,6487.1
1100064,Colorado do Oeste,RO,1966,1200.09,1389.82,31.91,18.78,75.1,0.81,1.0,6585.76
1100064,Colorado do Oeste,RO,1967,1262.35,1340.38,31.19,18.96,78.87,0.68,1.0,6431.97
1100064,Colorado do Oeste,RO,1968,1480.85,1316.38,30.4,18.72,80.66,0.6,1.05,6440.08
1100064,Colorado do Oeste,RO,1969,1517.0,1419.2,31.54,19.81,78.25,0.72,1.2,6682.99
1100064,Colorado do Oeste,RO,1970,1598.93,1402.77,31.71,19.07,78.47,0.7,1.12,6674.2
1100064,Colorado do Oeste,RO,1971,1586.25,1301.02,30.57,17.22,80.84,0.58,1.13,6351.54
1100064,Colorado do Oeste,RO,1972,2056.92,1314.64,31.08,18.92,81.46,0.6,0.83,6481.71
1100064,Colorado do Oeste,RO,1973,1826.4,1343.5,31.39,19.18,80.42,0.63,0.89,6500.61
1100064,Colorado do Oeste,RO,1974,2015.08,1261.05,29.24,19.21,80.86,0.58,0.91,6338.34
1100064,Colorado do Oeste,RO,1975,1837.76,1292.94,30.91,19.0,80.23,0.63,0.81,6357.19
1100064,Colorado do Oeste,RO,1976,1799.81,1278.45,30.39,18.82,79.83,0.63,0.89,6271.21
1100064,Colorado do Oeste,RO,1977,1728.21,1243.39,30.66,19.24,80.63,0.62,0.7,6155.49
1100064,Colorado do Oeste,RO,1978,2083.35,1229.68,30.65,19.11,79.75,0.64,0.62,6056.84
1100064,Colorado do Oeste,RO,1979,1915.23,1225.43,30.8,19.05,80.87,0.61,0.74,6000.14
1100064,Colorado do Oeste,RO,1980,1972.5,1216.83,30.84,19.04,81.16,0.6,0.85,5831.21
1100155,Ouro Preto do Oeste,RO,1961,2099.71,1347.96,32.26,19.88,79.02,0.72,0.89,6409.19
1100155,Ouro Preto do Oeste,RO,1962,2230.44,1355.63,32.18,19.89,81.73,0.62,1.05,6420.34
1100155,Ouro Preto do Oeste,RO,1963,1737.58,1407.33,32.87,19.9,78.05,0.77,1.06,6489.78
1100155,Ouro Preto do Oeste,RO,1964,2278.85,1337.0,32.1,19.94,80.95,0.64,1.04,6268.7
1100155,Ouro Preto do Oeste,RO,1965,2143.42,1348.52,32.42,19.8,82.0,0.62,1.05,6334.57
1100155,Ouro Preto do Oeste,RO,1966,1815.21,1354.71,32.58,19.67,78.92,0.72,0.91,6353.42
1100155,Ouro Preto do Oeste,RO,1967,1834.68,1333.93,32.28,20.12,83.63,0.56,1.07,6291.37
1100155,Ouro Preto do Oeste,RO,1968,1849.23,1299.33,31.15,20.54,85.73,0.48,1.11,6299.01
1100155,Ouro Preto do Oeste,RO,1969,1999.82,1378.92,32.36,21.53,85.25,0.53,1.17,6503.13
1100155,Ouro Preto do Oeste,RO,1970,1806.2,1332.81,32.35,21.18,86.72,0.47,0.95,6385.63
1100155,Ouro Preto do Oeste,RO,1971,1900.47,1244.37,30.87,20.59,86.81,0.44,1.03,6070.98
1100155,Ouro Preto do Oeste,RO,1972,2248.78,1253.07,31.18,20.31,86.42,0.45,0.83,6136.74
1100155,Ouro Preto do Oeste,RO,1973,2268.9,1217.75,30.31,20.64,87.88,0.4,1.0,6004.06
1100155,Ouro Preto do Oeste,RO,1974,2789.2,1167.8,29.29,19.93,87.96,0.37,0.94,5900.7
1100155,Ouro Preto do Oeste,RO,1975,2681.39,1221.18,30.72,19.96,87.19,0.41,0.96,6005.95
1100155,Ouro Preto do Oeste,RO,1976,1999.99,1227.73,30.45,20.14,86.28,0.45,0.86,6073.91
1100155,Ouro Preto do Oeste,RO,1977,2122.69,1181.87,30.75,20.48,86.77,0.44,0.77,5796.24
1100155,Ouro Preto do Oeste,RO,1978,2172.74,1122.91,30.63,20.17,87.01,0.42,0.53,5531.23
1100155,Ouro Preto do Oeste,RO,1979,1988.16,1180.49,31.17,19.95,84.32,0.52,0.58,5785.4
1100155,Ouro Preto do Oeste,RO,1980,1937.4,1208.64,31.13,20.34,84.15,0.53,0.67,5860.59
1100114,Jaru,RO,1961,2094.38,1346.68,32.38,19.98,79.01,0.73,0.89,6376.99
1100114,Jaru,RO,1962,2218.02,1354.51,32.32,19.98,81.75,0.62,1.05,6391.28
1100114,Jaru,RO,1963,1726.18,1402.82,32.99,20.04,78.09,0.77,1.07,6430.55
1100114,Jaru,RO,1964,2266.93,1332.91,32.21,20.05,80.95,0.65,1.05,6222.2
1100114,Jaru,RO,1965,2104.83,1344.43,32.53,19.94,82.02,0.62,1.06,6291.06
1100114,Jaru,RO,1966,1839.13,1339.36,32.67,19.68,82.78,0.59,0.92,6344.16
1100114,Jaru,RO,1967,1875.68,1329.84,32.51,20.14,84.97,0.52,1.07,6285.56
1100114,Jaru,RO,1968,1904.9,1293.55,31.24,20.69,86.91,0.44,1.09,6288.18
1100114,Jaru,RO,1969,2006.17,1382.5,32.48,21.71,85.3,0.53,1.14,6505.96
1100114,Jaru,RO,1970,1888.74,1339.1,32.57,21.34,86.69,0.48,0.94,6386.26
1100114,Jaru,RO,1971,1991.83,1247.8,31.04,20.73,86.78,0.44,1.03,6066.9
1100114,Jaru,RO,1972,2267.71,1252.76,31.34,20.46,86.68,0.45,0.83,6122.14
1100114,Jaru,RO,1973,2251.31,1218.16,30.52,20.68,87.8,0.4,0.96,5989.77
1100114,Jaru,RO,1974,2872.09,1163.3,29.41,19.9,87.49,0.39,0.92,5840.38
1100114,Jaru,RO,1975,2628.13,1221.69,30.75,20.07,87.09,0.42,0.93,6013.33
1100114,Jaru,RO,1976,2007.01,1232.7,30.59,20.29,85.99,0.46,0.85,6075.01
1100114,Jaru,RO,1977,2197.67,1182.33,30.75,20.62,87.29,0.42,0.78,5795.45
1100114,Jaru,RO,1978,2233.24,1120.15,30.7,20.29,87.47,0.41,0.52,5514.9
1100114,Jaru,RO,1979,2124.2,1166.72,31.2,20.09,85.25,0.49,0.54,5721.62
1100114,Jaru,RO,1980,1920.02,1199.43,31.1,20.5,85.02,0.5,0.63,5847.86
1100023,Ariquemes,RO,1961,2107.14,1352.92,32.54,20.17,80.42,0.69,0.9,6403.22
1100023,Ariquemes,RO,1962,2166.79,1359.68,32.51,20.19,81.96,0.63,1.05,6389.08
1100023,Ariquemes,RO,1963,1736.31,1404.46,33.13,20.27,78.8,0.76,1.08,6418.14
1100023,Ariquemes,RO,1964,2267.85,1331.07,32.37,20.25,81.45,0.64,1.07,6181.83
1100023,Ariquemes,RO,1965,2003.99,1346.37,32.71,20.13,82.42,0.62,1.07,6266.87
1100023,Ariquemes,RO,1966,1791.29,1336.75,32.84,19.68,82.99,0.59,0.92,6313.84
1100023,Ariquemes,RO,1967,1928.14,1335.11,32.88,20.16,84.97,0.53,1.08,6256.5
1100023,Ariquemes,RO,1968,1966.17,1291.61,31.45,20.9,87.31,0.44,1.1,6250.0
1100023,Ariquemes,RO,1969,2060.51,1382.91,32.76,21.99,86.38,0.5,1.12,6502.5
1100023,Ariquemes,RO,1970,1923.31,1348.62,32.93,21.68,86.8,0.48,0.95,6372.9
1100023,Ariquemes,RO,1971,2035.15,1259.31,31.19,21.1,86.91,0.45,1.1,6088.73
1100023,Ariquemes,RO,1972,2293.23,1265.96,31.55,20.71,86.83,0.45,0.88,6143.18
1100023,Ariquemes,RO,1973,2182.3,1227.07,30.81,20.9,87.83,0.41,0.97,5990.87
1100023,Ariquemes,RO,1974,3443.43,1171.79,29.77,20.08,87.53,0.4,0.93,5839.91
1100023,Ariquemes,RO,1975,2723.9,1230.19,30.97,20.36,87.24,0.42,0.94,6017.57
1100023,Ariquemes,RO,1976,2005.55,1237.3,30.8,20.57,86.27,0.46,0.85,6070.14
1100023,Ariquemes,RO,1977,2388.89,1189.5,30.99,20.87,87.29,0.43,0.78,5797.65
1100023,Ariquemes,RO,1978,2340.91,1125.63,30.93,20.5,87.49,0.42,0.52,5515.84
1100023,Ariquemes,RO,1979,2298.89,1166.31,31.37,20.32,86.37,0.46,0.55,5704.66
1100023,Ariquemes,RO,1980,2086.33,1205.78,31.21,20.78,86.56,0.45,0.63,5888.7
1100098,Espigão D'Oeste,RO,1961,2116.7,1330.56,31.24,18.8,78.73,0.68,0.86,6463.7
1100098,Espigão D'Oeste,RO,1962,2234.53,1330.2,30.93,18.71,79.87,0.63,1.04,6421.76
1100098,Espigão D'Oeste,RO,1963,1723.13,1377.39,31.72,18.63,76.35,0.76,0.99,6509.88
1100098,Espigão D'Oeste,RO,1964,2187.56,1314.38,30.93,18.75,79.12,0.66,1.0,6283.15
1100098,Espigão D'Oeste,RO,1965,2168.84,1328.0,31.23,18.61,79.94,0.64,0.99,6385.0
1100098,Espigão D'Oeste,RO,1966,1537.31,1353.69,31.65,18.76,76.96,0.74,0.9,6472.97
1100098,Espigão D'Oeste,RO,1967,1610.75,1323.65,30.96,19.17,80.55,0.63,1.05,6344.0
1100098,Espigão D'Oeste,RO,1968,1690.17,1300.56,30.12,19.24,83.02,0.53,1.13,6368.92
1100098,Espigão D'Oeste,RO,1969,1880.9,1399.5,31.33,20.06,80.13,0.66,1.21,6608.69
1100098,Espigão D'Oeste,RO,1970,1773.42,1367.05,31.35,19.57,82.08,0.59,1.1,6591.57
1100098,Espigão D'Oeste,RO,1971,1804.28,1263.46,29.94,18.14,83.55,0.5,1.17,6233.41
1100098,Espigão D'Oeste,RO,1972,2161.21,1278.3,30.48,19.06,83.5,0.52,0.91,6328.08
1100098,Espigão D'Oeste,RO,1973,1997.45,1286.23,30.42,19.19,82.86,0.54,1.09,6245.35
1100098,Espigão D'Oeste,RO,1974,2346.83,1216.88,28.71,19.05,83.72,0.48,1.06,6131.77
1100098,Espigão D'Oeste,RO,1975,2122.98,1267.86,30.46,19.01,82.87,0.54,0.96,6217.7
1100098,Espigão D'Oeste,RO,1976,1995.39,1247.54,29.86,18.94,82.73,0.53,0.87,6211.99
1100098,Espigão D'Oeste,RO,1977,2114.51,1202.86,30.08,19.32,83.22,0.53,0.6,6038.62
1100098,Espigão D'Oeste,RO,1978,2286.39,1181.57,30.03,18.96,82.71,0.53,0.55,5895.99
1100098,Espigão D'Oeste,RO,1979,2021.67,1177.01,30.45,18.88,82.48,0.55,0.63,5818.07
1100098,Espigão D'Oeste,RO,1980,1905.8,1180.29,30.47,18.98,83.06,0.53,0.7,5763.04
1100122,Ji-Paraná,RO,1961,2147.69,1352.2,32.45,20.1,79.12,0.72,0.87,6406.83
1100122,Ji-Paraná,RO,1962,2261.18,1358.76,32.35,20.11,81.8,0.62,1.04,6412.65
1100122,Ji-Paraná,RO,1963,1756.52,1410.76,33.05,20.1,78.11,0.77,1.04,6486.48
1100122,Ji-Paraná,RO,1964,2305.09,1340.89,32.29,20.16,81.01,0.65,1.03,6268.85
1100122,Ji-Paraná,RO,1965,2182.55,1352.0,32.6,20.01,82.06,0.62,1.03,6333.79
1100122,Ji-Paraná,RO,1966,1814.88,1356.76,32.76,19.95,79.03,0.72,0.89,6347.14
1100122,Ji-Paraná,RO,1967,1851.68,1337.36,32.37,20.39,83.67,0.57,1.08,6286.03
1100122,Ji-Paraná,RO,1968,1912.11,1304.66,31.34,20.74,85.78,0.48,1.12,6291.0
1100122,Ji-Paraná,RO,1969,2022.27,1390.03,32.52,21.71,85.38,0.53,1.18,6527.79
1100122,Ji-Paraná,RO,1970,1887.87,1350.0,32.45,21.51,86.28,0.49,0.98,6439.19
1100122,Ji-Paraná,RO,1971,2002.57,1260.33,30.97,20.82,86.67,0.45,1.11,6111.82
1100122,Ji-Paraná,RO,1972,2326.59,1264.63,31.34,20.67,86.48,0.46,0.85,6169.89
1100122,Ji-Paraná,RO,1973,2298.89,1224.92,30.51,20.82,87.86,0.4,1.01,6013.49
1100122,Ji-Paraná,RO,1974,2812.94,1173.79,29.51,20.14,87.89,0.38,0.95,5901.64
1100122,Ji-Paraná,RO,1975,2641.79,1227.43,30.93,20.14,87.19,0.42,0.97,6008.62
1100122,Ji-Paraná,RO,1976,1978.9,1235.41,30.63,20.33,86.3,0.45,0.88,6084.28
1100122,Ji-Paraná,RO,1977,2134.28,1186.84,30.94,20.67,86.79,0.44,0.77,5801.58
1100122,Ji-Paraná,RO,1978,2169.52,1128.39,30.79,20.36,87.07,0.43,0.53,5541.6
1100122,Ji-Paraná,RO,1979,1993.55,1189.09,31.38,20.1,84.29,0.52,0.59,5806.45
1100122,Ji-Paraná,RO,1980,1979.84,1211.92,31.37,20.49,84.11,0.53,0.67,5843.94
1100031,Cabixi,RO,1961,1677.01,1407.79,32.55,20.04,75.75,0.84,0.95,6609.95
1100031,Cabixi,RO,1962,1696.43,1419.66,32.14,19.79,75.91,0.81,1.09,6633.67
1100031,Cabixi,RO,1963,1317.29,1448.17,32.99,19.85,73.21,0.94,0.99,6680.95
1100031,Cabixi,RO,1964,1481.43,1398.83,32.19,19.94,75.03,0.85,1.03,6487.83
1100031,Cabixi,RO,1965,1669.63,1393.0,32.39,19.88,76.51,0.8,1.02,6496.22
1100031,Cabixi,RO,1966,1198.47,1428.62,33.08,19.97,74.82,0.87,1.02,6600.84
1100031,Cabixi,RO,1967,1247.56,1373.5,32.35,20.14,78.75,0.73,0.99,6444.38
1100031,Cabixi,RO,1968,1477.63,1348.47,31.55,19.75,80.53,0.65,1.05,6453.12
1100031,Cabixi,RO,1969,1478.85,1455.85,32.72,20.95,78.13,0.78,1.19,6695.4
1100031,Cabixi,RO,1970,1515.67,1437.57,32.9,20.18,78.37,0.76,1.12,6678.28
1100031,Cabixi,RO,1971,1584.62,1331.94,31.75,18.25,80.75,0.62,1.13,6356.41
1100031,Cabixi,RO,1972,2058.66,1345.65,32.27,20.07,81.39,0.64,0.83,6485.01
1100031,Cabixi,RO,1973,1891.67,1376.77,32.58,20.35,80.33,0.68,0.89,6506.74
1100031,Cabixi,RO,1974,1764.84,1293.19,30.4,20.39,80.17,0.65,0.91,6341.64
1100031,Cabixi,RO,1975,1817.52,1327.02,32.07,20.18,79.07,0.71,0.81,6364.11
1100031,Cabixi,RO,1976,1746.47,1314.69,31.56,19.89,79.27,0.7,0.89,6302.0
1100031,Cabixi,RO,1977,1670.42,1272.26,31.83,20.41,80.54,0.67,0.7,6156.44
1100031,Cabixi,RO,1978,2047.26,1257.67,31.84,20.29,79.67,0.69,0.62,6059.99
1100031,Cabixi,RO,1979,1881.68,1252.71,31.96,20.22,80.72,0.66,0.74,5996.68
1100031,Cabixi,RO,1980,1834.2,1244.88,32.01,20.22,80.99,0.65,0.85,5829.01
1100106,Guajará-Mirim,RO,1961,1909.77,1351.08,32.37,19.98,79.32,0.72,0.89,6417.2
1100106,Guajará-Mirim,RO,1962,1941.94,1365.15,32.38,20.02,81.66,0.63,1.07,6434.32
1100106,Guajará-Mirim,RO,1963,1619.1,1419.56,33.03,20.09,77.92,0.78,1.11,6497.0
1100106,Guajará-Mirim,RO,1964,2074.0,1338.85,32.26,20.1,80.57,0.66,1.1,6219.53
1100106,Guajará-Mirim,RO,1965,1803.03,1353.48,32.56,19.98,82.13,0.62,1.1,6332.84
1100106,Guajará-Mirim,RO,1966,1847.57,1343.56,32.44,19.72,82.76,0.59,0.95,6397.72
1100106,Guajará-Mirim,RO,1967,1800.06,1324.77,32.44,20.14,85.11,0.52,1.05,6298.13
1100106,Guajará-Mirim,RO,1968,1777.72,1290.74,31.25,20.69,86.96,0.44,1.06,6294.14
1100106,Guajará-Mirim,RO,1969,1829.16,1364.03,32.36,21.48,85.33,0.52,1.06,6477.05
1100106,Guajará-Mirim,RO,1970,1801.95,1322.67,32.42,21.02,86.37,0.48,0.88,6350.28
1100106,Guajará-Mirim,RO,1971,1882.94,1227.68,31.03,20.39,86.79,0.44,0.89,6009.72
1100106,Guajará-Mirim,RO,1972,1970.96,1246.41,31.43,20.15,86.65,0.45,0.84,6084.75
1100106,Guajará-Mirim,RO,1973,2159.48,1207.21,30.78,20.35,87.46,0.41,1.04,5875.41
1100106,Guajará-Mirim,RO,1974,3143.22,1156.9,29.35,19.96,87.12,0.4,0.97,5800.64
1100106,Guajará-Mirim,RO,1975,2543.43,1211.97,30.69,19.97,86.96,0.42,0.88,5982.07
1100106,Guajará-Mirim,RO,1976,1754.01,1223.23,30.75,20.18,85.77,0.47,0.84,6017.99
1100106,Guajará-Mirim,RO,1977,1703.94,1170.1,31.05,20.6,87.0,0.43,0.74,5703.71
1100106,Guajará-Mirim,RO,1978,1980.48,1096.3,30.97,20.3,87.26,0.42,0.51,5353.88
1100106,Guajará-Mirim,RO,1979,1680.62,1141.49,31.39,19.95,86.53,0.45,0.5,5606.79
1100106,Guajará-Mirim,RO,1980,1638.25,1185.2,31.2,20.52,86.23,0.46,0.63,5782.67
1100056,Cerejeiras,RO,1961,1742.21,1412.39,32.74,20.27,75.84,0.85,0.95,6603.35
1100056,Cerejeiras,RO,1962,1760.74,1424.01,32.35,20.02,76.07,0.82,1.09,6627.07
1100056,Cerejeiras,RO,1963,1419.9,1453.95,33.18,20.1,73.37,0.94,1.01,6667.13
1100056,Cerejeiras,RO,1964,1723.16,1402.11,32.4,20.18,75.22,0.85,1.03,6466.47
1100056,Cerejeiras,RO,1965,1752.28,1397.14,32.59,20.12,76.63,0.81,1.03,6477.36
1100056,Cerejeiras,RO,1966,1206.5,1433.74,33.26,20.11,75.15,0.87,1.04,6575.23
1100056,Cerejeiras,RO,1967,1239.03,1375.34,32.52,20.36,78.96,0.74,1.0,6419.87
1100056,Cerejeiras,RO,1968,1475.24,1352.2,31.69,20.24,80.73,0.65,1.06,6437.88
1100056,Cerejeiras,RO,1969,1474.77,1459.07,32.87,21.27,78.36,0.78,1.19,6685.82
1100056,Cerejeiras,RO,1970,1510.82,1438.19,33.04,20.56,78.58,0.76,1.11,6656.76
1100056,Cerejeiras,RO,1971,1581.32,1335.37,31.89,18.71,80.91,0.63,1.13,6341.96
1100056,Cerejeiras,RO,1972,2052.71,1343.56,32.39,20.33,81.57,0.64,0.8,6470.4
1100056,Cerejeiras,RO,1973,1795.6,1372.73,32.7,20.56,80.56,0.68,0.86,6488.36
1100056,Cerejeiras,RO,1974,1867.07,1290.22,30.59,20.54,81.0,0.63,0.89,6323.58
1100056,Cerejeiras,RO,1975,1826.06,1320.88,32.19,20.37,80.37,0.67,0.8,6346.04
1100056,Cerejeiras,RO,1976,1787.95,1308.24,31.69,20.22,79.97,0.68,0.88,6259.12
1100056,Cerejeiras,RO,1977,1798.15,1274.56,31.96,20.62,80.75,0.67,0.7,6149.84
1100056,Cerejeiras,RO,1978,2099.63,1255.37,31.95,20.48,79.91,0.68,0.61,6043.96
1100056,Cerejeiras,RO,1979,1922.92,1250.97,32.09,20.48,81.26,0.65,0.71,5986.16
1100056,Cerejeiras,RO,1980,1977.29,1246.31,32.14,20.42,81.69,0.63,0.83,5840.95
1100189,Pimenta Bueno,RO,1961,2029.02,1370.73,32.41,19.93,77.84,0.76,0.92,6473.6
1100189,Pimenta Bueno,RO,1962,2064.22,1379.07,32.09,19.82,77.99,0.74,1.09,6435.89
1100189,Pimenta Bueno,RO,1963,1635.3,1421.15,32.88,19.78,75.2,0.86,1.04,6522.29
1100189,Pimenta Bueno,RO,1964,2009.85,1361.21,32.09,19.9,77.22,0.77,1.04,6303.73
1100189,Pimenta Bueno,RO,1965,2060.4,1372.73,32.37,19.79,78.66,0.73,1.03,6401.96
1100189,Pimenta Bueno,RO,1966,1516.86,1402.0,32.91,19.77,75.85,0.83,0.96,6503.6
1100189,Pimenta Bueno,RO,1967,1511.29,1358.45,32.16,20.31,80.27,0.68,1.03,6368.03
1100189,Pimenta Bueno,RO,1968,1582.78,1340.64,31.32,20.3,82.01,0.6,1.11,6400.81
1100189,Pimenta Bueno,RO,1969,1668.35,1443.41,32.52,21.15,78.97,0.75,1.21,6630.05
1100189,Pimenta Bueno,RO,1970,1697.42,1414.54,32.64,20.62,79.71,0.71,1.09,6602.41
1100189,Pimenta Bueno,RO,1971,1657.41,1309.37,31.49,19.04,82.19,0.58,1.15,6242.68
1100189,Pimenta Bueno,RO,1972,2199.85,1309.16,31.78,20.15,83.39,0.56,0.86,6337.5
1100189,Pimenta Bueno,RO,1973,2015.18,1338.44,32.03,20.13,81.67,0.62,0.98,6338.81
1100189,Pimenta Bueno,RO,1974,2323.04,1245.85,29.84,20.02,83.19,0.53,0.96,6173.56
1100189,Pimenta Bueno,RO,1975,1996.65,1290.63,31.55,20.03,82.76,0.57,0.86,6248.96
1100189,Pimenta Bueno,RO,1976,1965.0,1270.26,31.13,20.03,82.0,0.6,0.8,6186.23
1100189,Pimenta Bueno,RO,1977,2118.45,1261.67,31.59,20.46,81.82,0.62,0.69,6125.18
1100189,Pimenta Bueno,RO,1978,2340.28,1242.06,31.55,20.15,80.75,0.64,0.6,6025.58
1100189,Pimenta Bueno,RO,1979,2040.69,1230.44,31.87,20.1,81.93,0.61,0.67,5930.86
1100189,Pimenta Bueno,RO,1980,1957.19,1231.93,31.79,20.11,82.71,0.58,0.77,5856.19
1100205,Porto Velho,RO,1961,2097.05,1355.99,32.87,20.38,80.73,0.69,0.87,6384.21
1100205,Porto Velho,RO,1962,2155.26,1355.02,32.84,20.36,84.1,0.56,1.02,6393.48
1100205,Porto Velho,RO,1963,1735.21,1411.17,33.43,20.47,79.3,0.75,1.09,6412.49
1100205,Porto Velho,RO,1964,2186.98,1312.08,32.64,20.41,83.26,0.59,1.08,6075.95
1100205,Porto Velho,RO,1965,1912.36,1341.0,33.0,20.3,83.89,0.57,1.07,6238.91
1100205,Porto Velho,RO,1966,1997.4,1329.84,33.23,19.77,83.56,0.58,0.95,6204.66
1100205,Porto Velho,RO,1967,2106.72,1336.9,33.79,20.01,85.73,0.52,1.02,6192.57
1100205,Porto Velho,RO,1968,2045.24,1279.27,31.8,21.09,87.63,0.43,1.01,6148.21
1100205,Porto Velho,RO,1969,2086.16,1380.05,33.31,22.26,86.14,0.52,1.04,6421.28
1100205,Porto Velho,RO,1970,1897.02,1374.47,33.76,22.03,86.25,0.52,0.92,6378.4
1100205,Porto Velho,RO,1971,2047.53,1265.3,31.82,21.33,86.75,0.46,1.03,6041.14
1100205,Porto Velho,RO,1972,2248.05,1272.36,32.1,21.08,86.64,0.47,0.8,6113.34
1100205,Porto Velho,RO,1973,2219.78,1226.45,31.05,21.23,87.68,0.42,0.91,5956.47
1100205,Porto Velho,RO,1974,3475.72,1184.74,30.35,20.32,87.4,0.41,0.88,5839.28
1100205,Porto Velho,RO,1975,2688.7,1232.24,31.28,20.78,87.12,0.43,0.89,5983.01
1100205,Porto Velho,RO,1976,2132.97,1235.77,31.09,20.88,85.98,0.48,0.83,6012.49
1100205,Porto Velho,RO,1977,2423.55,1185.51,31.3,21.19,87.14,0.44,0.73,5732.77
1100205,Porto Velho,RO,1978,2134.41,1110.78,31.24,20.74,87.43,0.43,0.5,5393.94
1100205,Porto Velho,RO,1979,2064.28,1165.91,31.7,20.44,86.69,0.45,0.52,5677.48
1100205,Porto Velho,RO,1980,2224.07,1203.01,31.45,21.03,86.91,0.45,0.62,5839.85
1100254,Presidente Médici,RO,1961,2100.0,1354.97,32.38,19.97,78.73,0.73,0.87,6436.68
1100254,Presidente Médici,RO,1962,2202.89,1366.84,32.21,19.96,79.9,0.68,1.06,6428.04
1100254,Presidente Médici,RO,1963,1731.1,1418.33,32.94,19.94,76.42,0.83,1.05,6505.48
1100254,Presidente Médici,RO,1964,2229.89,1351.8,32.17,20.01,79.16,0.71,1.04,6295.56
1100254,Presidente Médici,RO,1965,1993.19,1362.29,32.47,19.87,79.97,0.69,1.04,6357.66
1100254,Presidente Médici,RO,1966,1640.72,1373.75,32.65,19.88,77.24,0.78,0.93,6408.88
1100254,Presidente Médici,RO,1967,1667.34,1352.61,32.28,20.25,80.81,0.66,1.05,6318.08
1100254,Presidente Médici,RO,1968,1727.13,1321.5,31.25,20.55,83.27,0.56,1.1,6333.57
1100254,Presidente Médici,RO,1969,1847.02,1406.71,32.47,21.46,82.18,0.64,1.16,6547.27
1100254,Presidente Médici,RO,1970,1778.6,1355.22,32.51,21.19,85.19,0.53,0.97,6445.16
1100254,Presidente Médici,RO,1971,1815.39,1266.53,30.96,20.05,84.99,0.49,1.08,6134.44
1100254,Presidente Médici,RO,1972,2180.17,1271.65,31.23,20.48,85.09,0.5,0.82,6223.46
1100254,Presidente Médici,RO,1973,2289.22,1236.28,30.37,20.72,87.82,0.4,1.0,6114.34
1100254,Presidente Médici,RO,1974,2740.79,1180.95,29.41,20.03,87.83,0.38,0.94,5968.25
1100254,Presidente Médici,RO,1975,2663.19,1225.48,30.8,19.96,86.62,0.43,0.95,6010.03
1100254,Presidente Médici,RO,1976,2055.1,1234.08,30.55,20.21,85.91,0.46,0.87,6084.28
1100254,Presidente Médici,RO,1977,2133.03,1203.52,30.95,20.57,83.97,0.53,0.67,5895.36
1100254,Presidente Médici,RO,1978,2368.09,1159.92,30.9,20.29,83.46,0.54,0.51,5675.44
1100254,Presidente Médici,RO,1979,2023.96,1186.69,31.41,20.0,83.35,0.55,0.64,5756.97
1100254,Presidente Médici,RO,1980,1917.41,1206.7,31.38,20.32,83.66,0.55,0.76,5769.0
1100262,Rio Crespo,RO,1961,2140.88,1350.77,32.49,20.12,80.53,0.68,0.91,6399.76
1100262,Rio Crespo,RO,1962,2197.96,1356.76,32.46,20.14,82.07,0.62,1.04,6382.01
1100262,Rio Crespo,RO,1963,1756.03,1400.93,33.08,20.22,78.91,0.75,1.08,6409.19
1100262,Rio Crespo,RO,1964,2293.2,1324.46,32.31,20.2,81.56,0.64,1.07,6155.44
1100262,Rio Crespo,RO,1965,2032.22,1343.56,32.65,20.09,82.49,0.61,1.07,6259.49
1100262,Rio Crespo,RO,1966,1955.99,1330.45,32.81,19.61,83.0,0.58,0.92,6279.44
1100262,Rio Crespo,RO,1967,1992.28,1332.04,32.77,20.15,84.96,0.53,1.08,6245.82
1100262,Rio Crespo,RO,1968,2016.41,1281.98,31.38,20.89,87.31,0.43,1.11,6187.64
1100262,Rio Crespo,RO,1969,2104.91,1374.72,32.71,21.96,86.2,0.5,1.15,6445.63
1100262,Rio Crespo,RO,1970,1944.74,1347.85,32.87,21.71,87.05,0.47,0.97,6371.17
1100262,Rio Crespo,RO,1971,2068.09,1259.93,31.17,21.15,87.04,0.44,1.11,6086.69
1100262,Rio Crespo,RO,1972,2322.68,1267.86,31.52,20.81,87.0,0.44,0.85,6161.88
1100262,Rio Crespo,RO,1973,2198.22,1227.07,30.76,20.84,87.92,0.4,0.99,6001.39
1100262,Rio Crespo,RO,1974,3335.87,1171.84,29.7,20.03,87.61,0.39,0.94,5846.19
1100262,Rio Crespo,RO,1975,2724.12,1230.19,30.94,20.32,87.29,0.42,0.95,6021.81
1100262,Rio Crespo,RO,1976,2004.61,1236.74,30.74,20.54,86.35,0.45,0.85,6076.27
1100262,Rio Crespo,RO,1977,2393.27,1190.06,30.94,20.83,87.36,0.42,0.78,5804.88
1100262,Rio Crespo,RO,1978,2431.39,1127.83,30.87,20.46,87.56,0.41,0.53,5530.45
1100262,Rio Crespo,RO,1979,2319.38,1168.0,31.31,20.28,86.44,0.45,0.55,5713.61
1100262,Rio Crespo,RO,1980,2148.42,1204.65,31.15,20.72,86.63,0.45,0.63,5886.82
1100288,Rolim de Moura,RO,1961,2025.82,1366.64,32.29,19.85,77.91,0.76,0.92,6471.08
1100288,Rolim de Moura,RO,1962,2068.11,1376.21,32.03,19.77,78.12,0.73,1.09,6435.89
1100288,Rolim de Moura,RO,1963,1632.85,1419.25,32.78,19.77,75.35,0.86,1.06,6512.87
1100288,Rolim de Moura,RO,1964,2025.67,1357.17,32.0,19.86,77.37,0.76,1.06,6287.08
1100288,Rolim de Moura,RO,1965,1966.44,1368.22,32.28,19.75,78.74,0.72,1.05,6380.44
1100288,Rolim de Moura,RO,1966,1581.98,1392.18,32.69,19.7,76.61,0.8,0.98,6477.99
1100288,Rolim de Moura,RO,1967,1560.55,1351.13,32.11,20.12,80.47,0.67,1.04,6343.68
1100288,Rolim de Moura,RO,1968,1672.52,1324.26,31.14,20.32,82.95,0.57,1.1,6372.22
1100288,Rolim de Moura,RO,1969,1779.07,1422.12,32.35,21.22,80.97,0.67,1.19,6623.46
1100288,Rolim de Moura,RO,1970,1741.8,1392.84,32.45,20.74,81.42,0.65,1.08,6547.74
1100288,Rolim de Moura,RO,1971,1746.72,1292.27,31.02,19.33,83.02,0.55,1.16,6225.56
1100288,Rolim de Moura,RO,1972,2153.9,1290.17,31.24,20.21,83.63,0.54,0.82,6313.94
1100288,Rolim de Moura,RO,1973,2238.34,1288.69,30.85,20.41,82.84,0.56,0.87,6275.04
1100288,Rolim de Moura,RO,1974,2952.08,1207.46,29.44,19.8,83.82,0.5,0.83,6059.2
1100288,Rolim de Moura,RO,1975,2606.87,1265.3,30.92,19.85,83.16,0.55,0.8,6224.77
1100288,Rolim de Moura,RO,1976,2049.05,1254.4,30.63,20.04,82.61,0.57,0.77,6162.82
1100288,Rolim de Moura,RO,1977,2192.77,1214.27,30.91,20.42,83.5,0.55,0.63,5980.03
1100288,Rolim de Moura,RO,1978,2392.76,1167.85,30.9,20.18,82.83,0.56,0.49,5736.54
1100288,Rolim de Moura,RO,1979,2104.78,1180.9,31.35,19.89,82.9,0.57,0.63,5731.05
1100288,Rolim de Moura,RO,1980,1905.82,1203.68,31.32,20.14,83.19,0.56,0.76,5749.53
1100296,Santa Luzia D'Oeste,RO,1961,1877.23,1340.94,31.3,18.85,77.88,0.71,0.92,6479.56
1100296,Santa Luzia D'Oeste,RO,1962,1893.24,1349.08,31.03,18.76,78.03,0.69,1.09,6441.86
1100296,Santa Luzia D'Oeste,RO,1963,1502.74,1389.87,31.78,18.76,75.29,0.81,1.05,6519.15
1100296,Santa Luzia D'Oeste,RO,1964,1897.66,1330.35,31.0,18.85,77.28,0.72,1.05,6299.17
1100296,Santa Luzia D'Oeste,RO,1965,1967.45,1341.61,31.28,18.75,78.69,0.68,1.04,6390.65
1100296,Santa Luzia D'Oeste,RO,1966,1592.53,1369.81,31.79,18.57,76.42,0.76,0.99,6496.37
1100296,Santa Luzia D'Oeste,RO,1967,1550.69,1326.0,31.11,19.14,80.31,0.64,1.03,6357.19
1100296,Santa Luzia D'Oeste,RO,1968,1606.5,1299.28,30.17,19.24,82.82,0.54,1.09,6388.55
1100296,Santa Luzia D'Oeste,RO,1969,1550.81,1394.68,31.37,20.18,80.83,0.64,1.19,6634.14
1100296,Santa Luzia D'Oeste,RO,1970,1664.15,1365.61,31.47,19.66,81.27,0.62,1.08,6556.69
1100296,Santa Luzia D'Oeste,RO,1971,1671.41,1266.58,30.06,18.16,82.91,0.52,1.16,6230.74
1100296,Santa Luzia D'Oeste,RO,1972,2145.02,1267.35,30.29,19.19,83.55,0.52,0.81,6323.36
1100296,Santa Luzia D'Oeste,RO,1973,2141.55,1266.48,29.94,19.41,82.73,0.54,0.86,6284.78
1100296,Santa Luzia D'Oeste,RO,1974,2954.39,1186.43,28.48,18.82,83.73,0.48,0.82,6069.25
1100296,Santa Luzia D'Oeste,RO,1975,2549.43,1241.24,29.97,18.85,83.09,0.52,0.78,6229.8
1100296,Santa Luzia D'Oeste,RO,1976,2003.72,1231.06,29.67,19.01,82.51,0.54,0.77,6166.12
1100296,Santa Luzia D'Oeste,RO,1977,2196.18,1195.95,30.09,19.4,83.42,0.52,0.62,5996.37
1100296,Santa Luzia D'Oeste,RO,1978,2354.22,1149.22,29.96,19.18,82.73,0.53,0.49,5739.37
1100296,Santa Luzia D'Oeste,RO,1979,2035.74,1167.24,30.44,18.93,82.64,0.54,0.64,5766.39
1100296,Santa Luzia D'Oeste,RO,1980,1875.05,1180.13,30.39,19.17,82.61,0.55,0.74,5738.22
1100304,Vilhena,RO,1961,1932.09,1349.29,31.65,19.06,77.75,0.73,0.91,6476.11
1100304,Vilhena,RO,1962,1939.3,1355.02,31.25,18.86,77.85,0.71,1.1,6433.38
1100304,Vilhena,RO,1963,1515.51,1398.63,32.11,18.86,75.08,0.82,1.03,6532.97
1100304,Vilhena,RO,1964,1856.09,1341.15,31.29,18.97,77.1,0.73,1.03,6321.79
1100304,Vilhena,RO,1965,1845.45,1350.11,31.53,18.88,78.58,0.69,1.01,6416.89
1100304,Vilhena,RO,1966,1213.85,1384.55,32.15,19.01,75.72,0.8,0.96,6525.9
1100304,Vilhena,RO,1967,1259.67,1340.23,31.38,19.35,80.05,0.65,1.02,6391.91
1100304,Vilhena,RO,1968,1495.61,1319.96,30.6,19.37,81.8,0.58,1.08,6409.29
1100304,Vilhena,RO,1969,1547.66,1422.37,31.76,20.22,78.71,0.72,1.21,6635.24
1100304,Vilhena,RO,1970,1583.58,1409.99,31.9,19.6,78.86,0.71,1.13,6657.07
1100304,Vilhena,RO,1971,1690.7,1310.75,30.79,18.03,81.13,0.59,1.16,6338.03
1100304,Vilhena,RO,1972,2062.52,1313.41,31.11,19.21,81.72,0.59,0.88,6434.74
1100304,Vilhena,RO,1973,1803.41,1329.07,31.38,19.3,80.78,0.62,0.99,6359.08
1100304,Vilhena,RO,1974,2252.29,1240.48,29.13,19.3,81.16,0.57,0.95,6196.65
1100304,Vilhena,RO,1975,1919.61,1284.19,30.93,19.23,80.46,0.62,0.85,6266.24
1100304,Vilhena,RO,1976,1923.87,1268.32,30.47,19.15,80.41,0.62,0.82,6246.23
1100304,Vilhena,RO,1977,2129.13,1245.03,30.9,19.61,81.73,0.59,0.68,6130.99
1100304,Vilhena,RO,1978,2373.87,1232.49,30.85,19.35,80.47,0.62,0.61,6045.22
1100304,Vilhena,RO,1979,2009.52,1223.07,31.11,19.38,81.49,0.6,0.7,5957.72
1100304,Vilhena,RO,1980,1965.47,1218.67,31.11,19.28,81.96,0.58,0.81,5838.91
1100320,São Miguel do Guaporé,RO,1961,1958.95,1360.19,32.31,19.88,79.2,0.72,0.9,6472.5
1100320,São Miguel do Guaporé,RO,1962,1916.77,1374.32,32.2,19.9,79.34,0.7,1.09,6438.09
1100320,São Miguel do Guaporé,RO,1963,1521.46,1417.1,32.9,19.94,76.78,0.81,1.09,6502.5
1100320,São Miguel do Guaporé,RO,1964,1946.85,1350.26,32.13,19.98,78.64,0.72,1.07,6268.85
1100320,São Miguel do Guaporé,RO,1965,1890.61,1365.26,32.42,19.87,79.53,0.7,1.07,6355.62
1100320,São Miguel do Guaporé,RO,1966,1679.58,1385.83,32.59,19.74,77.1,0.78,0.99,6453.8
1100320,São Miguel do Guaporé,RO,1967,1655.92,1337.31,32.36,20.11,83.46,0.57,1.05,6322.64
1100320,São Miguel do Guaporé,RO,1968,1704.82,1314.74,31.23,20.54,84.2,0.53,1.08,6344.26
1100320,São Miguel do Guaporé,RO,1969,1768.06,1386.14,32.38,21.42,84.66,0.55,1.12,6561.56
1100320,São Miguel do Guaporé,RO,1970,1751.01,1343.09,32.28,20.84,85.04,0.52,0.9,6462.13
1100320,São Miguel do Guaporé,RO,1971,1760.95,1249.48,30.72,19.58,85.93,0.45,0.97,6174.82
1100320,São Miguel do Guaporé,RO,1972,2107.36,1268.11,31.15,20.0,85.58,0.48,0.86,6219.22
1100320,São Miguel do Guaporé,RO,1973,2251.9,1234.64,30.5,20.25,87.64,0.4,1.03,6097.22
1100320,São Miguel do Guaporé,RO,1974,2928.91,1165.5,29.14,19.76,87.28,0.39,0.97,5892.53
1100320,São Miguel do Guaporé,RO,1975,2564.57,1217.6,30.56,19.81,85.67,0.46,0.88,6003.43
1100320,São Miguel do Guaporé,RO,1976,1867.97,1228.76,30.52,20.07,84.34,0.51,0.82,6046.26
1100320,São Miguel do Guaporé,RO,1977,1996.34,1187.76,30.92,20.45,85.02,0.5,0.69,5817.13
1100320,São Miguel do Guaporé,RO,1978,2200.84,1129.46,30.82,20.17,84.31,0.51,0.51,5536.42
1100320,São Miguel do Guaporé,RO,1979,1860.47,1163.65,31.37,19.9,83.75,0.54,0.54,5690.83
1100320,São Miguel do Guaporé,RO,1980,1775.16,1195.64,31.29,20.29,83.71,0.54,0.7,5748.74
1100338,Nova Mamoré,RO,1961,1939.44,1339.31,32.11,19.87,80.39,0.67,0.88,6405.26
1100338,Nova Mamoré,RO,1962,1997.84,1349.54,32.08,19.89,81.95,0.61,1.07,6397.41
1100338,Nova Mamoré,RO,1963,1651.56,1394.17,32.66,19.95,78.85,0.74,1.12,6424.27
1100338,Nova Mamoré,RO,1964,2112.02,1317.15,31.91,19.91,81.47,0.63,1.11,6159.21
1100338,Nova Mamoré,RO,1965,1800.16,1334.09,32.25,19.79,82.61,0.6,1.1,6272.21
1100338,Nova Mamoré,RO,1966,1957.95,1335.26,32.42,19.45,83.35,0.56,0.95,6362.22
1100338,Nova Mamoré,RO,1967,1940.7,1329.79,32.61,19.82,85.25,0.51,1.04,6309.75
1100338,Nova Mamoré,RO,1968,1891.33,1287.2,31.12,20.63,87.4,0.42,1.04,6294.3
1100338,Nova Mamoré,RO,1969,1891.16,1360.09,32.37,21.51,86.04,0.5,1.04,6469.2
1100338,Nova Mamoré,RO,1970,1836.28,1333.01,32.57,21.13,86.33,0.49,0.89,6363.32
1100338,Nova Mamoré,RO,1971,1915.61,1231.21,31.01,20.41,86.82,0.44,0.93,6009.25
1100338,Nova Mamoré,RO,1972,2068.45,1247.69,31.37,20.25,86.69,0.45,0.82,6084.75
1100338,Nova Mamoré,RO,1973,2234.12,1205.88,30.57,20.43,87.48,0.41,1.02,5884.99
1100338,Nova Mamoré,RO,1974,3378.5,1158.84,29.35,19.86,87.15,0.4,0.96,5800.16
1100338,Nova Mamoré,RO,1975,2624.29,1212.22,30.62,19.96,86.99,0.42,0.88,5981.29
1100338,Nova Mamoré,RO,1976,1809.48,1221.9,30.61,20.16,85.84,0.46,0.84,6016.73
1100338,Nova Mamoré,RO,1977,1691.9,1169.49,30.87,20.57,87.01,0.43,0.74,5707.33
1100338,Nova Mamoré,RO,1978,1916.62,1095.12,30.78,20.23,87.22,0.42,0.51,5357.02
1100338,Nova Mamoré,RO,1979,1635.77,1141.8,31.24,19.85,86.61,0.44,0.5,5619.04
1100338,Nova Mamoré,RO,1980,1705.4,1184.38,31.03,20.48,86.75,0.44,0.63,5798.07
1100346,Alvorada D'Oeste,RO,1961,2042.89,1345.65,32.06,19.64,79.27,0.7,0.89,6438.56
1100346,Alvorada D'Oeste,RO,1962,2159.5,1363.36,31.95,19.66,79.44,0.69,1.06,6432.12
1100346,Alvorada D'Oeste,RO,1963,1708.14,1410.09,32.65,19.69,76.85,0.8,1.07,6504.54
1100346,Alvorada D'Oeste,RO,1964,2201.27,1345.45,31.88,19.73,78.74,0.71,1.04,6296.03
1100346,Alvorada D'Oeste,RO,1965,1943.88,1355.02,32.18,19.62,79.62,0.69,1.05,6351.22
1100346,Alvorada D'Oeste,RO,1966,1676.77,1372.73,32.42,19.47,77.25,0.77,0.98,6412.8
1100346,Alvorada D'Oeste,RO,1967,1674.28,1330.61,32.09,19.88,83.5,0.56,1.05,6316.19
1100346,Alvorada D'Oeste,RO,1968,1723.81,1306.4,30.96,20.26,84.26,0.52,1.09,6333.42
1100346,Alvorada D'Oeste,RO,1969,1814.84,1380.25,32.14,21.2,84.68,0.54,1.14,6554.18
1100346,Alvorada D'Oeste,RO,1970,1769.36,1329.94,32.13,20.71,86.06,0.48,0.92,6423.48
1100346,Alvorada D'Oeste,RO,1971,1793.02,1223.89,30.66,19.49,86.72,0.42,0.97,6044.75
1100346,Alvorada D'Oeste,RO,1972,2140.99,1249.13,30.9,19.92,85.75,0.47,0.87,6132.66
1100346,Alvorada D'Oeste,RO,1973,2265.02,1225.63,30.15,20.32,87.7,0.4,0.93,6101.3
1100346,Alvorada D'Oeste,RO,1974,2860.89,1160.28,28.97,19.55,87.36,0.39,0.91,5893.32
1100346,Alvorada D'Oeste,RO,1975,2561.25,1209.56,30.35,19.63,86.71,0.42,0.91,6001.86
1100346,Alvorada D'Oeste,RO,1976,1983.55,1223.33,30.26,19.86,85.61,0.46,0.85,6069.51
1100346,Alvorada D'Oeste,RO,1977,2130.33,1183.15,30.65,20.22,85.04,0.49,0.69,5822.78
1100346,Alvorada D'Oeste,RO,1978,2215.23,1126.19,30.55,19.93,84.33,0.51,0.5,5546.94
1100346,Alvorada D'Oeste,RO,1979,1917.8,1161.25,31.11,19.68,83.82,0.53,0.54,5701.2
1100346,Alvorada D'Oeste,RO,1980,1961.77,1190.01,31.02,20.05,83.88,0.53,0.69,5753.14
1100379,Alto Alegre dos Parecis,RO,1961,1836.55,1372.42,32.45,19.98,77.79,0.77,0.91,6488.99
1100379,Alto Alegre dos Parecis,RO,1962,1850.11,1378.36,32.1,19.75,77.89,0.74,1.08,6449.4
1100379,Alto Alegre dos Parecis,RO,1963,1477.3,1420.48,32.91,19.86,75.18,0.87,1.04,6527.79
1100379,Alto Alegre dos Parecis,RO,1964,1857.97,1361.52,32.12,19.91,77.15,0.77,1.04,6318.02
1100379,Alto Alegre dos Parecis,RO,1965,1930.49,1371.65,32.34,19.84,78.57,0.73,1.03,6405.58
1100379,Alto Alegre dos Parecis,RO,1966,1561.8,1411.83,32.9,19.71,75.59,0.84,1.02,6525.75
1100379,Alto Alegre dos Parecis,RO,1967,1493.91,1352.97,32.22,20.26,80.08,0.69,1.02,6338.82
1100379,Alto Alegre dos Parecis,RO,1968,1521.51,1336.85,31.3,20.18,81.86,0.61,1.07,6416.67
1100379,Alto Alegre dos Parecis,RO,1969,1579.64,1432.87,32.43,21.07,78.85,0.75,1.15,6653.46
1100379,Alto Alegre dos Parecis,RO,1970,1658.16,1415.36,32.63,20.51,79.04,0.74,1.05,6621.57
1100379,Alto Alegre dos Parecis,RO,1971,1603.15,1312.74,31.33,18.87,81.2,0.61,1.12,6298.76
1100379,Alto Alegre dos Parecis,RO,1972,2116.09,1324.41,31.78,20.16,81.92,0.61,0.8,6427.67
1100379,Alto Alegre dos Parecis,RO,1973,2080.72,1314.59,31.24,20.51,82.55,0.58,0.84,6383.9
1100379,Alto Alegre dos Parecis,RO,1974,2620.54,1225.28,29.65,19.97,83.53,0.52,0.81,6143.56
1100379,Alto Alegre dos Parecis,RO,1975,2433.79,1291.15,31.33,19.94,81.15,0.62,0.85,6257.44
1100379,Alto Alegre dos Parecis,RO,1976,1953.75,1282.85,30.93,20.08,80.97,0.63,0.88,6218.43
1100379,Alto Alegre dos Parecis,RO,1977,2179.83,1251.28,31.54,20.48,81.91,0.61,0.73,6057.63
1100379,Alto Alegre dos Parecis,RO,1978,2301.55,1206.39,31.39,20.31,80.78,0.64,0.55,5870.23
1100379,Alto Alegre dos Parecis,RO,1979,2022.54,1221.13,31.75,20.18,81.81,0.61,0.69,5877.14
1100379,Alto Alegre dos Parecis,RO,1980,1874.33,1232.95,31.52,20.48,82.28,0.6,0.81,5850.53
1100403,Alto Paraíso,RO,1961,2085.63,1351.59,32.49,20.07,80.47,0.68,0.91,6399.14
1100403,Alto Paraíso,RO,1962,2172.28,1358.09,32.45,20.07,82.01,0.62,1.06,6386.88
1100403,Alto Paraíso,RO,1963,1723.8,1405.84,33.05,20.17,78.87,0.75,1.12,6413.27
1100403,Alto Paraíso,RO,1964,2186.57,1327.89,32.27,20.12,81.52,0.64,1.12,6151.67
1100403,Alto Paraíso,RO,1965,1954.24,1345.04,32.62,20.0,82.45,0.61,1.11,6251.95
1100403,Alto Paraíso,RO,1966,1940.05,1333.17,32.81,19.5,82.96,0.58,0.94,6281.95
1100403,Alto Paraíso,RO,1967,1995.03,1338.08,33.13,19.88,84.96,0.53,1.07,6245.66
1100403,Alto Paraíso,RO,1968,2051.12,1279.78,31.4,20.81,87.32,0.43,1.08,6192.98
1100403,Alto Paraíso,RO,1969,2063.51,1376.93,32.83,21.92,86.34,0.5,1.1,6464.17
1100403,Alto Paraíso,RO,1970,1936.17,1356.09,33.15,21.66,86.69,0.49,0.94,6375.57
1100403,Alto Paraíso,RO,1971,2079.32,1261.0,31.29,21.05,86.87,0.45,1.1,6082.61
1100403,Alto Paraíso,RO,1972,2291.93,1266.73,31.62,20.7,86.87,0.45,0.87,6133.29
1100403,Alto Paraíso,RO,1973,2187.27,1223.84,30.82,20.84,87.82,0.41,0.97,5969.35
1100403,Alto Paraíso,RO,1974,3449.13,1178.29,29.89,19.98,87.52,0.4,0.93,5862.84
1100403,Alto Paraíso,RO,1975,2700.36,1229.37,30.93,20.37,87.2,0.42,0.94,6013.17
1100403,Alto Paraíso,RO,1976,2012.1,1236.43,30.73,20.53,86.17,0.46,0.85,6067.16
1100403,Alto Paraíso,RO,1977,2427.32,1188.02,30.96,20.82,87.25,0.43,0.77,5793.72
1100403,Alto Paraíso,RO,1978,2355.53,1121.33,30.88,20.41,87.46,0.42,0.52,5494.79
1100403,Alto Paraíso,RO,1979,2327.61,1162.63,31.3,20.18,86.57,0.45,0.54,5701.67
1100403,Alto Paraíso,RO,1980,2142.87,1201.89,31.11,20.69,86.64,0.45,0.63,5877.39
1100452,Buritis,RO,1961,2012.08,1343.25,32.2,19.83,80.35,0.68,0.89,6404.95
1100452,Buritis,RO,1962,2089.44,1352.31,32.16,19.85,81.93,0.62,1.07,6395.37
1100452,Buritis,RO,1963,1688.5,1398.11,32.74,19.93,78.79,0.74,1.12,6421.6
1100452,Buritis,RO,1964,2149.16,1321.09,31.99,19.89,81.42,0.63,1.11,6163.61
1100452,Buritis,RO,1965,1881.3,1336.75,32.33,19.77,82.52,0.6,1.1,6263.26
1100452,Buritis,RO,1966,1952.73,1329.43,32.5,19.31,83.28,0.56,0.94,6324.21
1100452,Buritis,RO,1967,1988.11,1329.48,32.82,19.67,85.09,0.52,1.05,6262.16
1100452,Buritis,RO,1968,1945.81,1282.29,31.13,20.57,87.42,0.42,1.06,6260.69
1100452,Buritis,RO,1969,2002.37,1367.15,32.5,21.63,86.2,0.5,1.07,6471.55
1100452,Buritis,RO,1970,1854.2,1345.6,32.77,21.3,86.4,0.49,0.92,6385.47
1100452,Buritis,RO,1971,1959.27,1244.21,31.05,20.62,86.75,0.44,1.0,6054.8
1100452,Buritis,RO,1972,2140.28,1254.81,31.38,20.36,86.63,0.45,0.83,6113.34
1100452,Buritis,RO,1973,2200.11,1215.5,30.53,20.48,87.65,0.4,1.03,5951.12
1100452,Buritis,RO,1974,3286.62,1167.85,29.51,19.76,87.33,0.4,0.96,5839.91
1100452,Buritis,RO,1975,2628.08,1216.57,30.64,20.05,87.05,0.42,0.9,5989.92
1100452,Buritis,RO,1976,2022.73,1222.31,30.51,20.23,85.91,0.46,0.84,6024.43
1100452,Buritis,RO,1977,2349.4,1171.23,30.73,20.57,87.09,0.43,0.74,5731.2
1100452,Buritis,RO,1978,2378.85,1099.57,30.66,20.17,87.35,0.41,0.51,5396.61
1100452,Buritis,RO,1979,2062.46,1152.29,31.1,19.9,86.56,0.44,0.52,5675.6
1100452,Buritis,RO,1980,1959.38,1188.07,30.9,20.45,86.83,0.44,0.63,5830.42
1100502,Novo Horizonte do Oeste,RO,1961,1983.15,1363.77,32.3,19.8,77.94,0.76,0.9,6472.02
1100502,Novo Horizonte do Oeste,RO,1962,1927.4,1378.46,32.1,19.83,78.18,0.74,1.1,6435.89
1100502,Novo Horizonte do Oeste,RO,1963,1521.36,1422.37,32.83,19.84,75.39,0.86,1.08,6509.1
1100502,Novo Horizonte do Oeste,RO,1964,1933.2,1356.71,32.05,19.91,77.43,0.76,1.06,6281.42
1100502,Novo Horizonte do Oeste,RO,1965,1948.24,1369.66,32.34,19.81,78.78,0.72,1.06,6369.45
1100502,Novo Horizonte do Oeste,RO,1966,1612.17,1389.41,32.61,19.79,76.72,0.8,0.98,6467.0
1100502,Novo Horizonte do Oeste,RO,1967,1580.18,1351.95,32.19,20.14,80.55,0.67,1.04,6337.72
1100502,Novo Horizonte do Oeste,RO,1968,1685.48,1322.62,31.17,20.39,83.04,0.57,1.09,6360.44
1100502,Novo Horizonte do Oeste,RO,1969,1787.9,1409.99,32.38,21.3,81.09,0.67,1.15,6562.66
1100502,Novo Horizonte do Oeste,RO,1970,1750.29,1370.89,32.45,20.84,81.82,0.64,0.99,6477.84
1100502,Novo Horizonte do Oeste,RO,1971,1753.95,1278.81,30.71,19.5,83.46,0.53,1.07,6236.87
1100502,Novo Horizonte do Oeste,RO,1972,2146.11,1277.89,31.03,20.18,84.19,0.52,0.77,6301.68
1100502,Novo Horizonte do Oeste,RO,1973,2289.24,1249.64,30.31,20.47,87.71,0.4,0.93,6222.1
1100502,Novo Horizonte do Oeste,RO,1974,2759.13,1177.93,29.17,19.7,87.35,0.39,0.89,5980.34
1100502,Novo Horizonte do Oeste,RO,1975,2550.29,1216.73,30.46,19.7,85.45,0.46,0.88,6005.79
1100502,Novo Horizonte do Oeste,RO,1976,2033.25,1227.12,30.41,19.98,84.12,0.52,0.81,6050.82
1100502,Novo Horizonte do Oeste,RO,1977,2176.82,1189.09,30.89,20.34,84.9,0.5,0.68,5830.8
1100502,Novo Horizonte do Oeste,RO,1978,2405.9,1133.0,30.77,20.08,84.11,0.52,0.5,5562.49
1100502,Novo Horizonte do Oeste,RO,1979,2064.63,1167.9,31.32,19.86,83.16,0.56,0.55,5702.93
1100502,Novo Horizonte do Oeste,RO,1980,1911.03,1199.99,31.31,20.17,82.98,0.57,0.7,5751.25
1100601,Cacaulândia,RO,1961,2090.21,1347.44,32.36,19.93,79.02,0.73,0.9,6376.52
1100601,Cacaulândia,RO,1962,2207.05,1355.12,32.32,19.93,81.79,0.62,1.05,6394.42
1100601,Cacaulândia,RO,1963,1714.51,1402.57,32.96,20.0,78.15,0.77,1.08,6425.68
1100601,Cacaulândia,RO,1964,2256.32,1329.43,32.19,19.99,81.0,0.65,1.07,6198.16
1100601,Cacaulândia,RO,1965,2072.26,1343.09,32.52,19.88,82.04,0.62,1.07,6278.49
1100601,Cacaulândia,RO,1966,1866.43,1335.06,32.62,19.54,82.76,0.59,0.92,6332.84
1100601,Cacaulândia,RO,1967,1907.52,1329.48,32.6,20.03,84.98,0.52,1.07,6273.0
1100601,Cacaulândia,RO,1968,1923.35,1291.2,31.23,20.68,86.94,0.44,1.08,6274.04
1100601,Cacaulândia,RO,1969,2014.58,1381.43,32.52,21.72,85.36,0.53,1.12,6506.27
1100601,Cacaulândia,RO,1970,1897.84,1339.41,32.63,21.37,86.74,0.48,0.93,6376.52
1100601,Cacaulândia,RO,1971,2000.36,1244.26,30.95,20.77,86.74,0.44,1.05,6051.66
1100601,Cacaulândia,RO,1972,2253.42,1256.14,31.33,20.42,86.73,0.45,0.89,6121.35
1100601,Cacaulândia,RO,1973,2197.06,1217.91,30.55,20.68,87.77,0.4,0.96,5982.07
1100601,Cacaulândia,RO,1974,3222.6,1164.88,29.47,19.88,87.47,0.39,0.92,5838.81
1100601,Cacaulândia,RO,1975,2741.01,1221.85,30.74,20.09,87.07,0.42,0.93,6010.5
1100601,Cacaulândia,RO,1976,2050.11,1232.7,30.58,20.3,85.96,0.46,0.85,6069.82
1100601,Cacaulândia,RO,1977,2276.92,1182.8,30.76,20.63,87.26,0.42,0.78,5793.88
1100601,Cacaulândia,RO,1978,2353.79,1119.33,30.71,20.28,87.44,0.41,0.52,5505.78
1100601,Cacaulândia,RO,1979,2155.3,1161.91,31.17,20.07,85.56,0.48,0.54,5701.51
1100601,Cacaulândia,RO,1980,2047.31,1193.59,31.03,20.54,86.57,0.45,0.64,5839.22
1100700,Campo Novo de Rondônia,RO,1961,2025.32,1344.89,32.31,19.86,79.45,0.71,0.91,6377.3
1100700,Campo Novo de Rondônia,RO,1962,2074.45,1356.2,32.3,19.86,81.79,0.62,1.07,6397.56
1100700,Campo Novo de Rondônia,RO,1963,1670.69,1406.61,32.93,19.95,78.09,0.77,1.12,6428.04
1100700,Campo Novo de Rondônia,RO,1964,2143.21,1332.76,32.15,19.93,80.73,0.66,1.11,6193.45
1100700,Campo Novo de Rondônia,RO,1965,1920.21,1343.61,32.48,19.81,82.18,0.61,1.1,6276.45
1100700,Campo Novo de Rondônia,RO,1966,1880.7,1334.65,32.49,19.47,82.76,0.58,0.94,6339.44
1100700,Campo Novo de Rondônia,RO,1967,1904.54,1329.79,32.69,19.87,85.03,0.52,1.06,6273.31
1100700,Campo Novo de Rondônia,RO,1968,1898.14,1289.61,31.18,20.65,86.98,0.44,1.07,6277.65
1100700,Campo Novo de Rondônia,RO,1969,1989.05,1371.7,32.48,21.67,85.55,0.52,1.09,6475.64
1100700,Campo Novo de Rondônia,RO,1970,1837.9,1337.77,32.66,21.3,86.45,0.49,0.91,6369.76
1100700,Campo Novo de Rondônia,RO,1971,1936.56,1245.03,31.02,20.6,86.73,0.44,0.99,6072.55
1100700,Campo Novo de Rondônia,RO,1972,2119.18,1252.81,31.38,20.35,86.65,0.45,0.84,6107.21
1100700,Campo Novo de Rondônia,RO,1973,2191.52,1215.6,30.59,20.48,87.64,0.41,1.04,5947.04
1100700,Campo Novo de Rondônia,RO,1974,3297.15,1166.83,29.45,19.83,87.33,0.4,0.97,5842.11
1100700,Campo Novo de Rondônia,RO,1975,2641.8,1216.37,30.67,20.04,87.05,0.42,0.9,5991.34
1100700,Campo Novo de Rondônia,RO,1976,1884.56,1223.43,30.58,20.26,85.92,0.46,0.83,6029.14
1100700,Campo Novo de Rondônia,RO,1977,2065.85,1171.59,30.81,20.61,87.1,0.43,0.74,5730.42
1100700,Campo Novo de Rondônia,RO,1978,2326.08,1100.85,30.73,20.23,87.34,0.42,0.51,5398.81
1100700,Campo Novo de Rondônia,RO,1979,1925.01,1152.29,31.17,19.97,86.47,0.45,0.52,5670.25
1100700,Campo Novo de Rondônia,RO,1980,1843.86,1187.04,30.98,20.49,86.67,0.44,0.63,5812.2
1100809,Candeias do Jamari,RO,1961,2251.13,1361.93,32.88,20.37,80.71,0.69,0.92,6392.54
1100809,Candeias do Jamari,RO,1962,2355.4,1368.74,32.85,20.35,82.37,0.62,1.05,6401.34
1100809,Candeias do Jamari,RO,1963,1790.39,1416.59,33.44,20.47,79.29,0.76,1.11,6435.74
1100809,Candeias do Jamari,RO,1964,2334.48,1326.56,32.66,20.41,81.81,0.64,1.11,6093.86
1100809,Candeias do Jamari,RO,1965,2022.6,1355.58,33.01,20.29,82.66,0.62,1.1,6263.41
1100809,Candeias do Jamari,RO,1966,1916.9,1331.83,33.24,19.75,82.74,0.6,0.95,6191.47
1100809,Candeias do Jamari,RO,1967,2058.42,1346.83,33.71,20.07,84.79,0.55,1.09,6188.8
1100809,Candeias do Jamari,RO,1968,2172.2,1280.04,31.78,21.11,87.24,0.44,1.08,6118.05
1100809,Candeias do Jamari,RO,1969,2216.32,1384.65,33.29,22.28,86.55,0.51,1.12,6428.35
1100809,Candeias do Jamari,RO,1970,2012.56,1378.51,33.71,22.09,86.95,0.49,1.0,6386.88
1100809,Candeias do Jamari,RO,1971,2236.91,1278.3,31.73,21.6,87.09,0.45,1.23,6073.65
1100809,Candeias do Jamari,RO,1972,2404.09,1285.41,32.08,21.13,87.24,0.45,0.91,6167.69
1100809,Candeias do Jamari,RO,1973,2231.49,1241.86,31.25,21.15,88.05,0.41,1.02,6005.79
1100809,Candeias do Jamari,RO,1974,3142.82,1194.21,30.42,20.26,87.83,0.4,0.96,5877.45
1100809,Candeias do Jamari,RO,1975,2642.01,1243.65,31.31,20.81,87.36,0.43,0.98,6026.53
1100809,Candeias do Jamari,RO,1976,2089.58,1246.16,31.06,20.9,86.43,0.46,0.86,6074.38
1100809,Candeias do Jamari,RO,1977,2594.65,1200.66,31.28,21.17,87.44,0.43,0.78,5816.03
1100809,Candeias do Jamari,RO,1978,2444.45,1136.43,31.2,20.71,87.67,0.42,0.52,5545.53
1100809,Candeias do Jamari,RO,1979,2407.98,1176.09,31.63,20.5,86.66,0.45,0.55,5723.66
1100809,Candeias do Jamari,RO,1980,2308.62,1213.5,31.42,20.99,86.8,0.45,0.62,5905.67
1100908,Castanheiras,RO,1961,2104.65,1357.78,32.46,20.03,78.66,0.74,0.88,6442.18
1100908,Castanheiras,RO,1962,2181.69,1369.5,32.27,20.01,79.82,0.69,1.06,6430.4
1100908,Castanheiras,RO,1963,1723.66,1420.07,33.0,20.01,76.34,0.83,1.05,6510.82
1100908,Castanheiras,RO,1964,2213.33,1355.12,32.23,20.09,79.09,0.71,1.04,6311.11
1100908,Castanheiras,RO,1965,1983.45,1364.54,32.52,19.98,79.92,0.69,1.04,6367.4
1100908,Castanheiras,RO,1966,1615.09,1386.04,32.78,19.97,76.83,0.8,0.97,6427.73
1100908,Castanheiras,RO,1967,1592.26,1356.09,32.34,20.33,80.64,0.67,1.05,6330.49
1100908,Castanheiras,RO,1968,1696.58,1327.07,31.34,20.58,83.11,0.57,1.1,6351.8
1100908,Castanheiras,RO,1969,1812.26,1426.32,32.56,21.49,81.18,0.67,1.19,6609.0
1100908,Castanheiras,RO,1970,1760.74,1389.62,32.62,21.21,82.6,0.62,1.08,6529.52
1100908,Castanheiras,RO,1971,1772.23,1281.42,31.15,19.99,83.54,0.54,1.15,6139.0
1100908,Castanheiras,RO,1972,2162.33,1287.05,31.5,20.59,83.72,0.55,0.85,6226.6
1100908,Castanheiras,RO,1973,2293.97,1249.28,30.5,20.85,86.38,0.45,0.99,6120.46
1100908,Castanheiras,RO,1974,2748.63,1184.84,29.49,20.12,87.71,0.39,0.93,5979.56
1100908,Castanheiras,RO,1975,2600.55,1264.94,31.15,20.05,83.64,0.54,0.91,6142.3
1100908,Castanheiras,RO,1976,2064.22,1263.1,30.74,20.29,84.0,0.53,0.85,6190.47
1100908,Castanheiras,RO,1977,2189.68,1214.02,31.06,20.63,83.67,0.55,0.67,5940.91
1100908,Castanheiras,RO,1978,2384.03,1163.35,31.01,20.35,83.34,0.55,0.51,5682.35
1100908,Castanheiras,RO,1979,2044.53,1189.09,31.5,20.06,83.17,0.56,0.65,5754.61
1100908,Castanheiras,RO,1980,1908.12,1208.69,31.49,20.37,83.55,0.55,0.77,5761.62
1100924,Chupinguaia,RO,1961,1782.3,1354.51,31.78,19.24,77.73,0.74,0.91,6488.99
1100924,Chupinguaia,RO,1962,1810.53,1359.98,31.38,19.02,77.77,0.71,1.09,6449.25
1100924,Chupinguaia,RO,1963,1450.54,1401.85,32.23,19.07,75.06,0.83,1.02,6539.73
1100924,Chupinguaia,RO,1964,1764.36,1345.24,31.43,19.16,77.03,0.74,1.02,6335.62
1100924,Chupinguaia,RO,1965,1802.18,1354.41,31.64,19.08,78.5,0.7,1.01,6422.86
1100924,Chupinguaia,RO,1966,1211.22,1395.09,32.26,19.11,75.54,0.81,1.0,6548.53
1100924,Chupinguaia,RO,1967,1258.87,1337.93,31.51,19.43,79.86,0.66,1.01,6364.73
1100924,Chupinguaia,RO,1968,1483.69,1323.65,30.7,19.36,81.68,0.59,1.07,6441.96
1100924,Chupinguaia,RO,1969,1517.52,1427.44,31.88,20.35,78.61,0.73,1.2,6662.1
1100924,Chupinguaia,RO,1970,1600.34,1410.04,32.04,19.7,78.8,0.71,1.12,6644.98
1100924,Chupinguaia,RO,1971,1586.28,1310.7,30.9,18.02,81.1,0.59,1.15,6334.26
1100924,Chupinguaia,RO,1972,2049.46,1313.15,31.22,19.34,81.71,0.59,0.86,6435.84
1100924,Chupinguaia,RO,1973,1797.42,1327.38,31.49,19.45,80.75,0.63,0.95,6360.18
1100924,Chupinguaia,RO,1974,2125.09,1239.04,29.25,19.4,81.15,0.58,0.92,6191.47
1100924,Chupinguaia,RO,1975,1922.22,1282.04,31.0,19.33,80.51,0.63,0.83,6263.26
1100924,Chupinguaia,RO,1976,1850.2,1268.06,30.55,19.29,80.42,0.62,0.81,6239.95
1100924,Chupinguaia,RO,1977,1917.12,1247.08,30.98,19.74,81.64,0.6,0.69,6132.4
1100924,Chupinguaia,RO,1978,2216.87,1230.91,30.96,19.49,80.52,0.63,0.61,6037.37
1100924,Chupinguaia,RO,1979,2054.03,1218.78,31.25,19.47,81.45,0.6,0.69,5925.99
1100924,Chupinguaia,RO,1980,1962.78,1219.95,31.18,19.44,81.96,0.59,0.8,5844.25
1100940,Cujubim,RO,1961,2278.15,1352.92,32.62,20.34,80.76,0.68,0.89,6390.02
1100940,Cujubim,RO,1962,2392.93,1357.37,32.59,20.37,82.3,0.62,1.03,6374.47
1100940,Cujubim,RO,1963,1764.42,1403.8,33.26,20.42,79.12,0.75,1.07,6401.81
1100940,Cujubim,RO,1964,2336.36,1324.62,32.43,20.41,81.74,0.64,1.07,6129.83
1100940,Cujubim,RO,1965,2095.2,1346.57,32.78,20.3,82.65,0.61,1.07,6257.44
1100940,Cujubim,RO,1966,1942.83,1321.55,32.96,19.83,83.03,0.59,0.91,6200.89
1100940,Cujubim,RO,1967,2010.36,1327.74,32.72,20.49,85.0,0.53,1.1,6213.3
1100940,Cujubim,RO,1968,2156.16,1278.5,31.51,21.12,87.33,0.44,1.12,6139.41
1100940,Cujubim,RO,1969,2146.61,1373.09,32.8,22.18,86.34,0.5,1.16,6412.49
1100940,Cujubim,RO,1970,1976.08,1351.39,32.88,21.96,87.02,0.48,0.98,6372.43
1100940,Cujubim,RO,1971,2186.59,1267.09,31.27,21.55,87.21,0.44,1.15,6091.25
1100940,Cujubim,RO,1972,2382.68,1273.8,31.69,21.01,87.2,0.44,0.88,6166.9
1100940,Cujubim,RO,1973,2220.54,1232.54,30.9,21.03,88.43,0.39,1.03,6013.33
1100940,Cujubim,RO,1974,2859.02,1178.55,29.84,20.23,88.52,0.37,0.96,5889.86
1100940,Cujubim,RO,1975,2665.18,1242.98,31.18,20.53,87.61,0.41,1.0,6054.33
1100940,Cujubim,RO,1976,1981.96,1248.26,30.92,20.78,87.0,0.44,0.88,6116.79
1100940,Cujubim,RO,1977,2427.06,1197.18,31.13,21.03,87.46,0.43,0.79,5820.12
1100940,Cujubim,RO,1978,2470.07,1134.99,31.05,20.67,87.63,0.42,0.53,5548.04
1100940,Cujubim,RO,1979,2560.28,1174.09,31.48,20.52,86.5,0.46,0.56,5719.11
1100940,Cujubim,RO,1980,2316.84,1214.53,31.33,20.96,86.63,0.46,0.63,5914.94
1101005,Governador Jorge Teixeira,RO,1961,2051.33,1331.07,31.8,19.37,78.93,0.71,0.89,6379.5
1101005,Governador Jorge Teixeira,RO,1962,2160.64,1340.07,31.75,19.38,81.7,0.6,1.06,6396.94
1101005,Governador Jorge Teixeira,RO,1963,1696.22,1387.47,32.4,19.44,78.05,0.75,1.08,6430.87
1101005,Governador Jorge Teixeira,RO,1964,2206.97,1318.48,31.63,19.45,80.92,0.63,1.07,6222.67
1101005,Governador Jorge Teixeira,RO,1965,1920.2,1330.04,31.95,19.34,81.98,0.6,1.07,6290.9
1101005,Governador Jorge Teixeira,RO,1966,1778.67,1326.05,32.08,19.05,82.75,0.57,0.95,6352.64
1101005,Governador Jorge Teixeira,RO,1967,1862.54,1315.05,32.05,19.47,84.99,0.51,1.06,6288.08
1101005,Governador Jorge Teixeira,RO,1968,1882.38,1278.09,30.68,20.12,86.93,0.43,1.08,6296.03
1101005,Governador Jorge Teixeira,RO,1969,1965.41,1365.36,31.92,21.12,85.28,0.51,1.11,6518.84
1101005,Governador Jorge Teixeira,RO,1970,1832.38,1322.11,31.99,20.72,86.62,0.46,0.92,6385.31
1101005,Governador Jorge Teixeira,RO,1971,1918.01,1228.45,30.37,20.06,86.67,0.43,1.01,6060.3
1101005,Governador Jorge Teixeira,RO,1972,2194.56,1239.76,30.76,19.78,86.66,0.43,0.87,6118.68
1101005,Governador Jorge Teixeira,RO,1973,2228.34,1201.07,29.98,20.12,87.7,0.39,0.94,5971.7
1101005,Governador Jorge Teixeira,RO,1974,2995.97,1148.86,28.85,19.33,87.38,0.38,0.91,5833.31
1101005,Governador Jorge Teixeira,RO,1975,2666.92,1206.13,30.15,19.49,87.05,0.41,0.92,6007.83
1101005,Governador Jorge Teixeira,RO,1976,2053.63,1217.55,30.04,19.69,85.9,0.45,0.85,6067.0
1101005,Governador Jorge Teixeira,RO,1977,2224.7,1168.87,30.26,20.04,87.21,0.41,0.77,5786.03
1101005,Governador Jorge Teixeira,RO,1978,2337.26,1103.26,30.18,19.7,87.39,0.4,0.52,5479.86
1101005,Governador Jorge Teixeira,RO,1979,1964.57,1150.5,30.65,19.48,85.26,0.47,0.53,5708.43
1101005,Governador Jorge Teixeira,RO,1980,1944.48,1182.49,30.52,19.93,86.11,0.45,0.63,5839.85
1101104,Itapuã do Oeste,RO,1961,2234.65,1355.07,32.66,20.23,80.66,0.68,0.91,6389.71
1101104,Itapuã do Oeste,RO,1962,2352.79,1359.06,32.63,20.23,82.23,0.62,1.04,6377.46
1101104,Itapuã do Oeste,RO,1963,1790.96,1403.74,33.22,20.33,79.11,0.75,1.08,6400.39
1101104,Itapuã do Oeste,RO,1964,2350.1,1323.8,32.45,20.28,81.7,0.64,1.08,6121.82
1101104,Itapuã do Oeste,RO,1965,2009.53,1345.96,32.79,20.16,82.58,0.61,1.08,6247.7
1101104,Itapuã do Oeste,RO,1966,1908.85,1324.82,33.0,19.65,82.88,0.59,0.94,6202.46
1101104,Itapuã do Oeste,RO,1967,2018.5,1336.65,33.19,20.12,84.9,0.54,1.08,6209.53
1101104,Itapuã do Oeste,RO,1968,2128.95,1277.43,31.55,21.0,87.29,0.44,1.09,6139.26
1101104,Itapuã do Oeste,RO,1969,2147.6,1376.72,32.96,22.12,86.52,0.5,1.13,6433.38
1101104,Itapuã do Oeste,RO,1970,1980.22,1360.7,33.23,21.9,86.98,0.48,0.98,6376.04
1101104,Itapuã do Oeste,RO,1971,2159.61,1269.75,31.39,21.39,87.06,0.45,1.16,6093.13
1101104,Itapuã do Oeste,RO,1972,2363.62,1272.36,31.77,20.96,87.14,0.45,0.87,6147.27
1101104,Itapuã do Oeste,RO,1973,2217.84,1232.75,30.98,20.97,88.0,0.4,1.01,5992.12
1101104,Itapuã do Oeste,RO,1974,3231.58,1185.35,30.03,20.14,87.72,0.39,0.95,5877.29
1101104,Itapuã do Oeste,RO,1975,2678.6,1237.71,31.13,20.56,87.31,0.42,0.97,6025.11
1101104,Itapuã do Oeste,RO,1976,2039.03,1242.52,30.88,20.73,86.36,0.46,0.85,6077.84
1101104,Itapuã do Oeste,RO,1977,2455.0,1195.18,31.1,21.0,87.39,0.43,0.78,5809.28
1101104,Itapuã do Oeste,RO,1978,2472.67,1132.07,31.03,20.58,87.59,0.42,0.52,5538.62
1101104,Itapuã do Oeste,RO,1979,2408.72,1171.64,31.46,20.38,86.59,0.45,0.55,5717.22
1101104,Itapuã do Oeste,RO,1980,2244.65,1211.76,31.27,20.86,86.67,0.45,0.63,5909.44
1101203,Ministro Andreazza,RO,1961,2119.04,1333.32,31.58,19.16,78.74,0.7,0.87,6434.79
1101203,Ministro Andreazza,RO,1962,2211.08,1342.94,31.34,19.11,79.91,0.65,1.06,6424.9
1101203,Ministro Andreazza,RO,1963,1738.94,1392.48,32.08,19.08,76.42,0.78,1.04,6505.48
1101203,Ministro Andreazza,RO,1964,2236.4,1327.94,31.31,19.16,79.16,0.67,1.03,6299.64
1101203,Ministro Andreazza,RO,1965,2009.15,1338.28,31.61,19.02,79.96,0.65,1.03,6361.28
1101203,Ministro Andreazza,RO,1966,1662.99,1351.33,31.85,19.08,77.21,0.75,0.92,6413.74
1101203,Ministro Andreazza,RO,1967,1685.87,1330.15,31.38,19.44,80.78,0.63,1.06,6322.64
1101203,Ministro Andreazza,RO,1968,1715.46,1300.72,30.41,19.68,83.25,0.54,1.11,6340.01
1101203,Ministro Andreazza,RO,1969,1847.01,1398.68,31.63,20.58,81.24,0.64,1.19,6598.01
1101203,Ministro Andreazza,RO,1970,1774.92,1369.71,31.69,20.16,82.34,0.6,1.08,6553.87
1101203,Ministro Andreazza,RO,1971,1811.75,1270.31,30.24,18.91,83.77,0.5,1.18,6214.72
1101203,Ministro Andreazza,RO,1972,2178.79,1276.0,30.58,19.57,83.76,0.52,0.86,6301.21
1101203,Ministro Andreazza,RO,1973,2217.84,1251.43,29.68,19.93,86.38,0.43,1.0,6253.99
1101203,Ministro Andreazza,RO,1974,2977.33,1172.81,28.65,19.21,87.67,0.37,0.94,6022.13
1101203,Ministro Andreazza,RO,1975,2634.57,1242.98,30.24,19.28,83.71,0.51,0.92,6135.54
1101203,Ministro Andreazza,RO,1976,2021.88,1242.52,29.89,19.44,84.01,0.5,0.86,6187.48
1101203,Ministro Andreazza,RO,1977,2172.37,1198.56,30.26,19.74,83.64,0.52,0.63,5973.27
1101203,Ministro Andreazza,RO,1978,2334.28,1152.14,30.12,19.48,82.99,0.53,0.49,5731.99
1101203,Ministro Andreazza,RO,1979,2034.97,1173.74,30.65,19.23,83.31,0.53,0.63,5778.8
1101203,Ministro Andreazza,RO,1980,1902.37,1182.64,30.58,19.51,83.61,0.52,0.72,5754.24
1101302,Mirante da Serra,RO,1961,2047.98,1335.47,31.81,19.42,79.43,0.69,0.89,6415.47
1101302,Mirante da Serra,RO,1962,2162.67,1346.57,31.77,19.43,81.63,0.61,1.06,6429.45
1101302,Mirante da Serra,RO,1963,1704.59,1398.73,32.44,19.48,77.88,0.76,1.07,6497.94
1101302,Mirante da Serra,RO,1964,2206.16,1328.82,31.67,19.51,80.56,0.64,1.05,6280.64
1101302,Mirante da Serra,RO,1965,1932.97,1336.39,31.98,19.39,82.05,0.6,1.06,6335.99
1101302,Mirante da Serra,RO,1966,1727.85,1356.76,32.13,19.18,77.49,0.75,0.95,6392.22
1101302,Mirante da Serra,RO,1967,1808.62,1324.57,31.97,19.6,83.57,0.55,1.06,6300.17
1101302,Mirante da Serra,RO,1968,1822.17,1287.51,30.73,20.08,85.66,0.47,1.09,6311.9
1101302,Mirante da Serra,RO,1969,1944.87,1366.89,31.95,21.08,85.23,0.51,1.13,6520.09
1101302,Mirante da Serra,RO,1970,1790.04,1319.4,31.91,20.62,86.69,0.46,0.92,6390.65
1101302,Mirante da Serra,RO,1971,1858.52,1225.02,30.32,19.91,86.68,0.43,1.01,6055.9
1101302,Mirante da Serra,RO,1972,2200.7,1241.6,30.73,19.76,86.31,0.44,0.87,6126.22
1101302,Mirante da Serra,RO,1973,2246.13,1203.88,29.97,20.13,87.69,0.39,0.93,5990.08
1101302,Mirante da Serra,RO,1974,2929.98,1146.71,28.81,19.35,87.4,0.38,0.91,5830.32
1101302,Mirante da Serra,RO,1975,2568.18,1205.26,30.16,19.47,87.05,0.41,0.92,6007.52
1101302,Mirante da Serra,RO,1976,1990.13,1217.5,30.06,19.69,85.91,0.45,0.85,6069.82
1101302,Mirante da Serra,RO,1977,2183.55,1169.08,30.28,20.04,86.96,0.42,0.77,5783.51
1101302,Mirante da Serra,RO,1978,2245.79,1104.59,30.22,19.73,87.03,0.41,0.52,5480.18
1101302,Mirante da Serra,RO,1979,2064.0,1150.7,30.75,19.5,84.66,0.49,0.53,5693.66
1101302,Mirante da Serra,RO,1980,1931.59,1177.63,30.62,19.91,84.52,0.5,0.65,5763.66
1101401,Monte Negro,RO,1961,2059.44,1345.35,32.24,19.87,80.33,0.68,0.91,6404.63
1101401,Monte Negro,RO,1962,2121.26,1353.79,32.22,19.89,81.87,0.62,1.06,6394.58
1101401,Monte Negro,RO,1963,1678.69,1401.59,32.84,19.98,78.71,0.75,1.12,6423.96
1101401,Monte Negro,RO,1964,2161.44,1328.35,32.08,19.95,81.38,0.63,1.11,6191.57
1101401,Monte Negro,RO,1965,1947.74,1341.87,32.42,19.84,82.38,0.61,1.11,6271.74
1101401,Monte Negro,RO,1966,1817.87,1331.02,32.48,19.41,83.01,0.58,0.93,6328.13
1101401,Monte Negro,RO,1967,1913.24,1328.82,32.65,19.83,85.0,0.52,1.07,6268.75
1101401,Monte Negro,RO,1968,1926.64,1285.77,31.15,20.61,87.35,0.43,1.08,6266.81
1101401,Monte Negro,RO,1969,2005.71,1368.12,32.47,21.67,86.26,0.5,1.1,6473.44
1101401,Monte Negro,RO,1970,1858.39,1340.02,32.66,21.33,86.6,0.48,0.92,6374.47
1101401,Monte Negro,RO,1971,1951.11,1247.69,30.96,20.68,86.81,0.44,1.03,6078.84
1101401,Monte Negro,RO,1972,2216.81,1257.72,31.33,20.38,86.77,0.44,0.87,6128.1
1101401,Monte Negro,RO,1973,2197.66,1213.15,30.51,20.62,87.73,0.4,0.95,5957.57
1101401,Monte Negro,RO,1974,3247.82,1167.44,29.47,19.8,87.43,0.39,0.92,5857.19
1101401,Monte Negro,RO,1975,2737.92,1220.11,30.66,20.04,87.17,0.42,0.92,6010.66
1101401,Monte Negro,RO,1976,2061.19,1229.27,30.52,20.24,86.12,0.46,0.85,6064.17
1101401,Monte Negro,RO,1977,2286.36,1181.62,30.75,20.57,87.21,0.42,0.77,5787.28
1101401,Monte Negro,RO,1978,2392.52,1114.78,30.67,20.2,87.4,0.41,0.52,5483.48
1101401,Monte Negro,RO,1979,2197.11,1155.67,31.1,19.96,86.57,0.44,0.53,5691.15
1101401,Monte Negro,RO,1980,2082.88,1193.08,30.92,20.49,86.69,0.44,0.63,5855.56
1101435,Nova União,RO,1961,2074.19,1340.33,31.97,19.57,78.97,0.71,0.89,6410.45
1101435,Nova União,RO,1962,2195.7,1349.49,31.89,19.58,81.67,0.61,1.06,6425.84
1101435,Nova União,RO,1963,1718.49,1400.57,32.58,19.6,77.99,0.76,1.07,6491.97
1101435,Nova União,RO,1964,2227.02,1331.37,31.8,19.63,80.9,0.64,1.06,6274.98
1101435,Nova União,RO,1965,1961.08,1340.33,32.12,19.49,81.97,0.61,1.06,6333.47
1101435,Nova União,RO,1966,1720.92,1348.16,32.26,19.33,78.83,0.71,0.93,6360.65
1101435,Nova União,RO,1967,1816.01,1327.33,32.06,19.76,83.6,0.56,1.07,6297.19
1101435,Nova União,RO,1968,1836.47,1291.66,30.86,20.23,85.69,0.47,1.1,6305.61
1101435,Nova União,RO,1969,1973.58,1371.81,32.08,21.23,85.23,0.52,1.15,6514.75
1101435,Nova União,RO,1970,1798.18,1324.21,32.11,20.87,86.66,0.46,0.93,6383.58
1101435,Nova União,RO,1971,1880.35,1234.64,30.61,20.25,86.75,0.43,1.0,6067.21
1101435,Nova União,RO,1972,2225.36,1246.52,30.85,19.93,86.39,0.44,0.88,6134.7
1101435,Nova União,RO,1973,2256.41,1208.28,30.09,20.26,87.75,0.39,0.95,5995.42
1101435,Nova União,RO,1974,2870.94,1151.73,28.97,19.48,87.45,0.38,0.92,5838.02
1101435,Nova União,RO,1975,2631.32,1210.84,30.31,19.62,87.06,0.41,0.93,6010.19
1101435,Nova União,RO,1976,2008.9,1220.67,30.17,19.84,85.95,0.45,0.85,6072.97
1101435,Nova União,RO,1977,2158.99,1174.76,30.47,20.19,86.74,0.43,0.77,5793.41
1101435,Nova União,RO,1978,2222.16,1114.83,30.35,19.87,86.97,0.42,0.53,5520.71
1101435,Nova União,RO,1979,2058.72,1170.41,30.88,19.66,84.31,0.51,0.57,5769.06
1101435,Nova União,RO,1980,1906.86,1195.33,30.78,20.07,84.43,0.51,0.68,5831.52
1101450,Parecis,RO,1961,1861.83,1359.47,31.99,19.5,77.82,0.74,0.92,6483.18
1101450,Parecis,RO,1962,1875.25,1365.0,31.64,19.28,77.94,0.72,1.09,6443.91
1101450,Parecis,RO,1963,1493.09,1408.3,32.45,19.36,75.21,0.84,1.04,6528.42
1101450,Parecis,RO,1964,1877.15,1350.16,31.66,19.43,77.19,0.75,1.04,6313.0
1101450,Parecis,RO,1965,1958.54,1358.86,31.88,19.35,78.62,0.71,1.03,6401.65
1101450,Parecis,RO,1966,1517.44,1395.61,32.45,19.26,75.69,0.81,1.0,6515.69
1101450,Parecis,RO,1967,1492.94,1345.09,31.74,19.8,80.16,0.67,1.03,6371.33
1101450,Parecis,RO,1968,1572.36,1325.03,30.84,19.83,81.92,0.59,1.08,6408.98
1101450,Parecis,RO,1969,1637.47,1428.87,32.06,20.72,78.91,0.73,1.2,6644.19
1101450,Parecis,RO,1970,1676.84,1410.76,32.22,20.14,79.06,0.72,1.11,6624.08
1101450,Parecis,RO,1971,1586.3,1314.69,31.04,18.56,81.3,0.59,1.16,6319.65
1101450,Parecis,RO,1972,2160.8,1312.13,31.31,19.64,81.94,0.59,0.84,6418.09
1101450,Parecis,RO,1973,1954.67,1297.03,30.86,20.03,82.56,0.57,0.85,6338.66
1101450,Parecis,RO,1974,2882.06,1209.82,29.11,19.5,83.52,0.5,0.82,6121.25
1101450,Parecis,RO,1975,1900.84,1276.3,30.96,19.54,81.15,0.61,0.83,6235.77
1101450,Parecis,RO,1976,1989.86,1256.96,30.55,19.62,80.97,0.61,0.8,6170.68
1101450,Parecis,RO,1977,2188.24,1217.91,31.09,20.0,81.92,0.6,0.6,6006.73
1101450,Parecis,RO,1978,2316.96,1183.26,30.96,19.68,80.79,0.62,0.53,5789.95
1101450,Parecis,RO,1979,2022.41,1197.64,31.27,19.6,81.88,0.59,0.66,5824.98
1101450,Parecis,RO,1980,1962.96,1201.83,31.2,19.77,82.28,0.58,0.74,5766.8
1101468,Pimenteiras do Oeste,RO,1961,1749.65,1400.37,32.81,20.35,77.67,0.79,0.91,6600.05
1101468,Pimenteiras do Oeste,RO,1962,1774.52,1417.61,32.43,20.1,77.65,0.77,1.07,6621.73
1101468,Pimenteiras do Oeste,RO,1963,1426.12,1450.98,33.25,20.2,75.0,0.89,1.01,6660.84
1101468,Pimenteiras do Oeste,RO,1964,1734.91,1393.0,32.47,20.27,76.92,0.8,1.01,6456.1
1101468,Pimenteiras do Oeste,RO,1965,1649.5,1388.85,32.67,20.2,78.4,0.75,1.01,6468.25
1101468,Pimenteiras do Oeste,RO,1966,1254.97,1432.46,33.31,20.14,75.24,0.87,1.04,6562.03
1101468,Pimenteiras do Oeste,RO,1967,1236.56,1369.04,32.58,20.43,79.07,0.73,1.0,6371.02
1101468,Pimenteiras do Oeste,RO,1968,1463.79,1355.68,31.73,20.37,80.83,0.65,1.06,6458.62
1101468,Pimenteiras do Oeste,RO,1969,1473.26,1448.63,32.83,21.29,78.51,0.77,1.15,6679.22
1101468,Pimenteiras do Oeste,RO,1970,1508.64,1430.51,33.04,20.63,78.73,0.76,1.06,6643.25
1101468,Pimenteiras do Oeste,RO,1971,1486.09,1324.57,31.79,18.84,80.95,0.63,1.1,6315.41
1101468,Pimenteiras do Oeste,RO,1972,2053.23,1341.1,32.27,20.44,81.67,0.64,0.81,6445.58
1101468,Pimenteiras do Oeste,RO,1973,1804.44,1362.8,32.56,20.72,80.67,0.68,0.87,6413.12
1101468,Pimenteiras do Oeste,RO,1974,1880.61,1276.46,30.62,20.34,81.1,0.62,0.92,6226.03
1101468,Pimenteiras do Oeste,RO,1975,1836.26,1316.02,31.93,20.31,80.47,0.66,0.86,6310.38
1101468,Pimenteiras do Oeste,RO,1976,1886.64,1305.37,31.45,20.33,80.31,0.67,0.9,6250.48
1101468,Pimenteiras do Oeste,RO,1977,1815.2,1272.36,32.0,20.79,81.63,0.64,0.71,6136.96
1101468,Pimenteiras do Oeste,RO,1978,2166.73,1251.43,31.99,20.55,80.5,0.67,0.6,6031.87
1101468,Pimenteiras do Oeste,RO,1979,2036.48,1238.89,32.24,20.54,81.38,0.64,0.69,5917.51
1101468,Pimenteiras do Oeste,RO,1980,1968.21,1245.9,32.17,20.5,81.61,0.64,0.81,5845.82
1101476,Primavera de Rondônia,RO,1961,2026.54,1369.45,32.36,19.92,77.88,0.76,0.92,6475.01
1101476,Primavera de Rondônia,RO,1962,2065.66,1378.0,32.07,19.81,78.05,0.74,1.09,6435.11
1101476,Primavera de Rondônia,RO,1963,1633.76,1420.02,32.83,19.79,75.28,0.86,1.05,6518.52
1101476,Primavera de Rondônia,RO,1964,2016.56,1359.83,32.05,19.89,77.29,0.76,1.05,6296.5
1101476,Primavera de Rondônia,RO,1965,1990.15,1370.43,32.33,19.78,78.7,0.73,1.04,6391.91
1101476,Primavera de Rondônia,RO,1966,1515.05,1397.76,32.84,19.66,76.48,0.8,0.98,6492.29
1101476,Primavera de Rondônia,RO,1967,1496.69,1354.51,32.13,20.22,80.36,0.68,1.04,6359.71
1101476,Primavera de Rondônia,RO,1968,1600.39,1328.97,31.23,20.29,82.85,0.57,1.1,6387.3
1101476,Primavera de Rondônia,RO,1969,1771.46,1433.02,32.46,21.18,79.99,0.71,1.19,6629.74
1101476,Primavera de Rondônia,RO,1970,1750.51,1401.85,32.59,20.68,81.03,0.67,1.08,6579.31
1101476,Primavera de Rondônia,RO,1971,1871.98,1300.46,31.3,19.13,82.8,0.56,1.14,6238.91
1101476,Primavera de Rondônia,RO,1972,2165.15,1301.33,31.69,20.2,83.49,0.56,0.81,6320.38
1101476,Primavera de Rondônia,RO,1973,1988.02,1296.98,31.12,20.44,82.68,0.57,0.87,6284.78
1101476,Primavera de Rondônia,RO,1974,2925.06,1211.2,29.52,19.89,83.68,0.51,0.83,6066.27
1101476,Primavera de Rondônia,RO,1975,2132.17,1278.56,31.3,19.97,83.08,0.56,0.84,6223.83
1101476,Primavera de Rondônia,RO,1976,1990.02,1260.23,30.91,20.04,82.41,0.58,0.81,6142.4
1101476,Primavera de Rondônia,RO,1977,2182.63,1222.26,31.21,20.46,83.21,0.56,0.6,6002.81
1101476,Primavera de Rondônia,RO,1978,2349.29,1186.89,31.22,20.09,82.71,0.57,0.53,5790.27
1101476,Primavera de Rondônia,RO,1979,2017.5,1195.9,31.58,19.95,82.47,0.58,0.64,5784.3
1101476,Primavera de Rondônia,RO,1980,1879.33,1201.43,31.54,20.18,83.02,0.57,0.71,5747.64
1101484,São Felipe D'Oeste,RO,1961,2021.17,1366.28,32.23,19.79,77.87,0.75,0.92,6478.15
1101484,São Felipe D'Oeste,RO,1962,2060.87,1373.85,31.94,19.67,78.03,0.73,1.09,6438.72
1101484,São Felipe D'Oeste,RO,1963,1631.88,1416.49,32.7,19.66,75.27,0.85,1.05,6520.41
1101484,São Felipe D'Oeste,RO,1964,2013.48,1355.99,31.92,19.76,77.27,0.76,1.05,6299.96
1101484,São Felipe D'Oeste,RO,1965,1982.36,1366.69,32.2,19.66,78.69,0.72,1.04,6393.32
1101484,São Felipe D'Oeste,RO,1966,1581.98,1396.12,32.71,19.52,76.44,0.8,0.98,6497.16
1101484,São Felipe D'Oeste,RO,1967,1532.49,1351.54,32.01,20.08,80.32,0.67,1.03,6357.82
1101484,São Felipe D'Oeste,RO,1968,1554.45,1325.54,31.1,20.15,82.83,0.57,1.09,6390.75
1101484,São Felipe D'Oeste,RO,1969,1620.37,1429.33,32.33,21.05,79.96,0.7,1.19,6631.62
1101484,São Felipe D'Oeste,RO,1970,1683.69,1398.06,32.47,20.54,81.0,0.66,1.08,6580.41
1101484,São Felipe D'Oeste,RO,1971,1752.77,1297.13,31.17,18.97,82.78,0.55,1.14,6239.85
1101484,São Felipe D'Oeste,RO,1972,2159.42,1297.7,31.56,20.07,83.47,0.55,0.8,6321.01
1101484,São Felipe D'Oeste,RO,1973,2005.15,1293.6,30.99,20.31,82.68,0.57,0.87,6286.5
1101484,São Felipe D'Oeste,RO,1974,2938.23,1208.33,29.39,19.76,83.68,0.51,0.82,6068.0
1101484,São Felipe D'Oeste,RO,1975,2107.08,1274.41,31.16,19.84,83.08,0.55,0.83,6224.61
1101484,São Felipe D'Oeste,RO,1976,1990.82,1256.65,30.78,19.91,82.4,0.58,0.81,6142.24
1101484,São Felipe D'Oeste,RO,1977,2185.91,1218.52,31.09,20.32,83.21,0.56,0.61,6000.92
1101484,São Felipe D'Oeste,RO,1978,2337.27,1184.02,31.09,19.96,82.69,0.57,0.53,5790.11
1101484,São Felipe D'Oeste,RO,1979,2016.75,1192.57,31.45,19.83,82.34,0.58,0.64,5785.08
1101484,São Felipe D'Oeste,RO,1980,1876.81,1199.69,31.41,20.05,82.82,0.57,0.71,5747.48
1101492,São Francisco do Guaporé,RO,1961,1915.72,1374.32,32.68,20.2,77.87,0.78,0.9,6485.22
1101492,São Francisco do Guaporé,RO,1962,1851.55,1389.31,32.52,20.23,78.05,0.76,1.09,6446.73
1101492,São Francisco do Guaporé,RO,1963,1487.15,1433.22,33.23,20.27,75.34,0.88,1.08,6516.01
1101492,São Francisco do Guaporé,RO,1964,1895.88,1367.76,32.46,20.32,77.33,0.78,1.06,6290.69
1101492,São Francisco do Guaporé,RO,1965,1853.44,1381.28,32.74,20.22,78.67,0.75,1.06,6378.56
1101492,São Francisco do Guaporé,RO,1966,1628.37,1409.89,33.14,20.07,76.43,0.82,1.01,6490.87
1101492,São Francisco do Guaporé,RO,1967,1547.23,1363.0,32.65,20.5,80.37,0.69,1.04,6346.2
1101492,São Francisco do Guaporé,RO,1968,1651.14,1333.47,31.54,20.82,82.88,0.59,1.08,6379.91
1101492,São Francisco do Guaporé,RO,1969,1692.95,1409.53,32.67,21.66,81.9,0.65,1.11,6581.67
1101492,São Francisco do Guaporé,RO,1970,1708.95,1354.56,32.6,20.95,83.05,0.6,0.87,6466.21
1101492,São Francisco do Guaporé,RO,1971,1688.09,1259.98,31.18,19.55,84.15,0.52,0.9,6180.16
1101492,São Francisco do Guaporé,RO,1972,2053.72,1282.7,31.59,20.13,84.18,0.53,0.81,6248.9
1101492,São Francisco do Guaporé,RO,1973,2259.88,1277.28,30.95,20.47,84.35,0.52,1.03,6191.0
1101492,São Francisco do Guaporé,RO,1974,2909.72,1195.23,29.41,20.08,85.08,0.47,0.95,5973.43
1101492,São Francisco do Guaporé,RO,1975,2594.5,1233.67,30.93,20.04,85.15,0.48,0.81,6073.02
1101492,São Francisco do Guaporé,RO,1976,1810.97,1240.48,30.9,20.27,83.66,0.54,0.78,6073.6
1101492,São Francisco do Guaporé,RO,1977,1990.38,1201.73,31.32,20.71,84.75,0.52,0.68,5850.28
1101492,São Francisco do Guaporé,RO,1978,2365.44,1137.09,31.22,20.47,84.08,0.53,0.51,5535.94
1101492,São Francisco do Guaporé,RO,1979,1733.68,1172.3,31.72,20.25,83.06,0.57,0.54,5693.5
1101492,São Francisco do Guaporé,RO,1980,1845.26,1215.81,31.68,20.66,82.86,0.59,0.71,5791.15
1101500,Seringueiras,RO,1961,1935.52,1364.03,32.45,19.97,77.96,0.76,0.9,6453.96
1101500,Seringueiras,RO,1962,1889.73,1382.56,32.31,20.01,78.2,0.74,1.09,6442.18
1101500,Seringueiras,RO,1963,1510.06,1427.59,33.01,20.05,75.47,0.87,1.09,6505.33
1101500,Seringueiras,RO,1964,1935.62,1360.24,32.24,20.09,77.47,0.77,1.08,6272.31
1101500,Seringueiras,RO,1965,1860.81,1373.85,32.53,19.98,78.77,0.73,1.08,6357.98
1101500,Seringueiras,RO,1966,1682.86,1386.7,32.7,19.86,77.0,0.79,0.96,6462.91
1101500,Seringueiras,RO,1967,1643.4,1340.69,32.48,20.22,83.44,0.57,1.05,6327.03
1101500,Seringueiras,RO,1968,1691.78,1317.76,31.35,20.64,84.16,0.54,1.08,6350.38
1101500,Seringueiras,RO,1969,1733.87,1400.16,32.45,21.51,82.47,0.63,1.11,6566.9
1101500,Seringueiras,RO,1970,1737.56,1344.43,32.39,20.87,84.98,0.53,0.89,6464.64
1101500,Seringueiras,RO,1971,1738.86,1248.41,30.88,19.57,85.89,0.45,0.94,6162.88
1101500,Seringueiras,RO,1972,2080.36,1274.56,31.29,20.05,84.94,0.5,0.84,6236.65
1101500,Seringueiras,RO,1973,2242.89,1250.2,30.63,20.32,87.58,0.41,1.03,6172.15
1101500,Seringueiras,RO,1974,2971.51,1176.5,29.24,19.87,87.23,0.4,0.97,5948.45
1101500,Seringueiras,RO,1975,2560.19,1219.29,30.66,19.9,85.52,0.47,0.87,6001.55
1101500,Seringueiras,RO,1976,1828.61,1232.08,30.65,20.15,84.14,0.52,0.82,6045.95
1101500,Seringueiras,RO,1977,1972.79,1189.76,31.03,20.54,85.01,0.5,0.7,5811.95
1101500,Seringueiras,RO,1978,2208.2,1130.69,30.95,20.28,84.28,0.52,0.51,5527.78
1101500,Seringueiras,RO,1979,1848.4,1162.58,31.46,19.99,83.81,0.54,0.54,5678.27
1101500,Seringueiras,RO,1980,1769.2,1195.39,31.3,20.38,83.72,0.55,0.7,5743.71
1101559,Teixeirópolis,RO,1961,2079.07,1352.92,32.39,19.97,78.76,0.73,0.89,6413.43
1101559,Teixeirópolis,RO,1962,2202.65,1367.35,32.26,19.97,79.95,0.68,1.06,6425.37
1101559,Teixeirópolis,RO,1963,1724.42,1418.94,32.96,19.98,76.49,0.83,1.06,6497.16
1101559,Teixeirópolis,RO,1964,2230.43,1350.87,32.19,20.03,79.21,0.71,1.05,6282.99
1101559,Teixeirópolis,RO,1965,1976.67,1361.11,32.5,19.89,80.01,0.69,1.05,6342.74
1101559,Teixeirópolis,RO,1966,1688.34,1360.96,32.67,19.78,78.74,0.73,0.92,6368.5
1101559,Teixeirópolis,RO,1967,1792.23,1338.13,32.38,20.2,83.56,0.57,1.07,6304.41
1101559,Teixeirópolis,RO,1968,1824.16,1312.9,31.25,20.59,84.39,0.53,1.1,6315.67
1101559,Teixeirópolis,RO,1969,1968.14,1389.82,32.45,21.54,84.76,0.54,1.16,6540.67
1101559,Teixeirópolis,RO,1970,1789.1,1339.92,32.45,21.18,86.12,0.49,0.94,6416.73
1101559,Teixeirópolis,RO,1971,1874.62,1242.17,30.96,20.46,86.77,0.44,1.02,6061.09
1101559,Teixeirópolis,RO,1972,2235.48,1257.06,31.26,20.37,85.47,0.49,0.82,6143.5
1101559,Teixeirópolis,RO,1973,2270.94,1232.65,30.44,20.63,87.77,0.4,0.95,6097.37
1101559,Teixeirópolis,RO,1974,2784.05,1170.15,29.32,19.86,87.38,0.39,0.91,5898.5
1101559,Teixeirópolis,RO,1975,2622.29,1221.95,30.69,19.97,86.54,0.44,0.92,6015.22
1101559,Teixeirópolis,RO,1976,2005.48,1233.26,30.57,20.26,85.63,0.47,0.85,6078.78
1101559,Teixeirópolis,RO,1977,2139.96,1201.99,30.92,20.61,84.15,0.53,0.69,5883.74
1101559,Teixeirópolis,RO,1978,2313.41,1155.0,30.88,20.32,83.67,0.54,0.51,5653.92
1101559,Teixeirópolis,RO,1979,1979.51,1181.41,31.36,20.01,83.87,0.54,0.62,5748.33
1101559,Teixeirópolis,RO,1980,1896.44,1201.89,31.24,20.39,84.07,0.53,0.74,5771.99
1101609,Theobroma,RO,1961,2129.64,1348.37,32.25,19.95,79.2,0.72,0.9,6405.26
1101609,Theobroma,RO,1962,2260.21,1349.85,32.16,19.99,81.87,0.62,1.04,6387.04
1101609,Theobroma,RO,1963,1744.79,1395.71,32.81,20.04,78.22,0.77,1.06,6420.03
1101609,Theobroma,RO,1964,2296.28,1327.64,32.06,20.06,81.07,0.64,1.05,6211.99
1101609,Theobroma,RO,1965,2141.02,1339.82,32.39,19.95,82.09,0.62,1.05,6281.95
1101609,Theobroma,RO,1966,1855.73,1331.68,32.58,19.57,83.05,0.58,0.91,6323.73
1101609,Theobroma,RO,1967,1905.01,1325.8,32.37,20.07,84.97,0.52,1.08,6269.7
1101609,Theobroma,RO,1968,1949.45,1288.79,31.13,20.62,86.93,0.44,1.1,6267.44
1101609,Theobroma,RO,1969,2053.89,1377.8,32.37,21.65,85.51,0.52,1.15,6492.44
1101609,Theobroma,RO,1970,1911.51,1337.0,32.43,21.4,86.79,0.47,0.96,6382.96
1101609,Theobroma,RO,1971,2029.17,1252.91,30.86,20.77,86.96,0.44,1.08,6100.36
1101609,Theobroma,RO,1972,2318.32,1259.16,31.23,20.54,86.78,0.44,0.84,6159.68
1101609,Theobroma,RO,1973,2244.14,1218.88,30.44,20.59,87.87,0.4,0.98,5998.56
1101609,Theobroma,RO,1974,2952.71,1162.53,29.33,19.8,87.55,0.39,0.93,5844.78
1101609,Theobroma,RO,1975,2640.14,1222.51,30.68,20.0,87.12,0.42,0.94,6017.42
1101609,Theobroma,RO,1976,1955.5,1231.88,30.49,20.24,86.05,0.46,0.85,6081.14
1101609,Theobroma,RO,1977,2295.3,1182.23,30.65,20.55,87.34,0.42,0.78,5801.74
1101609,Theobroma,RO,1978,2369.55,1120.92,30.6,20.21,87.53,0.41,0.52,5526.05
1101609,Theobroma,RO,1979,2153.23,1167.49,31.09,20.02,85.37,0.48,0.55,5732.3
1101609,Theobroma,RO,1980,2019.31,1201.58,30.99,20.47,86.01,0.47,0.63,5881.48
1101708,Urupá,RO,1961,2060.74,1349.85,32.27,19.84,78.7,0.73,0.89,6416.42
1101708,Urupá,RO,1962,2178.63,1365.15,32.14,19.85,79.88,0.68,1.06,6428.98
1101708,Urupá,RO,1963,1713.16,1415.67,32.84,19.88,76.43,0.82,1.06,6501.08
1101708,Urupá,RO,1964,2214.37,1349.13,32.07,19.92,79.16,0.7,1.05,6289.59
1101708,Urupá,RO,1965,1957.57,1358.91,32.37,19.8,79.97,0.69,1.05,6347.3
1101708,Urupá,RO,1966,1687.06,1368.94,32.53,19.67,77.37,0.77,0.94,6401.02
1101708,Urupá,RO,1967,1781.79,1335.52,32.28,20.06,83.53,0.57,1.07,6310.7
1101708,Urupá,RO,1968,1810.13,1310.34,31.14,20.46,84.35,0.52,1.1,6324.15
1101708,Urupá,RO,1969,1945.85,1386.19,32.33,21.41,84.73,0.54,1.15,6546.48
1101708,Urupá,RO,1970,1778.24,1335.78,32.34,21.03,86.09,0.49,0.93,6414.69
1101708,Urupá,RO,1971,1856.27,1237.56,30.85,20.29,86.74,0.44,0.99,6061.09
1101708,Urupá,RO,1972,2219.53,1256.24,31.09,20.14,85.44,0.48,0.88,6140.83
1101708,Urupá,RO,1973,2265.94,1229.78,30.33,20.51,87.73,0.4,0.94,6095.17
1101708,Urupá,RO,1974,2822.11,1166.72,29.2,19.73,87.34,0.39,0.91,5896.93
1101708,Urupá,RO,1975,2635.65,1218.47,30.56,19.84,86.53,0.43,0.92,6012.08
1101708,Urupá,RO,1976,2008.62,1229.83,30.46,20.13,85.6,0.47,0.85,6075.17
1101708,Urupá,RO,1977,2132.88,1198.61,30.81,20.49,84.14,0.52,0.69,5879.81
1101708,Urupá,RO,1978,2209.85,1151.32,30.78,20.19,83.65,0.53,0.51,5645.91
1101708,Urupá,RO,1979,1920.06,1178.44,31.25,19.88,83.83,0.53,0.62,5745.81
1101708,Urupá,RO,1980,1955.75,1198.92,31.14,20.26,84.0,0.53,0.74,5767.28
1101757,Vale do Anari,RO,1961,2194.15,1349.9,32.51,20.32,80.63,0.68,0.88,6400.08
1101757,Vale do Anari,RO,1962,2310.35,1355.22,32.47,20.38,82.11,0.62,1.02,6377.93
1101757,Vale do Anari,RO,1963,1772.29,1398.83,33.12,20.41,78.91,0.76,1.04,6411.86
1101757,Vale do Anari,RO,1964,2338.15,1331.58,32.38,20.45,81.59,0.64,1.03,6200.05
1101757,Vale do Anari,RO,1965,2198.95,1346.52,32.71,20.34,82.53,0.61,1.04,6278.65
1101757,Vale do Anari,RO,1966,1867.78,1330.4,32.89,19.96,83.14,0.59,0.87,6286.03
1101757,Vale do Anari,RO,1967,2047.74,1329.68,32.5,20.53,85.01,0.53,1.09,6255.09
1101757,Vale do Anari,RO,1968,2081.41,1286.33,31.43,20.99,87.32,0.44,1.14,6198.48
1101757,Vale do Anari,RO,1969,2080.88,1374.16,32.64,22.03,86.25,0.5,1.17,6435.42
1101757,Vale do Anari,RO,1970,1939.56,1343.91,32.62,21.76,86.99,0.47,0.97,6385.94
1101757,Vale do Anari,RO,1971,2136.02,1260.64,31.12,21.23,87.17,0.44,1.11,6098.16
1101757,Vale do Anari,RO,1972,2413.03,1268.37,31.55,20.91,87.11,0.44,0.87,6162.19
1101757,Vale do Anari,RO,1973,2254.54,1228.55,30.71,20.99,88.06,0.4,1.03,6008.46
1101757,Vale do Anari,RO,1974,2831.98,1179.01,29.64,20.27,87.93,0.38,0.96,5905.88
1101757,Vale do Anari,RO,1975,2590.61,1236.64,31.13,20.36,87.57,0.41,0.98,6033.12
1101757,Vale do Anari,RO,1976,1952.74,1242.27,30.82,20.6,86.88,0.44,0.89,6097.79
1101757,Vale do Anari,RO,1977,2267.14,1192.57,30.96,20.87,87.41,0.42,0.78,5814.62
1101757,Vale do Anari,RO,1978,2286.96,1130.18,30.91,20.57,87.58,0.41,0.53,5540.66
1101757,Vale do Anari,RO,1979,2324.04,1171.84,31.36,20.46,86.17,0.47,0.56,5720.52
1101757,Vale do Anari,RO,1980,2197.71,1209.36,31.26,20.83,86.03,0.47,0.63,5889.18
1101807,Vale do Paraíso,RO,1961,2144.31,1344.37,32.34,19.96,79.1,0.72,0.88,6375.73
1101807,Vale do Paraíso,RO,1962,2258.12,1351.59,32.26,19.97,81.82,0.62,1.04,6387.98
1101807,Vale do Paraíso,RO,1963,1749.66,1398.78,32.94,19.99,78.16,0.77,1.05,6426.31
1101807,Vale do Paraíso,RO,1964,2298.7,1330.81,32.17,20.02,81.03,0.64,1.04,6222.67
1101807,Vale do Paraíso,RO,1965,2157.03,1344.17,32.5,19.89,82.07,0.62,1.04,6296.87
1101807,Vale do Paraíso,RO,1966,1832.21,1338.59,32.64,19.73,82.27,0.61,0.91,6338.66
1101807,Vale do Paraíso,RO,1967,1874.13,1326.56,32.33,20.21,84.98,0.52,1.08,6280.38
1101807,Vale do Paraíso,RO,1968,1925.73,1292.83,31.18,20.67,86.9,0.44,1.11,6281.26
1101807,Vale do Paraíso,RO,1969,2033.73,1379.23,32.38,21.67,85.44,0.52,1.17,6491.35
1101807,Vale do Paraíso,RO,1970,1897.23,1335.52,32.38,21.41,86.8,0.47,0.96,6382.8
1101807,Vale do Paraíso,RO,1971,2012.25,1252.5,30.9,20.77,86.95,0.44,1.05,6101.93
1101807,Vale do Paraíso,RO,1972,2320.93,1262.64,31.25,20.57,86.5,0.45,0.85,6170.83
1101807,Vale do Paraíso,RO,1973,2286.84,1221.49,30.4,20.71,87.89,0.4,1.01,6009.56
1101807,Vale do Paraíso,RO,1974,2884.14,1170.51,29.37,20.0,87.94,0.38,0.94,5899.76
1101807,Vale do Paraíso,RO,1975,2627.92,1224.35,30.81,20.06,87.2,0.42,0.96,6007.2
1101807,Vale do Paraíso,RO,1976,1946.9,1232.03,30.53,20.25,86.32,0.45,0.87,6081.14
1101807,Vale do Paraíso,RO,1977,2213.54,1182.13,30.68,20.57,87.35,0.42,0.78,5801.42
1101807,Vale do Paraíso,RO,1978,2269.79,1121.48,30.63,20.25,87.53,0.41,0.53,5527.93
1101807,Vale do Paraíso,RO,1979,2121.89,1175.83,31.15,20.06,84.71,0.51,0.55,5764.82
1101807,Vale do Paraíso,RO,1980,1932.08,1201.22,31.16,20.43,85.05,0.5,0.63,5854.77
1200013,Acrelândia,AC,1961,1979.03,1308.44,31.4,20.06,81.41,0.63,0.85,6339.91
1200013,Acrelândia,AC,1962,2024.45,1310.65,31.27,20.32,84.82,0.51,0.98,6400.71
1200013,Acrelândia,AC,1963,1738.08,1371.19,32.12,20.18,79.35,0.71,1.1,6407.15
1200013,Acrelândia,AC,1964,2171.91,1271.95,31.28,20.12,83.31,0.55,1.07,6052.55
1200013,Acrelândia,AC,1965,1885.11,1305.22,31.6,20.0,84.19,0.53,1.06,6269.07
1200013,Acrelândia,AC,1966,2101.67,1301.59,31.93,19.97,83.62,0.55,0.97,6202.78
1200013,Acrelândia,AC,1967,2026.94,1303.84,31.91,20.39,84.86,0.52,0.97,6256.66
1200013,Acrelândia,AC,1968,1940.05,1272.62,31.05,20.86,86.75,0.45,0.96,6207.43
1200013,Acrelândia,AC,1969,1745.71,1323.49,32.04,20.94,85.3,0.51,0.97,6344.0
1200013,Acrelândia,AC,1970,1719.93,1313.87,32.21,20.51,85.58,0.5,0.84,6326.09
1200013,Acrelândia,AC,1971,1772.38,1214.73,30.79,19.99,86.79,0.43,0.79,5988.35
1200013,Acrelândia,AC,1972,1782.3,1238.89,31.27,20.06,86.62,0.45,0.79,6055.06
1200013,Acrelândia,AC,1973,2118.56,1199.84,30.96,20.12,87.51,0.41,0.96,5820.74
1200013,Acrelândia,AC,1974,2560.17,1131.41,28.75,19.96,87.12,0.39,0.86,5718.48
1200013,Acrelândia,AC,1975,2350.91,1196.36,30.63,19.8,87.01,0.42,0.82,5897.87
1200013,Acrelândia,AC,1976,1916.89,1212.17,31.11,19.42,85.67,0.47,0.81,5928.76
1200013,Acrelândia,AC,1977,1955.36,1155.82,31.3,20.06,86.98,0.43,0.7,5606.63
1200013,Acrelândia,AC,1978,2067.0,1085.09,31.23,20.0,87.08,0.43,0.5,5256.17
1200013,Acrelândia,AC,1979,1745.79,1128.29,31.72,19.56,86.15,0.46,0.47,5516.31
1200013,Acrelândia,AC,1980,1890.67,1176.65,31.54,20.05,86.36,0.46,0.63,5709.94
1200054,Assis Brasil,AC,1961,2112.12,1255.98,29.8,19.6,82.98,0.54,0.81,6290.75
1200054,Assis Brasil,AC,1962,2164.67,1262.38,29.77,19.76,85.33,0.46,0.86,6369.76
1200054,Assis Brasil,AC,1963,1953.79,1300.97,30.12,19.28,81.58,0.58,1.08,6396.62
1200054,Assis Brasil,AC,1964,2338.59,1230.5,29.62,19.19,84.06,0.49,1.03,6105.48
1200054,Assis Brasil,AC,1965,2172.92,1251.02,29.8,19.14,84.46,0.48,1.02,6249.43
1200054,Assis Brasil,AC,1966,2302.04,1257.16,30.12,19.52,83.71,0.51,0.96,6211.42
1200054,Assis Brasil,AC,1967,2263.97,1265.5,30.2,19.78,84.43,0.5,0.94,6276.92
1200054,Assis Brasil,AC,1968,2123.67,1244.06,29.73,19.93,86.5,0.43,0.96,6236.49
1200054,Assis Brasil,AC,1969,1848.7,1270.37,30.76,19.74,84.86,0.49,0.96,6220.37
1200054,Assis Brasil,AC,1970,1905.86,1263.1,30.9,19.16,86.34,0.44,0.81,6275.04
1200054,Assis Brasil,AC,1971,1764.36,1176.81,30.33,18.87,87.29,0.4,0.66,5901.17
1200054,Assis Brasil,AC,1972,1831.14,1218.57,30.83,18.12,86.05,0.43,0.94,5994.42
1200054,Assis Brasil,AC,1973,1796.64,1172.46,30.35,18.64,87.45,0.39,1.06,5743.61
1200054,Assis Brasil,AC,1974,1866.4,1122.35,29.15,19.06,86.48,0.41,0.85,5615.27
1200054,Assis Brasil,AC,1975,2027.31,1154.75,29.99,19.08,86.0,0.43,0.59,5791.21
1200054,Assis Brasil,AC,1976,2010.85,1163.65,30.29,18.67,84.38,0.49,0.6,5822.73
1200054,Assis Brasil,AC,1977,2159.17,1104.13,30.52,19.38,86.01,0.44,0.51,5440.59
1200054,Assis Brasil,AC,1978,2201.78,1044.71,30.4,19.19,85.83,0.45,0.4,5135.06
1200054,Assis Brasil,AC,1979,1886.88,1079.77,30.77,19.09,85.2,0.47,0.37,5352.47
1200054,Assis Brasil,AC,1980,1706.23,1135.5,30.76,19.59,85.57,0.47,0.53,5580.34
1200104,Brasiléia,AC,1961,2036.53,1266.02,30.1,19.78,82.74,0.55,0.83,6299.7
1200104,Brasiléia,AC,1962,2118.59,1272.93,30.07,19.96,85.1,0.47,0.89,6376.83
1200104,Brasiléia,AC,1963,1845.25,1314.07,30.45,19.57,81.27,0.6,1.09,6404.16
1200104,Brasiléia,AC,1964,2278.7,1241.14,29.86,19.69,83.93,0.5,1.04,6108.94
1200104,Brasiléia,AC,1965,2059.28,1260.33,30.05,19.56,84.39,0.49,1.03,6248.96
1200104,Brasiléia,AC,1966,2222.03,1264.53,30.38,19.73,83.64,0.52,0.96,6209.22
1200104,Brasiléia,AC,1967,2202.37,1272.26,30.45,20.03,84.44,0.51,0.94,6275.82
1200104,Brasiléia,AC,1968,2051.09,1249.94,29.97,20.27,86.55,0.43,0.96,6230.37
1200104,Brasiléia,AC,1969,1802.47,1285.26,31.11,20.11,84.9,0.5,0.96,6253.2
1200104,Brasiléia,AC,1970,1852.99,1269.29,31.26,18.92,86.23,0.44,0.8,6286.03
1200104,Brasiléia,AC,1971,1708.54,1183.87,30.9,18.67,87.24,0.4,0.63,5913.74
1200104,Brasiléia,AC,1972,1814.87,1231.37,31.47,17.67,86.43,0.42,0.97,6004.48
1200104,Brasiléia,AC,1973,1768.85,1194.93,31.3,18.17,87.8,0.38,1.14,5749.27
1200104,Brasiléia,AC,1974,1828.19,1134.33,29.53,19.12,86.98,0.4,0.92,5644.81
1200104,Brasiléia,AC,1975,2007.21,1163.3,30.15,19.28,86.6,0.42,0.6,5828.75
1200104,Brasiléia,AC,1976,1995.36,1174.45,30.53,18.82,84.75,0.48,0.63,5843.93
1200104,Brasiléia,AC,1977,2143.14,1110.99,30.7,19.49,86.06,0.45,0.55,5453.0
1200104,Brasiléia,AC,1978,2152.69,1047.73,30.6,19.37,86.05,0.44,0.4,5134.75
1200104,Brasiléia,AC,1979,1847.03,1087.04,31.05,19.12,85.27,0.47,0.37,5377.76
1200104,Brasiléia,AC,1980,1795.43,1142.41,30.99,19.59,85.69,0.47,0.54,5605.32
1200138,Bujari,AC,1961,2084.99,1282.85,30.8,20.24,82.86,0.57,0.83,6295.14
1200138,Bujari,AC,1962,2153.22,1292.94,30.75,20.43,84.93,0.5,0.93,6373.06
1200138,Bujari,AC,1963,1869.11,1331.94,31.19,20.14,81.49,0.62,1.08,6391.75
1200138,Bujari,AC,1964,2281.76,1256.04,30.57,20.24,84.04,0.52,1.03,6088.36
1200138,Bujari,AC,1965,2085.51,1277.38,30.78,20.13,84.54,0.51,1.02,6236.87
1200138,Bujari,AC,1966,2227.68,1281.52,31.11,20.15,83.85,0.54,0.94,6208.75
1200138,Bujari,AC,1967,2123.92,1289.61,31.2,20.53,84.55,0.52,0.93,6262.94
1200138,Bujari,AC,1968,2052.45,1264.84,30.62,20.83,86.53,0.45,0.94,6216.23
1200138,Bujari,AC,1969,1806.37,1312.44,31.83,20.71,84.97,0.52,0.93,6309.13
1200138,Bujari,AC,1970,1728.49,1304.76,32.08,20.44,85.81,0.49,0.79,6307.71
1200138,Bujari,AC,1971,1842.0,1203.32,30.59,19.91,86.69,0.43,0.73,5954.27
1200138,Bujari,AC,1972,1789.32,1231.72,31.07,20.14,86.27,0.46,0.79,6015.63
1200138,Bujari,AC,1973,1842.16,1193.13,30.94,20.05,87.51,0.41,1.0,5765.76
1200138,Bujari,AC,1974,1800.69,1117.08,28.44,19.86,86.88,0.4,0.86,5644.18
1200138,Bujari,AC,1975,2023.9,1184.69,30.69,19.95,86.96,0.42,0.69,5836.77
1200138,Bujari,AC,1976,1967.09,1204.55,31.19,19.34,85.51,0.47,0.73,5894.36
1200138,Bujari,AC,1977,2252.2,1138.37,31.24,19.87,86.88,0.43,0.64,5524.95
1200138,Bujari,AC,1978,2074.83,1072.65,31.19,19.84,86.84,0.43,0.47,5190.67
1200138,Bujari,AC,1979,1812.07,1117.28,31.69,19.43,85.85,0.47,0.44,5462.74
1200138,Bujari,AC,1980,1874.57,1168.93,31.57,19.83,85.97,0.47,0.62,5663.91
1200179,Capixaba,AC,1961,1981.77,1295.55,30.96,19.98,81.39,0.62,0.85,6328.45
1200179,Capixaba,AC,1962,2033.33,1296.62,30.81,20.26,84.99,0.49,0.95,6402.59
1200179,Capixaba,AC,1963,1764.24,1351.59,31.39,20.03,79.18,0.7,1.09,6409.5
1200179,Capixaba,AC,1964,2197.44,1261.05,30.81,19.98,83.29,0.54,1.07,6063.86
1200179,Capixaba,AC,1965,1923.95,1292.12,31.08,19.85,84.15,0.52,1.05,6277.39
1200179,Capixaba,AC,1966,2138.59,1281.93,31.17,19.79,83.62,0.54,0.97,6204.03
1200179,Capixaba,AC,1967,2022.56,1290.43,31.26,20.31,84.72,0.51,0.96,6265.93
1200179,Capixaba,AC,1968,1956.73,1262.28,30.57,20.68,86.63,0.44,0.96,6217.49
1200179,Capixaba,AC,1969,1723.1,1311.31,31.78,20.61,85.13,0.51,0.96,6314.94
1200179,Capixaba,AC,1970,1721.28,1301.38,32.08,20.18,86.04,0.48,0.8,6311.8
1200179,Capixaba,AC,1971,1678.43,1196.82,30.63,19.68,87.05,0.42,0.66,5964.32
1200179,Capixaba,AC,1972,1717.34,1237.76,31.14,19.75,86.45,0.45,0.89,6035.42
1200179,Capixaba,AC,1973,1822.58,1200.3,30.96,19.74,87.64,0.4,1.11,5796.08
1200179,Capixaba,AC,1974,1864.94,1121.99,28.54,19.7,87.17,0.39,0.96,5674.65
1200179,Capixaba,AC,1975,2231.87,1183.67,30.59,19.88,86.95,0.42,0.67,5859.86
1200179,Capixaba,AC,1976,1882.16,1199.79,31.09,19.24,85.68,0.46,0.72,5895.14
1200179,Capixaba,AC,1977,1969.26,1140.52,31.11,19.76,86.92,0.43,0.63,5566.58
1200179,Capixaba,AC,1978,2143.57,1073.63,31.07,19.72,86.96,0.42,0.45,5231.51
1200179,Capixaba,AC,1979,1768.7,1113.85,31.58,19.31,86.0,0.46,0.42,5478.77
1200179,Capixaba,AC,1980,1879.43,1163.96,31.44,19.72,86.17,0.46,0.59,5673.18
1200203,Cruzeiro do Sul,AC,1961,2504.98,1260.13,30.21,20.66,84.71,0.5,0.79,6230.11
1200203,Cruzeiro do Sul,AC,1962,2392.75,1272.98,30.55,20.81,86.67,0.44,0.72,6311.95
1200203,Cruzeiro do Sul,AC,1963,2478.19,1286.33,30.26,19.95,82.41,0.57,0.98,6317.92
1200203,Cruzeiro do Sul,AC,1964,2807.67,1216.93,29.87,19.8,85.26,0.46,0.83,6052.55
1200203,Cruzeiro do Sul,AC,1965,2946.38,1245.08,29.99,19.78,84.92,0.48,0.83,6220.37
1200203,Cruzeiro do Sul,AC,1966,2799.27,1267.65,30.33,20.5,84.23,0.52,0.87,6226.03
1200203,Cruzeiro do Sul,AC,1967,2830.89,1273.74,30.25,20.64,84.57,0.51,0.84,6297.66
1200203,Cruzeiro do Sul,AC,1968,2756.76,1262.74,30.14,20.6,85.72,0.46,0.93,6234.77
1200203,Cruzeiro do Sul,AC,1969,2246.95,1262.38,30.88,20.15,84.63,0.5,0.94,6117.95
1200203,Cruzeiro do Sul,AC,1970,2365.02,1276.51,31.4,20.97,87.3,0.44,0.83,6200.89
1200203,Cruzeiro do Sul,AC,1971,2093.99,1198.76,31.08,20.79,88.37,0.39,0.74,5820.43
1200203,Cruzeiro do Sul,AC,1972,2347.71,1219.49,31.09,20.48,86.16,0.47,0.72,5942.9
1200203,Cruzeiro do Sul,AC,1973,2376.04,1149.48,29.19,20.82,87.77,0.39,0.63,5750.21
1200203,Cruzeiro do Sul,AC,1974,2194.15,1134.48,30.26,20.47,86.64,0.43,0.51,5591.87
1200203,Cruzeiro do Sul,AC,1975,2129.85,1155.77,30.96,20.03,85.78,0.47,0.38,5722.25
1200203,Cruzeiro do Sul,AC,1976,2194.41,1143.69,30.65,19.82,84.36,0.51,0.36,5709.31
1200203,Cruzeiro do Sul,AC,1977,2592.26,1091.33,30.81,20.42,85.39,0.48,0.3,5360.48
1200203,Cruzeiro do Sul,AC,1978,2431.48,1048.19,30.88,19.91,85.01,0.49,0.25,5147.47
1200203,Cruzeiro do Sul,AC,1979,2150.08,1074.34,31.31,20.0,84.62,0.51,0.24,5276.91
1200203,Cruzeiro do Sul,AC,1980,1958.04,1125.83,31.68,20.51,84.79,0.52,0.3,5486.56
1200252,Epitaciolândia,AC,1961,2008.71,1281.27,30.61,19.84,81.36,0.61,0.84,6302.21
1200252,Epitaciolândia,AC,1962,2062.58,1274.67,30.45,20.13,85.16,0.48,0.91,6325.93
1200252,Epitaciolândia,AC,1963,1793.3,1336.34,30.98,19.85,79.04,0.69,1.09,6381.23
1200252,Epitaciolândia,AC,1964,2228.97,1251.07,30.44,19.79,83.26,0.54,1.05,6069.67
1200252,Epitaciolândia,AC,1965,1974.28,1274.2,30.71,19.65,84.12,0.51,1.04,6228.07
1200252,Epitaciolândia,AC,1966,2170.14,1271.8,30.75,19.85,83.6,0.53,0.96,6204.19
1200252,Epitaciolândia,AC,1967,2033.1,1280.7,30.84,20.21,84.59,0.51,0.95,6272.37
1200252,Epitaciolândia,AC,1968,1989.13,1256.19,30.28,20.51,86.59,0.44,0.96,6226.44
1200252,Epitaciolândia,AC,1969,1734.18,1295.29,31.45,20.41,85.06,0.5,0.95,6271.42
1200252,Epitaciolândia,AC,1970,1804.82,1276.97,31.6,18.93,86.2,0.44,0.8,6299.07
1200252,Epitaciolândia,AC,1971,1639.39,1195.95,31.37,18.71,87.13,0.41,0.59,5950.34
1200252,Epitaciolândia,AC,1972,1756.31,1247.95,31.95,17.56,86.41,0.43,1.02,6022.7
1200252,Epitaciolândia,AC,1973,1798.76,1213.71,31.83,18.11,87.76,0.39,1.19,5773.3
1200252,Epitaciolândia,AC,1974,1859.98,1146.76,29.94,19.29,87.0,0.4,1.0,5646.38
1200252,Epitaciolândia,AC,1975,1807.35,1172.76,30.38,19.56,86.62,0.43,0.62,5845.41
1200252,Epitaciolândia,AC,1976,1891.26,1182.33,30.8,19.03,85.2,0.47,0.65,5852.73
1200252,Epitaciolândia,AC,1977,1967.77,1124.7,30.92,19.65,86.39,0.44,0.58,5507.67
1200252,Epitaciolândia,AC,1978,2134.89,1063.54,30.84,19.54,86.24,0.44,0.42,5205.75
1200252,Epitaciolândia,AC,1979,1778.01,1099.63,31.32,19.24,85.67,0.46,0.39,5428.81
1200252,Epitaciolândia,AC,1980,1816.14,1151.78,31.23,19.68,85.85,0.46,0.56,5634.7
1200302,Feijó,AC,1961,2302.24,1260.69,30.01,20.15,83.69,0.52,0.81,6265.77
1200302,Feijó,AC,1962,2369.27,1268.63,30.11,20.31,85.85,0.46,0.82,6342.58
1200302,Feijó,AC,1963,2201.17,1292.43,30.17,19.71,82.44,0.56,1.04,6355.62
1200302,Feijó,AC,1964,2566.25,1225.74,29.75,19.59,84.52,0.48,0.98,6063.07
1200302,Feijó,AC,1965,2558.93,1249.79,29.9,19.56,84.88,0.48,0.97,6229.64
1200302,Feijó,AC,1966,2514.91,1263.92,30.25,20.11,84.19,0.51,0.92,6220.53
1200302,Feijó,AC,1967,2552.63,1272.26,30.26,20.34,84.58,0.5,0.91,6281.79
1200302,Feijó,AC,1968,2445.95,1251.43,30.0,20.36,85.88,0.45,0.94,6203.35
1200302,Feijó,AC,1969,2021.09,1263.71,30.8,19.73,84.72,0.49,0.97,6152.35
1200302,Feijó,AC,1970,2119.22,1276.46,31.01,20.91,86.66,0.45,0.83,6242.05
1200302,Feijó,AC,1971,1990.86,1190.37,30.22,20.73,87.65,0.41,0.73,5865.2
1200302,Feijó,AC,1972,2039.96,1219.13,30.56,20.48,86.08,0.46,0.82,5966.46
1200302,Feijó,AC,1973,1997.83,1146.1,28.5,21.05,87.4,0.4,0.84,5738.27
1200302,Feijó,AC,1974,1986.91,1136.83,30.12,19.91,86.25,0.44,0.71,5577.26
1200302,Feijó,AC,1975,2090.67,1168.72,30.75,19.82,85.86,0.46,0.51,5774.4
1200302,Feijó,AC,1976,2061.72,1171.48,31.04,19.5,84.44,0.51,0.51,5780.16
1200302,Feijó,AC,1977,2316.63,1107.92,31.27,19.97,85.75,0.47,0.42,5387.66
1200302,Feijó,AC,1978,2226.43,1055.51,31.04,19.64,85.26,0.48,0.35,5140.4
1200302,Feijó,AC,1979,1913.41,1089.75,31.21,20.0,85.06,0.5,0.33,5335.66
1200302,Feijó,AC,1980,1770.76,1141.44,31.19,20.54,85.28,0.5,0.45,5542.17
1200328,Jordão,AC,1961,2336.45,1249.79,29.61,19.85,83.72,0.51,0.8,6258.23
1200328,Jordão,AC,1962,2339.39,1256.96,29.78,20.01,86.05,0.44,0.76,6334.73
1200328,Jordão,AC,1963,2237.11,1280.09,29.76,19.29,82.48,0.55,1.04,6350.6
1200328,Jordão,AC,1964,2615.49,1214.17,29.34,19.17,84.31,0.48,0.92,6067.78
1200328,Jordão,AC,1965,2639.06,1240.48,29.48,19.14,84.06,0.49,0.93,6228.7
1200328,Jordão,AC,1966,2603.37,1257.83,29.81,19.74,83.18,0.53,0.92,6222.73
1200328,Jordão,AC,1967,2594.27,1264.17,29.82,19.95,83.81,0.51,0.9,6284.46
1200328,Jordão,AC,1968,2502.01,1245.24,29.58,19.96,85.41,0.46,0.95,6208.22
1200328,Jordão,AC,1969,2070.97,1256.44,30.4,19.46,84.54,0.49,0.97,6160.99
1200328,Jordão,AC,1970,2212.31,1264.58,30.69,20.29,86.94,0.43,0.83,6238.75
1200328,Jordão,AC,1971,2009.23,1181.41,30.05,20.09,88.0,0.39,0.72,5861.43
1200328,Jordão,AC,1972,2146.52,1205.42,30.3,19.77,86.13,0.45,0.78,5957.67
1200328,Jordão,AC,1973,2127.0,1137.91,28.49,20.25,87.61,0.38,0.76,5745.34
1200328,Jordão,AC,1974,2051.15,1121.48,29.59,19.54,86.44,0.42,0.63,5581.97
1200328,Jordão,AC,1975,2064.76,1151.42,30.26,19.32,85.83,0.45,0.44,5764.35
1200328,Jordão,AC,1976,2162.22,1146.05,30.35,18.98,84.35,0.49,0.43,5752.82
1200328,Jordão,AC,1977,2499.13,1089.24,30.58,19.6,85.53,0.46,0.36,5376.97
1200328,Jordão,AC,1978,2411.86,1040.82,30.44,19.25,85.15,0.47,0.29,5141.34
1200328,Jordão,AC,1979,2122.07,1071.32,30.72,19.44,84.82,0.49,0.28,5306.76
1200328,Jordão,AC,1980,1826.73,1121.33,30.85,19.97,85.05,0.49,0.38,5514.52
1200336,Mâncio Lima,AC,1961,2592.55,1237.97,29.73,20.44,87.1,0.41,0.8,6208.9
1200336,Mâncio Lima,AC,1962,2468.27,1252.2,30.22,20.5,88.11,0.39,0.71,6254.3
1200336,Mâncio Lima,AC,1963,2612.15,1260.28,29.91,19.74,82.92,0.54,0.93,6239.38
1200336,Mâncio Lima,AC,1964,2843.84,1200.66,29.53,19.66,85.57,0.45,0.82,5998.82
1200336,Mâncio Lima,AC,1965,3056.43,1219.39,29.51,19.63,86.83,0.41,0.82,6168.69
1200336,Mâncio Lima,AC,1966,2898.69,1240.12,29.71,20.47,87.54,0.4,0.83,6224.93
1200336,Mâncio Lima,AC,1967,2898.01,1261.87,29.8,20.59,86.75,0.43,0.85,6301.74
1200336,Mâncio Lima,AC,1968,2896.71,1257.31,29.82,20.39,85.83,0.46,0.91,6239.64
1200336,Mâncio Lima,AC,1969,2324.74,1254.5,30.52,20.0,84.81,0.49,0.95,6113.55
1200336,Mâncio Lima,AC,1970,2387.46,1262.64,31.09,20.56,87.14,0.43,0.82,6160.05
1200336,Mâncio Lima,AC,1971,2102.13,1189.65,30.75,20.38,88.1,0.39,0.74,5804.56
1200336,Mâncio Lima,AC,1972,2373.26,1210.89,30.78,20.05,85.91,0.46,0.74,5928.6
1200336,Mâncio Lima,AC,1973,2445.18,1142.31,28.93,20.51,87.41,0.39,0.63,5730.58
1200336,Mâncio Lima,AC,1974,2247.84,1131.26,29.96,20.14,86.37,0.44,0.54,5595.64
1200336,Mâncio Lima,AC,1975,2220.55,1151.32,30.67,19.73,85.65,0.46,0.41,5713.45
1200336,Mâncio Lima,AC,1976,2266.85,1139.85,30.4,19.48,84.47,0.5,0.36,5716.22
1200336,Mâncio Lima,AC,1977,2703.58,1087.29,30.56,20.11,85.48,0.47,0.3,5361.58
1200336,Mâncio Lima,AC,1978,2479.55,1048.85,30.6,19.64,84.89,0.49,0.28,5161.29
1200336,Mâncio Lima,AC,1979,2242.54,1075.93,31.02,19.73,84.74,0.5,0.27,5291.99
1200336,Mâncio Lima,AC,1980,2031.04,1122.71,31.36,20.23,84.82,0.51,0.32,5490.18
1200344,Manoel Urbano,AC,1961,2223.7,1265.25,30.14,20.05,83.4,0.53,0.81,6282.58
1200344,Manoel Urbano,AC,1962,2293.01,1271.65,30.14,20.22,85.5,0.47,0.86,6353.58
1200344,Manoel Urbano,AC,1963,2091.57,1301.13,30.37,19.74,82.23,0.57,1.05,6370.86
1200344,Manoel Urbano,AC,1964,2454.0,1232.49,29.92,19.64,84.36,0.49,1.0,6073.12
1200344,Manoel Urbano,AC,1965,2379.89,1255.78,30.08,19.59,84.76,0.48,0.99,6233.88
1200344,Manoel Urbano,AC,1966,2413.39,1267.6,30.43,20.03,84.05,0.52,0.93,6219.12
1200344,Manoel Urbano,AC,1967,2431.97,1266.17,30.48,20.29,84.56,0.5,0.92,6226.5
1200344,Manoel Urbano,AC,1968,2271.18,1244.42,30.11,20.38,86.35,0.44,0.94,6159.36
1200344,Manoel Urbano,AC,1969,1973.9,1274.1,31.07,19.99,84.81,0.5,0.95,6185.5
1200344,Manoel Urbano,AC,1970,1986.07,1276.05,31.13,20.34,86.38,0.45,0.81,6255.87
1200344,Manoel Urbano,AC,1971,1940.78,1187.15,30.32,20.06,87.29,0.41,0.71,5878.39
1200344,Manoel Urbano,AC,1972,1937.66,1219.03,30.74,19.71,85.94,0.46,0.86,5968.35
1200344,Manoel Urbano,AC,1973,1793.49,1164.27,29.69,20.15,87.14,0.41,0.93,5740.79
1200344,Manoel Urbano,AC,1974,1866.05,1132.59,29.68,19.72,86.0,0.44,0.79,5581.81
1200344,Manoel Urbano,AC,1975,2131.63,1169.13,30.54,19.58,85.82,0.45,0.58,5792.15
1200344,Manoel Urbano,AC,1976,2052.16,1173.58,30.81,19.18,84.4,0.5,0.58,5805.45
1200344,Manoel Urbano,AC,1977,2301.86,1111.04,31.11,19.86,85.82,0.47,0.49,5409.65
1200344,Manoel Urbano,AC,1978,2181.84,1057.81,30.89,19.64,85.3,0.47,0.4,5144.01
1200344,Manoel Urbano,AC,1979,1901.78,1093.94,31.2,19.72,85.19,0.49,0.37,5359.38
1200344,Manoel Urbano,AC,1980,1695.67,1146.81,31.21,20.22,85.51,0.48,0.52,5568.25
1200351,Marechal Thaumaturgo,AC,1961,2368.84,1252.66,29.78,20.09,83.83,0.51,0.81,6250.38
1200351,Marechal Thaumaturgo,AC,1962,2347.76,1262.07,29.99,20.24,86.18,0.44,0.75,6327.66
1200351,Marechal Thaumaturgo,AC,1963,2285.14,1284.75,29.91,19.47,81.93,0.57,1.04,6341.33
1200351,Marechal Thaumaturgo,AC,1964,2666.44,1218.06,29.49,19.34,84.26,0.48,0.92,6064.96
1200351,Marechal Thaumaturgo,AC,1965,2718.1,1244.11,29.62,19.32,84.04,0.49,0.92,6228.38
1200351,Marechal Thaumaturgo,AC,1966,2647.61,1261.41,29.95,19.95,83.26,0.53,0.91,6223.36
1200351,Marechal Thaumaturgo,AC,1967,2649.53,1268.47,29.96,20.15,83.86,0.52,0.9,6289.65
1200351,Marechal Thaumaturgo,AC,1968,2565.72,1250.05,29.74,20.14,85.35,0.46,0.95,6212.3
1200351,Marechal Thaumaturgo,AC,1969,2120.93,1261.36,30.55,19.69,84.53,0.49,0.97,6156.28
1200351,Marechal Thaumaturgo,AC,1970,2264.76,1268.01,30.9,20.43,87.05,0.43,0.83,6233.57
1200351,Marechal Thaumaturgo,AC,1971,2035.3,1186.33,30.35,20.23,88.14,0.39,0.72,5855.93
1200351,Marechal Thaumaturgo,AC,1972,2204.91,1208.13,30.53,19.9,86.14,0.45,0.75,5953.27
1200351,Marechal Thaumaturgo,AC,1973,2194.24,1140.67,28.71,20.36,87.68,0.38,0.71,5748.8
1200351,Marechal Thaumaturgo,AC,1974,2084.22,1122.96,29.76,19.79,86.51,0.42,0.58,5580.72
1200351,Marechal Thaumaturgo,AC,1975,2055.51,1151.52,30.44,19.5,85.8,0.45,0.42,5758.38
1200351,Marechal Thaumaturgo,AC,1976,2175.77,1144.05,30.39,19.18,84.33,0.5,0.4,5744.5
1200351,Marechal Thaumaturgo,AC,1977,2539.8,1088.88,30.6,19.83,85.46,0.47,0.34,5374.62
1200351,Marechal Thaumaturgo,AC,1978,2421.12,1041.38,30.53,19.44,85.09,0.47,0.27,5142.13
1200351,Marechal Thaumaturgo,AC,1979,2143.78,1069.63,30.87,19.57,84.74,0.49,0.26,5293.4
1200351,Marechal Thaumaturgo,AC,1980,1869.99,1120.81,31.08,20.09,84.97,0.5,0.35,5502.74
1200385,Plácido de Castro,AC,1961,1968.45,1304.15,31.27,20.13,81.37,0.63,0.85,6329.86
1200385,Plácido de Castro,AC,1962,2014.18,1306.5,31.15,20.4,84.89,0.5,0.96,6401.96
1200385,Plácido de Castro,AC,1963,1741.74,1363.11,31.8,20.19,79.22,0.71,1.1,6409.5
1200385,Plácido de Castro,AC,1964,2175.5,1270.21,31.16,20.15,83.28,0.55,1.07,6063.07
1200385,Plácido de Castro,AC,1965,1887.64,1301.07,31.44,20.0,84.15,0.53,1.06,6273.78
1200385,Plácido de Castro,AC,1966,2113.54,1291.4,31.61,19.82,83.61,0.55,0.97,6203.25
1200385,Plácido de Castro,AC,1967,2013.18,1299.33,31.69,20.39,84.74,0.52,0.97,6261.53
1200385,Plácido de Castro,AC,1968,1936.74,1268.98,30.9,20.82,86.66,0.45,0.96,6212.3
1200385,Plácido de Castro,AC,1969,1730.43,1320.78,32.0,20.84,85.21,0.51,0.96,6338.34
1200385,Plácido de Castro,AC,1970,1701.61,1312.33,32.28,20.48,85.59,0.5,0.81,6323.58
1200385,Plácido de Castro,AC,1971,1736.4,1210.28,30.76,19.96,86.79,0.43,0.74,5983.8
1200385,Plácido de Castro,AC,1972,1822.04,1241.35,31.26,20.1,86.61,0.45,0.84,6050.19
1200385,Plácido de Castro,AC,1973,2135.61,1202.76,31.06,20.08,87.49,0.41,1.02,5811.95
1200385,Plácido de Castro,AC,1974,1858.59,1128.95,28.63,19.94,87.08,0.39,0.9,5711.41
1200385,Plácido de Castro,AC,1975,2265.99,1199.69,30.76,20.01,86.97,0.42,0.81,5892.37
1200385,Plácido de Castro,AC,1976,1920.67,1213.96,31.25,19.44,85.64,0.47,0.8,5927.03
1200385,Plácido de Castro,AC,1977,2042.39,1154.29,31.32,19.99,86.98,0.43,0.7,5598.78
1200385,Plácido de Castro,AC,1978,2036.76,1084.22,31.27,19.95,87.05,0.43,0.5,5248.48
1200385,Plácido de Castro,AC,1979,1839.62,1126.19,31.77,19.52,86.13,0.46,0.46,5507.83
1200385,Plácido de Castro,AC,1980,1874.0,1175.89,31.6,19.95,86.32,0.46,0.63,5703.34
1200393,Porto Walter,AC,1961,2410.8,1258.65,30.08,20.47,84.27,0.51,0.81,6237.65
1200393,Porto Walter,AC,1962,2368.33,1269.19,30.37,20.62,86.53,0.44,0.74,6315.88
1200393,Porto Walter,AC,1963,2359.97,1287.15,30.17,19.8,82.2,0.57,1.0,6328.45
1200393,Porto Walter,AC,1964,2725.43,1222.0,29.77,19.66,84.46,0.49,0.9,6058.83
1200393,Porto Walter,AC,1965,2843.44,1248.46,29.89,19.64,84.46,0.49,0.9,6222.57
1200393,Porto Walter,AC,1966,2732.65,1267.09,30.22,20.32,83.91,0.52,0.91,6224.61
1200393,Porto Walter,AC,1967,2719.62,1270.88,30.17,20.46,84.43,0.51,0.87,6294.36
1200393,Porto Walter,AC,1968,2645.55,1259.06,30.02,20.45,85.64,0.46,0.94,6227.7
1200393,Porto Walter,AC,1969,2203.04,1262.48,30.8,20.02,84.64,0.5,0.96,6128.16
1200393,Porto Walter,AC,1970,2327.11,1276.35,31.25,20.8,87.17,0.44,0.83,6226.5
1200393,Porto Walter,AC,1971,2071.23,1191.85,30.82,20.61,88.31,0.39,0.72,5822.78
1200393,Porto Walter,AC,1972,2313.14,1215.35,30.9,20.3,86.17,0.46,0.74,5947.61
1200393,Porto Walter,AC,1973,2270.33,1146.71,29.02,20.7,87.73,0.39,0.66,5749.9
1200393,Porto Walter,AC,1974,2123.66,1128.85,30.11,20.24,86.59,0.43,0.54,5579.93
1200393,Porto Walter,AC,1975,2135.16,1154.03,30.81,19.88,85.8,0.46,0.39,5725.71
1200393,Porto Walter,AC,1976,2191.98,1144.1,30.6,19.6,84.34,0.5,0.37,5717.79
1200393,Porto Walter,AC,1977,2570.65,1090.98,30.77,20.22,85.42,0.48,0.31,5366.29
1200393,Porto Walter,AC,1978,2427.68,1046.24,30.79,19.77,85.05,0.49,0.26,5145.74
1200393,Porto Walter,AC,1979,2161.45,1073.32,31.18,19.87,84.67,0.51,0.25,5283.51
1200393,Porto Walter,AC,1980,1911.6,1124.81,31.48,20.39,84.86,0.51,0.32,5494.1
1200401,Rio Branco,AC,1961,2055.38,1282.5,30.78,20.25,82.79,0.57,0.83,6299.7
1200401,Rio Branco,AC,1962,2116.57,1292.17,30.73,20.43,84.94,0.5,0.92,6378.09
1200401,Rio Branco,AC,1963,1841.04,1334.19,31.16,20.13,81.17,0.63,1.08,6398.35
1200401,Rio Branco,AC,1964,2263.44,1256.75,30.54,20.22,83.98,0.52,1.04,6096.84
1200401,Rio Branco,AC,1965,2044.52,1278.04,30.75,20.11,84.48,0.51,1.03,6242.05
1200401,Rio Branco,AC,1966,2208.88,1280.45,31.08,20.15,83.77,0.54,0.95,6207.65
1200401,Rio Branco,AC,1967,2088.94,1289.05,31.17,20.52,84.5,0.52,0.94,6265.46
1200401,Rio Branco,AC,1968,2027.84,1264.33,30.6,20.81,86.54,0.45,0.95,6219.37
1200401,Rio Branco,AC,1969,1779.74,1308.91,31.82,20.69,85.0,0.51,0.94,6290.59
1200401,Rio Branco,AC,1970,1753.65,1300.56,32.09,20.29,85.99,0.48,0.78,6299.86
1200401,Rio Branco,AC,1971,1768.68,1198.41,30.69,19.8,86.88,0.43,0.67,5948.45
1200401,Rio Branco,AC,1972,1758.11,1236.74,31.19,19.87,86.31,0.45,0.88,6015.63
1200401,Rio Branco,AC,1973,1775.51,1196.51,31.04,19.86,87.72,0.4,1.09,5762.62
1200401,Rio Branco,AC,1974,1815.35,1121.63,28.64,19.81,87.0,0.39,0.93,5646.69
1200401,Rio Branco,AC,1975,1958.49,1181.98,30.69,19.97,86.71,0.43,0.64,5834.88
1200401,Rio Branco,AC,1976,1935.42,1198.3,31.19,19.34,85.34,0.48,0.69,5875.67
1200401,Rio Branco,AC,1977,2190.45,1133.25,31.22,19.86,86.82,0.43,0.59,5518.98
1200401,Rio Branco,AC,1978,2110.19,1069.94,31.17,19.82,86.77,0.43,0.43,5193.97
1200401,Rio Branco,AC,1979,1787.92,1110.07,31.68,19.43,85.76,0.47,0.39,5448.29
1200401,Rio Branco,AC,1980,1821.96,1162.58,31.57,19.82,85.93,0.47,0.57,5646.16
1200427,Rodrigues Alves,AC,1961,2564.96,1253.17,30.0,20.46,84.78,0.49,0.81,6215.97
1200427,Rodrigues Alves,AC,1962,2434.3,1258.03,30.33,20.6,86.92,0.43,0.72,6258.7
1200427,Rodrigues Alves,AC,1963,2524.06,1267.91,30.07,19.75,82.79,0.55,0.98,6244.09
1200427,Rodrigues Alves,AC,1964,2822.83,1203.52,29.68,19.6,85.47,0.45,0.84,5999.29
1200427,Rodrigues Alves,AC,1965,3016.31,1231.98,29.8,19.59,85.02,0.47,0.84,6168.53
1200427,Rodrigues Alves,AC,1966,2872.28,1262.43,30.12,20.32,84.29,0.51,0.88,6223.2
1200427,Rodrigues Alves,AC,1967,2874.11,1269.65,30.06,20.45,84.62,0.5,0.84,6298.6
1200427,Rodrigues Alves,AC,1968,2807.79,1259.16,29.93,20.4,85.77,0.46,0.94,6237.28
1200427,Rodrigues Alves,AC,1969,2306.75,1258.9,30.67,20.03,84.64,0.5,0.95,6115.75
1200427,Rodrigues Alves,AC,1970,2371.05,1267.24,31.2,20.68,87.17,0.43,0.82,6178.9
1200427,Rodrigues Alves,AC,1971,2091.91,1192.88,30.86,20.5,88.14,0.39,0.73,5813.67
1200427,Rodrigues Alves,AC,1972,2353.62,1213.04,30.88,20.18,86.01,0.46,0.74,5930.49
1200427,Rodrigues Alves,AC,1973,2409.16,1143.18,29.01,20.62,87.52,0.39,0.64,5727.75
1200427,Rodrigues Alves,AC,1974,2220.16,1131.87,30.06,20.24,86.44,0.44,0.54,5592.81
1200427,Rodrigues Alves,AC,1975,2187.32,1153.11,30.76,19.82,85.7,0.46,0.4,5716.28
1200427,Rodrigues Alves,AC,1976,2248.47,1141.95,30.48,19.59,84.43,0.5,0.37,5716.22
1200427,Rodrigues Alves,AC,1977,2671.42,1088.83,30.64,20.21,85.47,0.48,0.31,5358.91
1200427,Rodrigues Alves,AC,1978,2465.15,1047.88,30.69,19.72,84.96,0.49,0.26,5155.01
1200427,Rodrigues Alves,AC,1979,2210.19,1075.67,31.12,19.81,84.72,0.5,0.26,5290.42
1200427,Rodrigues Alves,AC,1980,2002.75,1124.6,31.47,20.32,84.93,0.51,0.31,5493.63
1200435,Santa Rosa do Purus,AC,1961,2231.19,1259.72,29.94,19.94,83.45,0.53,0.81,6277.24
1200435,Santa Rosa do Purus,AC,1962,2308.62,1265.86,29.97,20.11,85.63,0.46,0.84,6352.17
1200435,Santa Rosa do Purus,AC,1963,2116.39,1295.5,30.16,19.57,82.26,0.56,1.05,6368.35
1200435,Santa Rosa do Purus,AC,1964,2483.76,1226.81,29.71,19.46,84.37,0.49,1.0,6071.4
1200435,Santa Rosa do Purus,AC,1965,2423.34,1249.94,29.87,19.42,84.75,0.48,0.98,6234.51
1200435,Santa Rosa do Purus,AC,1966,2438.62,1262.23,30.21,19.9,84.05,0.51,0.93,6218.49
1200435,Santa Rosa do Purus,AC,1967,2453.16,1269.8,30.25,20.15,84.53,0.5,0.92,6275.51
1200435,Santa Rosa do Purus,AC,1968,2339.65,1247.13,29.92,20.22,86.02,0.45,0.94,6196.91
1200435,Santa Rosa do Purus,AC,1969,1958.08,1266.43,30.82,19.75,84.75,0.49,0.96,6174.97
1200435,Santa Rosa do Purus,AC,1970,2033.6,1271.54,30.96,20.35,86.5,0.45,0.81,6252.89
1200435,Santa Rosa do Purus,AC,1971,1941.16,1184.64,30.19,20.1,87.45,0.4,0.7,5875.25
1200435,Santa Rosa do Purus,AC,1972,1975.99,1216.32,30.57,19.75,85.99,0.45,0.86,5967.88
1200435,Santa Rosa do Purus,AC,1973,1819.25,1154.39,29.18,20.25,87.25,0.4,0.91,5738.12
1200435,Santa Rosa do Purus,AC,1974,1901.41,1130.69,29.7,19.63,86.09,0.43,0.77,5581.03
1200435,Santa Rosa do Purus,AC,1975,2062.88,1164.93,30.46,19.5,85.83,0.45,0.55,5784.93
1200435,Santa Rosa do Purus,AC,1976,2048.59,1168.57,30.72,19.13,84.37,0.5,0.55,5796.02
1200435,Santa Rosa do Purus,AC,1977,2295.29,1106.89,30.99,19.76,85.76,0.46,0.47,5401.79
1200435,Santa Rosa do Purus,AC,1978,2224.41,1053.56,30.78,19.49,85.27,0.47,0.38,5142.91
1200435,Santa Rosa do Purus,AC,1979,1934.25,1087.96,31.04,19.66,85.11,0.49,0.35,5347.13
1200435,Santa Rosa do Purus,AC,1980,1681.93,1140.52,31.05,20.19,85.41,0.48,0.49,5558.19
1200450,Senador Guiomard,AC,1961,2009.29,1304.4,31.22,20.14,81.51,0.62,0.85,6341.64
1200450,Senador Guiomard,AC,1962,2060.91,1305.32,31.1,20.4,84.94,0.5,0.96,6402.43
1200450,Senador Guiomard,AC,1963,1778.75,1359.22,31.71,20.19,79.36,0.7,1.09,6404.01
1200450,Senador Guiomard,AC,1964,2204.33,1269.7,31.09,20.16,83.37,0.55,1.06,6072.81
1200450,Senador Guiomard,AC,1965,1944.8,1298.77,31.37,20.0,84.23,0.53,1.05,6273.94
1200450,Senador Guiomard,AC,1966,2140.85,1289.15,31.51,19.86,83.69,0.54,0.97,6204.19
1200450,Senador Guiomard,AC,1967,2053.06,1297.95,31.63,20.41,84.78,0.52,0.96,6260.11
1200450,Senador Guiomard,AC,1968,1971.17,1268.06,30.85,20.82,86.62,0.45,0.96,6211.2
1200450,Senador Guiomard,AC,1969,1748.74,1320.98,32.0,20.81,85.18,0.51,0.95,6338.81
1200450,Senador Guiomard,AC,1970,1699.13,1315.0,32.31,20.53,85.55,0.5,0.81,6324.05
1200450,Senador Guiomard,AC,1971,1730.95,1210.79,30.69,19.99,86.73,0.43,0.76,5984.74
1200450,Senador Guiomard,AC,1972,1706.61,1239.45,31.18,20.24,86.56,0.45,0.81,6046.42
1200450,Senador Guiomard,AC,1973,1944.1,1200.71,31.01,20.15,87.44,0.41,0.98,5805.35
1200450,Senador Guiomard,AC,1974,1886.51,1126.6,28.47,19.94,87.01,0.39,0.87,5711.1
1200450,Senador Guiomard,AC,1975,2255.6,1201.53,30.77,20.03,86.95,0.43,0.81,5893.47
1200450,Senador Guiomard,AC,1976,1935.29,1216.63,31.27,19.42,85.59,0.47,0.81,5929.23
1200450,Senador Guiomard,AC,1977,2057.12,1153.88,31.31,19.95,86.94,0.43,0.69,5595.32
1200450,Senador Guiomard,AC,1978,2103.58,1083.76,31.27,19.92,87.0,0.43,0.5,5242.19
1200450,Senador Guiomard,AC,1979,1808.29,1125.93,31.77,19.49,86.07,0.46,0.47,5502.8
1200450,Senador Guiomard,AC,1980,1963.41,1175.89,31.61,19.91,86.29,0.46,0.64,5699.73
1200500,Sena Madureira,AC,1961,2148.9,1266.94,30.23,20.0,83.04,0.55,0.81,6282.89
1200500,Sena Madureira,AC,1962,2218.5,1276.05,30.22,20.18,85.3,0.47,0.88,6364.58
1200500,Sena Madureira,AC,1963,2003.97,1309.98,30.48,19.82,81.77,0.59,1.07,6383.11
1200500,Sena Madureira,AC,1964,2371.07,1239.56,30.05,19.72,84.16,0.5,1.01,6085.06
1200500,Sena Madureira,AC,1965,2241.44,1259.77,30.16,19.67,84.64,0.49,1.0,6238.59
1200500,Sena Madureira,AC,1966,2337.17,1268.32,30.49,20.02,83.93,0.52,0.94,6211.73
1200500,Sena Madureira,AC,1967,2330.08,1276.0,30.56,20.3,84.53,0.51,0.93,6271.11
1200500,Sena Madureira,AC,1968,2168.56,1255.98,30.15,20.49,86.45,0.44,0.95,6225.66
1200500,Sena Madureira,AC,1969,1887.36,1283.88,31.21,20.24,84.81,0.5,0.95,6220.69
1200500,Sena Madureira,AC,1970,1875.25,1277.63,31.22,19.87,86.19,0.45,0.82,6274.25
1200500,Sena Madureira,AC,1971,1836.92,1186.12,30.39,19.53,87.12,0.41,0.7,5900.39
1200500,Sena Madureira,AC,1972,1856.21,1220.36,30.89,19.11,86.0,0.45,0.89,5975.42
1200500,Sena Madureira,AC,1973,1746.36,1175.43,30.49,19.48,87.68,0.39,1.0,5744.08
1200500,Sena Madureira,AC,1974,1771.24,1123.78,29.25,19.57,86.68,0.41,0.81,5606.48
1200500,Sena Madureira,AC,1975,2062.25,1164.78,30.39,19.49,86.35,0.43,0.6,5791.21
1200500,Sena Madureira,AC,1976,2016.85,1178.8,30.75,19.05,84.49,0.49,0.62,5832.47
1200500,Sena Madureira,AC,1977,2274.69,1115.24,30.99,19.74,86.03,0.46,0.52,5446.56
1200500,Sena Madureira,AC,1978,2163.66,1052.18,30.86,19.6,85.98,0.45,0.4,5125.95
1200500,Sena Madureira,AC,1979,1878.76,1091.74,31.26,19.45,85.17,0.48,0.38,5357.02
1200500,Sena Madureira,AC,1980,1748.95,1146.56,31.24,19.91,85.6,0.48,0.54,5581.44
1200609,Tarauacá,AC,1961,2402.25,1250.76,29.72,20.03,84.03,0.51,0.81,6245.82
1200609,Tarauacá,AC,1962,2427.42,1261.15,29.94,20.19,86.17,0.44,0.77,6324.05
1200609,Tarauacá,AC,1963,2315.54,1280.35,29.79,19.45,82.23,0.56,1.02,6335.52
1200609,Tarauacá,AC,1964,2687.41,1213.25,29.39,19.32,84.44,0.48,0.9,6053.17
1200609,Tarauacá,AC,1965,2760.12,1241.14,29.52,19.3,84.27,0.49,0.91,6224.3
1200609,Tarauacá,AC,1966,2668.79,1258.95,29.88,19.94,83.55,0.52,0.9,6222.26
1200609,Tarauacá,AC,1967,2683.95,1266.32,29.85,20.17,83.96,0.51,0.88,6288.7
1200609,Tarauacá,AC,1968,2596.11,1252.04,29.67,20.12,85.31,0.47,0.94,6225.18
1200609,Tarauacá,AC,1969,2169.47,1253.17,30.44,19.45,84.54,0.49,0.97,6129.73
1200609,Tarauacá,AC,1970,2285.4,1273.59,30.77,20.78,87.1,0.43,0.9,6232.31
1200609,Tarauacá,AC,1971,2071.49,1185.3,30.02,20.61,88.25,0.38,0.77,5845.09
1200609,Tarauacá,AC,1972,2223.54,1208.08,30.32,20.38,86.22,0.45,0.74,5947.77
1200609,Tarauacá,AC,1973,2164.93,1136.43,28.04,20.9,87.7,0.38,0.69,5750.05
1200609,Tarauacá,AC,1974,2095.38,1125.68,29.94,19.75,86.63,0.42,0.57,5575.84
1200609,Tarauacá,AC,1975,2100.79,1154.95,30.54,19.63,85.87,0.45,0.42,5749.74
1200609,Tarauacá,AC,1976,2159.65,1151.73,30.77,19.31,84.51,0.5,0.4,5735.86
1200609,Tarauacá,AC,1977,2468.7,1092.72,30.98,19.77,85.59,0.47,0.33,5361.26
1200609,Tarauacá,AC,1978,2404.07,1046.24,30.79,19.41,85.17,0.48,0.28,5142.13
1200609,Tarauacá,AC,1979,2118.86,1076.8,30.97,19.78,84.82,0.5,0.27,5297.64
1200609,Tarauacá,AC,1980,1869.85,1123.27,30.98,20.32,84.87,0.5,0.36,5503.37
1200708,Xapuri,AC,1961,2024.07,1281.83,30.59,19.81,81.44,0.6,0.83,6304.1
1200708,Xapuri,AC,1962,2079.61,1283.78,30.43,20.11,84.95,0.49,0.92,6379.5
1200708,Xapuri,AC,1963,1809.9,1340.07,30.95,19.84,79.16,0.68,1.09,6409.5
1200708,Xapuri,AC,1964,2241.71,1256.44,30.41,19.78,83.33,0.53,1.05,6108.0
1200708,Xapuri,AC,1965,1998.43,1276.0,30.68,19.63,84.18,0.51,1.04,6248.33
1200708,Xapuri,AC,1966,2185.74,1272.11,30.73,19.83,83.65,0.53,0.96,6206.08
1200708,Xapuri,AC,1967,2051.74,1280.7,30.83,20.19,84.46,0.51,0.95,6271.58
1200708,Xapuri,AC,1968,2001.02,1255.52,30.26,20.49,86.57,0.44,0.96,6222.51
1200708,Xapuri,AC,1969,1746.17,1296.62,31.45,20.37,85.04,0.5,0.95,6277.39
1200708,Xapuri,AC,1970,1781.54,1280.14,31.63,19.23,86.15,0.45,0.79,6295.77
1200708,Xapuri,AC,1971,1671.09,1192.52,31.01,18.93,87.07,0.41,0.62,5945.0
1200708,Xapuri,AC,1972,1755.01,1238.63,31.58,18.14,86.39,0.43,0.96,6020.34
1200708,Xapuri,AC,1973,1791.0,1204.96,31.45,18.54,87.76,0.39,1.2,5769.38
1200708,Xapuri,AC,1974,1845.43,1137.3,29.48,19.34,87.08,0.4,1.0,5648.73
1200708,Xapuri,AC,1975,2197.68,1171.59,30.34,19.57,86.76,0.42,0.63,5836.45
1200708,Xapuri,AC,1976,1903.14,1188.73,30.8,19.02,85.42,0.47,0.68,5878.02
1200708,Xapuri,AC,1977,2037.87,1126.09,30.9,19.59,86.87,0.43,0.58,5523.22
1200708,Xapuri,AC,1978,2163.91,1062.67,30.84,19.53,86.84,0.42,0.42,5199.15
1200708,Xapuri,AC,1979,1803.46,1103.36,31.33,19.17,85.83,0.46,0.39,5452.38
1200708,Xapuri,AC,1980,1809.65,1153.83,31.22,19.59,85.98,0.46,0.56,5647.11
1200807,Porto Acre,AC,1961,2057.72,1292.63,30.96,20.21,82.8,0.57,0.83,6338.34
1200807,Porto Acre,AC,1962,2118.35,1301.28,30.93,20.4,85.03,0.5,0.95,6404.79
1200807,Porto Acre,AC,1963,1828.4,1340.13,31.33,20.27,81.19,0.64,1.08,6401.81
1200807,Porto Acre,AC,1964,2243.08,1257.21,30.76,20.24,83.98,0.53,1.04,6064.33
1200807,Porto Acre,AC,1965,2021.05,1288.89,31.0,20.1,84.5,0.51,1.03,6273.31
1200807,Porto Acre,AC,1966,2181.36,1283.88,31.32,19.94,83.8,0.54,0.95,6205.61
1200807,Porto Acre,AC,1967,2100.56,1292.58,31.41,20.46,84.71,0.52,0.94,6260.11
1200807,Porto Acre,AC,1968,2016.05,1265.81,30.73,20.82,86.58,0.45,0.95,6211.05
1200807,Porto Acre,AC,1969,1797.14,1318.02,31.92,20.75,85.09,0.51,0.94,6331.12
1200807,Porto Acre,AC,1970,1713.8,1312.33,32.24,20.49,85.51,0.5,0.81,6317.76
1200807,Porto Acre,AC,1971,1796.81,1210.38,30.61,19.95,86.6,0.44,0.77,5977.36
1200807,Porto Acre,AC,1972,1747.28,1235.2,31.11,20.22,86.43,0.45,0.79,6029.77
1200807,Porto Acre,AC,1973,1930.1,1197.13,30.95,20.12,87.25,0.42,0.94,5795.61
1200807,Porto Acre,AC,1974,1879.08,1119.79,28.39,19.89,86.87,0.4,0.83,5672.61
1200807,Porto Acre,AC,1975,2023.15,1191.91,30.69,19.95,87.09,0.42,0.76,5863.94
1200807,Porto Acre,AC,1976,1974.83,1211.76,31.21,19.36,85.7,0.47,0.79,5916.35
1200807,Porto Acre,AC,1977,2234.84,1148.4,31.26,19.9,86.88,0.43,0.68,5571.6
1200807,Porto Acre,AC,1978,2089.54,1079.51,31.22,19.87,86.93,0.43,0.49,5223.5
1200807,Porto Acre,AC,1979,1810.92,1123.48,31.72,19.44,85.96,0.46,0.46,5486.31
1200807,Porto Acre,AC,1980,1900.32,1173.38,31.57,19.86,86.15,0.46,0.63,5687.01
1300029,Alvarães,AM,1961,2505.08,1284.9,30.7,22.2,85.66,0.5,0.54,6322.32
1300029,Alvarães,AM,1962,2473.44,1281.83,30.66,22.19,88.58,0.4,0.57,6320.59
1300029,Alvarães,AM,1963,2538.76,1287.15,30.87,21.47,85.56,0.5,0.8,6289.96
1300029,Alvarães,AM,1964,2455.48,1221.59,30.67,21.8,87.35,0.43,0.63,5961.91
1300029,Alvarães,AM,1965,2486.74,1274.61,31.04,21.45,88.94,0.38,0.75,6265.46
1300029,Alvarães,AM,1966,2034.61,1270.42,30.92,21.41,88.92,0.38,0.78,6253.2
1300029,Alvarães,AM,1967,2101.71,1281.47,30.94,21.63,89.96,0.35,0.69,6326.25
1300029,Alvarães,AM,1968,2052.28,1282.29,31.22,21.7,89.59,0.36,0.74,6279.22
1300029,Alvarães,AM,1969,2121.13,1329.28,31.67,22.69,88.16,0.43,0.65,6434.48
1300029,Alvarães,AM,1970,2292.24,1335.21,31.33,22.6,86.79,0.48,1.23,6325.93
1300029,Alvarães,AM,1971,2605.2,1280.09,30.78,22.29,87.49,0.44,1.45,6091.72
1300029,Alvarães,AM,1972,2413.58,1328.76,31.34,22.63,87.08,0.47,1.61,6238.06
1300029,Alvarães,AM,1973,2778.46,1268.83,29.46,23.27,86.81,0.46,1.21,6154.08
1300029,Alvarães,AM,1974,2641.81,1247.64,31.1,22.37,87.53,0.44,1.11,5916.25
1300029,Alvarães,AM,1975,2887.64,1249.74,31.35,22.33,87.34,0.45,1.02,5913.42
1300029,Alvarães,AM,1976,2869.29,1264.28,31.45,22.23,87.0,0.47,0.95,5997.57
1300029,Alvarães,AM,1977,2886.82,1222.72,31.14,22.19,86.91,0.46,0.85,5808.65
1300029,Alvarães,AM,1978,2797.58,1177.83,30.92,22.64,87.39,0.45,0.81,5570.98
1300029,Alvarães,AM,1979,2429.95,1205.83,31.38,22.47,86.49,0.48,0.77,5681.56
1300029,Alvarães,AM,1980,2163.16,1256.85,31.71,22.51,86.36,0.49,0.7,5962.06
1300060,Amaturá,AM,1961,2886.57,1260.28,30.23,21.74,87.56,0.43,0.7,6226.97
1300060,Amaturá,AM,1962,3043.18,1264.84,30.3,21.72,87.8,0.42,0.68,6268.44
1300060,Amaturá,AM,1963,2780.11,1268.42,30.36,21.75,86.7,0.46,0.75,6244.09
1300060,Amaturá,AM,1964,2817.78,1210.59,30.2,21.47,88.02,0.4,0.66,5962.38
1300060,Amaturá,AM,1965,2993.19,1250.2,30.22,21.22,88.21,0.4,0.68,6224.3
1300060,Amaturá,AM,1966,2683.67,1261.36,30.37,21.75,88.15,0.41,0.71,6231.37
1300060,Amaturá,AM,1967,2888.8,1288.43,30.7,21.99,87.62,0.43,0.7,6324.52
1300060,Amaturá,AM,1968,3034.09,1306.35,31.89,21.62,87.36,0.45,0.74,6291.95
1300060,Amaturá,AM,1969,2711.79,1290.99,31.27,21.95,86.7,0.47,0.74,6245.66
1300060,Amaturá,AM,1970,2870.74,1275.64,30.93,22.06,86.68,0.46,1.06,6109.78
1300060,Amaturá,AM,1971,3310.82,1224.15,30.49,21.84,87.0,0.45,1.09,5865.36
1300060,Amaturá,AM,1972,2782.06,1275.59,30.95,21.56,85.36,0.5,1.12,6056.32
1300060,Amaturá,AM,1973,3082.26,1255.88,30.54,21.94,85.55,0.5,0.91,6044.43
1300060,Amaturá,AM,1974,3108.59,1218.21,30.87,21.39,86.24,0.47,0.96,5817.76
1300060,Amaturá,AM,1975,3272.94,1213.4,31.08,21.54,86.17,0.48,0.8,5805.82
1300060,Amaturá,AM,1976,2906.34,1195.18,31.2,21.38,86.79,0.46,0.7,5741.67
1300060,Amaturá,AM,1977,3042.46,1162.83,31.47,21.91,86.42,0.48,0.64,5493.37
1300060,Amaturá,AM,1978,3255.4,1123.12,31.03,21.86,85.98,0.49,0.67,5296.39
1300060,Amaturá,AM,1979,2456.01,1153.83,31.33,21.89,86.1,0.49,0.75,5414.52
1300060,Amaturá,AM,1980,2241.47,1195.08,31.63,22.12,85.93,0.5,0.72,5613.33
1300086,Anamã,AM,1961,2354.36,1360.24,31.61,22.36,84.6,0.55,1.01,6478.15
1300086,Anamã,AM,1962,2316.5,1353.23,31.63,22.48,86.66,0.48,1.03,6470.77
1300086,Anamã,AM,1963,2207.31,1388.49,32.18,22.68,84.03,0.6,1.17,6416.57
1300086,Anamã,AM,1964,2467.3,1315.51,31.77,22.66,85.28,0.54,1.14,6130.15
1300086,Anamã,AM,1965,2319.55,1373.14,32.05,22.57,86.18,0.51,1.26,6443.91
1300086,Anamã,AM,1966,1946.75,1326.05,31.9,22.47,86.55,0.49,1.16,6247.86
1300086,Anamã,AM,1967,1743.03,1321.55,31.77,22.72,87.38,0.46,1.12,6247.23
1300086,Anamã,AM,1968,2316.5,1286.95,31.38,22.61,89.15,0.39,1.13,6172.72
1300086,Anamã,AM,1969,2037.67,1386.6,32.28,23.37,87.41,0.48,1.02,6562.51
1300086,Anamã,AM,1970,2265.15,1351.69,31.54,22.76,87.11,0.47,1.21,6412.65
1300086,Anamã,AM,1971,2681.36,1311.36,31.2,22.58,86.41,0.49,1.49,6147.01
1300086,Anamã,AM,1972,2200.51,1357.94,31.81,22.76,86.0,0.51,1.47,6306.08
1300086,Anamã,AM,1973,2612.0,1305.07,30.87,23.01,86.3,0.49,1.42,6144.81
1300086,Anamã,AM,1974,2489.98,1265.86,30.98,21.87,86.13,0.48,1.16,6027.47
1300086,Anamã,AM,1975,2453.11,1287.15,31.39,22.08,85.75,0.51,1.16,6065.48
1300086,Anamã,AM,1976,2368.92,1321.5,31.73,21.52,84.87,0.54,1.15,6227.07
1300086,Anamã,AM,1977,2792.47,1224.71,31.4,20.62,87.02,0.44,1.01,5838.02
1300086,Anamã,AM,1978,2867.76,1204.14,30.88,22.1,86.96,0.46,0.92,5729.63
1300086,Anamã,AM,1979,2541.08,1256.14,31.57,22.41,84.85,0.55,0.93,5866.77
1300086,Anamã,AM,1980,2167.37,1287.77,31.92,22.2,85.45,0.53,0.95,6045.16
1300102,Anori,AM,1961,2344.66,1362.34,31.7,22.38,83.82,0.58,1.0,6465.27
1300102,Anori,AM,1962,2328.05,1354.2,31.81,22.48,86.48,0.49,1.03,6458.83
1300102,Anori,AM,1963,2144.43,1390.8,32.39,22.6,83.32,0.63,1.14,6407.93
1300102,Anori,AM,1964,2384.51,1311.98,31.91,22.6,85.1,0.54,1.08,6111.92
1300102,Anori,AM,1965,2221.74,1368.53,32.27,22.45,86.25,0.51,1.22,6421.28
1300102,Anori,AM,1966,1794.69,1323.59,32.12,22.29,86.58,0.49,1.1,6239.06
1300102,Anori,AM,1967,1707.32,1315.97,31.86,22.58,87.66,0.45,1.09,6238.75
1300102,Anori,AM,1968,2275.46,1282.91,31.53,22.53,89.42,0.38,1.08,6163.92
1300102,Anori,AM,1969,1979.36,1373.96,32.43,23.37,87.5,0.48,0.98,6498.73
1300102,Anori,AM,1970,2221.17,1350.67,31.64,22.69,87.36,0.46,1.22,6410.6
1300102,Anori,AM,1971,2635.19,1314.02,31.37,22.63,86.46,0.49,1.48,6148.58
1300102,Anori,AM,1972,2332.59,1362.75,32.09,22.73,86.02,0.52,1.47,6305.46
1300102,Anori,AM,1973,2777.04,1307.73,31.12,22.83,86.5,0.49,1.44,6143.24
1300102,Anori,AM,1974,2535.77,1260.54,30.99,21.55,86.26,0.47,1.15,6024.8
1300102,Anori,AM,1975,2541.47,1290.43,31.55,21.88,85.9,0.5,1.17,6075.54
1300102,Anori,AM,1976,2442.32,1320.63,31.96,21.27,85.06,0.53,1.08,6239.64
1300102,Anori,AM,1977,2885.69,1218.06,31.51,20.65,86.76,0.45,0.96,5797.81
1300102,Anori,AM,1978,2938.14,1196.82,30.98,22.18,86.86,0.46,0.84,5696.02
1300102,Anori,AM,1979,2601.35,1246.82,31.67,22.44,85.02,0.54,0.86,5843.68
1300102,Anori,AM,1980,2193.68,1277.33,32.06,22.22,85.84,0.51,0.88,6004.79
1300144,Apuí,AM,1961,2457.03,1337.26,31.93,20.84,82.08,0.62,0.74,6423.96
1300144,Apuí,AM,1962,2704.39,1320.11,31.82,20.98,84.94,0.52,0.78,6375.57
1300144,Apuí,AM,1963,2036.75,1354.61,32.55,20.62,81.72,0.65,0.79,6415.94
1300144,Apuí,AM,1964,2761.61,1297.8,31.97,20.94,83.94,0.56,0.79,6184.03
1300144,Apuí,AM,1965,2494.5,1341.46,32.3,20.79,83.86,0.57,0.84,6380.76
1300144,Apuí,AM,1966,2105.78,1299.54,32.38,20.89,83.91,0.56,0.69,6189.27
1300144,Apuí,AM,1967,2278.28,1331.89,32.17,20.85,84.4,0.55,1.12,6186.76
1300144,Apuí,AM,1968,2633.21,1287.61,31.37,21.01,86.99,0.45,1.26,6104.7
1300144,Apuí,AM,1969,2297.34,1373.19,32.45,21.69,85.77,0.51,1.3,6317.92
1300144,Apuí,AM,1970,2126.47,1350.0,32.19,21.38,86.93,0.46,1.01,6468.41
1300144,Apuí,AM,1971,2520.32,1266.73,31.12,20.87,86.94,0.44,1.03,6117.79
1300144,Apuí,AM,1972,2619.1,1280.7,31.58,20.86,86.44,0.47,0.95,6153.87
1300144,Apuí,AM,1973,2608.38,1236.07,30.3,21.21,87.06,0.43,1.1,6007.68
1300144,Apuí,AM,1974,2350.74,1198.3,29.71,20.83,86.41,0.44,1.03,5881.06
1300144,Apuí,AM,1975,2420.38,1255.88,31.45,20.6,86.33,0.46,1.01,6009.56
1300144,Apuí,AM,1976,2319.44,1262.69,30.59,20.73,85.41,0.49,0.96,6138.16
1300144,Apuí,AM,1977,2717.72,1177.17,30.19,20.83,86.71,0.44,0.8,5752.57
1300144,Apuí,AM,1978,2629.25,1138.11,30.14,20.93,86.74,0.44,0.72,5539.24
1300144,Apuí,AM,1979,2750.79,1216.11,30.67,21.12,84.61,0.52,0.71,5893.63
1300144,Apuí,AM,1980,2137.77,1232.44,30.73,21.02,86.48,0.45,0.78,6001.65
1300201,Atalaia do Norte,AM,1961,2817.23,1235.61,29.89,20.35,88.41,0.37,0.83,6209.69
1300201,Atalaia do Norte,AM,1962,2813.05,1247.69,30.11,20.45,88.0,0.39,0.77,6249.43
1300201,Atalaia do Norte,AM,1963,2806.39,1252.15,29.89,20.02,84.3,0.5,0.89,6230.58
1300201,Atalaia do Norte,AM,1964,2963.91,1189.4,29.63,19.73,88.26,0.37,0.8,5982.96
1300201,Atalaia do Norte,AM,1965,3264.78,1219.13,29.69,19.81,88.46,0.36,0.81,6174.82
1300201,Atalaia do Norte,AM,1966,3019.12,1244.06,29.93,20.87,88.54,0.38,0.82,6221.63
1300201,Atalaia do Norte,AM,1967,3071.21,1263.76,29.72,20.99,86.83,0.43,0.83,6305.04
1300201,Atalaia do Norte,AM,1968,3179.87,1262.28,29.92,20.76,86.48,0.44,0.89,6253.77
1300201,Atalaia do Norte,AM,1969,2555.53,1257.37,30.48,20.52,84.96,0.49,0.95,6106.96
1300201,Atalaia do Norte,AM,1970,2410.7,1260.69,31.22,20.82,86.85,0.45,0.85,6105.38
1300201,Atalaia do Norte,AM,1971,2148.84,1191.29,30.75,20.73,87.7,0.41,0.78,5776.13
1300201,Atalaia do Norte,AM,1972,2463.26,1214.22,30.75,20.33,85.48,0.48,0.77,5912.11
1300201,Atalaia do Norte,AM,1973,2666.55,1163.4,29.64,20.87,86.65,0.43,0.65,5746.6
1300201,Atalaia do Norte,AM,1974,2497.13,1145.59,30.28,20.29,86.01,0.45,0.63,5603.49
1300201,Atalaia do Norte,AM,1975,2638.68,1160.02,30.88,20.05,85.59,0.47,0.52,5680.46
1300201,Atalaia do Norte,AM,1976,2319.66,1144.97,30.89,19.32,84.79,0.49,0.43,5678.84
1300201,Atalaia do Norte,AM,1977,2628.25,1099.32,31.15,20.36,85.61,0.48,0.36,5342.89
1300201,Atalaia do Norte,AM,1978,2664.32,1068.56,30.93,20.15,84.78,0.5,0.4,5163.34
1300201,Atalaia do Norte,AM,1979,2238.96,1097.32,31.23,20.19,84.78,0.51,0.39,5318.38
1300201,Atalaia do Norte,AM,1980,2118.93,1138.01,31.49,20.58,84.86,0.51,0.42,5496.46
1300300,Autazes,AM,1961,2390.36,1376.72,31.87,22.6,84.39,0.57,0.97,6528.1
1300300,Autazes,AM,1962,2603.22,1372.63,31.88,22.8,85.57,0.54,1.09,6455.22
1300300,Autazes,AM,1963,2207.89,1389.57,32.21,23.03,83.21,0.64,1.14,6379.97
1300300,Autazes,AM,1964,2581.8,1350.98,31.98,23.07,84.62,0.57,1.16,6248.75
1300300,Autazes,AM,1965,2281.69,1401.44,32.03,23.35,84.18,0.6,1.22,6473.44
1300300,Autazes,AM,1966,2081.3,1348.01,31.96,23.32,84.89,0.57,0.99,6303.78
1300300,Autazes,AM,1967,1950.23,1361.93,32.15,23.26,84.98,0.57,1.18,6255.72
1300300,Autazes,AM,1968,2659.96,1319.96,31.48,23.06,86.92,0.48,1.26,6193.3
1300300,Autazes,AM,1969,2221.0,1416.28,32.45,23.82,84.69,0.59,1.27,6460.71
1300300,Autazes,AM,1970,2302.84,1378.46,31.83,23.42,87.06,0.49,1.06,6534.7
1300300,Autazes,AM,1971,2461.69,1313.36,31.2,22.98,86.71,0.49,1.02,6256.19
1300300,Autazes,AM,1972,2338.53,1354.71,31.68,23.31,85.76,0.53,1.1,6361.22
1300300,Autazes,AM,1973,2872.57,1301.33,31.39,23.76,86.52,0.5,1.16,6085.59
1300300,Autazes,AM,1974,2466.14,1285.82,31.22,23.17,84.99,0.55,0.96,6060.46
1300300,Autazes,AM,1975,2339.18,1317.2,31.36,23.05,84.25,0.58,1.04,6162.41
1300300,Autazes,AM,1976,2236.51,1354.97,31.59,23.3,83.23,0.63,1.11,6282.68
1300300,Autazes,AM,1977,2347.73,1231.67,31.29,22.71,85.34,0.53,0.96,5746.13
1300300,Autazes,AM,1978,2356.84,1213.86,31.35,22.85,85.15,0.54,0.99,5608.52
1300300,Autazes,AM,1979,2288.16,1281.47,31.82,23.22,83.58,0.61,0.97,5889.08
1300300,Autazes,AM,1980,1863.87,1303.33,31.77,22.7,85.22,0.54,1.03,6094.02
1300409,Barcelos,AM,1961,2245.28,1353.84,31.47,22.34,84.92,0.54,1.05,6443.75
1300409,Barcelos,AM,1962,2463.51,1325.54,31.49,22.37,89.27,0.38,0.77,6444.06
1300409,Barcelos,AM,1963,2479.46,1314.69,31.23,22.03,86.98,0.46,0.83,6368.03
1300409,Barcelos,AM,1964,2855.62,1276.92,31.17,22.14,87.42,0.44,0.83,6169.26
1300409,Barcelos,AM,1965,3268.8,1364.33,32.62,21.93,87.74,0.45,1.21,6438.72
1300409,Barcelos,AM,1966,2677.3,1347.65,32.4,21.8,88.07,0.43,1.18,6380.91
1300409,Barcelos,AM,1967,2452.04,1320.27,31.69,22.05,88.88,0.4,0.96,6373.06
1300409,Barcelos,AM,1968,2358.75,1316.48,31.45,21.81,89.06,0.39,0.99,6396.57
1300409,Barcelos,AM,1969,2429.08,1356.56,32.38,22.4,89.02,0.4,0.93,6496.53
1300409,Barcelos,AM,1970,2529.01,1315.71,31.19,22.4,87.68,0.44,1.18,6305.36
1300409,Barcelos,AM,1971,2945.08,1263.97,30.6,21.88,88.23,0.41,1.41,6085.12
1300409,Barcelos,AM,1972,2623.17,1316.53,31.19,21.82,88.09,0.42,1.48,6320.85
1300409,Barcelos,AM,1973,2485.3,1287.77,29.09,23.13,86.26,0.47,1.24,6312.27
1300409,Barcelos,AM,1974,2500.74,1283.57,30.84,22.19,87.62,0.43,1.12,6180.47
1300409,Barcelos,AM,1975,2576.17,1253.89,30.87,22.22,87.49,0.44,1.05,6010.03
1300409,Barcelos,AM,1976,2433.99,1267.76,31.0,21.79,87.35,0.44,1.18,6064.17
1300409,Barcelos,AM,1977,2093.58,1271.08,31.54,22.11,87.29,0.45,1.14,5984.11
1300409,Barcelos,AM,1978,2216.23,1239.76,31.25,22.27,87.34,0.45,1.13,5842.58
1300409,Barcelos,AM,1979,2390.8,1246.67,31.63,21.96,85.8,0.5,1.0,5820.9
1300409,Barcelos,AM,1980,2012.3,1304.5,32.14,22.25,84.65,0.56,0.85,6104.86
1300508,Barreirinha,AM,1961,2417.27,1366.69,31.34,22.1,84.86,0.54,1.02,6571.93
1300508,Barreirinha,AM,1962,2756.51,1380.51,31.6,22.28,84.84,0.55,1.18,6507.37
1300508,Barreirinha,AM,1963,2393.23,1381.02,31.99,22.16,83.74,0.59,1.15,6436.05
1300508,Barreirinha,AM,1964,2631.33,1362.03,31.87,22.13,84.45,0.56,1.21,6351.32
1300508,Barreirinha,AM,1965,2240.82,1424.73,32.18,22.26,83.51,0.61,1.23,6620.16
1300508,Barreirinha,AM,1966,2117.37,1348.16,32.43,21.6,84.28,0.57,0.93,6330.65
1300508,Barreirinha,AM,1967,1980.82,1387.62,32.08,23.06,83.84,0.61,1.27,6312.27
1300508,Barreirinha,AM,1968,2488.53,1353.43,31.62,22.93,85.69,0.53,1.36,6278.91
1300508,Barreirinha,AM,1969,2122.66,1453.8,32.57,23.67,83.56,0.64,1.43,6516.17
1300508,Barreirinha,AM,1970,2527.32,1390.64,32.03,23.41,86.53,0.51,1.17,6539.41
1300508,Barreirinha,AM,1971,2246.0,1340.89,31.01,22.75,85.57,0.52,1.13,6366.93
1300508,Barreirinha,AM,1972,2518.16,1379.59,31.48,22.8,84.53,0.57,1.17,6461.6
1300508,Barreirinha,AM,1973,2543.56,1316.79,31.04,23.54,85.37,0.54,1.27,6151.72
1300508,Barreirinha,AM,1974,2307.6,1307.68,30.53,23.32,84.19,0.57,1.16,6152.82
1300508,Barreirinha,AM,1975,2428.46,1336.13,31.15,23.19,83.15,0.62,1.1,6212.2
1300508,Barreirinha,AM,1976,2042.76,1414.03,31.52,23.36,83.3,0.63,1.22,6548.0
1300508,Barreirinha,AM,1977,2336.11,1314.94,31.2,23.61,84.88,0.56,0.97,6172.62
1300508,Barreirinha,AM,1978,2181.65,1307.88,31.38,23.6,84.06,0.59,1.06,6033.75
1300508,Barreirinha,AM,1979,2013.66,1320.11,31.61,23.83,83.43,0.63,0.92,6117.17
1300508,Barreirinha,AM,1980,1862.0,1344.12,31.94,23.74,85.55,0.55,0.95,6263.98
1300607,Benjamin Constant,AM,1961,2811.86,1238.07,30.0,20.23,88.22,0.38,0.81,6230.74
1300607,Benjamin Constant,AM,1962,2981.68,1244.16,30.0,20.27,87.84,0.39,0.79,6261.84
1300607,Benjamin Constant,AM,1963,2773.0,1255.37,30.03,20.11,84.63,0.49,0.88,6245.66
1300607,Benjamin Constant,AM,1964,2937.81,1191.04,29.75,19.89,88.18,0.37,0.79,5983.43
1300607,Benjamin Constant,AM,1965,3250.32,1225.07,29.85,19.98,88.37,0.37,0.79,6191.94
1300607,Benjamin Constant,AM,1966,2988.72,1249.28,30.14,21.07,88.44,0.38,0.8,6223.67
1300607,Benjamin Constant,AM,1967,3038.15,1267.04,29.85,21.31,86.73,0.44,0.8,6303.78
1300607,Benjamin Constant,AM,1968,3030.2,1264.79,30.01,20.99,86.37,0.45,0.86,6255.34
1300607,Benjamin Constant,AM,1969,2560.42,1262.07,30.39,20.91,84.89,0.5,0.93,6142.14
1300607,Benjamin Constant,AM,1970,2402.9,1269.24,31.09,20.9,86.42,0.46,0.86,6156.59
1300607,Benjamin Constant,AM,1971,2281.35,1192.93,30.62,20.91,87.37,0.42,0.8,5787.76
1300607,Benjamin Constant,AM,1972,2517.77,1218.37,30.68,20.52,85.28,0.49,0.8,5919.34
1300607,Benjamin Constant,AM,1973,2859.81,1186.94,30.36,20.92,86.42,0.45,0.69,5794.51
1300607,Benjamin Constant,AM,1974,2753.2,1152.96,30.53,20.45,86.19,0.45,0.7,5593.12
1300607,Benjamin Constant,AM,1975,2872.21,1168.98,31.02,20.34,85.46,0.48,0.61,5671.35
1300607,Benjamin Constant,AM,1976,2426.38,1153.57,31.09,19.17,85.77,0.46,0.48,5702.71
1300607,Benjamin Constant,AM,1977,2697.16,1114.57,31.43,20.53,86.2,0.47,0.42,5373.83
1300607,Benjamin Constant,AM,1978,2860.03,1080.69,31.08,20.59,84.79,0.51,0.47,5171.82
1300607,Benjamin Constant,AM,1979,2380.09,1118.2,31.36,20.49,85.09,0.5,0.47,5380.9
1300607,Benjamin Constant,AM,1980,2285.89,1155.87,31.58,20.77,85.1,0.51,0.47,5558.19
1300631,Beruri,AM,1961,2336.7,1361.78,31.77,22.14,83.6,0.59,1.0,6457.89
1300631,Beruri,AM,1962,2347.58,1360.85,31.87,22.28,85.33,0.53,1.07,6447.36
1300631,Beruri,AM,1963,2068.77,1386.44,32.3,22.36,83.02,0.63,1.14,6402.12
1300631,Beruri,AM,1964,2370.33,1315.0,31.87,22.41,84.7,0.55,1.14,6112.4
1300631,Beruri,AM,1965,2160.97,1378.41,32.25,22.43,85.03,0.55,1.28,6404.48
1300631,Beruri,AM,1966,1826.86,1336.24,32.19,22.36,85.05,0.55,1.12,6237.65
1300631,Beruri,AM,1967,1745.71,1316.63,31.9,22.37,87.21,0.47,1.08,6235.14
1300631,Beruri,AM,1968,2374.62,1283.98,31.52,22.34,88.96,0.4,1.07,6157.32
1300631,Beruri,AM,1969,2105.59,1366.28,32.44,23.19,86.98,0.49,0.98,6441.55
1300631,Beruri,AM,1970,2172.76,1346.93,31.49,22.57,87.23,0.46,1.21,6416.89
1300631,Beruri,AM,1971,2644.57,1303.58,31.03,22.49,86.49,0.48,1.44,6150.0
1300631,Beruri,AM,1972,2360.42,1344.17,31.65,22.47,86.08,0.5,1.37,6296.97
1300631,Beruri,AM,1973,2856.79,1300.67,31.25,22.46,86.9,0.47,1.4,6127.06
1300631,Beruri,AM,1974,2598.9,1247.39,30.87,21.22,86.37,0.46,1.12,5989.14
1300631,Beruri,AM,1975,2597.99,1281.42,31.48,21.52,85.72,0.5,1.15,6050.09
1300631,Beruri,AM,1976,2566.47,1316.28,31.77,21.27,84.7,0.54,1.09,6225.03
1300631,Beruri,AM,1977,2781.18,1214.48,31.3,20.93,86.7,0.46,0.93,5794.98
1300631,Beruri,AM,1978,3008.73,1193.19,30.98,21.85,86.84,0.46,0.82,5698.84
1300631,Beruri,AM,1979,2761.68,1233.87,31.57,22.22,85.26,0.53,0.84,5802.36
1300631,Beruri,AM,1980,2236.77,1265.71,31.85,22.04,85.92,0.5,0.86,5979.19
1300680,Boa Vista do Ramos,AM,1961,2404.91,1369.5,31.39,22.22,84.85,0.54,1.0,6578.84
1300680,Boa Vista do Ramos,AM,1962,2733.17,1381.02,31.62,22.4,84.88,0.55,1.17,6506.58
1300680,Boa Vista do Ramos,AM,1963,2358.48,1382.61,32.01,22.36,83.75,0.6,1.15,6430.08
1300680,Boa Vista do Ramos,AM,1964,2610.64,1361.78,31.86,22.36,84.49,0.56,1.21,6339.23
1300680,Boa Vista do Ramos,AM,1965,2234.01,1424.01,32.14,22.51,83.64,0.61,1.24,6602.25
1300680,Boa Vista do Ramos,AM,1966,2139.47,1349.54,32.36,21.91,84.39,0.57,0.94,6328.29
1300680,Boa Vista do Ramos,AM,1967,1992.18,1384.45,32.1,22.85,83.81,0.61,1.27,6303.94
1300680,Boa Vista do Ramos,AM,1968,2547.77,1346.22,31.59,22.71,85.76,0.52,1.35,6262.41
1300680,Boa Vista do Ramos,AM,1969,2149.79,1448.32,32.55,23.45,83.58,0.63,1.43,6512.08
1300680,Boa Vista do Ramos,AM,1970,2502.21,1386.96,32.06,23.19,86.52,0.51,1.17,6531.25
1300680,Boa Vista do Ramos,AM,1971,2304.75,1336.39,31.03,22.39,85.49,0.52,1.14,6355.47
1300680,Boa Vista do Ramos,AM,1972,2532.87,1375.9,31.51,22.5,84.37,0.57,1.17,6446.2
1300680,Boa Vista do Ramos,AM,1973,2584.3,1310.65,30.83,23.65,85.33,0.54,1.3,6130.68
1300680,Boa Vista do Ramos,AM,1974,2314.08,1300.51,30.43,23.19,84.13,0.57,1.18,6121.88
1300680,Boa Vista do Ramos,AM,1975,2368.88,1331.32,31.24,23.02,83.08,0.62,1.12,6178.12
1300680,Boa Vista do Ramos,AM,1976,2035.31,1412.24,31.51,23.14,82.63,0.65,1.26,6515.48
1300680,Boa Vista do Ramos,AM,1977,2244.86,1296.06,31.09,23.31,84.37,0.58,1.01,6062.03
1300680,Boa Vista do Ramos,AM,1978,2281.03,1287.56,31.28,23.13,83.56,0.6,1.09,5934.94
1300680,Boa Vista do Ramos,AM,1979,2067.68,1311.31,31.62,23.51,83.37,0.62,0.98,6062.03
1300680,Boa Vista do Ramos,AM,1980,1910.2,1323.59,31.69,22.85,85.51,0.53,1.02,6221.73
1300706,Boca do Acre,AM,1961,2171.64,1279.12,30.63,20.15,83.13,0.55,0.81,6297.19
1300706,Boca do Acre,AM,1962,2291.76,1288.74,30.57,20.36,85.02,0.49,0.94,6364.73
1300706,Boca do Acre,AM,1963,1977.9,1318.68,30.92,20.08,82.19,0.59,1.06,6376.2
1300706,Boca do Acre,AM,1964,2360.99,1246.21,30.36,20.17,84.24,0.51,1.0,6063.54
1300706,Boca do Acre,AM,1965,2249.04,1270.11,30.56,20.06,84.77,0.5,0.99,6228.23
1300706,Boca do Acre,AM,1966,2313.71,1277.74,30.9,20.13,84.1,0.52,0.92,6216.6
1300706,Boca do Acre,AM,1967,2387.46,1277.99,30.97,20.5,84.66,0.51,0.91,6220.06
1300706,Boca do Acre,AM,1968,2168.74,1253.17,30.5,20.75,86.47,0.45,0.92,6156.07
1300706,Boca do Acre,AM,1969,1940.06,1304.5,31.53,20.64,84.95,0.51,0.94,6292.16
1300706,Boca do Acre,AM,1970,1788.66,1296.72,31.45,20.4,85.89,0.48,0.89,6293.73
1300706,Boca do Acre,AM,1971,1871.95,1200.4,30.44,19.96,87.04,0.42,0.83,5913.42
1300706,Boca do Acre,AM,1972,1856.95,1220.06,30.89,19.94,86.5,0.44,0.73,6000.39
1300706,Boca do Acre,AM,1973,1885.45,1185.56,30.54,20.13,87.61,0.4,0.97,5774.87
1300706,Boca do Acre,AM,1974,1865.08,1125.27,28.88,19.9,87.08,0.4,0.8,5658.0
1300706,Boca do Acre,AM,1975,2062.69,1167.39,30.22,19.15,87.16,0.4,0.68,5829.38
1300706,Boca do Acre,AM,1976,2013.13,1187.09,30.73,19.07,85.58,0.46,0.71,5860.74
1300706,Boca do Acre,AM,1977,2397.12,1126.85,31.18,19.96,86.77,0.44,0.62,5450.8
1300706,Boca do Acre,AM,1978,2037.68,1057.81,31.06,19.89,86.77,0.43,0.46,5108.51
1300706,Boca do Acre,AM,1979,1995.68,1115.19,31.5,19.54,85.84,0.46,0.44,5444.84
1300706,Boca do Acre,AM,1980,1997.83,1166.57,31.41,20.05,85.99,0.47,0.58,5662.03
1300805,Borba,AM,1961,2408.62,1362.39,31.97,22.24,84.26,0.57,0.89,6484.9
1300805,Borba,AM,1962,2674.13,1361.06,32.03,22.45,84.96,0.55,1.01,6409.19
1300805,Borba,AM,1963,2240.15,1375.08,32.41,22.48,83.11,0.63,1.01,6373.22
1300805,Borba,AM,1964,2655.81,1333.88,32.09,22.62,84.32,0.58,1.05,6197.54
1300805,Borba,AM,1965,2359.6,1382.35,32.35,22.76,84.22,0.59,1.08,6425.68
1300805,Borba,AM,1966,2054.14,1330.25,32.33,22.52,84.67,0.57,0.85,6251.47
1300805,Borba,AM,1967,2161.04,1353.89,32.27,22.65,85.31,0.55,1.2,6231.37
1300805,Borba,AM,1968,2708.78,1309.93,31.64,22.54,87.28,0.46,1.3,6159.52
1300805,Borba,AM,1969,2231.87,1413.52,32.61,23.3,84.8,0.58,1.32,6434.64
1300805,Borba,AM,1970,2230.49,1369.15,32.07,22.85,87.26,0.47,1.05,6509.41
1300805,Borba,AM,1971,2398.18,1305.78,31.24,22.4,86.62,0.48,1.04,6243.15
1300805,Borba,AM,1972,2465.59,1340.07,31.71,22.49,85.68,0.52,1.1,6330.12
1300805,Borba,AM,1973,2877.46,1292.94,31.34,23.0,86.5,0.49,1.14,6094.23
1300805,Borba,AM,1974,2491.28,1268.93,30.98,22.31,84.97,0.53,0.94,6058.73
1300805,Borba,AM,1975,2403.39,1303.28,31.69,22.22,84.61,0.55,0.98,6130.83
1300805,Borba,AM,1976,2436.86,1321.19,31.61,22.49,84.1,0.58,0.98,6222.04
1300805,Borba,AM,1977,2583.86,1218.06,31.14,22.19,85.88,0.5,0.83,5791.37
1300805,Borba,AM,1978,2796.13,1201.58,31.13,22.38,85.11,0.53,0.83,5659.42
1300805,Borba,AM,1979,2634.38,1270.32,31.65,22.81,83.71,0.6,0.84,5927.4
1300805,Borba,AM,1980,2182.67,1296.88,31.7,22.49,85.69,0.52,0.9,6137.06
1300839,Caapiranga,AM,1961,2324.59,1358.76,31.4,22.41,84.84,0.54,0.93,6527.79
1300839,Caapiranga,AM,1962,2335.58,1347.09,31.5,22.47,87.36,0.46,0.98,6482.71
1300839,Caapiranga,AM,1963,2248.81,1378.92,31.93,22.6,84.31,0.58,1.16,6424.9
1300839,Caapiranga,AM,1964,2510.46,1312.59,31.52,22.61,85.74,0.51,1.13,6172.25
1300839,Caapiranga,AM,1965,2463.92,1371.5,32.04,22.49,86.85,0.48,1.27,6463.7
1300839,Caapiranga,AM,1966,2076.75,1341.97,31.9,22.37,87.22,0.46,1.19,6360.65
1300839,Caapiranga,AM,1967,1830.35,1330.91,31.7,22.58,87.98,0.44,1.1,6342.27
1300839,Caapiranga,AM,1968,2284.01,1306.24,31.31,22.42,89.41,0.38,1.12,6311.27
1300839,Caapiranga,AM,1969,2107.46,1388.7,32.22,23.2,87.52,0.47,1.01,6600.68
1300839,Caapiranga,AM,1970,2299.13,1342.89,31.4,22.67,87.11,0.47,1.2,6386.41
1300839,Caapiranga,AM,1971,2702.45,1300.77,31.1,22.47,86.45,0.48,1.42,6115.12
1300839,Caapiranga,AM,1972,2245.36,1354.25,31.69,22.66,86.08,0.51,1.45,6314.41
1300839,Caapiranga,AM,1973,2618.2,1299.33,30.5,23.04,86.22,0.49,1.34,6175.13
1300839,Caapiranga,AM,1974,2481.62,1270.78,30.95,21.95,86.17,0.48,1.09,6074.28
1300839,Caapiranga,AM,1975,2493.05,1283.26,31.27,22.12,85.78,0.5,1.13,6062.66
1300839,Caapiranga,AM,1976,2326.82,1322.47,31.61,21.65,84.98,0.53,1.18,6231.15
1300839,Caapiranga,AM,1977,2706.74,1233.26,31.37,20.88,87.15,0.44,1.05,5874.62
1300839,Caapiranga,AM,1978,2788.57,1211.46,30.95,22.01,87.07,0.45,0.96,5761.21
1300839,Caapiranga,AM,1979,2401.25,1262.33,31.55,22.39,84.8,0.55,0.95,5893.0
1300839,Caapiranga,AM,1980,2142.19,1291.81,31.86,22.17,85.25,0.53,0.95,6066.21
1300904,Canutama,AM,1961,2321.34,1345.45,32.49,20.66,82.53,0.62,0.9,6378.56
1300904,Canutama,AM,1962,2309.71,1352.61,32.51,20.71,84.2,0.56,1.04,6387.51
1300904,Canutama,AM,1963,1904.62,1394.58,33.12,20.7,81.69,0.66,1.14,6395.84
1300904,Canutama,AM,1964,2276.18,1302.35,32.38,20.73,83.66,0.57,1.08,6045.01
1300904,Canutama,AM,1965,2055.02,1336.08,32.72,20.62,84.38,0.56,1.05,6254.46
1300904,Canutama,AM,1966,1860.12,1320.83,32.9,20.17,83.95,0.56,0.92,6197.59
1300904,Canutama,AM,1967,2211.87,1306.04,32.03,21.21,85.76,0.5,1.03,6197.91
1300904,Canutama,AM,1968,2163.58,1276.05,31.57,21.48,87.64,0.43,1.0,6142.87
1300904,Canutama,AM,1969,2260.62,1361.52,32.59,22.48,86.84,0.49,1.02,6429.45
1300904,Canutama,AM,1970,2103.96,1358.76,32.37,22.28,86.75,0.49,1.09,6397.72
1300904,Canutama,AM,1971,2379.08,1278.86,31.07,21.99,87.17,0.45,1.36,6102.08
1300904,Canutama,AM,1972,2575.38,1290.22,31.6,21.29,87.52,0.43,1.11,6196.28
1300904,Canutama,AM,1973,2396.4,1229.06,29.79,21.8,88.75,0.38,1.12,6086.22
1300904,Canutama,AM,1974,2749.92,1171.84,28.91,20.97,88.77,0.36,0.95,5927.4
1300904,Canutama,AM,1975,2352.77,1244.83,31.27,20.66,87.9,0.41,1.06,6023.23
1300904,Canutama,AM,1976,2144.41,1253.94,31.2,21.05,87.15,0.44,0.94,6071.87
1300904,Canutama,AM,1977,2547.25,1200.5,31.44,21.65,87.74,0.43,0.77,5766.39
1300904,Canutama,AM,1978,2601.55,1136.99,31.53,21.38,88.25,0.41,0.52,5474.68
1300904,Canutama,AM,1979,2364.14,1189.04,32.06,20.62,86.89,0.45,0.62,5705.28
1300904,Canutama,AM,1980,2038.75,1229.63,31.76,21.86,86.82,0.47,0.6,5906.93
1301001,Carauari,AM,1961,2654.38,1267.86,30.42,21.27,84.19,0.53,0.68,6253.05
1301001,Carauari,AM,1962,2850.27,1273.74,30.4,21.3,86.46,0.46,0.79,6297.5
1301001,Carauari,AM,1963,2585.4,1283.57,30.55,21.12,83.69,0.55,0.86,6277.24
1301001,Carauari,AM,1964,2605.27,1216.57,30.3,21.1,86.06,0.46,0.72,5973.22
1301001,Carauari,AM,1965,2797.73,1251.22,30.43,20.9,87.15,0.43,0.71,6216.29
1301001,Carauari,AM,1966,2480.39,1262.43,30.61,21.16,86.91,0.44,0.7,6233.72
1301001,Carauari,AM,1967,2735.36,1277.53,30.66,21.56,87.18,0.44,0.7,6302.06
1301001,Carauari,AM,1968,2519.98,1279.58,31.09,21.42,86.44,0.47,0.69,6253.46
1301001,Carauari,AM,1969,2494.76,1297.59,31.43,21.79,85.36,0.51,0.7,6275.2
1301001,Carauari,AM,1970,2250.58,1312.18,31.07,21.95,85.64,0.5,1.07,6275.35
1301001,Carauari,AM,1971,2442.87,1239.25,30.56,21.75,86.48,0.46,1.18,5924.58
1301001,Carauari,AM,1972,2727.79,1270.11,30.85,21.52,85.6,0.49,1.15,6054.74
1301001,Carauari,AM,1973,2957.24,1247.8,30.67,21.43,86.11,0.47,0.93,6015.69
1301001,Carauari,AM,1974,3218.69,1199.74,31.07,20.88,86.54,0.46,0.86,5745.18
1301001,Carauari,AM,1975,3099.88,1199.43,31.24,20.98,86.52,0.46,0.8,5745.5
1301001,Carauari,AM,1976,2792.38,1207.0,31.41,20.64,86.79,0.45,0.71,5817.86
1301001,Carauari,AM,1977,3026.93,1183.36,32.22,21.42,86.73,0.47,0.65,5560.14
1301001,Carauari,AM,1978,3014.46,1123.73,31.23,21.49,85.98,0.48,0.61,5322.94
1301001,Carauari,AM,1979,2681.93,1167.49,31.59,21.04,85.99,0.48,0.69,5534.37
1301001,Carauari,AM,1980,2190.39,1198.87,31.82,21.53,86.2,0.49,0.59,5707.74
1301100,Careiro,AM,1961,2367.34,1375.75,31.81,22.57,84.44,0.57,1.02,6514.28
1301100,Careiro,AM,1962,2503.13,1365.82,31.82,22.76,85.94,0.52,1.1,6441.24
1301100,Careiro,AM,1963,2189.01,1387.67,32.14,23.0,83.3,0.63,1.16,6372.27
1301100,Careiro,AM,1964,2555.6,1335.83,31.89,23.03,84.76,0.57,1.17,6171.62
1301100,Careiro,AM,1965,2295.23,1391.61,31.95,23.32,84.75,0.58,1.24,6438.88
1301100,Careiro,AM,1966,2094.83,1345.76,31.83,23.31,85.46,0.54,1.06,6300.01
1301100,Careiro,AM,1967,1949.28,1348.47,32.05,23.25,86.14,0.52,1.16,6240.95
1301100,Careiro,AM,1968,2489.87,1306.76,31.38,23.05,88.02,0.44,1.24,6186.07
1301100,Careiro,AM,1969,2084.54,1403.74,32.34,23.8,85.33,0.57,1.24,6450.35
1301100,Careiro,AM,1970,2294.02,1369.04,31.68,23.39,87.46,0.47,1.09,6508.15
1301100,Careiro,AM,1971,2549.83,1315.0,31.19,23.12,87.03,0.48,1.06,6251.47
1301100,Careiro,AM,1972,2283.11,1362.54,31.67,23.49,86.1,0.52,1.13,6395.31
1301100,Careiro,AM,1973,2871.28,1311.77,31.43,23.71,86.66,0.5,1.15,6146.7
1301100,Careiro,AM,1974,2507.23,1279.94,31.26,23.13,85.75,0.52,0.93,6051.19
1301100,Careiro,AM,1975,2303.96,1294.17,31.25,23.02,85.26,0.54,1.02,6083.86
1301100,Careiro,AM,1976,2311.48,1336.54,31.55,23.21,84.4,0.58,1.15,6211.05
1301100,Careiro,AM,1977,2389.96,1212.79,31.3,22.41,86.26,0.5,1.01,5669.78
1301100,Careiro,AM,1978,2483.99,1186.74,31.31,22.67,86.11,0.5,0.94,5515.37
1301100,Careiro,AM,1979,2390.52,1269.44,31.78,23.09,83.82,0.6,0.95,5835.35
1301100,Careiro,AM,1980,1887.1,1303.99,31.79,22.74,85.24,0.54,1.02,6092.13
1301159,Careiro da Várzea,AM,1961,2375.3,1385.42,31.9,22.68,84.97,0.55,1.03,6561.72
1301159,Careiro da Várzea,AM,1962,2566.22,1383.27,31.9,22.86,85.36,0.54,1.15,6478.62
1301159,Careiro da Várzea,AM,1963,2201.54,1396.37,32.22,23.12,83.83,0.62,1.19,6401.02
1301159,Careiro da Várzea,AM,1964,2566.37,1357.58,31.98,23.15,84.72,0.57,1.21,6261.63
1301159,Careiro da Várzea,AM,1965,2291.91,1415.52,32.0,23.46,83.94,0.61,1.28,6507.21
1301159,Careiro da Várzea,AM,1966,2176.2,1357.43,31.88,23.48,84.63,0.58,1.06,6324.21
1301159,Careiro da Várzea,AM,1967,1992.82,1365.46,32.13,23.39,85.17,0.57,1.18,6273.15
1301159,Careiro da Várzea,AM,1968,2563.78,1321.39,31.45,23.18,87.12,0.48,1.24,6210.26
1301159,Careiro da Várzea,AM,1969,2011.9,1422.94,32.41,23.93,84.46,0.6,1.26,6487.42
1301159,Careiro da Várzea,AM,1970,2243.56,1381.48,31.77,23.54,87.15,0.49,1.12,6538.16
1301159,Careiro da Várzea,AM,1971,2479.19,1326.51,31.28,23.18,86.76,0.49,1.19,6269.7
1301159,Careiro da Várzea,AM,1972,2275.99,1373.39,31.75,23.58,85.65,0.54,1.18,6409.45
1301159,Careiro da Várzea,AM,1973,2776.23,1315.35,31.52,23.9,86.42,0.51,1.19,6125.18
1301159,Careiro da Várzea,AM,1974,2483.56,1300.77,31.34,23.39,85.11,0.55,0.98,6116.22
1301159,Careiro da Várzea,AM,1975,2319.92,1315.71,31.35,23.24,84.21,0.58,1.03,6148.43
1301159,Careiro da Várzea,AM,1976,2193.34,1353.33,31.62,23.5,83.61,0.62,1.15,6240.26
1301159,Careiro da Várzea,AM,1977,2213.26,1235.0,31.36,22.77,85.24,0.54,1.04,5719.89
1301159,Careiro da Várzea,AM,1978,2329.4,1219.03,31.43,22.93,84.94,0.55,1.03,5598.62
1301159,Careiro da Várzea,AM,1979,2290.42,1283.42,31.87,23.28,83.53,0.62,1.0,5862.53
1301159,Careiro da Várzea,AM,1980,1839.4,1307.01,31.81,22.81,85.14,0.55,1.08,6079.88
1301209,Coari,AM,1961,2362.42,1310.7,31.26,22.05,83.86,0.57,0.76,6332.84
1301209,Coari,AM,1962,2371.14,1306.81,31.39,22.09,87.27,0.45,0.82,6330.33
1301209,Coari,AM,1963,2250.54,1334.8,31.58,21.88,83.49,0.59,1.03,6305.98
1301209,Coari,AM,1964,2408.18,1256.04,31.28,21.93,85.81,0.5,0.87,5995.68
1301209,Coari,AM,1965,2346.66,1303.17,31.9,21.56,87.53,0.44,0.93,6256.19
1301209,Coari,AM,1966,1746.6,1294.93,31.8,21.34,87.66,0.43,0.88,6248.65
1301209,Coari,AM,1967,1823.5,1298.82,31.5,21.87,89.15,0.38,0.93,6303.63
1301209,Coari,AM,1968,1973.92,1283.21,31.49,21.89,90.07,0.35,0.96,6235.39
1301209,Coari,AM,1969,1977.01,1347.14,32.12,22.97,88.33,0.43,0.84,6439.51
1301209,Coari,AM,1970,2151.67,1340.74,31.46,22.49,87.34,0.46,1.27,6371.17
1301209,Coari,AM,1971,2598.48,1297.75,31.14,22.34,87.29,0.45,1.58,6117.64
1301209,Coari,AM,1972,2419.59,1343.15,31.84,22.52,87.1,0.47,1.61,6256.92
1301209,Coari,AM,1973,2636.06,1268.42,29.91,22.85,87.43,0.44,1.26,6149.21
1301209,Coari,AM,1974,2527.25,1226.96,30.76,21.68,87.91,0.42,1.04,5920.18
1301209,Coari,AM,1975,2578.43,1261.46,31.41,21.88,87.31,0.45,1.1,5991.65
1301209,Coari,AM,1976,2403.37,1286.9,31.76,21.45,86.66,0.47,1.05,6107.68
1301209,Coari,AM,1977,2492.9,1221.18,31.53,21.44,87.32,0.45,0.92,5791.84
1301209,Coari,AM,1978,2612.37,1177.22,31.22,21.85,87.53,0.44,0.81,5589.04
1301209,Coari,AM,1979,2251.27,1208.95,31.65,22.27,86.21,0.49,0.8,5681.88
1301209,Coari,AM,1980,1796.73,1256.85,31.9,22.36,86.42,0.49,0.72,5958.29
1301308,Codajás,AM,1961,2304.82,1343.45,31.37,22.32,85.32,0.52,0.9,6475.01
1301308,Codajás,AM,1962,2321.41,1337.26,31.41,22.45,87.88,0.44,0.87,6480.82
1301308,Codajás,AM,1963,2226.18,1352.26,31.78,22.35,84.94,0.55,1.04,6380.44
1301308,Codajás,AM,1964,2483.75,1282.39,31.38,22.34,86.32,0.49,0.98,6102.5
1301308,Codajás,AM,1965,2474.89,1349.24,32.05,22.1,87.68,0.44,1.16,6429.14
1301308,Codajás,AM,1966,1900.69,1329.28,31.88,21.99,87.94,0.43,1.1,6364.73
1301308,Codajás,AM,1967,1672.84,1317.09,31.58,22.27,88.81,0.4,1.04,6347.61
1301308,Codajás,AM,1968,2094.82,1300.72,31.35,22.13,89.89,0.36,1.02,6329.49
1301308,Codajás,AM,1969,2031.01,1370.63,32.28,23.11,88.03,0.45,0.93,6531.56
1301308,Codajás,AM,1970,2235.31,1343.3,31.52,22.51,87.13,0.47,1.24,6371.17
1301308,Codajás,AM,1971,2676.91,1307.52,31.35,22.43,86.59,0.48,1.48,6110.88
1301308,Codajás,AM,1972,2357.04,1368.58,32.13,22.61,86.11,0.51,1.51,6327.29
1301308,Codajás,AM,1973,2556.25,1290.28,30.06,22.82,86.3,0.48,1.29,6208.28
1301308,Codajás,AM,1974,2494.48,1270.37,31.0,21.47,86.45,0.47,1.09,6100.99
1301308,Codajás,AM,1975,2585.18,1289.2,31.44,21.84,86.04,0.49,1.15,6088.42
1301308,Codajás,AM,1976,2529.7,1326.77,31.87,21.21,85.25,0.52,1.16,6258.02
1301308,Codajás,AM,1977,2784.64,1255.32,31.66,21.04,86.81,0.46,1.09,5932.12
1301308,Codajás,AM,1978,2913.4,1226.56,31.26,21.68,87.01,0.45,1.0,5818.54
1301308,Codajás,AM,1979,2526.23,1263.25,31.68,22.4,85.43,0.53,0.95,5909.34
1301308,Codajás,AM,1980,2169.57,1296.32,32.05,22.3,85.79,0.52,0.9,6102.97
1301407,Eirunepé,AM,1961,2514.77,1255.57,30.09,20.37,84.27,0.51,0.8,6229.64
1301407,Eirunepé,AM,1962,2672.14,1259.52,30.18,20.47,85.98,0.46,0.8,6276.92
1301407,Eirunepé,AM,1963,2391.94,1275.28,30.15,20.03,82.9,0.55,1.0,6258.39
1301407,Eirunepé,AM,1964,2744.46,1211.25,29.8,19.89,84.74,0.48,0.88,5985.94
1301407,Eirunepé,AM,1965,2869.23,1242.06,29.94,19.87,84.61,0.49,0.88,6175.76
1301407,Eirunepé,AM,1966,2693.84,1270.16,30.33,20.59,83.98,0.53,0.87,6224.77
1301407,Eirunepé,AM,1967,2801.54,1278.3,30.21,20.85,84.12,0.52,0.86,6293.57
1301407,Eirunepé,AM,1968,2676.95,1266.37,30.16,20.72,85.3,0.48,0.91,6232.72
1301407,Eirunepé,AM,1969,2293.79,1268.63,30.9,20.21,84.51,0.51,0.95,6138.37
1301407,Eirunepé,AM,1970,2242.83,1290.48,31.3,21.17,86.54,0.46,0.96,6219.59
1301407,Eirunepé,AM,1971,2089.73,1201.53,30.56,21.01,87.45,0.42,0.86,5834.1
1301407,Eirunepé,AM,1972,2241.58,1223.02,30.8,20.71,85.59,0.48,0.78,5946.51
1301407,Eirunepé,AM,1973,2305.65,1161.35,29.09,21.32,86.89,0.42,0.67,5762.62
1301407,Eirunepé,AM,1974,2220.55,1142.67,30.39,20.26,86.1,0.45,0.62,5582.91
1301407,Eirunepé,AM,1975,2393.65,1159.35,30.8,19.45,86.08,0.45,0.56,5719.11
1301407,Eirunepé,AM,1976,2195.79,1146.56,30.55,18.3,85.27,0.46,0.5,5754.24
1301407,Eirunepé,AM,1977,2443.38,1102.9,31.24,20.12,86.14,0.46,0.41,5350.9
1301407,Eirunepé,AM,1978,2459.68,1064.11,30.72,20.14,85.2,0.48,0.4,5167.73
1301407,Eirunepé,AM,1979,2179.37,1098.24,31.21,19.85,85.08,0.49,0.4,5350.74
1301407,Eirunepé,AM,1980,2049.62,1144.46,31.4,20.46,85.18,0.5,0.46,5536.99
1301506,Envira,AM,1961,2443.52,1264.38,30.34,20.54,84.08,0.52,0.81,6242.99
1301506,Envira,AM,1962,2577.51,1267.3,30.41,20.67,85.87,0.46,0.81,6284.31
1301506,Envira,AM,1963,2327.01,1282.5,30.43,20.21,82.92,0.56,1.01,6264.2
1301506,Envira,AM,1964,2672.22,1217.09,30.06,20.08,84.82,0.48,0.89,5988.45
1301506,Envira,AM,1965,2760.45,1245.54,30.2,20.05,85.21,0.48,0.89,6174.34
1301506,Envira,AM,1966,2663.63,1272.11,30.58,20.69,84.6,0.51,0.88,6224.14
1301506,Envira,AM,1967,2698.49,1280.3,30.52,20.94,84.7,0.51,0.87,6286.66
1301506,Envira,AM,1968,2587.64,1266.99,30.4,20.87,85.81,0.47,0.91,6226.6
1301506,Envira,AM,1969,2209.68,1273.03,31.2,20.28,84.7,0.5,0.95,6135.39
1301506,Envira,AM,1970,2174.24,1295.09,31.48,21.4,86.45,0.47,0.94,6222.88
1301506,Envira,AM,1971,2074.66,1204.75,30.68,21.22,87.44,0.42,0.83,5841.64
1301506,Envira,AM,1972,2123.57,1227.94,30.98,20.97,85.77,0.48,0.79,5946.83
1301506,Envira,AM,1973,2059.48,1163.24,29.06,21.51,87.03,0.42,0.79,5759.01
1301506,Envira,AM,1974,2017.65,1148.5,30.58,20.43,86.13,0.46,0.72,5570.19
1301506,Envira,AM,1975,2254.6,1170.56,31.07,19.92,86.08,0.46,0.57,5734.82
1301506,Envira,AM,1976,2159.5,1166.26,31.09,19.15,85.13,0.48,0.52,5765.55
1301506,Envira,AM,1977,2423.58,1112.06,31.59,20.35,86.14,0.47,0.43,5363.94
1301506,Envira,AM,1978,2342.14,1068.3,31.17,20.23,85.32,0.49,0.39,5157.99
1301506,Envira,AM,1979,2126.61,1105.36,31.52,20.23,85.22,0.5,0.39,5358.75
1301506,Envira,AM,1980,1940.64,1152.91,31.61,20.8,85.3,0.5,0.47,5552.38
1301605,Fonte Boa,AM,1961,2893.74,1280.14,30.85,22.39,87.4,0.44,0.47,6282.74
1301605,Fonte Boa,AM,1962,2834.7,1292.32,30.66,22.37,88.12,0.42,0.48,6376.2
1301605,Fonte Boa,AM,1963,2826.83,1280.81,30.87,21.56,87.63,0.43,0.65,6317.61
1301605,Fonte Boa,AM,1964,2643.63,1220.77,30.78,22.08,88.21,0.41,0.48,5963.01
1301605,Fonte Boa,AM,1965,2623.8,1286.23,31.0,21.67,88.78,0.39,0.57,6347.45
1301605,Fonte Boa,AM,1966,2357.36,1280.4,30.83,21.62,88.7,0.39,0.64,6320.12
1301605,Fonte Boa,AM,1967,2813.55,1286.23,30.95,21.6,89.72,0.36,0.69,6350.75
1301605,Fonte Boa,AM,1968,2801.69,1301.43,31.26,21.9,89.83,0.36,0.78,6369.23
1301605,Fonte Boa,AM,1969,2520.16,1324.77,31.61,22.66,88.16,0.43,0.66,6415.16
1301605,Fonte Boa,AM,1970,2673.02,1292.68,30.96,22.55,87.43,0.45,0.95,6224.46
1301605,Fonte Boa,AM,1971,2995.23,1249.94,30.37,22.21,87.76,0.42,1.07,6053.07
1301605,Fonte Boa,AM,1972,2673.45,1316.43,31.07,22.44,86.91,0.47,1.34,6267.6
1301605,Fonte Boa,AM,1973,2797.59,1261.41,28.92,23.07,85.88,0.48,1.1,6175.13
1301605,Fonte Boa,AM,1974,2730.64,1239.86,30.42,22.13,86.95,0.45,1.05,5964.63
1301605,Fonte Boa,AM,1975,3069.04,1215.5,30.37,21.93,87.15,0.44,0.88,5880.28
1301605,Fonte Boa,AM,1976,3025.87,1208.9,30.65,21.68,86.76,0.46,0.86,5822.88
1301605,Fonte Boa,AM,1977,2970.95,1190.42,31.07,21.87,86.22,0.48,0.77,5649.52
1301605,Fonte Boa,AM,1978,2844.0,1133.97,30.85,22.08,87.06,0.45,0.77,5352.62
1301605,Fonte Boa,AM,1979,2401.24,1171.94,31.4,22.47,86.63,0.48,0.81,5467.3
1301605,Fonte Boa,AM,1980,2213.11,1233.93,31.8,22.59,86.45,0.49,0.82,5770.42
1301654,Guajará,AM,1961,2600.69,1246.41,30.03,20.73,87.08,0.42,0.81,6208.59
1301654,Guajará,AM,1962,2492.2,1261.1,30.55,20.82,87.99,0.4,0.72,6257.13
1301654,Guajará,AM,1963,2597.08,1265.66,30.15,20.02,83.07,0.54,0.92,6239.38
1301654,Guajará,AM,1964,2849.51,1201.83,29.73,19.75,85.67,0.45,0.8,5994.9
1301654,Guajará,AM,1965,3067.84,1224.71,29.78,19.8,86.9,0.41,0.8,6169.48
1301654,Guajará,AM,1966,2900.75,1247.54,29.99,20.77,87.56,0.41,0.82,6224.61
1301654,Guajará,AM,1967,2903.08,1267.35,30.05,20.89,86.78,0.44,0.83,6301.9
1301654,Guajará,AM,1968,2902.19,1263.97,30.09,20.69,85.84,0.46,0.9,6242.62
1301654,Guajará,AM,1969,2340.31,1260.13,30.77,20.25,84.82,0.49,0.95,6111.67
1301654,Guajará,AM,1970,2408.28,1268.32,31.4,20.92,87.23,0.44,0.82,6150.62
1301654,Guajará,AM,1971,2122.54,1196.92,31.09,20.76,88.2,0.4,0.74,5797.97
1301654,Guajará,AM,1972,2416.78,1217.96,31.1,20.44,85.81,0.48,0.73,5924.21
1301654,Guajará,AM,1973,2492.5,1148.4,29.21,20.82,87.36,0.4,0.62,5733.25
1301654,Guajará,AM,1974,2276.7,1137.96,30.27,20.49,86.36,0.44,0.54,5595.64
1301654,Guajará,AM,1975,2244.56,1159.05,30.97,20.02,85.61,0.47,0.41,5717.69
1301654,Guajará,AM,1976,2242.73,1144.87,30.66,19.82,84.58,0.5,0.36,5709.78
1301654,Guajará,AM,1977,2643.08,1092.31,30.82,20.43,85.44,0.48,0.3,5357.65
1301654,Guajará,AM,1978,2456.56,1056.07,30.88,19.93,84.76,0.5,0.28,5169.93
1301654,Guajará,AM,1979,2160.88,1080.64,31.32,20.02,84.61,0.51,0.28,5282.72
1301654,Guajará,AM,1980,2007.82,1127.62,31.68,20.52,84.72,0.52,0.32,5479.49
1301704,Humaitá,AM,1961,2378.69,1354.92,32.5,20.97,82.89,0.61,0.95,6395.21
1301704,Humaitá,AM,1962,2460.73,1359.17,32.53,21.07,84.34,0.56,1.03,6416.26
1301704,Humaitá,AM,1963,1933.36,1403.54,33.23,20.96,81.2,0.69,1.1,6419.71
1301704,Humaitá,AM,1964,2447.53,1312.95,32.48,21.04,83.73,0.58,1.11,6072.18
1301704,Humaitá,AM,1965,2134.4,1357.83,32.82,21.02,84.15,0.57,1.09,6324.21
1301704,Humaitá,AM,1966,1827.01,1324.82,32.97,20.64,83.85,0.57,0.91,6205.45
1301704,Humaitá,AM,1967,2027.04,1305.48,31.4,21.78,85.58,0.51,1.15,6202.15
1301704,Humaitá,AM,1968,2404.93,1280.04,31.5,21.7,87.64,0.43,1.13,6128.89
1301704,Humaitá,AM,1969,2282.84,1365.36,32.4,22.62,86.42,0.5,1.17,6392.54
1301704,Humaitá,AM,1970,2099.85,1348.11,31.89,22.45,87.37,0.46,1.1,6418.3
1301704,Humaitá,AM,1971,2549.07,1283.57,30.85,22.18,87.36,0.44,1.39,6157.54
1301704,Humaitá,AM,1972,2480.87,1300.36,31.44,21.31,86.99,0.45,1.18,6246.39
1301704,Humaitá,AM,1973,2600.99,1255.06,31.14,21.0,88.53,0.39,1.21,6076.64
1301704,Humaitá,AM,1974,2610.55,1182.8,29.49,20.48,88.39,0.37,1.03,5931.02
1301704,Humaitá,AM,1975,2385.2,1263.3,31.6,20.68,87.16,0.44,1.08,6059.36
1301704,Humaitá,AM,1976,2225.43,1269.96,31.18,21.17,86.72,0.46,0.92,6154.97
1301704,Humaitá,AM,1977,2549.89,1205.11,31.3,21.38,87.98,0.42,0.79,5825.61
1301704,Humaitá,AM,1978,2910.41,1150.91,31.2,21.27,88.21,0.41,0.56,5584.33
1301704,Humaitá,AM,1979,2723.92,1204.24,31.71,21.24,86.45,0.47,0.63,5788.7
1301704,Humaitá,AM,1980,2477.66,1232.9,31.67,21.57,86.66,0.47,0.65,5939.6
1301803,Ipixuna,AM,1961,2560.65,1256.6,30.19,20.6,84.93,0.49,0.8,6218.8
1301803,Ipixuna,AM,1962,2585.96,1262.94,30.45,20.76,86.81,0.44,0.75,6266.24
1301803,Ipixuna,AM,1963,2502.41,1270.62,30.2,20.02,83.08,0.54,0.97,6249.43
1301803,Ipixuna,AM,1964,2821.33,1204.6,29.83,19.87,85.65,0.45,0.82,5990.81
1301803,Ipixuna,AM,1965,2981.56,1236.33,29.97,19.86,85.28,0.47,0.82,6172.93
1301803,Ipixuna,AM,1966,2806.24,1266.43,30.34,20.61,84.58,0.51,0.86,6223.36
1301803,Ipixuna,AM,1967,2860.96,1274.05,30.2,20.81,84.7,0.5,0.82,6297.03
1301803,Ipixuna,AM,1968,2782.91,1264.22,30.14,20.71,85.7,0.47,0.91,6236.97
1301803,Ipixuna,AM,1969,2308.31,1261.72,30.86,20.15,84.64,0.5,0.94,6113.55
1301803,Ipixuna,AM,1970,2358.38,1285.41,31.37,21.24,87.03,0.45,0.93,6189.58
1301803,Ipixuna,AM,1971,2120.27,1196.41,30.77,21.07,88.04,0.4,0.78,5806.45
1301803,Ipixuna,AM,1972,2324.76,1221.69,30.96,20.79,85.85,0.48,0.74,5935.99
1301803,Ipixuna,AM,1973,2390.71,1156.13,29.04,21.19,87.31,0.41,0.68,5759.64
1301803,Ipixuna,AM,1974,2248.7,1141.03,30.43,20.4,86.36,0.45,0.6,5584.17
1301803,Ipixuna,AM,1975,2325.05,1162.32,31.01,20.01,85.8,0.47,0.46,5718.01
1301803,Ipixuna,AM,1976,2228.86,1153.98,31.03,19.54,84.79,0.5,0.41,5722.82
1301803,Ipixuna,AM,1977,2495.99,1100.75,31.29,20.36,85.66,0.48,0.35,5350.9
1301803,Ipixuna,AM,1978,2430.31,1061.85,31.12,20.06,84.96,0.5,0.32,5163.49
1301803,Ipixuna,AM,1979,2099.48,1089.44,31.43,20.19,84.74,0.51,0.31,5303.61
1301803,Ipixuna,AM,1980,1935.81,1135.91,31.59,20.71,84.84,0.52,0.37,5501.01
1301852,Iranduba,AM,1961,2364.1,1390.85,31.96,22.74,84.39,0.58,1.06,6557.32
1301852,Iranduba,AM,1962,2405.17,1379.48,31.96,22.92,85.71,0.53,1.15,6460.56
1301852,Iranduba,AM,1963,2167.15,1396.89,32.27,23.19,83.52,0.63,1.2,6386.41
1301852,Iranduba,AM,1964,2591.12,1340.64,32.03,23.22,84.6,0.58,1.25,6133.13
1301852,Iranduba,AM,1965,2371.13,1408.5,32.06,23.53,84.63,0.59,1.38,6458.04
1301852,Iranduba,AM,1966,2172.17,1360.39,31.91,23.54,85.31,0.55,1.17,6319.65
1301852,Iranduba,AM,1967,1923.9,1354.82,32.16,23.46,86.18,0.53,1.18,6258.7
1301852,Iranduba,AM,1968,2472.07,1316.79,31.49,23.25,87.94,0.45,1.21,6221.73
1301852,Iranduba,AM,1969,2163.06,1407.48,32.45,24.0,85.82,0.55,1.21,6489.15
1301852,Iranduba,AM,1970,2369.09,1387.11,31.8,23.62,87.13,0.49,1.2,6529.99
1301852,Iranduba,AM,1971,2591.4,1332.4,31.38,23.36,86.95,0.49,1.27,6270.01
1301852,Iranduba,AM,1972,2197.72,1379.43,31.84,23.76,86.3,0.52,1.31,6411.33
1301852,Iranduba,AM,1973,2730.23,1332.86,31.67,23.93,86.31,0.52,1.31,6165.7
1301852,Iranduba,AM,1974,2418.74,1298.52,31.47,23.44,85.97,0.52,1.06,6085.43
1301852,Iranduba,AM,1975,2264.57,1298.82,31.39,23.3,85.59,0.53,1.09,6069.41
1301852,Iranduba,AM,1976,2231.2,1338.44,31.7,23.56,84.79,0.58,1.19,6185.28
1301852,Iranduba,AM,1977,2297.37,1219.39,31.47,22.67,86.36,0.5,1.05,5666.01
1301852,Iranduba,AM,1978,2418.23,1195.69,31.5,22.92,86.17,0.51,0.96,5526.36
1301852,Iranduba,AM,1979,2343.7,1273.59,31.96,23.27,83.95,0.6,0.97,5827.5
1301852,Iranduba,AM,1980,1871.26,1312.03,31.96,22.96,84.96,0.56,1.05,6084.59
1301902,Itacoatiara,AM,1961,2388.59,1374.67,31.64,22.48,84.93,0.55,0.97,6569.89
1301902,Itacoatiara,AM,1962,2637.0,1383.63,31.73,22.62,84.99,0.55,1.16,6492.6
1301902,Itacoatiara,AM,1963,2299.26,1390.13,32.06,22.77,83.8,0.61,1.18,6414.84
1301902,Itacoatiara,AM,1964,2560.14,1356.81,31.85,22.81,84.58,0.57,1.22,6285.66
1301902,Itacoatiara,AM,1965,2232.08,1417.77,32.01,23.05,83.93,0.6,1.28,6542.24
1301902,Itacoatiara,AM,1966,2191.52,1351.8,32.0,22.87,84.62,0.57,0.98,6328.13
1301902,Itacoatiara,AM,1967,2102.0,1377.64,32.07,22.92,84.09,0.6,1.25,6286.66
1301902,Itacoatiara,AM,1968,2572.35,1335.62,31.44,22.73,85.97,0.51,1.34,6234.77
1301902,Itacoatiara,AM,1969,2190.25,1437.01,32.41,23.47,83.68,0.62,1.37,6503.44
1301902,Itacoatiara,AM,1970,2499.47,1381.22,31.87,23.17,86.47,0.51,1.16,6520.09
1301902,Itacoatiara,AM,1971,2277.1,1318.12,30.87,22.2,85.17,0.52,1.09,6297.5
1301902,Itacoatiara,AM,1972,2297.53,1366.43,31.38,22.48,84.09,0.58,1.15,6417.93
1301902,Itacoatiara,AM,1973,2771.8,1292.63,30.53,23.83,85.52,0.53,1.22,6087.16
1301902,Itacoatiara,AM,1974,2471.58,1286.49,30.56,23.06,84.13,0.57,1.06,6079.15
1301902,Itacoatiara,AM,1975,2495.28,1315.51,31.28,22.91,83.13,0.62,0.96,6169.0
1301902,Itacoatiara,AM,1976,2172.59,1373.14,31.33,22.92,82.42,0.65,1.13,6393.74
1301902,Itacoatiara,AM,1977,2208.83,1246.98,30.94,23.01,84.69,0.56,0.99,5827.18
1301902,Itacoatiara,AM,1978,2294.68,1232.34,31.13,22.67,84.09,0.57,1.03,5699.0
1301902,Itacoatiara,AM,1979,2053.11,1288.89,31.6,23.22,83.46,0.61,0.98,5947.67
1301902,Itacoatiara,AM,1980,1958.64,1295.24,31.39,21.98,85.21,0.52,1.05,6126.53
1301951,Itamarati,AM,1961,2489.36,1266.73,30.49,20.74,83.89,0.54,0.75,6249.12
1301951,Itamarati,AM,1962,2778.41,1274.36,30.46,20.82,85.36,0.48,0.84,6297.03
1301951,Itamarati,AM,1963,2343.73,1290.53,30.63,20.57,83.05,0.56,0.98,6275.82
1301951,Itamarati,AM,1964,2635.21,1221.39,30.23,20.63,84.87,0.49,0.84,5977.62
1301951,Itamarati,AM,1965,2756.72,1252.86,30.37,20.53,85.38,0.48,0.85,6183.3
1301951,Itamarati,AM,1966,2600.09,1274.05,30.68,20.91,84.82,0.51,0.84,6225.4
1301951,Itamarati,AM,1967,2807.74,1282.6,30.69,21.22,85.01,0.51,0.82,6283.36
1301951,Itamarati,AM,1968,2490.37,1273.13,30.72,21.19,85.97,0.47,0.83,6228.64
1301951,Itamarati,AM,1969,2402.14,1294.98,31.45,21.23,84.74,0.52,0.84,6232.94
1301951,Itamarati,AM,1970,2072.57,1304.4,31.65,21.17,86.16,0.48,1.0,6231.05
1301951,Itamarati,AM,1971,2086.93,1220.26,30.89,20.95,86.85,0.44,0.92,5886.56
1301951,Itamarati,AM,1972,2344.23,1235.26,30.98,20.76,85.65,0.48,0.85,5977.46
1301951,Itamarati,AM,1973,2332.79,1192.62,30.28,21.29,86.86,0.44,0.8,5809.12
1301951,Itamarati,AM,1974,2584.41,1153.37,30.21,20.59,86.29,0.45,0.72,5634.91
1301951,Itamarati,AM,1975,2557.77,1176.14,30.97,20.03,86.27,0.45,0.67,5734.97
1301951,Itamarati,AM,1976,2306.03,1173.58,31.09,19.41,85.67,0.47,0.62,5761.46
1301951,Itamarati,AM,1977,2826.9,1123.78,31.68,20.65,86.42,0.46,0.5,5385.77
1301951,Itamarati,AM,1978,2563.81,1071.37,31.27,20.55,85.86,0.47,0.49,5105.21
1301951,Itamarati,AM,1979,2554.91,1125.27,31.57,20.27,85.48,0.49,0.53,5400.54
1301951,Itamarati,AM,1980,2435.42,1167.7,31.64,20.89,85.64,0.49,0.55,5600.14
1302009,Itapiranga,AM,1961,2389.5,1372.78,31.17,22.06,84.69,0.54,1.05,6597.54
1302009,Itapiranga,AM,1962,2619.24,1376.21,31.29,22.18,85.17,0.53,1.23,6511.77
1302009,Itapiranga,AM,1963,2334.71,1382.04,31.62,22.3,83.75,0.59,1.21,6431.5
1302009,Itapiranga,AM,1964,2571.82,1353.18,31.42,22.33,84.38,0.56,1.28,6304.83
1302009,Itapiranga,AM,1965,2268.22,1419.87,31.64,22.53,83.67,0.6,1.39,6572.87
1302009,Itapiranga,AM,1966,2253.44,1353.54,31.6,22.36,84.56,0.56,1.14,6343.53
1302009,Itapiranga,AM,1967,2062.55,1360.09,31.55,22.52,84.54,0.56,1.25,6303.47
1302009,Itapiranga,AM,1968,2614.88,1321.24,30.99,22.3,86.3,0.49,1.28,6258.49
1302009,Itapiranga,AM,1969,2179.01,1424.11,31.96,23.02,84.25,0.59,1.34,6554.49
1302009,Itapiranga,AM,1970,2523.15,1373.96,31.38,22.77,86.71,0.48,1.2,6544.76
1302009,Itapiranga,AM,1971,2437.1,1325.9,30.58,21.91,85.03,0.52,1.18,6351.38
1302009,Itapiranga,AM,1972,2314.32,1364.9,31.06,22.11,83.98,0.57,1.19,6441.34
1302009,Itapiranga,AM,1973,2755.53,1294.22,30.35,23.33,85.27,0.53,1.28,6108.06
1302009,Itapiranga,AM,1974,2453.58,1282.8,30.1,22.75,83.96,0.56,1.1,6107.11
1302009,Itapiranga,AM,1975,2518.75,1307.11,30.83,22.54,83.05,0.6,0.99,6169.16
1302009,Itapiranga,AM,1976,2233.84,1380.76,30.99,22.61,82.49,0.63,1.21,6451.55
1302009,Itapiranga,AM,1977,2163.78,1271.65,30.58,22.62,84.19,0.56,1.04,5984.11
1302009,Itapiranga,AM,1978,2336.84,1266.89,30.79,22.4,83.6,0.58,1.13,5883.42
1302009,Itapiranga,AM,1979,2102.43,1294.01,31.2,22.87,83.48,0.6,1.03,6016.63
1302009,Itapiranga,AM,1980,1889.73,1302.1,31.1,21.91,85.46,0.51,1.12,6177.27
1302108,Japurá,AM,1961,3469.9,1254.96,30.35,21.9,88.14,0.41,0.66,6186.44
1302108,Japurá,AM,1962,3309.15,1267.96,30.4,21.79,88.56,0.39,0.58,6283.36
1302108,Japurá,AM,1963,3143.17,1271.49,31.08,21.12,87.88,0.42,0.66,6247.55
1302108,Japurá,AM,1964,3288.77,1221.64,30.83,21.23,88.46,0.39,0.61,5991.6
1302108,Japurá,AM,1965,3171.93,1267.24,30.67,21.31,88.73,0.38,0.74,6267.03
1302108,Japurá,AM,1966,2717.59,1274.36,30.57,21.98,88.95,0.38,0.76,6268.91
1302108,Japurá,AM,1967,3132.95,1284.08,30.6,21.77,89.38,0.37,0.78,6343.68
1302108,Japurá,AM,1968,3237.62,1296.06,31.04,21.7,89.14,0.38,0.81,6349.44
1302108,Japurá,AM,1969,3038.08,1292.12,31.42,22.35,88.4,0.42,0.72,6250.85
1302108,Japurá,AM,1970,3328.67,1258.29,31.32,22.18,88.23,0.42,0.75,6059.04
1302108,Japurá,AM,1971,3904.1,1201.78,30.71,21.82,88.74,0.39,0.8,5818.7
1302108,Japurá,AM,1972,3328.24,1240.48,31.12,22.09,88.3,0.41,0.87,5961.12
1302108,Japurá,AM,1973,3126.31,1241.3,31.07,22.33,87.51,0.44,0.92,5927.56
1302108,Japurá,AM,1974,3446.54,1213.76,30.79,21.98,88.03,0.42,0.89,5837.08
1302108,Japurá,AM,1975,3679.55,1185.61,30.74,21.86,89.1,0.38,0.76,5728.22
1302108,Japurá,AM,1976,3335.87,1179.47,30.79,21.96,88.69,0.39,0.76,5676.17
1302108,Japurá,AM,1977,3264.23,1150.24,30.82,22.3,88.01,0.42,0.73,5470.91
1302108,Japurá,AM,1978,3410.59,1112.06,30.57,22.21,88.12,0.41,0.68,5290.26
1302108,Japurá,AM,1979,2764.81,1137.04,31.07,22.25,86.45,0.47,0.73,5326.71
1302108,Japurá,AM,1980,2730.63,1204.55,31.53,22.34,86.35,0.49,0.81,5640.98
1302207,Juruá,AM,1961,2656.17,1273.44,30.64,22.12,87.2,0.44,0.5,6283.36
1302207,Juruá,AM,1962,2684.57,1275.64,30.53,22.07,88.04,0.41,0.58,6307.08
1302207,Juruá,AM,1963,2635.07,1272.11,30.73,21.41,87.13,0.44,0.7,6277.55
1302207,Juruá,AM,1964,2512.31,1211.41,30.57,21.79,88.16,0.41,0.53,5946.36
1302207,Juruá,AM,1965,2530.18,1262.59,30.76,21.4,89.09,0.37,0.58,6258.7
1302207,Juruá,AM,1966,2151.72,1262.79,30.73,21.49,89.04,0.38,0.64,6248.96
1302207,Juruá,AM,1967,2399.53,1280.04,30.77,21.61,89.01,0.38,0.65,6328.6
1302207,Juruá,AM,1968,2261.28,1285.11,31.12,21.68,88.41,0.4,0.73,6289.28
1302207,Juruá,AM,1969,2268.36,1314.02,31.51,22.43,87.25,0.46,0.63,6375.42
1302207,Juruá,AM,1970,2370.75,1311.41,31.04,22.48,86.57,0.48,1.18,6254.93
1302207,Juruá,AM,1971,2649.4,1258.7,30.49,22.17,87.38,0.44,1.27,6039.88
1302207,Juruá,AM,1972,2540.23,1315.35,31.13,22.27,86.49,0.48,1.38,6223.3
1302207,Juruá,AM,1973,2875.18,1254.4,29.51,22.72,86.78,0.45,1.06,6126.28
1302207,Juruá,AM,1974,2863.63,1223.64,30.8,21.87,87.64,0.43,1.0,5873.68
1302207,Juruá,AM,1975,3025.64,1220.77,30.88,21.82,87.62,0.43,0.9,5873.37
1302207,Juruá,AM,1976,2933.84,1225.48,31.11,21.56,87.21,0.44,0.83,5890.9
1302207,Juruá,AM,1977,2962.11,1209.56,31.4,21.88,87.06,0.46,0.75,5753.67
1302207,Juruá,AM,1978,2888.12,1154.44,30.89,22.18,87.5,0.44,0.73,5493.22
1302207,Juruá,AM,1979,2327.74,1177.78,31.46,22.26,86.68,0.47,0.74,5533.43
1302207,Juruá,AM,1980,2068.69,1229.98,31.81,22.44,86.59,0.49,0.69,5798.22
1302306,Jutaí,AM,1961,2845.97,1254.14,30.22,21.18,87.83,0.41,0.73,6242.99
1302306,Jutaí,AM,1962,3133.95,1259.52,30.2,21.21,87.76,0.41,0.75,6278.81
1302306,Jutaí,AM,1963,2730.64,1262.74,30.33,21.09,86.62,0.45,0.81,6257.6
1302306,Jutaí,AM,1964,2823.77,1203.11,30.12,20.92,88.31,0.39,0.7,5974.79
1302306,Jutaí,AM,1965,3103.79,1239.86,30.16,20.83,88.77,0.37,0.71,6211.89
1302306,Jutaí,AM,1966,2844.57,1257.42,30.36,21.56,88.31,0.4,0.73,6228.38
1302306,Jutaí,AM,1967,2901.63,1278.35,30.4,21.76,86.93,0.45,0.71,6310.07
1302306,Jutaí,AM,1968,2879.06,1285.46,31.12,21.43,86.6,0.46,0.73,6263.67
1302306,Jutaí,AM,1969,2596.0,1282.34,31.06,21.54,85.93,0.48,0.78,6224.3
1302306,Jutaí,AM,1970,2502.83,1298.46,31.0,21.86,86.09,0.48,1.09,6216.76
1302306,Jutaí,AM,1971,2514.77,1229.37,30.55,21.74,86.69,0.45,1.09,5890.96
1302306,Jutaí,AM,1972,2692.22,1259.31,30.88,21.25,85.44,0.5,1.05,6020.5
1302306,Jutaí,AM,1973,3089.81,1230.39,30.56,21.54,85.71,0.49,0.88,5925.52
1302306,Jutaí,AM,1974,3112.2,1189.76,30.91,20.97,86.02,0.47,0.89,5675.6
1302306,Jutaí,AM,1975,3248.15,1198.0,31.18,21.0,86.05,0.48,0.79,5736.39
1302306,Jutaí,AM,1976,2811.67,1199.17,31.38,20.43,86.28,0.46,0.66,5808.9
1302306,Jutaí,AM,1977,3015.92,1160.89,31.83,21.37,86.7,0.47,0.56,5506.41
1302306,Jutaí,AM,1978,3082.94,1127.47,31.31,21.16,85.5,0.5,0.62,5343.67
1302306,Jutaí,AM,1979,2641.3,1156.03,31.56,21.18,85.65,0.5,0.64,5487.72
1302306,Jutaí,AM,1980,2248.79,1189.45,31.73,21.54,85.55,0.51,0.6,5656.69
1302405,Lábrea,AM,1961,2187.67,1319.65,31.92,20.4,82.8,0.6,0.86,6327.66
1302405,Lábrea,AM,1962,2202.74,1334.96,31.94,20.46,84.53,0.53,1.05,6398.98
1302405,Lábrea,AM,1963,1860.41,1368.63,32.52,20.53,81.84,0.64,1.08,6396.47
1302405,Lábrea,AM,1964,2207.8,1278.76,31.8,20.48,84.01,0.55,1.05,6020.03
1302405,Lábrea,AM,1965,1985.59,1317.09,32.1,20.38,84.57,0.54,1.03,6254.14
1302405,Lábrea,AM,1966,2001.47,1312.08,32.4,20.05,83.95,0.55,0.94,6212.05
1302405,Lábrea,AM,1967,2230.52,1305.83,32.43,20.53,85.82,0.5,0.95,6209.38
1302405,Lábrea,AM,1968,1991.93,1267.81,31.34,21.1,87.39,0.43,0.93,6151.98
1302405,Lábrea,AM,1969,1980.49,1331.37,32.46,21.78,85.76,0.51,0.96,6294.2
1302405,Lábrea,AM,1970,1841.9,1347.5,32.64,21.43,85.65,0.52,0.95,6364.26
1302405,Lábrea,AM,1971,2084.91,1244.21,31.23,20.86,86.85,0.45,1.03,5998.09
1302405,Lábrea,AM,1972,2325.53,1251.53,31.53,20.64,86.91,0.45,0.82,6068.1
1302405,Lábrea,AM,1973,2469.84,1196.05,30.04,21.41,87.6,0.41,0.89,5874.31
1302405,Lábrea,AM,1974,2858.81,1147.33,29.06,20.67,87.39,0.4,0.84,5748.17
1302405,Lábrea,AM,1975,2754.25,1204.8,30.76,19.97,87.38,0.41,0.87,5916.41
1302405,Lábrea,AM,1976,2123.74,1217.34,31.02,20.29,86.06,0.47,0.82,5926.4
1302405,Lábrea,AM,1977,2420.4,1169.03,31.49,21.11,87.05,0.45,0.67,5622.34
1302405,Lábrea,AM,1978,2352.11,1093.48,31.42,20.82,87.38,0.43,0.47,5259.47
1302405,Lábrea,AM,1979,2249.09,1148.09,31.81,20.23,86.5,0.46,0.51,5551.34
1302405,Lábrea,AM,1980,2185.03,1194.82,31.58,21.25,86.59,0.47,0.6,5757.54
1302504,Manacapuru,AM,1961,2366.84,1380.2,31.81,22.6,84.65,0.56,1.05,6532.34
1302504,Manacapuru,AM,1962,2370.32,1369.96,31.79,22.75,85.79,0.52,1.12,6453.64
1302504,Manacapuru,AM,1963,2237.12,1388.9,32.2,22.98,83.72,0.62,1.19,6379.81
1302504,Manacapuru,AM,1964,2487.0,1329.48,31.9,23.0,84.75,0.57,1.23,6110.2
1302504,Manacapuru,AM,1965,2290.58,1397.65,32.0,23.2,84.84,0.57,1.38,6440.29
1302504,Manacapuru,AM,1966,2059.02,1353.33,31.88,23.16,85.5,0.54,1.27,6285.88
1302504,Manacapuru,AM,1967,1800.69,1343.35,31.99,23.21,86.56,0.51,1.2,6252.42
1302504,Manacapuru,AM,1968,2407.02,1304.5,31.39,22.99,88.25,0.43,1.2,6195.49
1302504,Manacapuru,AM,1969,2128.06,1401.8,32.35,23.75,86.06,0.54,1.17,6521.04
1302504,Manacapuru,AM,1970,2302.92,1377.33,31.65,23.32,86.95,0.49,1.24,6496.37
1302504,Manacapuru,AM,1971,2602.12,1329.38,31.21,23.01,86.96,0.48,1.43,6266.56
1302504,Manacapuru,AM,1972,2250.03,1372.17,31.73,23.31,86.32,0.51,1.4,6405.83
1302504,Manacapuru,AM,1973,2642.95,1326.0,31.3,23.58,86.22,0.51,1.35,6184.08
1302504,Manacapuru,AM,1974,2360.0,1277.28,31.24,22.85,86.11,0.5,1.07,6031.4
1302504,Manacapuru,AM,1975,2328.49,1286.64,31.33,22.82,85.53,0.53,1.1,6033.12
1302504,Manacapuru,AM,1976,2374.26,1324.52,31.6,22.75,85.09,0.55,1.2,6179.0
1302504,Manacapuru,AM,1977,2608.13,1211.46,31.38,21.9,86.5,0.48,1.03,5677.79
1302504,Manacapuru,AM,1978,2584.08,1186.58,31.25,22.47,86.28,0.49,0.93,5537.52
1302504,Manacapuru,AM,1979,2455.9,1259.52,31.79,22.9,84.29,0.58,0.95,5809.12
1302504,Manacapuru,AM,1980,1929.29,1302.97,31.89,22.63,85.01,0.55,1.01,6073.91
1302553,Manaquiri,AM,1961,2387.95,1376.0,31.84,22.57,84.23,0.58,1.03,6503.28
1302553,Manaquiri,AM,1962,2429.2,1372.32,31.86,22.78,85.48,0.54,1.14,6439.66
1302553,Manaquiri,AM,1963,2180.96,1387.88,32.22,22.99,83.35,0.63,1.16,6370.7
1302553,Manaquiri,AM,1964,2551.97,1335.11,31.95,23.02,84.52,0.57,1.21,6138.94
1302553,Manaquiri,AM,1965,2188.14,1394.89,32.04,23.26,84.69,0.58,1.33,6424.58
1302553,Manaquiri,AM,1966,1994.55,1347.91,31.94,23.24,85.31,0.55,1.14,6276.61
1302553,Manaquiri,AM,1967,1793.02,1345.45,32.04,23.24,86.42,0.51,1.19,6243.62
1302553,Manaquiri,AM,1968,2464.12,1302.92,31.42,23.02,88.19,0.43,1.22,6174.6
1302553,Manaquiri,AM,1969,2119.99,1404.92,32.38,23.78,85.84,0.55,1.23,6493.54
1302553,Manaquiri,AM,1970,2321.22,1379.54,31.67,23.38,87.45,0.47,1.23,6534.07
1302553,Manaquiri,AM,1971,2595.89,1328.92,31.2,23.08,87.01,0.48,1.39,6280.69
1302553,Manaquiri,AM,1972,2271.99,1373.91,31.69,23.36,86.23,0.52,1.37,6417.93
1302553,Manaquiri,AM,1973,2849.47,1324.06,31.4,23.58,86.42,0.5,1.31,6179.53
1302553,Manaquiri,AM,1974,2464.56,1286.95,31.26,22.88,86.01,0.51,1.04,6085.59
1302553,Manaquiri,AM,1975,2343.41,1292.07,31.32,22.84,85.64,0.52,1.07,6078.68
1302553,Manaquiri,AM,1976,2436.46,1327.33,31.62,22.85,84.86,0.56,1.15,6193.3
1302553,Manaquiri,AM,1977,2652.47,1211.0,31.37,22.06,86.47,0.48,1.01,5673.87
1302553,Manaquiri,AM,1978,2596.47,1186.63,31.28,22.52,86.26,0.49,0.92,5536.57
1302553,Manaquiri,AM,1979,2488.44,1261.41,31.8,22.95,84.11,0.59,0.94,5815.87
1302553,Manaquiri,AM,1980,1928.53,1298.62,31.87,22.67,85.21,0.54,1.0,6060.4
1302603,Manaus,AM,1961,2338.28,1387.78,31.57,22.35,83.98,0.58,1.06,6585.13
1302603,Manaus,AM,1962,2443.5,1370.22,31.56,22.52,86.06,0.51,1.14,6488.2
1302603,Manaus,AM,1963,2245.87,1385.27,31.88,22.78,84.13,0.59,1.19,6407.46
1302603,Manaus,AM,1964,2610.98,1338.44,31.63,22.81,84.81,0.56,1.27,6192.2
1302603,Manaus,AM,1965,2443.11,1406.25,31.67,23.11,84.71,0.57,1.4,6511.3
1302603,Manaus,AM,1966,2249.85,1353.69,31.51,23.12,85.47,0.54,1.19,6338.5
1302603,Manaus,AM,1967,1993.19,1348.62,31.76,23.04,85.97,0.52,1.16,6282.42
1302603,Manaus,AM,1968,2478.41,1311.77,31.09,22.83,87.64,0.45,1.21,6243.72
1302603,Manaus,AM,1969,2188.1,1404.36,32.06,23.58,85.72,0.54,1.2,6528.58
1302603,Manaus,AM,1970,2455.18,1373.65,31.4,23.21,87.05,0.48,1.21,6519.15
1302603,Manaus,AM,1971,2615.13,1321.5,30.98,22.93,87.09,0.47,1.26,6276.45
1302603,Manaus,AM,1972,2137.24,1367.76,31.44,23.32,86.42,0.51,1.31,6421.86
1302603,Manaus,AM,1973,2693.86,1322.83,31.23,23.53,86.28,0.51,1.32,6171.68
1302603,Manaus,AM,1974,2443.23,1290.94,31.05,23.03,85.97,0.51,1.08,6101.93
1302603,Manaus,AM,1975,2287.27,1291.09,30.99,22.89,85.53,0.52,1.1,6081.04
1302603,Manaus,AM,1976,2154.63,1331.12,31.29,23.15,84.83,0.56,1.21,6194.08
1302603,Manaus,AM,1977,2235.53,1227.53,31.08,22.29,86.46,0.48,1.11,5748.95
1302603,Manaus,AM,1978,2349.08,1201.78,31.1,22.52,86.22,0.49,1.06,5587.16
1302603,Manaus,AM,1979,2476.24,1271.8,31.55,22.88,83.81,0.59,1.04,5839.28
1302603,Manaus,AM,1980,1877.19,1303.89,31.56,22.55,84.91,0.55,1.07,6095.43
1302702,Manicoré,AM,1961,2393.37,1359.06,32.19,21.64,83.06,0.61,0.92,6437.47
1302702,Manicoré,AM,1962,2471.31,1357.17,32.28,21.79,84.72,0.55,1.0,6421.44
1302702,Manicoré,AM,1963,1991.82,1392.02,32.83,21.59,81.87,0.67,1.04,6428.04
1302702,Manicoré,AM,1964,2493.31,1314.23,32.24,21.79,84.03,0.57,1.05,6117.42
1302702,Manicoré,AM,1965,2183.17,1363.72,32.63,21.8,84.46,0.57,1.07,6371.96
1302702,Manicoré,AM,1966,1844.91,1333.32,32.78,21.55,84.28,0.57,0.95,6228.38
1302702,Manicoré,AM,1967,1979.08,1321.24,32.02,21.86,85.88,0.51,1.15,6210.32
1302702,Manicoré,AM,1968,2485.21,1288.33,31.64,21.89,87.98,0.43,1.17,6146.96
1302702,Manicoré,AM,1969,2149.14,1372.47,32.64,22.79,86.36,0.51,1.18,6373.53
1302702,Manicoré,AM,1970,2133.45,1354.41,32.06,22.47,87.53,0.46,1.11,6442.34
1302702,Manicoré,AM,1971,2621.38,1278.96,30.65,22.2,87.05,0.45,1.31,6143.56
1302702,Manicoré,AM,1972,2443.12,1297.7,31.16,21.9,86.64,0.47,1.14,6225.34
1302702,Manicoré,AM,1973,2741.09,1264.43,31.43,21.98,88.34,0.41,1.07,6052.29
1302702,Manicoré,AM,1974,2478.44,1205.98,30.73,20.7,88.18,0.39,0.93,5899.44
1302702,Manicoré,AM,1975,2449.91,1262.54,31.49,21.01,86.91,0.45,1.0,6059.36
1302702,Manicoré,AM,1976,2445.26,1281.57,31.63,21.29,86.36,0.48,0.88,6159.21
1302702,Manicoré,AM,1977,2584.8,1202.4,30.9,21.56,87.89,0.42,0.79,5821.06
1302702,Manicoré,AM,1978,3082.77,1157.56,31.05,21.57,88.14,0.41,0.58,5597.68
1302702,Manicoré,AM,1979,2810.94,1209.15,31.63,21.74,85.99,0.5,0.66,5768.59
1302702,Manicoré,AM,1980,2331.45,1235.36,31.72,21.73,86.34,0.48,0.68,5915.41
1302801,Maraã,AM,1961,2549.34,1292.94,30.89,22.37,86.91,0.46,0.57,6336.62
1302801,Maraã,AM,1962,2520.18,1301.48,30.85,22.31,89.05,0.38,0.54,6412.17
1302801,Maraã,AM,1963,2607.57,1297.19,31.06,21.84,86.82,0.46,0.68,6346.83
1302801,Maraã,AM,1964,2618.37,1235.31,30.89,22.01,88.07,0.42,0.57,6031.18
1302801,Maraã,AM,1965,2705.88,1301.28,31.29,21.47,88.82,0.39,0.83,6379.34
1302801,Maraã,AM,1966,2051.18,1292.02,31.11,21.37,88.95,0.38,0.86,6346.04
1302801,Maraã,AM,1967,2247.57,1291.3,31.12,21.64,89.91,0.35,0.79,6351.7
1302801,Maraã,AM,1968,2137.62,1299.08,31.21,21.74,89.77,0.36,0.85,6369.23
1302801,Maraã,AM,1969,2146.09,1336.29,31.77,22.69,88.95,0.4,0.75,6462.13
1302801,Maraã,AM,1970,2364.79,1324.46,31.28,22.62,87.12,0.46,1.19,6297.66
1302801,Maraã,AM,1971,2638.99,1271.54,30.72,22.3,87.7,0.43,1.38,6074.91
1302801,Maraã,AM,1972,2385.88,1336.13,31.37,22.61,87.14,0.46,1.5,6311.27
1302801,Maraã,AM,1973,2754.6,1286.59,29.28,23.3,86.59,0.46,1.34,6259.33
1302801,Maraã,AM,1974,2507.98,1267.55,30.93,22.35,87.77,0.43,1.21,6054.49
1302801,Maraã,AM,1975,2801.65,1259.0,31.07,22.27,87.54,0.44,1.12,5996.05
1302801,Maraã,AM,1976,2730.25,1280.19,31.24,22.13,87.25,0.45,1.12,6096.37
1302801,Maraã,AM,1977,2702.51,1264.38,31.22,22.18,87.33,0.45,1.03,6020.56
1302801,Maraã,AM,1978,2648.36,1225.33,31.02,22.48,87.54,0.44,0.97,5819.96
1302801,Maraã,AM,1979,2544.2,1217.55,31.43,22.56,86.53,0.48,0.91,5698.37
1302801,Maraã,AM,1980,2264.25,1269.09,31.85,22.61,86.17,0.5,0.85,5957.98
1302900,Maués,AM,1961,2389.67,1346.93,31.68,21.91,84.72,0.54,0.84,6475.01
1302900,Maués,AM,1962,2755.69,1349.13,31.76,22.16,85.29,0.53,0.97,6407.78
1302900,Maués,AM,1963,2314.65,1359.88,32.29,21.93,83.95,0.59,0.96,6371.65
1302900,Maués,AM,1964,2765.46,1325.44,31.93,22.15,84.89,0.54,0.98,6233.98
1302900,Maués,AM,1965,2439.86,1382.04,32.18,22.25,84.08,0.58,1.05,6468.88
1302900,Maués,AM,1966,2176.46,1320.27,32.32,21.69,84.69,0.55,0.77,6258.7
1302900,Maués,AM,1967,2161.34,1360.55,32.26,21.85,84.47,0.56,1.22,6238.44
1302900,Maués,AM,1968,2536.44,1318.94,31.57,21.78,86.29,0.49,1.35,6176.02
1302900,Maués,AM,1969,2184.54,1420.84,32.56,22.48,84.05,0.59,1.43,6408.72
1302900,Maués,AM,1970,2240.19,1368.79,32.27,22.18,86.87,0.48,1.11,6491.82
1302900,Maués,AM,1971,2180.79,1305.48,31.34,21.75,86.48,0.48,0.98,6269.38
1302900,Maués,AM,1972,2572.64,1342.89,31.84,21.88,85.46,0.52,1.0,6372.22
1302900,Maués,AM,1973,2547.92,1287.61,31.0,22.86,86.18,0.49,1.16,6098.79
1302900,Maués,AM,1974,2359.69,1264.48,30.5,22.33,84.81,0.53,0.99,6063.76
1302900,Maués,AM,1975,2286.17,1314.54,31.82,22.12,84.15,0.57,0.96,6176.07
1302900,Maués,AM,1976,2141.87,1355.58,31.57,22.49,82.98,0.62,1.07,6329.8
1302900,Maués,AM,1977,2480.56,1257.06,31.06,22.58,84.89,0.54,0.88,5955.52
1302900,Maués,AM,1978,2481.73,1245.19,30.99,22.61,83.89,0.58,0.89,5856.4
1302900,Maués,AM,1979,2155.89,1291.35,31.39,22.91,83.41,0.6,0.85,6065.64
1302900,Maués,AM,1980,1969.55,1309.78,31.44,22.45,85.65,0.52,0.92,6234.45
1303007,Nhamundá,AM,1961,2395.44,1392.48,31.03,21.9,83.76,0.57,1.13,6686.29
1303007,Nhamundá,AM,1962,2657.18,1389.72,31.24,21.99,84.73,0.54,1.27,6584.66
1303007,Nhamundá,AM,1963,2307.06,1389.67,31.6,22.04,83.64,0.59,1.25,6487.1
1303007,Nhamundá,AM,1964,2555.97,1360.09,31.46,21.94,84.31,0.56,1.31,6350.54
1303007,Nhamundá,AM,1965,2213.0,1437.63,31.76,22.05,82.91,0.62,1.39,6662.88
1303007,Nhamundá,AM,1966,2197.09,1365.0,31.92,21.73,83.67,0.58,1.14,6364.89
1303007,Nhamundá,AM,1967,2000.47,1372.11,31.63,22.57,84.19,0.58,1.25,6344.47
1303007,Nhamundá,AM,1968,2538.11,1334.5,31.18,22.41,86.06,0.5,1.29,6286.45
1303007,Nhamundá,AM,1969,2180.2,1432.05,32.15,23.12,84.08,0.6,1.38,6535.33
1303007,Nhamundá,AM,1970,2687.52,1389.31,31.59,22.96,85.4,0.54,1.26,6525.28
1303007,Nhamundá,AM,1971,2458.87,1341.56,30.9,22.06,84.88,0.53,1.31,6341.17
1303007,Nhamundá,AM,1972,2295.48,1377.54,31.21,21.83,83.82,0.57,1.25,6476.84
1303007,Nhamundá,AM,1973,2661.39,1308.55,30.64,23.24,85.18,0.53,1.29,6145.44
1303007,Nhamundá,AM,1974,2436.87,1296.83,30.15,22.95,84.05,0.56,1.2,6120.78
1303007,Nhamundá,AM,1975,2649.45,1323.39,30.96,22.66,83.19,0.6,1.14,6162.72
1303007,Nhamundá,AM,1976,2303.99,1395.96,31.1,22.8,82.99,0.62,1.27,6487.99
1303007,Nhamundá,AM,1977,2415.56,1296.26,30.66,23.02,84.72,0.55,1.08,6104.6
1303007,Nhamundá,AM,1978,2411.44,1289.71,31.01,22.9,84.57,0.56,1.2,5967.3
1303007,Nhamundá,AM,1979,2210.66,1306.45,31.23,23.22,83.56,0.6,1.04,6062.81
1303007,Nhamundá,AM,1980,1740.07,1337.06,31.49,22.93,85.46,0.53,1.13,6259.9
1303106,Nova Olinda do Norte,AM,1961,2399.98,1363.57,31.66,22.34,85.01,0.54,0.92,6534.54
1303106,Nova Olinda do Norte,AM,1962,2678.28,1370.43,31.77,22.51,85.18,0.54,1.09,6457.89
1303106,Nova Olinda do Norte,AM,1963,2300.48,1380.41,32.17,22.58,83.89,0.6,1.1,6404.63
1303106,Nova Olinda do Norte,AM,1964,2638.33,1346.52,31.91,22.64,84.75,0.56,1.13,6269.64
1303106,Nova Olinda do Norte,AM,1965,2314.49,1404.46,32.13,22.86,84.12,0.59,1.19,6509.41
1303106,Nova Olinda do Norte,AM,1966,2187.28,1341.15,32.18,22.51,84.71,0.56,0.91,6300.01
1303106,Nova Olinda do Norte,AM,1967,2121.7,1370.78,32.19,22.63,84.34,0.58,1.23,6266.24
1303106,Nova Olinda do Norte,AM,1968,2606.23,1328.0,31.54,22.47,86.22,0.5,1.34,6206.8
1303106,Nova Olinda do Norte,AM,1969,2167.69,1430.41,32.51,23.2,83.91,0.61,1.38,6465.58
1303106,Nova Olinda do Norte,AM,1970,2310.64,1375.95,32.05,22.91,86.78,0.49,1.14,6507.68
1303106,Nova Olinda do Norte,AM,1971,2212.58,1304.71,30.94,22.28,86.83,0.47,1.04,6282.26
1303106,Nova Olinda do Norte,AM,1972,2290.26,1352.36,31.46,22.56,85.25,0.54,1.09,6398.29
1303106,Nova Olinda do Norte,AM,1973,2707.92,1292.99,30.82,23.61,85.93,0.51,1.19,6089.52
1303106,Nova Olinda do Norte,AM,1974,2574.98,1278.76,30.63,22.83,84.48,0.55,1.06,6053.7
1303106,Nova Olinda do Norte,AM,1975,2288.49,1316.89,31.52,22.71,83.78,0.59,1.0,6168.38
1303106,Nova Olinda do Norte,AM,1976,2130.36,1360.39,31.46,22.9,83.05,0.62,1.09,6355.41
1303106,Nova Olinda do Norte,AM,1977,2231.8,1252.45,31.07,22.94,84.73,0.56,0.93,5879.81
1303106,Nova Olinda do Norte,AM,1978,2323.16,1243.19,31.18,22.76,83.93,0.58,0.95,5784.3
1303106,Nova Olinda do Norte,AM,1979,2152.36,1292.12,31.63,23.21,83.4,0.61,0.92,5999.35
1303106,Nova Olinda do Norte,AM,1980,1940.86,1300.61,31.51,22.29,85.4,0.52,0.98,6155.6
1303205,Novo Airão,AM,1961,2230.73,1364.08,31.4,22.29,84.52,0.55,0.97,6539.89
1303205,Novo Airão,AM,1962,2369.69,1345.91,31.42,22.34,87.54,0.45,0.97,6501.87
1303205,Novo Airão,AM,1963,2257.82,1376.16,31.81,22.45,84.47,0.57,1.14,6442.96
1303205,Novo Airão,AM,1964,2608.78,1311.26,31.33,22.48,85.68,0.51,1.13,6186.86
1303205,Novo Airão,AM,1965,2736.5,1388.49,32.2,22.24,86.1,0.51,1.33,6502.66
1303205,Novo Airão,AM,1966,2365.87,1351.23,32.02,22.16,86.91,0.47,1.28,6369.92
1303205,Novo Airão,AM,1967,2019.44,1329.28,31.62,22.34,87.62,0.45,1.1,6346.98
1303205,Novo Airão,AM,1968,2320.25,1307.47,31.24,22.12,89.07,0.39,1.11,6331.69
1303205,Novo Airão,AM,1969,2201.05,1386.29,32.19,22.86,87.76,0.45,1.02,6608.22
1303205,Novo Airão,AM,1970,2398.11,1346.98,31.25,22.55,86.38,0.49,1.25,6400.71
1303205,Novo Airão,AM,1971,2685.6,1293.14,30.84,22.2,86.83,0.46,1.45,6124.55
1303205,Novo Airão,AM,1972,2221.96,1341.71,31.39,22.36,86.74,0.48,1.55,6321.16
1303205,Novo Airão,AM,1973,2489.35,1290.12,29.81,23.19,86.01,0.49,1.34,6188.17
1303205,Novo Airão,AM,1974,2321.99,1267.45,30.79,22.2,86.39,0.48,1.11,6058.89
1303205,Novo Airão,AM,1975,2359.34,1267.4,30.99,22.25,85.86,0.5,1.14,5993.38
1303205,Novo Airão,AM,1976,2358.3,1317.76,31.24,22.04,85.15,0.53,1.3,6196.91
1303205,Novo Airão,AM,1977,2261.96,1253.37,31.34,21.43,86.73,0.46,1.13,5928.35
1303205,Novo Airão,AM,1978,2458.24,1231.31,31.02,22.11,86.79,0.46,1.07,5825.77
1303205,Novo Airão,AM,1979,2429.94,1264.79,31.5,22.27,84.77,0.54,1.02,5893.94
1303205,Novo Airão,AM,1980,2080.92,1302.0,31.83,22.16,84.84,0.54,1.0,6095.27
1303304,Novo Aripuanã,AM,1961,2416.72,1355.48,32.33,21.62,83.19,0.61,0.85,6436.84
1303304,Novo Aripuanã,AM,1962,2542.62,1349.44,32.33,21.82,84.77,0.55,0.9,6406.05
1303304,Novo Aripuanã,AM,1963,2035.37,1385.57,33.04,21.64,81.93,0.67,0.93,6420.81
1303304,Novo Aripuanã,AM,1964,2645.14,1322.37,32.5,21.89,84.2,0.57,0.93,6173.66
1303304,Novo Aripuanã,AM,1965,2299.77,1365.77,32.77,21.87,84.26,0.58,0.97,6384.21
1303304,Novo Aripuanã,AM,1966,1944.63,1325.49,32.86,21.71,84.1,0.58,0.81,6214.24
1303304,Novo Aripuanã,AM,1967,2029.41,1335.72,32.46,21.76,85.62,0.52,1.15,6203.41
1303304,Novo Aripuanã,AM,1968,2655.4,1298.72,31.83,21.9,87.57,0.44,1.24,6133.92
1303304,Novo Aripuanã,AM,1969,2270.17,1383.17,32.85,22.73,85.91,0.53,1.28,6322.64
1303304,Novo Aripuanã,AM,1970,2129.47,1357.89,32.37,22.4,87.06,0.48,1.04,6440.29
1303304,Novo Aripuanã,AM,1971,2587.1,1280.91,30.98,22.08,86.65,0.47,1.13,6139.0
1303304,Novo Aripuanã,AM,1972,2546.62,1297.03,31.52,21.9,86.31,0.48,1.01,6203.35
1303304,Novo Aripuanã,AM,1973,2713.87,1266.17,31.32,22.02,87.29,0.45,1.1,6035.32
1303304,Novo Aripuanã,AM,1974,2413.61,1220.93,30.63,21.06,86.45,0.45,0.99,5918.92
1303304,Novo Aripuanã,AM,1975,2451.43,1268.11,31.68,21.18,86.32,0.48,1.02,6032.81
1303304,Novo Aripuanã,AM,1976,2497.82,1293.81,31.56,21.33,85.21,0.52,0.93,6191.88
1303304,Novo Aripuanã,AM,1977,2675.81,1205.57,30.99,21.5,87.15,0.44,0.86,5800.01
1303304,Novo Aripuanã,AM,1978,2780.88,1175.48,31.02,21.58,87.27,0.44,0.69,5669.31
1303304,Novo Aripuanã,AM,1979,2732.12,1221.69,31.58,21.85,85.49,0.51,0.72,5813.52
1303304,Novo Aripuanã,AM,1980,2240.01,1250.41,31.65,21.83,86.43,0.48,0.79,5971.8
1303403,Parintins,AM,1961,2411.53,1380.41,31.44,22.13,84.72,0.54,1.11,6604.92
1303403,Parintins,AM,1962,2716.18,1388.03,31.71,22.29,84.7,0.56,1.25,6507.06
1303403,Parintins,AM,1963,2336.58,1386.5,32.07,22.2,83.89,0.59,1.18,6457.26
1303403,Parintins,AM,1964,2496.94,1377.49,32.02,22.1,84.12,0.58,1.24,6391.07
1303403,Parintins,AM,1965,2116.9,1444.33,32.33,22.19,82.7,0.64,1.25,6672.47
1303403,Parintins,AM,1966,2097.27,1367.3,32.6,21.71,83.5,0.6,0.97,6363.48
1303403,Parintins,AM,1967,1971.69,1411.01,32.14,23.66,82.89,0.66,1.26,6358.29
1303403,Parintins,AM,1968,2476.54,1375.95,31.75,23.54,84.56,0.58,1.34,6307.03
1303403,Parintins,AM,1969,2131.29,1475.76,32.72,24.27,83.07,0.67,1.44,6547.27
1303403,Parintins,AM,1970,2609.93,1407.63,31.99,24.03,85.51,0.56,1.17,6546.8
1303403,Parintins,AM,1971,2295.79,1344.07,30.79,23.64,86.02,0.52,1.18,6352.95
1303403,Parintins,AM,1972,2460.15,1391.36,31.34,23.92,84.84,0.58,1.2,6471.34
1303403,Parintins,AM,1973,2558.89,1321.39,31.07,23.97,85.73,0.53,1.26,6158.79
1303403,Parintins,AM,1974,2252.84,1337.06,30.7,23.74,84.64,0.57,1.17,6288.08
1303403,Parintins,AM,1975,2434.07,1363.98,30.91,23.75,83.68,0.61,1.11,6388.45
1303403,Parintins,AM,1976,2265.26,1435.32,31.43,24.01,83.38,0.64,1.22,6634.08
1303403,Parintins,AM,1977,2397.7,1337.98,31.33,24.2,84.94,0.58,1.0,6232.47
1303403,Parintins,AM,1978,2204.07,1326.26,31.58,24.31,84.22,0.61,1.09,6055.43
1303403,Parintins,AM,1979,2209.93,1335.16,31.76,24.37,83.51,0.64,0.96,6129.1
1303403,Parintins,AM,1980,1792.38,1367.41,32.24,24.6,85.6,0.57,0.97,6293.99
1303502,Pauini,AM,1961,2334.3,1271.39,30.47,20.3,83.51,0.54,0.8,6267.03
1303502,Pauini,AM,1962,2494.52,1275.89,30.41,20.47,85.2,0.48,0.93,6302.37
1303502,Pauini,AM,1963,2185.84,1295.09,30.67,20.19,82.61,0.57,1.03,6285.09
1303502,Pauini,AM,1964,2476.26,1228.35,30.17,20.27,84.53,0.5,0.97,5988.14
1303502,Pauini,AM,1965,2485.66,1254.6,30.35,20.17,85.04,0.49,0.95,6176.86
1303502,Pauini,AM,1966,2451.72,1272.93,30.68,20.38,84.43,0.51,0.89,6222.88
1303502,Pauini,AM,1967,2563.27,1282.19,30.73,20.72,84.82,0.51,0.88,6275.35
1303502,Pauini,AM,1968,2356.47,1263.3,30.48,20.85,86.39,0.45,0.89,6213.25
1303502,Pauini,AM,1969,2102.11,1293.7,31.43,20.76,84.91,0.51,0.92,6233.25
1303502,Pauini,AM,1970,1862.84,1306.24,31.56,20.68,85.88,0.48,0.98,6277.71
1303502,Pauini,AM,1971,1948.44,1208.69,30.59,20.35,86.97,0.43,0.92,5895.04
1303502,Pauini,AM,1972,2156.19,1221.44,30.89,20.2,86.01,0.46,0.81,5954.52
1303502,Pauini,AM,1973,2098.42,1186.02,30.09,20.63,86.87,0.43,0.92,5792.62
1303502,Pauini,AM,1974,2321.56,1134.22,29.5,20.14,86.57,0.42,0.75,5619.99
1303502,Pauini,AM,1975,2251.56,1168.26,30.45,19.36,86.58,0.42,0.7,5774.25
1303502,Pauini,AM,1976,2067.34,1179.57,30.76,19.07,85.48,0.46,0.68,5820.53
1303502,Pauini,AM,1977,2467.51,1124.4,31.32,20.21,86.95,0.43,0.57,5427.24
1303502,Pauini,AM,1978,2184.8,1062.57,31.05,20.16,86.76,0.44,0.49,5105.21
1303502,Pauini,AM,1979,2397.25,1118.82,31.39,19.83,85.88,0.47,0.51,5422.53
1303502,Pauini,AM,1980,2235.25,1169.74,31.38,20.41,85.95,0.47,0.6,5652.13
1303536,Presidente Figueiredo,AM,1961,2235.2,1403.8,31.45,22.32,83.48,0.59,1.32,6606.18
1303536,Presidente Figueiredo,AM,1962,2473.88,1374.72,31.46,22.37,85.67,0.52,1.2,6516.32
1303536,Presidente Figueiredo,AM,1963,2297.39,1386.04,31.81,22.58,84.4,0.58,1.24,6430.4
1303536,Presidente Figueiredo,AM,1964,2660.08,1345.04,31.52,22.57,85.09,0.54,1.27,6276.71
1303536,Presidente Figueiredo,AM,1965,2586.54,1418.79,31.86,22.54,84.16,0.58,1.42,6575.86
1303536,Presidente Figueiredo,AM,1966,2336.89,1351.59,31.83,22.41,85.08,0.54,1.21,6312.9
1303536,Presidente Figueiredo,AM,1967,2058.49,1346.68,31.75,22.63,85.73,0.52,1.17,6293.26
1303536,Presidente Figueiredo,AM,1968,2424.96,1315.61,31.2,22.44,87.38,0.45,1.19,6274.2
1303536,Presidente Figueiredo,AM,1969,2215.49,1403.8,32.15,23.21,85.67,0.54,1.19,6542.56
1303536,Presidente Figueiredo,AM,1970,2609.15,1373.55,31.49,22.86,85.93,0.51,1.17,6511.45
1303536,Presidente Figueiredo,AM,1971,2671.59,1315.61,30.83,22.54,86.9,0.47,1.36,6246.76
1303536,Presidente Figueiredo,AM,1972,2395.05,1367.92,31.39,22.86,86.39,0.5,1.52,6425.47
1303536,Presidente Figueiredo,AM,1973,2627.95,1312.69,30.6,23.48,86.13,0.5,1.46,6191.15
1303536,Presidente Figueiredo,AM,1974,2393.21,1302.66,30.77,22.76,85.14,0.53,1.35,6107.58
1303536,Presidente Figueiredo,AM,1975,2379.86,1340.43,31.0,22.76,83.71,0.58,1.41,6196.49
1303536,Presidente Figueiredo,AM,1976,2241.32,1360.39,31.21,22.81,84.0,0.58,1.43,6294.46
1303536,Presidente Figueiredo,AM,1977,2120.65,1255.98,31.06,22.28,85.71,0.51,1.13,5887.66
1303536,Presidente Figueiredo,AM,1978,2461.07,1236.18,31.03,22.55,85.41,0.52,1.09,5763.41
1303536,Presidente Figueiredo,AM,1979,2643.32,1286.28,31.52,22.77,83.94,0.58,1.0,5969.03
1303536,Presidente Figueiredo,AM,1980,1972.82,1312.95,31.6,22.4,84.23,0.57,0.96,6166.59
1303569,Rio Preto da Eva,AM,1961,2347.45,1380.15,31.38,22.17,84.82,0.54,1.05,6605.55
1303569,Rio Preto da Eva,AM,1962,2556.4,1371.76,31.39,22.34,85.55,0.52,1.16,6503.91
1303569,Rio Preto da Eva,AM,1963,2221.24,1387.52,31.71,22.59,83.86,0.6,1.23,6421.91
1303569,Rio Preto da Eva,AM,1964,2593.02,1345.5,31.47,22.62,84.73,0.55,1.25,6262.26
1303569,Rio Preto da Eva,AM,1965,2362.19,1410.24,31.53,22.9,83.96,0.59,1.34,6541.77
1303569,Rio Preto da Eva,AM,1966,2233.74,1350.11,31.42,22.92,84.7,0.56,1.11,6344.47
1303569,Rio Preto da Eva,AM,1967,2052.12,1352.87,31.63,22.84,85.24,0.55,1.17,6291.53
1303569,Rio Preto da Eva,AM,1968,2550.63,1312.54,30.97,22.64,87.08,0.46,1.23,6241.68
1303569,Rio Preto da Eva,AM,1969,2093.19,1410.76,31.93,23.39,84.72,0.58,1.23,6531.56
1303569,Rio Preto da Eva,AM,1970,2432.35,1375.7,31.27,23.0,86.93,0.48,1.19,6563.92
1303569,Rio Preto da Eva,AM,1971,2524.01,1324.0,30.74,22.64,87.11,0.46,1.24,6345.57
1303569,Rio Preto da Eva,AM,1972,2280.55,1362.18,31.21,23.03,85.99,0.52,1.21,6437.72
1303569,Rio Preto da Eva,AM,1973,2763.3,1308.8,30.92,23.39,86.27,0.5,1.21,6168.38
1303569,Rio Preto da Eva,AM,1974,2507.4,1280.19,30.79,22.85,85.55,0.52,1.0,6081.51
1303569,Rio Preto da Eva,AM,1975,2331.12,1293.24,30.81,22.71,84.91,0.54,1.05,6108.84
1303569,Rio Preto da Eva,AM,1976,2177.32,1341.87,31.08,22.94,83.71,0.6,1.2,6251.58
1303569,Rio Preto da Eva,AM,1977,2169.08,1240.07,30.86,22.26,85.35,0.52,1.08,5810.69
1303569,Rio Preto da Eva,AM,1978,2280.56,1224.92,30.91,22.42,84.98,0.53,1.1,5682.04
1303569,Rio Preto da Eva,AM,1979,2473.55,1278.15,31.35,22.77,83.59,0.6,1.05,5897.72
1303569,Rio Preto da Eva,AM,1980,1916.72,1302.66,31.33,22.31,84.92,0.54,1.09,6116.48
1303601,Santa Isabel do Rio Negro,AM,1961,2927.94,1287.72,30.66,22.16,87.6,0.43,0.67,6322.64
1303601,Santa Isabel do Rio Negro,AM,1962,2833.47,1299.33,30.93,21.99,89.43,0.37,0.56,6405.11
1303601,Santa Isabel do Rio Negro,AM,1963,2983.99,1284.65,30.84,21.73,88.41,0.4,0.62,6328.45
1303601,Santa Isabel do Rio Negro,AM,1964,2886.2,1249.18,31.11,21.46,87.97,0.42,0.6,6092.13
1303601,Santa Isabel do Rio Negro,AM,1965,2834.31,1306.65,31.44,20.17,87.19,0.43,0.87,6404.95
1303601,Santa Isabel do Rio Negro,AM,1966,2546.17,1289.56,31.25,19.72,87.63,0.41,0.92,6344.94
1303601,Santa Isabel do Rio Negro,AM,1967,2964.26,1308.34,31.33,21.34,88.61,0.4,0.91,6383.43
1303601,Santa Isabel do Rio Negro,AM,1968,2888.1,1310.95,31.15,21.49,89.17,0.38,0.99,6417.3
1303601,Santa Isabel do Rio Negro,AM,1969,2718.01,1330.96,31.62,22.19,88.84,0.4,0.94,6439.82
1303601,Santa Isabel do Rio Negro,AM,1970,2751.22,1275.89,30.92,22.3,88.31,0.41,0.95,6169.16
1303601,Santa Isabel do Rio Negro,AM,1971,3155.36,1224.61,30.26,21.94,88.78,0.38,1.07,5955.21
1303601,Santa Isabel do Rio Negro,AM,1972,2926.15,1289.15,30.96,21.86,88.15,0.41,1.15,6230.37
1303601,Santa Isabel do Rio Negro,AM,1973,2861.01,1269.75,28.87,22.39,86.02,0.46,1.16,6282.42
1303601,Santa Isabel do Rio Negro,AM,1974,2732.01,1268.42,30.75,21.67,87.32,0.44,1.05,6128.48
1303601,Santa Isabel do Rio Negro,AM,1975,2774.3,1228.35,30.62,21.69,87.77,0.42,0.98,5929.29
1303601,Santa Isabel do Rio Negro,AM,1976,2860.68,1228.35,30.87,21.6,87.4,0.44,1.11,5863.57
1303601,Santa Isabel do Rio Negro,AM,1977,2815.36,1227.48,31.5,22.05,86.57,0.48,1.0,5731.05
1303601,Santa Isabel do Rio Negro,AM,1978,2613.26,1169.13,31.11,22.07,87.34,0.45,0.98,5484.11
1303601,Santa Isabel do Rio Negro,AM,1979,2852.95,1179.42,31.62,22.17,86.67,0.47,0.96,5452.22
1303601,Santa Isabel do Rio Negro,AM,1980,2362.94,1247.59,31.71,22.51,85.96,0.51,0.96,5797.91
1303700,Santo Antônio do Içá,AM,1961,3085.56,1260.13,30.31,21.75,87.63,0.42,0.8,6201.21
1303700,Santo Antônio do Içá,AM,1962,3203.72,1264.53,30.38,21.73,87.89,0.41,0.73,6246.45
1303700,Santo Antônio do Içá,AM,1963,2855.5,1267.86,30.42,21.79,87.04,0.45,0.79,6225.87
1303700,Santo Antônio do Içá,AM,1964,3007.69,1213.96,30.29,21.45,88.13,0.4,0.73,5967.25
1303700,Santo Antônio do Içá,AM,1965,3099.19,1250.76,30.32,21.21,88.27,0.39,0.74,6208.9
1303700,Santo Antônio do Içá,AM,1966,2797.16,1263.41,30.45,21.82,88.29,0.4,0.77,6222.88
1303700,Santo Antônio do Içá,AM,1967,2960.74,1293.81,30.76,22.06,87.66,0.43,0.78,6325.78
1303700,Santo Antônio do Içá,AM,1968,3237.7,1312.9,31.95,21.68,87.35,0.45,0.84,6292.57
1303700,Santo Antônio do Içá,AM,1969,2818.06,1287.82,31.27,21.89,86.78,0.46,0.83,6209.85
1303700,Santo Antônio do Içá,AM,1970,3242.02,1257.11,31.03,21.96,87.5,0.44,0.85,6064.23
1303700,Santo Antônio do Içá,AM,1971,3642.55,1209.0,30.71,21.78,87.75,0.42,0.86,5825.77
1303700,Santo Antônio do Içá,AM,1972,2847.14,1245.29,31.08,21.37,85.87,0.49,0.88,5964.26
1303700,Santo Antônio do Içá,AM,1973,3089.11,1236.38,31.04,21.64,86.18,0.48,0.76,5952.85
1303700,Santo Antônio do Içá,AM,1974,3061.35,1203.06,30.95,21.2,86.77,0.45,0.86,5772.99
1303700,Santo Antônio do Içá,AM,1975,3344.08,1197.07,31.21,21.47,86.94,0.45,0.74,5732.3
1303700,Santo Antônio do Içá,AM,1976,2924.8,1171.94,31.32,21.48,87.75,0.43,0.66,5613.96
1303700,Santo Antônio do Içá,AM,1977,3018.78,1141.24,31.38,22.0,87.11,0.46,0.62,5391.11
1303700,Santo Antônio do Içá,AM,1978,3237.28,1115.29,31.11,21.71,86.26,0.48,0.65,5261.83
1303700,Santo Antônio do Içá,AM,1979,2414.67,1141.34,31.38,21.9,85.95,0.49,0.71,5348.7
1303700,Santo Antônio do Içá,AM,1980,2623.67,1191.29,31.63,22.1,85.58,0.51,0.74,5580.19
1303809,São Gabriel da Cachoeira,AM,1961,3651.36,1240.17,30.15,21.53,88.89,0.38,0.67,6143.08
1303809,São Gabriel da Cachoeira,AM,1962,3417.03,1252.5,30.32,21.29,89.65,0.35,0.55,6240.01
1303809,São Gabriel da Cachoeira,AM,1963,3296.84,1264.12,31.87,19.91,89.14,0.37,0.58,6214.24
1303809,São Gabriel da Cachoeira,AM,1964,3340.59,1228.3,31.35,19.91,88.34,0.39,0.58,6051.29
1303809,São Gabriel da Cachoeira,AM,1965,3249.2,1262.94,30.8,20.53,88.18,0.39,0.8,6239.85
1303809,São Gabriel da Cachoeira,AM,1966,2885.72,1279.99,30.74,21.89,88.8,0.39,0.81,6262.0
1303809,São Gabriel da Cachoeira,AM,1967,3382.49,1286.95,30.51,21.67,89.15,0.37,0.79,6363.79
1303809,São Gabriel da Cachoeira,AM,1968,3436.25,1289.51,30.58,21.72,89.06,0.38,0.76,6357.76
1303809,São Gabriel da Cachoeira,AM,1969,3243.56,1297.24,31.38,22.39,88.23,0.42,0.77,6261.21
1303809,São Gabriel da Cachoeira,AM,1970,3491.62,1259.52,31.34,22.0,88.41,0.41,0.8,6063.28
1303809,São Gabriel da Cachoeira,AM,1971,4127.5,1212.48,30.75,21.67,88.96,0.38,0.91,5866.14
1303809,São Gabriel da Cachoeira,AM,1972,3620.45,1247.44,31.01,21.99,88.4,0.41,0.96,5990.34
1303809,São Gabriel da Cachoeira,AM,1973,3538.79,1266.78,31.47,22.16,87.09,0.46,1.17,5947.36
1303809,São Gabriel da Cachoeira,AM,1974,3650.87,1240.43,30.87,21.92,87.31,0.44,0.99,5931.8
1303809,São Gabriel da Cachoeira,AM,1975,3840.42,1192.21,30.8,21.93,88.29,0.41,0.79,5721.78
1303809,São Gabriel da Cachoeira,AM,1976,3634.09,1187.15,30.79,22.06,87.64,0.43,0.85,5665.64
1303809,São Gabriel da Cachoeira,AM,1977,3413.52,1149.99,30.73,22.46,87.15,0.45,0.76,5434.47
1303809,São Gabriel da Cachoeira,AM,1978,3489.0,1109.09,30.61,22.33,87.8,0.43,0.71,5243.14
1303809,São Gabriel da Cachoeira,AM,1979,3091.24,1129.41,31.02,22.26,86.59,0.47,0.77,5262.77
1303809,São Gabriel da Cachoeira,AM,1980,2795.32,1214.99,31.68,22.29,86.53,0.49,0.93,5654.96
1303908,São Paulo de Olivença,AM,1961,2838.9,1241.55,30.12,20.33,87.95,0.39,0.8,6226.03
1303908,São Paulo de Olivença,AM,1962,3134.85,1245.85,30.06,20.35,87.85,0.39,0.8,6260.43
1303908,São Paulo de Olivença,AM,1963,2742.85,1251.17,30.14,20.29,86.51,0.44,0.87,6241.89
1303908,São Paulo de Olivença,AM,1964,2939.49,1194.11,29.86,20.08,88.14,0.38,0.79,5975.26
1303908,São Paulo de Olivença,AM,1965,3237.65,1231.16,29.97,20.15,88.29,0.37,0.78,6201.99
1303908,São Paulo de Olivença,AM,1966,2939.1,1253.83,30.24,21.26,88.29,0.39,0.8,6223.67
1303908,São Paulo de Olivença,AM,1967,3011.84,1273.54,29.95,21.56,86.56,0.45,0.8,6311.8
1303908,São Paulo de Olivença,AM,1968,3106.48,1274.0,30.23,21.16,86.05,0.47,0.85,6267.75
1303908,São Paulo de Olivença,AM,1969,2698.09,1264.99,30.38,21.15,85.52,0.48,0.91,6166.33
1303908,São Paulo de Olivença,AM,1970,2666.65,1275.13,30.93,21.43,86.93,0.45,1.08,6125.49
1303908,São Paulo de Olivença,AM,1971,2582.6,1207.0,30.64,21.45,87.66,0.42,1.0,5805.19
1303908,São Paulo de Olivença,AM,1972,2655.12,1223.84,30.73,20.56,85.29,0.49,0.82,5933.63
1303908,São Paulo de Olivença,AM,1973,3133.95,1207.62,30.8,20.88,86.08,0.47,0.72,5851.85
1303908,São Paulo de Olivença,AM,1974,3030.15,1167.29,30.6,20.55,86.1,0.46,0.78,5631.92
1303908,São Paulo de Olivença,AM,1975,3242.71,1181.87,31.11,20.93,85.9,0.48,0.65,5687.06
1303908,São Paulo de Olivença,AM,1976,2677.92,1170.31,31.47,19.98,86.29,0.46,0.5,5713.08
1303908,São Paulo de Olivença,AM,1977,2871.82,1132.18,31.61,21.02,86.51,0.47,0.45,5422.69
1303908,São Paulo de Olivença,AM,1978,3020.19,1103.41,31.32,20.88,85.29,0.5,0.54,5236.85
1303908,São Paulo de Olivença,AM,1979,2481.62,1135.96,31.36,21.18,85.42,0.5,0.56,5411.06
1303908,São Paulo de Olivença,AM,1980,2373.74,1169.18,31.53,21.3,85.31,0.51,0.52,5590.08
1303957,São Sebastião do Uatumã,AM,1961,2364.35,1377.03,31.03,21.97,83.98,0.56,1.1,6601.31
1303957,São Sebastião do Uatumã,AM,1962,2587.52,1374.67,31.2,22.07,85.2,0.53,1.22,6525.75
1303957,São Sebastião do Uatumã,AM,1963,2334.11,1379.94,31.5,22.21,83.84,0.59,1.22,6439.51
1303957,São Sebastião do Uatumã,AM,1964,2584.41,1353.33,31.31,22.21,84.47,0.55,1.29,6325.25
1303957,São Sebastião do Uatumã,AM,1965,2304.86,1420.28,31.57,22.35,83.75,0.59,1.4,6597.06
1303957,São Sebastião do Uatumã,AM,1966,2277.92,1350.52,31.53,22.24,84.63,0.55,1.17,6327.5
1303957,São Sebastião do Uatumã,AM,1967,2090.32,1355.12,31.45,22.4,84.65,0.56,1.24,6302.68
1303957,São Sebastião do Uatumã,AM,1968,2551.67,1319.24,30.9,22.17,86.38,0.48,1.27,6266.66
1303957,São Sebastião do Uatumã,AM,1969,2178.61,1417.82,31.88,22.89,84.42,0.58,1.33,6554.49
1303957,São Sebastião do Uatumã,AM,1970,2551.83,1375.8,31.29,22.66,86.34,0.49,1.21,6545.54
1303957,São Sebastião do Uatumã,AM,1971,2444.2,1334.96,30.61,21.9,84.96,0.52,1.29,6362.06
1303957,São Sebastião do Uatumã,AM,1972,2308.24,1374.57,31.06,21.99,83.91,0.57,1.24,6484.69
1303957,São Sebastião do Uatumã,AM,1973,2736.19,1307.37,30.43,23.16,85.21,0.53,1.29,6177.02
1303957,São Sebastião do Uatumã,AM,1974,2448.06,1294.27,30.12,22.69,84.1,0.56,1.13,6171.67
1303957,São Sebastião do Uatumã,AM,1975,2544.74,1311.57,30.78,22.45,83.06,0.6,1.05,6178.27
1303957,São Sebastião do Uatumã,AM,1976,2248.89,1382.09,30.95,22.59,82.51,0.63,1.2,6470.87
1303957,São Sebastião do Uatumã,AM,1977,2219.83,1273.8,30.54,22.52,84.2,0.56,1.04,6002.49
1303957,São Sebastião do Uatumã,AM,1978,2357.66,1272.36,30.75,22.42,83.6,0.58,1.14,5906.51
1303957,São Sebastião do Uatumã,AM,1979,2185.12,1296.31,31.12,22.8,83.49,0.6,1.03,6034.7
1303957,São Sebastião do Uatumã,AM,1980,1806.73,1311.31,31.13,22.14,85.43,0.51,1.13,6205.39
1304005,Silves,AM,1961,2404.7,1376.11,31.45,22.33,84.85,0.54,1.03,6583.87
1304005,Silves,AM,1962,2656.22,1382.61,31.57,22.46,84.93,0.55,1.2,6503.76
1304005,Silves,AM,1963,2296.78,1386.5,31.91,22.57,83.78,0.6,1.19,6424.74
1304005,Silves,AM,1964,2551.05,1356.35,31.71,22.61,84.53,0.56,1.24,6300.27
1304005,Silves,AM,1965,2215.44,1418.64,31.92,22.82,83.84,0.6,1.29,6562.03
1304005,Silves,AM,1966,2171.34,1352.67,31.95,22.6,84.53,0.57,1.02,6335.83
1304005,Silves,AM,1967,2041.53,1375.85,31.95,22.76,84.05,0.59,1.25,6296.09
1304005,Silves,AM,1968,2615.13,1335.42,31.35,22.57,85.88,0.51,1.35,6247.33
1304005,Silves,AM,1969,2178.96,1437.11,32.31,23.3,83.58,0.62,1.37,6514.44
1304005,Silves,AM,1970,2511.54,1381.89,31.78,23.03,86.4,0.5,1.18,6525.28
1304005,Silves,AM,1971,2441.92,1325.54,30.75,22.07,85.14,0.52,1.17,6335.52
1304005,Silves,AM,1972,2395.5,1367.0,31.25,22.34,84.12,0.57,1.18,6428.77
1304005,Silves,AM,1973,2743.12,1296.47,30.38,23.7,85.31,0.53,1.28,6106.33
1304005,Silves,AM,1974,2467.91,1286.8,30.23,23.01,83.99,0.57,1.09,6106.64
1304005,Silves,AM,1975,2500.28,1314.23,31.09,22.8,83.05,0.61,0.98,6171.2
1304005,Silves,AM,1976,2225.36,1387.37,31.23,22.79,82.37,0.64,1.23,6442.59
1304005,Silves,AM,1977,2214.41,1278.15,30.8,22.92,84.22,0.57,1.05,5984.11
1304005,Silves,AM,1978,2350.1,1268.11,31.01,22.56,83.64,0.59,1.12,5868.18
1304005,Silves,AM,1979,2067.74,1299.23,31.48,23.11,83.45,0.61,1.02,6012.08
1304005,Silves,AM,1980,1935.18,1302.92,31.28,21.87,85.47,0.51,1.1,6175.7
1304062,Tabatinga,AM,1961,2926.15,1242.68,30.23,20.45,88.09,0.39,0.83,6210.63
1304062,Tabatinga,AM,1962,3282.79,1248.46,30.17,20.47,87.89,0.39,0.83,6252.1
1304062,Tabatinga,AM,1963,2794.01,1253.12,30.26,20.42,86.79,0.43,0.88,6233.25
1304062,Tabatinga,AM,1964,2975.73,1197.48,29.98,20.21,88.19,0.38,0.81,5973.53
1304062,Tabatinga,AM,1965,3250.65,1234.64,30.09,20.27,88.38,0.37,0.81,6201.05
1304062,Tabatinga,AM,1966,2936.87,1257.06,30.36,21.38,88.46,0.39,0.82,6221.31
1304062,Tabatinga,AM,1967,3033.8,1278.76,30.07,21.69,86.6,0.45,0.83,6316.19
1304062,Tabatinga,AM,1968,3179.63,1279.83,30.37,21.28,86.19,0.46,0.89,6275.14
1304062,Tabatinga,AM,1969,2825.69,1268.01,30.46,21.27,86.02,0.47,0.93,6177.17
1304062,Tabatinga,AM,1970,3034.04,1257.01,30.93,21.52,87.66,0.42,0.9,6082.14
1304062,Tabatinga,AM,1971,3094.11,1198.41,30.77,21.54,88.15,0.4,0.87,5774.56
1304062,Tabatinga,AM,1972,2734.15,1217.44,30.85,20.64,85.75,0.48,0.82,5881.64
1304062,Tabatinga,AM,1973,3145.98,1213.71,30.98,20.97,85.66,0.49,0.78,5833.15
1304062,Tabatinga,AM,1974,3054.51,1177.47,30.72,20.65,86.03,0.47,0.87,5638.05
1304062,Tabatinga,AM,1975,3309.84,1187.91,31.24,21.12,86.13,0.48,0.74,5671.04
1304062,Tabatinga,AM,1976,2697.59,1181.0,31.61,20.32,86.97,0.44,0.58,5713.55
1304062,Tabatinga,AM,1977,2909.97,1141.24,31.61,21.28,87.16,0.45,0.54,5434.15
1304062,Tabatinga,AM,1978,3151.54,1129.26,31.43,21.04,85.3,0.51,0.64,5330.48
1304062,Tabatinga,AM,1979,2447.48,1142.0,31.45,21.36,85.52,0.5,0.59,5420.17
1304062,Tabatinga,AM,1980,2427.69,1171.84,31.6,21.52,85.14,0.52,0.53,5584.11
1304104,Tapauá,AM,1961,2405.89,1306.24,31.47,21.12,83.21,0.58,0.79,6318.39
1304104,Tapauá,AM,1962,2415.01,1310.08,31.49,21.2,85.13,0.51,0.91,6327.03
1304104,Tapauá,AM,1963,2151.77,1338.49,31.98,21.13,82.68,0.61,1.03,6311.17
1304104,Tapauá,AM,1964,2340.62,1252.25,31.31,21.12,84.75,0.52,0.9,5984.06
1304104,Tapauá,AM,1965,2218.37,1291.09,31.76,20.91,85.62,0.5,0.89,6212.05
1304104,Tapauá,AM,1966,1887.73,1295.29,31.89,20.7,85.14,0.51,0.83,6230.42
1304104,Tapauá,AM,1967,2208.56,1300.61,31.73,21.31,86.93,0.46,0.89,6274.1
1304104,Tapauá,AM,1968,2107.78,1277.33,31.41,21.51,88.13,0.41,0.88,6206.96
1304104,Tapauá,AM,1969,2268.19,1348.37,32.26,22.4,86.91,0.48,0.88,6435.42
1304104,Tapauá,AM,1970,2082.09,1345.45,31.89,22.34,86.97,0.47,1.18,6363.95
1304104,Tapauá,AM,1971,2391.0,1273.23,31.0,22.02,87.42,0.44,1.4,6068.15
1304104,Tapauá,AM,1972,2533.82,1302.2,31.53,21.8,87.3,0.45,1.23,6199.74
1304104,Tapauá,AM,1973,2631.24,1241.14,29.71,22.18,88.12,0.4,1.23,6093.6
1304104,Tapauá,AM,1974,2893.15,1183.46,29.37,21.34,88.25,0.38,1.04,5872.11
1304104,Tapauá,AM,1975,2605.2,1245.19,31.26,21.21,87.24,0.44,1.08,5959.29
1304104,Tapauá,AM,1976,2528.72,1252.96,31.46,21.21,86.42,0.47,0.97,5978.4
1304104,Tapauá,AM,1977,2617.72,1207.72,31.67,21.6,86.98,0.46,0.8,5736.54
1304104,Tapauá,AM,1978,2361.32,1145.18,31.49,21.54,87.9,0.42,0.63,5462.9
1304104,Tapauá,AM,1979,2202.57,1190.47,31.93,20.93,86.63,0.46,0.7,5666.8
1304104,Tapauá,AM,1980,1795.61,1232.34,31.8,21.93,86.6,0.48,0.63,5893.89
1304203,Tefé,AM,1961,2514.46,1281.83,30.66,21.93,84.99,0.52,0.65,6297.97
1304203,Tefé,AM,1962,2551.09,1284.65,30.6,21.95,86.97,0.45,0.73,6317.14
1304203,Tefé,AM,1963,2464.22,1297.9,31.02,21.39,84.95,0.52,0.9,6293.26
1304203,Tefé,AM,1964,2432.21,1227.12,30.61,21.61,86.16,0.47,0.73,5976.83
1304203,Tefé,AM,1965,2383.46,1268.93,30.96,21.22,87.76,0.42,0.74,6245.35
1304203,Tefé,AM,1966,1930.46,1268.98,30.96,21.28,87.75,0.42,0.7,6243.62
1304203,Tefé,AM,1967,2265.2,1283.26,30.93,21.68,88.69,0.39,0.76,6309.6
1304203,Tefé,AM,1968,2056.09,1276.15,31.21,21.6,89.38,0.37,0.78,6257.07
1304203,Tefé,AM,1969,2184.75,1325.18,31.7,22.43,87.76,0.44,0.71,6417.99
1304203,Tefé,AM,1970,2228.01,1328.66,31.27,22.49,86.52,0.48,1.23,6294.99
1304203,Tefé,AM,1971,2547.33,1282.65,30.75,22.24,87.33,0.44,1.55,6095.96
1304203,Tefé,AM,1972,2459.82,1314.79,31.28,22.25,87.14,0.46,1.61,6188.74
1304203,Tefé,AM,1973,2826.67,1258.13,29.81,22.61,87.37,0.43,1.24,6107.27
1304203,Tefé,AM,1974,2704.42,1219.95,30.82,21.78,87.89,0.42,1.02,5861.9
1304203,Tefé,AM,1975,2795.41,1242.57,31.26,21.8,87.33,0.44,1.01,5924.73
1304203,Tefé,AM,1976,2694.1,1252.61,31.45,21.57,86.65,0.47,0.91,5977.77
1304203,Tefé,AM,1977,2782.0,1209.31,31.53,21.84,86.95,0.46,0.77,5737.33
1304203,Tefé,AM,1978,2761.83,1152.29,31.07,22.23,87.59,0.44,0.69,5473.74
1304203,Tefé,AM,1979,2468.63,1191.85,31.55,22.11,86.72,0.47,0.73,5628.16
1304203,Tefé,AM,1980,2033.78,1241.7,31.81,22.29,86.63,0.48,0.64,5906.61
1304237,Tonantins,AM,1961,2927.88,1256.44,30.21,21.66,87.74,0.42,0.63,6228.85
1304237,Tonantins,AM,1962,3011.3,1271.44,30.23,21.62,88.04,0.41,0.62,6325.93
1304237,Tonantins,AM,1963,2816.43,1269.75,30.49,21.3,87.24,0.43,0.7,6281.64
1304237,Tonantins,AM,1964,2800.98,1209.61,30.27,21.26,88.22,0.39,0.57,5982.01
1304237,Tonantins,AM,1965,2861.17,1260.49,30.25,21.12,88.45,0.39,0.64,6294.52
1304237,Tonantins,AM,1966,2562.65,1269.19,30.38,21.63,88.46,0.39,0.68,6287.29
1304237,Tonantins,AM,1967,2915.57,1281.83,30.49,21.67,88.13,0.41,0.68,6338.66
1304237,Tonantins,AM,1968,3140.1,1299.74,31.23,21.49,87.87,0.42,0.74,6347.24
1304237,Tonantins,AM,1969,2709.78,1290.74,31.18,22.04,87.15,0.45,0.7,6268.75
1304237,Tonantins,AM,1970,2972.28,1272.57,30.87,22.07,86.99,0.45,0.99,6121.72
1304237,Tonantins,AM,1971,3377.77,1219.7,30.33,21.77,87.24,0.43,1.04,5877.61
1304237,Tonantins,AM,1972,2831.48,1277.94,30.82,21.75,85.9,0.49,1.12,6092.13
1304237,Tonantins,AM,1973,2978.26,1252.35,30.13,22.12,85.8,0.49,0.86,6082.29
1304237,Tonantins,AM,1974,2995.25,1216.27,30.52,21.53,86.67,0.45,0.88,5871.17
1304237,Tonantins,AM,1975,3259.75,1203.73,30.55,21.54,87.25,0.43,0.73,5844.46
1304237,Tonantins,AM,1976,3063.54,1183.87,30.73,21.5,87.21,0.44,0.72,5714.02
1304237,Tonantins,AM,1977,3072.0,1156.33,31.03,21.9,86.61,0.47,0.65,5496.36
1304237,Tonantins,AM,1978,3028.54,1113.75,30.68,21.96,86.48,0.47,0.62,5287.75
1304237,Tonantins,AM,1979,2406.4,1146.56,31.03,22.1,86.37,0.48,0.77,5381.53
1304237,Tonantins,AM,1980,2205.68,1208.03,31.45,22.2,86.2,0.49,0.78,5684.18
1304260,Uarini,AM,1961,2567.1,1282.7,30.64,22.16,86.73,0.46,0.53,6320.91
1304260,Uarini,AM,1962,2501.11,1292.94,30.55,22.14,88.66,0.39,0.54,6400.55
1304260,Uarini,AM,1963,2623.73,1285.26,30.7,21.38,86.15,0.47,0.66,6344.94
1304260,Uarini,AM,1964,2537.29,1224.66,30.62,21.8,87.46,0.43,0.54,6005.42
1304260,Uarini,AM,1965,2591.49,1288.28,30.93,21.4,88.81,0.38,0.75,6354.84
1304260,Uarini,AM,1966,2075.31,1282.09,30.78,21.34,88.82,0.38,0.79,6333.63
1304260,Uarini,AM,1967,2197.79,1281.17,30.84,21.45,89.83,0.35,0.72,6339.44
1304260,Uarini,AM,1968,2093.03,1290.48,31.06,21.59,89.68,0.36,0.77,6349.75
1304260,Uarini,AM,1969,2117.1,1326.72,31.55,22.57,88.72,0.41,0.66,6446.1
1304260,Uarini,AM,1970,2329.71,1322.67,31.12,22.47,86.87,0.47,1.21,6296.87
1304260,Uarini,AM,1971,2610.76,1268.93,30.56,22.16,87.53,0.43,1.39,6076.32
1304260,Uarini,AM,1972,2424.85,1322.67,31.21,22.52,87.13,0.46,1.52,6244.51
1304260,Uarini,AM,1973,2744.91,1264.53,29.21,23.12,86.75,0.45,1.21,6163.03
1304260,Uarini,AM,1974,2703.38,1242.27,30.82,22.21,87.58,0.44,1.13,5925.05
1304260,Uarini,AM,1975,2971.92,1240.43,31.0,22.12,87.42,0.44,1.03,5913.42
1304260,Uarini,AM,1976,2897.14,1258.34,31.14,21.99,87.14,0.45,0.96,6013.12
1304260,Uarini,AM,1977,2901.08,1225.43,31.02,22.02,86.96,0.46,0.86,5841.32
1304260,Uarini,AM,1978,2766.94,1179.72,30.8,22.4,87.38,0.44,0.82,5604.43
1304260,Uarini,AM,1979,2447.36,1204.24,31.23,22.4,86.49,0.48,0.78,5686.75
1304260,Uarini,AM,1980,2257.19,1255.11,31.62,22.45,86.43,0.49,0.72,5955.47
1304302,Urucará,AM,1961,2255.14,1407.33,31.25,22.13,83.12,0.6,1.38,6627.23
1304302,Urucará,AM,1962,2485.31,1377.69,31.28,22.14,85.32,0.52,1.27,6525.28
1304302,Urucará,AM,1963,2335.3,1380.41,31.61,22.22,84.21,0.57,1.24,6438.09
1304302,Urucará,AM,1964,2643.95,1350.06,31.39,22.2,84.8,0.54,1.3,6311.42
1304302,Urucará,AM,1965,2446.02,1421.61,31.71,22.21,83.93,0.58,1.44,6596.91
1304302,Urucará,AM,1966,2356.96,1352.15,31.75,21.98,84.82,0.54,1.22,6320.12
1304302,Urucará,AM,1967,2116.2,1351.9,31.58,22.35,85.04,0.54,1.22,6300.17
1304302,Urucará,AM,1968,2518.99,1320.83,31.07,22.14,86.4,0.48,1.24,6272.31
1304302,Urucará,AM,1969,2211.46,1415.0,32.03,22.84,84.53,0.57,1.28,6550.88
1304302,Urucará,AM,1970,2659.68,1388.39,31.57,22.62,84.99,0.54,1.26,6526.38
1304302,Urucará,AM,1971,2479.11,1346.57,30.83,22.09,85.22,0.52,1.41,6349.34
1304302,Urucará,AM,1972,2323.6,1388.44,31.28,22.03,84.66,0.55,1.56,6497.26
1304302,Urucará,AM,1973,2690.76,1324.11,30.47,23.38,85.02,0.54,1.51,6204.82
1304302,Urucará,AM,1974,2432.93,1318.27,30.5,22.84,83.83,0.57,1.43,6136.49
1304302,Urucará,AM,1975,2476.17,1363.21,31.02,22.75,82.36,0.63,1.4,6264.83
1304302,Urucará,AM,1976,2272.95,1408.25,31.03,22.83,83.18,0.61,1.49,6519.88
1304302,Urucará,AM,1977,2304.25,1291.86,30.68,22.74,84.79,0.54,1.25,6048.52
1304302,Urucará,AM,1978,2413.11,1288.48,30.96,22.67,84.36,0.56,1.21,5978.62
1304302,Urucará,AM,1979,2394.69,1305.32,31.33,22.92,83.59,0.6,1.01,6076.32
1304302,Urucará,AM,1980,1804.48,1334.39,31.42,22.54,83.99,0.58,1.03,6264.46
1304401,Urucurituba,AM,1961,2428.11,1374.52,31.49,22.33,84.76,0.55,1.01,6587.95
1304401,Urucurituba,AM,1962,2719.9,1387.88,31.72,22.51,84.83,0.55,1.19,6516.64
1304401,Urucurituba,AM,1963,2356.42,1388.59,32.08,22.48,83.69,0.6,1.18,6436.68
1304401,Urucurituba,AM,1964,2596.43,1367.41,31.94,22.5,84.23,0.58,1.24,6331.53
1304401,Urucurituba,AM,1965,2236.16,1437.68,32.25,22.65,82.86,0.64,1.28,6613.56
1304401,Urucurituba,AM,1966,2137.5,1362.75,32.43,22.2,83.51,0.61,0.98,6337.4
1304401,Urucurituba,AM,1967,1991.37,1389.52,32.17,23.05,83.67,0.62,1.27,6310.07
1304401,Urucurituba,AM,1968,2554.23,1351.28,31.67,22.9,85.75,0.53,1.35,6270.11
1304401,Urucurituba,AM,1969,2150.37,1453.65,32.63,23.62,83.56,0.64,1.41,6523.86
1304401,Urucurituba,AM,1970,2525.46,1391.87,32.1,23.39,86.39,0.51,1.19,6531.09
1304401,Urucurituba,AM,1971,2340.62,1340.54,31.09,22.51,85.44,0.52,1.17,6355.31
1304401,Urucurituba,AM,1972,2544.48,1380.51,31.58,22.63,84.34,0.58,1.19,6450.29
1304401,Urucurituba,AM,1973,2712.5,1312.69,30.87,23.79,85.31,0.54,1.31,6130.36
1304401,Urucurituba,AM,1974,2335.34,1303.02,30.51,23.33,84.1,0.57,1.19,6112.92
1304401,Urucurituba,AM,1975,2556.26,1332.19,31.27,23.16,83.11,0.62,1.12,6167.12
1304401,Urucurituba,AM,1976,2254.66,1414.08,31.56,23.24,82.64,0.65,1.27,6508.41
1304401,Urucurituba,AM,1977,2375.82,1298.16,31.15,23.4,84.35,0.58,1.03,6055.27
1304401,Urucurituba,AM,1978,2293.84,1290.17,31.36,23.2,83.6,0.6,1.11,5927.4
1304401,Urucurituba,AM,1979,2074.52,1312.9,31.71,23.6,83.37,0.62,0.99,6053.86
1304401,Urucurituba,AM,1980,1888.75,1325.69,31.76,22.9,85.51,0.53,1.03,6215.29
1400027,Amajari,RR,1961,1944.91,1441.62,30.5,21.33,80.43,0.67,1.78,6527.95
1400027,Amajari,RR,1962,2577.55,1302.15,29.75,20.8,87.25,0.42,0.91,6429.92
1400027,Amajari,RR,1963,2700.32,1276.2,29.89,20.4,86.34,0.44,0.79,6354.05
1400027,Amajari,RR,1964,3091.07,1250.66,29.84,20.38,86.81,0.42,0.72,6243.25
1400027,Amajari,RR,1965,3326.27,1312.59,30.41,19.95,86.57,0.43,1.1,6486.0
1400027,Amajari,RR,1966,2905.67,1291.35,30.26,20.02,87.27,0.41,1.09,6383.9
1400027,Amajari,RR,1967,2974.23,1274.61,29.93,20.54,88.77,0.36,0.9,6379.34
1400027,Amajari,RR,1968,2918.97,1274.61,29.85,20.5,89.1,0.35,0.9,6399.86
1400027,Amajari,RR,1969,2791.45,1306.6,30.54,21.07,89.15,0.36,0.89,6483.96
1400027,Amajari,RR,1970,2538.63,1291.2,30.32,20.67,85.38,0.48,1.12,6223.51
1400027,Amajari,RR,1971,3322.15,1244.37,29.49,20.52,86.43,0.44,1.37,5993.54
1400027,Amajari,RR,1972,1520.48,1375.34,30.47,21.11,82.92,0.57,1.86,6234.92
1400027,Amajari,RR,1973,1844.21,1378.0,28.98,21.99,80.51,0.65,1.87,6215.66
1400027,Amajari,RR,1974,2182.58,1359.57,30.13,21.28,82.05,0.6,1.85,6145.44
1400027,Amajari,RR,1975,1697.13,1412.34,30.5,21.28,80.46,0.66,1.83,6307.24
1400027,Amajari,RR,1976,1595.17,1379.94,30.34,21.32,81.53,0.63,1.8,6234.92
1400027,Amajari,RR,1977,1303.62,1405.64,30.86,21.64,79.77,0.7,1.81,6100.51
1400027,Amajari,RR,1978,1451.1,1347.29,30.59,21.63,81.49,0.64,1.69,5958.35
1400027,Amajari,RR,1979,1840.96,1241.91,30.51,21.35,85.08,0.5,1.27,5825.93
1400027,Amajari,RR,1980,1448.82,1304.81,30.75,21.49,83.13,0.58,0.97,6147.43
1400050,Alto Alegre,RR,1961,2041.47,1407.99,29.95,20.82,80.92,0.63,1.69,6511.77
1400050,Alto Alegre,RR,1962,2594.46,1286.54,29.3,20.35,87.46,0.4,0.89,6426.47
1400050,Alto Alegre,RR,1963,2701.43,1263.56,29.43,19.96,86.52,0.43,0.79,6352.8
1400050,Alto Alegre,RR,1964,3089.13,1238.74,29.38,19.94,86.87,0.41,0.73,6233.2
1400050,Alto Alegre,RR,1965,3339.23,1300.46,29.99,19.49,86.6,0.42,1.11,6480.35
1400050,Alto Alegre,RR,1966,2909.26,1273.33,29.84,19.52,87.29,0.4,1.09,6341.01
1400050,Alto Alegre,RR,1967,2957.57,1263.15,29.5,20.08,88.8,0.35,0.91,6372.43
1400050,Alto Alegre,RR,1968,2894.67,1258.19,29.41,20.03,89.14,0.34,0.91,6369.7
1400050,Alto Alegre,RR,1969,2780.5,1296.42,30.11,20.6,89.22,0.35,0.9,6494.02
1400050,Alto Alegre,RR,1970,2563.26,1282.24,29.79,20.27,85.68,0.46,1.11,6268.91
1400050,Alto Alegre,RR,1971,3309.14,1237.41,28.99,20.07,86.64,0.42,1.36,6056.69
1400050,Alto Alegre,RR,1972,1690.51,1358.14,29.92,20.58,83.43,0.54,1.8,6313.15
1400050,Alto Alegre,RR,1973,1963.22,1358.96,28.43,21.43,81.01,0.61,1.81,6302.53
1400050,Alto Alegre,RR,1974,2243.79,1342.33,29.59,20.72,82.52,0.57,1.77,6221.31
1400050,Alto Alegre,RR,1975,1784.89,1378.2,29.9,20.74,81.08,0.62,1.74,6304.57
1400050,Alto Alegre,RR,1976,1773.36,1357.48,29.79,20.79,82.04,0.59,1.74,6273.88
1400050,Alto Alegre,RR,1977,1430.81,1374.26,30.3,21.11,80.4,0.66,1.74,6104.44
1400050,Alto Alegre,RR,1978,1540.02,1315.2,30.04,21.1,82.03,0.6,1.62,5937.3
1400050,Alto Alegre,RR,1979,1835.74,1226.86,30.03,20.85,85.2,0.48,1.23,5823.1
1400050,Alto Alegre,RR,1980,1503.54,1285.16,30.25,20.98,83.36,0.55,0.93,6132.03
1400100,Boa Vista,RR,1961,1630.87,1516.85,32.1,22.73,80.04,0.74,1.93,6602.25
1400100,Boa Vista,RR,1962,2287.62,1368.33,31.21,22.09,85.02,0.53,1.23,6464.64
1400100,Boa Vista,RR,1963,2431.87,1338.13,31.25,21.65,84.88,0.53,1.03,6386.41
1400100,Boa Vista,RR,1964,2677.09,1321.14,31.1,21.7,84.5,0.54,1.07,6288.96
1400100,Boa Vista,RR,1965,2812.3,1408.35,31.96,21.59,82.91,0.61,1.35,6534.54
1400100,Boa Vista,RR,1966,2577.62,1370.53,31.83,21.47,83.98,0.56,1.27,6413.12
1400100,Boa Vista,RR,1967,2379.23,1349.9,31.55,22.11,84.18,0.57,1.06,6375.89
1400100,Boa Vista,RR,1968,2503.66,1335.26,31.24,21.96,85.74,0.5,1.04,6399.24
1400100,Boa Vista,RR,1969,2297.93,1398.27,32.03,22.58,84.86,0.56,1.05,6611.05
1400100,Boa Vista,RR,1970,2213.17,1392.02,31.93,21.9,83.76,0.59,1.2,6467.15
1400100,Boa Vista,RR,1971,2788.83,1330.35,30.73,21.89,85.86,0.49,1.39,6267.34
1400100,Boa Vista,RR,1972,1043.46,1472.79,32.1,22.69,82.3,0.66,1.97,6432.54
1400100,Boa Vista,RR,1973,1419.42,1430.46,30.39,23.78,80.83,0.7,1.92,6240.16
1400100,Boa Vista,RR,1974,1949.12,1417.51,31.6,22.87,81.77,0.67,1.93,6163.98
1400100,Boa Vista,RR,1975,1567.6,1491.16,32.21,22.81,80.03,0.75,1.97,6334.26
1400100,Boa Vista,RR,1976,1664.26,1471.35,31.9,22.83,80.72,0.72,1.9,6376.62
1400100,Boa Vista,RR,1977,1326.42,1471.46,32.42,23.07,79.94,0.76,1.94,6147.64
1400100,Boa Vista,RR,1978,1471.4,1427.54,32.19,23.16,81.13,0.71,1.8,6082.29
1400100,Boa Vista,RR,1979,1955.99,1313.92,31.84,22.84,84.45,0.57,1.3,5997.15
1400100,Boa Vista,RR,1980,1654.82,1370.63,32.16,22.98,82.68,0.65,0.97,6283.46
1400159,Bonfim,RR,1961,1667.15,1519.26,31.87,22.51,79.53,0.75,1.93,6623.77
1400159,Bonfim,RR,1962,2238.25,1370.27,31.04,21.87,84.95,0.53,1.28,6478.46
1400159,Bonfim,RR,1963,2466.9,1339.77,30.96,21.51,84.78,0.53,1.11,6396.15
1400159,Bonfim,RR,1964,2681.38,1319.09,30.86,21.61,84.96,0.52,1.14,6305.61
1400159,Bonfim,RR,1965,2640.44,1388.39,31.53,21.39,84.27,0.55,1.35,6549.15
1400159,Bonfim,RR,1966,2387.92,1349.34,31.44,21.3,85.11,0.52,1.29,6391.44
1400159,Bonfim,RR,1967,2103.64,1332.7,31.09,21.94,85.34,0.52,1.1,6368.5
1400159,Bonfim,RR,1968,2396.16,1320.78,30.78,21.8,86.71,0.46,1.07,6401.28
1400159,Bonfim,RR,1969,2274.88,1396.07,31.71,22.51,85.26,0.54,1.07,6642.15
1400159,Bonfim,RR,1970,2249.57,1399.55,31.78,21.76,83.07,0.6,1.24,6491.5
1400159,Bonfim,RR,1971,2789.13,1333.68,30.54,21.72,85.62,0.5,1.52,6286.82
1400159,Bonfim,RR,1972,1044.52,1474.73,31.89,22.49,81.78,0.67,1.96,6446.99
1400159,Bonfim,RR,1973,1439.21,1431.59,30.2,23.59,80.31,0.71,1.92,6235.14
1400159,Bonfim,RR,1974,1949.22,1415.98,31.35,22.65,81.19,0.68,1.93,6159.74
1400159,Bonfim,RR,1975,1698.27,1493.77,31.97,22.6,79.33,0.76,1.93,6370.7
1400159,Bonfim,RR,1976,1703.32,1477.39,31.68,22.62,80.1,0.73,1.88,6429.08
1400159,Bonfim,RR,1977,1345.96,1467.26,32.19,22.86,79.28,0.78,1.92,6125.49
1400159,Bonfim,RR,1978,1511.44,1422.53,31.94,22.92,80.65,0.72,1.78,6066.58
1400159,Bonfim,RR,1979,1930.55,1309.31,31.62,22.62,84.32,0.57,1.31,6001.86
1400159,Bonfim,RR,1980,1688.07,1360.65,31.9,22.73,82.54,0.64,0.98,6275.61
1400175,Cantá,RR,1961,1686.24,1515.01,31.93,22.58,79.66,0.75,1.89,6617.17
1400175,Cantá,RR,1962,2248.25,1368.43,31.12,21.99,85.19,0.52,1.24,6475.79
1400175,Cantá,RR,1963,2458.77,1339.1,31.03,21.61,84.92,0.53,1.09,6393.48
1400175,Cantá,RR,1964,2727.07,1317.96,30.96,21.72,85.02,0.52,1.11,6294.3
1400175,Cantá,RR,1965,2704.66,1389.77,31.65,21.53,84.43,0.55,1.35,6541.46
1400175,Cantá,RR,1966,2420.91,1351.54,31.54,21.41,85.27,0.51,1.29,6392.38
1400175,Cantá,RR,1967,2123.67,1332.86,31.17,21.99,85.54,0.51,1.08,6371.49
1400175,Cantá,RR,1968,2394.65,1320.88,30.86,21.82,86.89,0.45,1.06,6400.34
1400175,Cantá,RR,1969,2294.33,1395.71,31.79,22.53,85.52,0.53,1.06,6638.38
1400175,Cantá,RR,1970,2235.44,1396.48,31.79,21.82,83.13,0.6,1.26,6472.02
1400175,Cantá,RR,1971,2788.46,1331.83,30.6,21.77,85.65,0.5,1.52,6269.38
1400175,Cantá,RR,1972,1131.5,1468.64,31.93,22.54,81.87,0.67,1.93,6424.06
1400175,Cantá,RR,1973,1503.21,1428.93,30.24,23.64,80.37,0.71,1.88,6237.34
1400175,Cantá,RR,1974,1981.27,1411.22,31.4,22.71,81.35,0.68,1.88,6151.25
1400175,Cantá,RR,1975,1735.55,1487.37,32.02,22.66,79.54,0.76,1.89,6362.38
1400175,Cantá,RR,1976,1869.9,1471.71,31.73,22.69,80.29,0.73,1.85,6414.63
1400175,Cantá,RR,1977,1451.45,1467.82,32.24,22.92,79.41,0.77,1.89,6147.48
1400175,Cantá,RR,1978,1564.49,1421.15,31.91,22.9,80.72,0.72,1.75,6091.25
1400175,Cantá,RR,1979,1904.59,1308.91,31.64,22.63,84.34,0.57,1.27,6011.29
1400175,Cantá,RR,1980,2127.91,1357.73,31.78,22.65,82.56,0.64,0.96,6288.02
1400209,Caracaraí,RR,1961,1867.79,1448.17,31.78,22.61,81.71,0.67,1.59,6553.87
1400209,Caracaraí,RR,1962,2317.97,1349.49,31.37,22.33,87.15,0.46,1.04,6466.21
1400209,Caracaraí,RR,1963,2478.33,1340.43,31.5,22.09,85.4,0.52,1.0,6384.21
1400209,Caracaraí,RR,1964,2787.91,1307.98,31.23,22.14,86.35,0.48,1.03,6264.46
1400209,Caracaraí,RR,1965,2964.71,1378.97,32.14,21.9,86.51,0.48,1.28,6517.89
1400209,Caracaraí,RR,1966,2596.06,1342.63,31.95,21.78,87.02,0.46,1.25,6359.71
1400209,Caracaraí,RR,1967,2318.06,1327.18,31.53,22.13,87.27,0.46,1.04,6365.83
1400209,Caracaraí,RR,1968,2377.71,1313.46,31.26,22.03,88.41,0.41,1.04,6358.24
1400209,Caracaraí,RR,1969,2303.29,1373.96,32.1,22.68,87.53,0.46,1.01,6555.91
1400209,Caracaraí,RR,1970,2295.0,1359.32,31.61,22.3,84.53,0.55,1.25,6361.75
1400209,Caracaraí,RR,1971,2723.46,1306.7,30.85,22.02,86.1,0.49,1.53,6116.69
1400209,Caracaraí,RR,1972,1693.21,1398.73,31.77,22.41,84.1,0.58,1.84,6292.1
1400209,Caracaraí,RR,1973,1907.08,1369.76,29.92,23.49,82.29,0.63,1.79,6210.95
1400209,Caracaraí,RR,1974,2179.83,1355.79,31.21,22.56,83.49,0.59,1.71,6119.05
1400209,Caracaraí,RR,1975,2035.37,1407.79,31.58,22.57,81.96,0.65,1.74,6252.26
1400209,Caracaraí,RR,1976,2338.34,1410.55,31.52,22.61,82.41,0.64,1.71,6330.12
1400209,Caracaraí,RR,1977,1755.76,1398.06,31.97,22.7,81.96,0.67,1.67,6125.33
1400209,Caracaraí,RR,1978,1944.14,1358.09,31.67,22.84,82.85,0.63,1.54,6049.46
1400209,Caracaraí,RR,1979,2156.26,1299.9,31.84,22.66,84.62,0.56,1.15,5996.99
1400209,Caracaraí,RR,1980,2134.72,1337.26,31.88,22.65,83.76,0.59,0.87,6262.26
1400233,Caroebe,RR,1961,1981.31,1441.0,31.09,21.9,81.5,0.65,1.65,6640.42
1400233,Caroebe,RR,1962,2377.82,1366.79,30.77,21.6,85.08,0.51,1.31,6519.94
1400233,Caroebe,RR,1963,2375.93,1350.11,30.81,21.49,84.43,0.54,1.22,6413.27
1400233,Caroebe,RR,1964,2632.41,1325.95,30.65,21.52,84.63,0.52,1.27,6301.06
1400233,Caroebe,RR,1965,2514.7,1410.04,31.3,21.29,83.2,0.58,1.45,6596.28
1400233,Caroebe,RR,1966,2415.82,1351.69,31.22,21.08,84.08,0.54,1.27,6387.67
1400233,Caroebe,RR,1967,2110.45,1348.16,30.94,21.68,84.37,0.54,1.22,6373.37
1400233,Caroebe,RR,1968,2512.46,1310.29,30.55,21.46,86.08,0.47,1.22,6298.07
1400233,Caroebe,RR,1969,2251.45,1395.3,31.5,22.1,84.69,0.55,1.28,6552.3
1400233,Caroebe,RR,1970,2487.56,1372.93,31.15,21.87,84.21,0.55,1.3,6468.25
1400233,Caroebe,RR,1971,2693.26,1337.36,30.42,21.46,84.93,0.51,1.51,6324.68
1400233,Caroebe,RR,1972,1801.31,1422.73,31.15,22.05,82.97,0.6,1.76,6513.91
1400233,Caroebe,RR,1973,2071.76,1363.62,29.9,23.1,82.35,0.62,1.69,6251.63
1400233,Caroebe,RR,1974,2179.46,1357.63,30.48,22.3,82.08,0.62,1.66,6191.31
1400233,Caroebe,RR,1975,2103.42,1408.96,31.01,22.22,80.82,0.68,1.64,6345.1
1400233,Caroebe,RR,1976,2250.76,1427.95,30.91,22.31,81.17,0.67,1.66,6468.98
1400233,Caroebe,RR,1977,1837.12,1380.56,31.09,22.39,81.1,0.67,1.64,6142.77
1400233,Caroebe,RR,1978,2105.96,1337.98,31.02,22.34,81.99,0.64,1.55,5988.98
1400233,Caroebe,RR,1979,2113.36,1298.06,31.09,22.24,84.15,0.56,1.21,6050.72
1400233,Caroebe,RR,1980,1796.94,1318.83,31.22,22.06,83.58,0.58,0.99,6209.63
1400282,Iracema,RR,1961,1870.37,1426.32,30.99,21.82,81.48,0.65,1.63,6523.55
1400282,Iracema,RR,1962,2325.67,1316.58,30.38,21.41,87.11,0.44,0.95,6437.94
1400282,Iracema,RR,1963,2522.38,1293.76,30.41,21.0,86.45,0.46,0.84,6361.75
1400282,Iracema,RR,1964,2826.18,1270.31,30.31,21.07,86.33,0.45,0.83,6238.06
1400282,Iracema,RR,1965,3114.73,1351.74,31.15,20.78,85.15,0.5,1.23,6490.72
1400282,Iracema,RR,1966,2789.64,1314.23,30.98,20.62,85.87,0.47,1.14,6347.3
1400282,Iracema,RR,1967,2724.03,1304.25,30.65,21.18,86.13,0.47,0.91,6372.59
1400282,Iracema,RR,1968,2742.34,1294.57,30.45,21.07,87.3,0.42,0.93,6370.02
1400282,Iracema,RR,1969,2645.32,1340.48,31.17,21.64,87.18,0.45,0.89,6534.86
1400282,Iracema,RR,1970,2442.58,1316.48,30.76,21.32,84.91,0.51,1.13,6287.13
1400282,Iracema,RR,1971,3043.57,1270.83,29.91,21.1,85.86,0.47,1.39,6070.67
1400282,Iracema,RR,1972,1678.15,1382.56,30.88,21.54,83.38,0.57,1.78,6306.08
1400282,Iracema,RR,1973,1912.18,1370.68,29.3,22.45,80.84,0.65,1.76,6215.34
1400282,Iracema,RR,1974,2188.69,1355.89,30.53,21.69,82.75,0.59,1.73,6158.01
1400282,Iracema,RR,1975,1871.7,1395.35,30.84,21.71,81.38,0.65,1.71,6260.9
1400282,Iracema,RR,1976,2129.91,1380.76,30.74,21.82,82.26,0.62,1.72,6255.82
1400282,Iracema,RR,1977,1633.71,1391.87,31.27,22.06,80.64,0.69,1.73,6048.36
1400282,Iracema,RR,1978,1707.99,1337.26,30.96,22.05,82.25,0.62,1.59,5939.5
1400282,Iracema,RR,1979,1811.71,1255.47,30.98,21.81,85.2,0.51,1.22,5857.66
1400282,Iracema,RR,1980,1698.59,1307.47,31.11,21.89,83.47,0.58,0.93,6149.63
1400308,Mucajaí,RR,1961,1739.0,1466.54,31.43,22.16,80.68,0.69,1.75,6554.34
1400308,Mucajaí,RR,1962,2248.21,1330.4,30.62,21.63,86.86,0.45,1.0,6445.48
1400308,Mucajaí,RR,1963,2542.97,1307.93,30.74,21.22,85.57,0.49,0.89,6367.56
1400308,Mucajaí,RR,1964,2777.09,1281.11,30.51,21.3,85.98,0.47,0.87,6255.82
1400308,Mucajaí,RR,1965,3080.99,1361.98,31.34,21.05,85.01,0.51,1.25,6502.34
1400308,Mucajaí,RR,1966,2777.41,1322.16,31.17,20.9,85.74,0.48,1.15,6351.38
1400308,Mucajaí,RR,1967,2695.01,1311.11,30.86,21.43,85.89,0.48,0.91,6372.59
1400308,Mucajaí,RR,1968,2747.13,1299.8,30.65,21.32,87.18,0.43,0.93,6368.92
1400308,Mucajaí,RR,1969,2627.89,1349.24,31.38,21.88,86.99,0.46,0.89,6548.05
1400308,Mucajaí,RR,1970,2372.77,1340.59,31.16,21.43,84.31,0.54,1.23,6311.64
1400308,Mucajaí,RR,1971,3016.72,1289.51,30.22,21.31,85.39,0.49,1.53,6074.6
1400308,Mucajaí,RR,1972,1407.16,1420.63,31.35,21.97,82.44,0.62,1.9,6301.06
1400308,Mucajaí,RR,1973,1732.73,1413.62,29.75,22.94,79.89,0.7,1.88,6227.13
1400308,Mucajaí,RR,1974,2061.52,1390.9,30.95,22.16,81.91,0.64,1.83,6161.31
1400308,Mucajaí,RR,1975,1748.69,1445.82,31.41,22.14,80.28,0.71,1.83,6308.5
1400308,Mucajaí,RR,1976,1865.17,1420.53,31.21,22.23,81.42,0.67,1.8,6298.07
1400308,Mucajaí,RR,1977,1487.03,1439.47,31.73,22.46,79.52,0.75,1.82,6092.82
1400308,Mucajaí,RR,1978,1574.06,1378.77,31.39,22.42,81.32,0.67,1.68,5985.37
1400308,Mucajaí,RR,1979,1757.31,1269.65,31.25,22.14,85.01,0.53,1.25,5876.2
1400308,Mucajaí,RR,1980,1679.24,1323.59,31.36,22.2,83.07,0.6,0.95,6174.44
1400407,Normandia,RR,1961,1672.18,1497.25,31.6,22.26,80.11,0.72,1.95,6608.22
1400407,Normandia,RR,1962,2266.91,1363.21,30.81,21.67,84.6,0.53,1.28,6474.54
1400407,Normandia,RR,1963,2527.32,1333.22,30.73,21.25,84.5,0.53,1.1,6395.05
1400407,Normandia,RR,1964,2718.3,1317.96,30.7,21.37,84.35,0.53,1.13,6305.93
1400407,Normandia,RR,1965,2702.86,1401.24,31.55,21.15,82.64,0.6,1.36,6553.4
1400407,Normandia,RR,1966,2519.96,1357.68,31.43,21.06,83.76,0.56,1.28,6393.17
1400407,Normandia,RR,1967,2326.21,1345.09,31.17,21.77,83.84,0.57,1.09,6386.26
1400407,Normandia,RR,1968,2499.75,1327.02,30.85,21.64,85.47,0.5,1.06,6392.32
1400407,Normandia,RR,1969,2266.12,1395.86,31.65,22.26,84.45,0.56,1.07,6636.49
1400407,Normandia,RR,1970,2255.03,1381.58,31.49,21.6,83.37,0.59,1.24,6447.68
1400407,Normandia,RR,1971,2789.54,1327.64,30.31,21.55,85.83,0.48,1.53,6310.22
1400407,Normandia,RR,1972,1161.84,1459.33,31.6,22.25,82.32,0.64,1.97,6468.2
1400407,Normandia,RR,1973,1428.41,1411.47,29.92,23.33,80.92,0.68,1.93,6235.61
1400407,Normandia,RR,1974,1941.01,1401.18,31.06,22.41,81.7,0.65,1.94,6172.3
1400407,Normandia,RR,1975,1626.16,1467.77,31.64,22.36,79.99,0.73,1.94,6344.94
1400407,Normandia,RR,1976,1449.11,1458.82,31.4,22.41,80.61,0.7,1.89,6411.02
1400407,Normandia,RR,1977,1108.38,1445.76,31.88,22.63,79.99,0.74,1.94,6117.48
1400407,Normandia,RR,1978,1261.41,1405.43,31.63,22.67,81.15,0.69,1.81,6059.04
1400407,Normandia,RR,1979,1799.96,1300.87,31.39,22.36,84.34,0.56,1.32,5995.74
1400407,Normandia,RR,1980,1367.15,1351.44,31.63,22.45,82.65,0.63,0.99,6282.52
1400456,Pacaraima,RR,1961,1652.73,1484.87,31.45,22.13,80.37,0.7,1.92,6587.48
1400456,Pacaraima,RR,1962,2211.13,1351.13,30.64,21.52,84.82,0.52,1.19,6460.24
1400456,Pacaraima,RR,1963,2641.68,1318.99,30.72,21.15,84.85,0.52,0.99,6382.8
1400456,Pacaraima,RR,1964,2816.73,1295.19,30.54,21.17,85.24,0.49,1.03,6283.78
1400456,Pacaraima,RR,1965,2953.17,1365.26,31.21,20.9,84.74,0.52,1.27,6530.77
1400456,Pacaraima,RR,1966,2727.22,1335.16,31.03,21.0,85.49,0.49,1.24,6407.15
1400456,Pacaraima,RR,1967,2655.73,1321.34,30.77,21.42,85.36,0.5,1.05,6390.81
1400456,Pacaraima,RR,1968,2766.35,1304.61,30.56,21.32,86.87,0.44,1.02,6376.93
1400456,Pacaraima,RR,1969,2602.06,1368.33,31.33,21.92,86.5,0.48,1.03,6618.74
1400456,Pacaraima,RR,1970,2288.59,1367.87,31.22,21.36,83.81,0.56,1.19,6459.61
1400456,Pacaraima,RR,1971,2975.01,1321.55,30.22,21.28,84.78,0.51,1.4,6253.67
1400456,Pacaraima,RR,1972,1078.31,1460.15,31.4,22.02,81.71,0.65,2.01,6426.57
1400456,Pacaraima,RR,1973,1504.4,1425.04,29.83,23.01,80.14,0.7,2.0,6243.46
1400456,Pacaraima,RR,1974,1979.0,1403.69,30.99,22.22,81.49,0.65,2.0,6135.86
1400456,Pacaraima,RR,1975,1547.89,1472.17,31.51,22.19,79.74,0.73,1.99,6328.76
1400456,Pacaraima,RR,1976,1408.74,1441.82,31.27,22.22,80.39,0.71,1.93,6289.9
1400456,Pacaraima,RR,1977,1055.22,1452.88,31.77,22.45,79.46,0.75,1.96,6106.33
1400456,Pacaraima,RR,1978,1269.34,1403.49,31.51,22.5,80.91,0.69,1.82,6029.67
1400456,Pacaraima,RR,1979,1789.88,1285.77,31.27,22.16,84.41,0.55,1.33,5927.09
1400456,Pacaraima,RR,1980,1443.54,1342.43,31.52,22.31,82.61,0.63,0.99,6218.9
1400472,Rorainópolis,RR,1961,2057.11,1425.65,31.68,22.52,82.51,0.63,1.49,6567.22
1400472,Rorainópolis,RR,1962,2338.36,1361.11,31.51,22.4,86.18,0.5,1.12,6476.74
1400472,Rorainópolis,RR,1963,2394.85,1356.5,31.57,22.27,84.97,0.54,1.1,6395.99
1400472,Rorainópolis,RR,1964,2706.87,1326.51,31.37,22.34,85.27,0.52,1.12,6273.41
1400472,Rorainópolis,RR,1965,2827.76,1405.59,32.31,22.12,84.69,0.56,1.36,6526.38
1400472,Rorainópolis,RR,1966,2504.36,1369.4,32.15,22.01,85.48,0.52,1.3,6393.32
1400472,Rorainópolis,RR,1967,2128.65,1344.94,31.69,22.35,85.91,0.51,1.1,6366.62
1400472,Rorainópolis,RR,1968,2359.41,1328.97,31.33,22.16,87.26,0.45,1.09,6385.57
1400472,Rorainópolis,RR,1969,2292.8,1399.5,32.27,22.87,86.21,0.51,1.03,6617.49
1400472,Rorainópolis,RR,1970,2331.57,1370.83,31.53,22.49,84.7,0.55,1.24,6450.35
1400472,Rorainópolis,RR,1971,2712.02,1316.94,30.86,22.12,86.32,0.48,1.44,6226.5
1400472,Rorainópolis,RR,1972,1857.38,1377.95,31.59,22.36,84.87,0.54,1.72,6313.94
1400472,Rorainópolis,RR,1973,2114.08,1348.42,29.87,23.43,83.16,0.59,1.68,6217.07
1400472,Rorainópolis,RR,1974,2222.48,1331.27,31.03,22.48,84.16,0.56,1.6,6099.73
1400472,Rorainópolis,RR,1975,2158.2,1373.44,31.33,22.51,82.86,0.61,1.66,6198.69
1400472,Rorainópolis,RR,1976,2304.71,1384.55,31.36,22.53,82.99,0.62,1.64,6286.92
1400472,Rorainópolis,RR,1977,1904.47,1356.66,31.76,22.45,83.03,0.62,1.55,6065.96
1400472,Rorainópolis,RR,1978,2279.74,1330.71,31.51,22.74,83.53,0.6,1.47,6004.22
1400472,Rorainópolis,RR,1979,2689.49,1297.24,31.8,22.55,84.5,0.56,1.16,5982.86
1400472,Rorainópolis,RR,1980,2063.23,1338.33,32.0,22.58,83.78,0.59,0.94,6238.85
1400506,São João da Baliza,RR,1961,1985.34,1439.26,31.26,22.08,81.69,0.65,1.62,6626.13
1400506,São João da Baliza,RR,1962,2403.24,1367.66,30.98,21.81,85.38,0.51,1.27,6518.84
1400506,São João da Baliza,RR,1963,2290.53,1356.71,31.11,21.8,84.58,0.54,1.21,6409.19
1400506,São João da Baliza,RR,1964,2701.61,1325.44,30.85,21.84,85.0,0.52,1.25,6285.98
1400506,São João da Baliza,RR,1965,2632.28,1406.97,31.56,21.52,84.13,0.56,1.45,6586.23
1400506,São João da Baliza,RR,1966,2386.14,1353.33,31.6,21.32,85.05,0.52,1.25,6390.5
1400506,São João da Baliza,RR,1967,2066.65,1347.91,31.3,21.84,85.32,0.52,1.2,6371.17
1400506,São João da Baliza,RR,1968,2406.62,1325.08,30.84,21.69,86.73,0.46,1.21,6379.76
1400506,São João da Baliza,RR,1969,2262.96,1402.16,31.75,22.48,85.3,0.54,1.25,6585.76
1400506,São João da Baliza,RR,1970,2450.96,1377.03,31.29,22.09,84.39,0.55,1.26,6493.54
1400506,São João da Baliza,RR,1971,2701.48,1338.8,30.56,21.67,85.08,0.51,1.45,6331.27
1400506,São João da Baliza,RR,1972,1666.02,1413.21,31.29,22.21,83.23,0.6,1.74,6458.46
1400506,São João da Baliza,RR,1973,1943.97,1362.03,30.01,23.27,82.54,0.61,1.67,6243.46
1400506,São João da Baliza,RR,1974,2125.71,1351.69,30.68,22.46,82.33,0.62,1.63,6147.64
1400506,São João da Baliza,RR,1975,2130.44,1396.53,31.14,22.4,81.1,0.67,1.63,6266.4
1400506,São João da Baliza,RR,1976,2271.7,1422.02,31.06,22.49,81.36,0.67,1.63,6438.82
1400506,São João da Baliza,RR,1977,1876.45,1372.98,31.28,22.39,81.43,0.67,1.62,6099.73
1400506,São João da Baliza,RR,1978,2140.31,1337.52,31.17,22.52,82.22,0.63,1.53,5989.45
1400506,São João da Baliza,RR,1979,2321.67,1300.87,31.28,22.38,84.15,0.56,1.19,6046.79
1400506,São João da Baliza,RR,1980,2060.06,1322.83,31.4,22.21,83.63,0.58,0.98,6208.69
1400605,São Luiz,RR,1961,1937.2,1450.68,31.42,22.2,81.43,0.66,1.65,6625.5
1400605,São Luiz,RR,1962,2379.45,1368.53,31.07,21.89,85.48,0.51,1.26,6517.11
1400605,São Luiz,RR,1963,2328.4,1353.69,31.15,21.74,84.67,0.54,1.19,6407.15
1400605,São Luiz,RR,1964,2721.36,1323.49,30.9,21.77,85.07,0.52,1.24,6279.85
1400605,São Luiz,RR,1965,2688.74,1407.28,31.68,21.55,84.25,0.55,1.45,6581.67
1400605,São Luiz,RR,1966,2414.63,1355.48,31.69,21.35,85.16,0.52,1.26,6391.28
1400605,São Luiz,RR,1967,2086.87,1347.75,31.37,21.87,85.45,0.51,1.19,6374.16
1400605,São Luiz,RR,1968,2401.57,1326.15,30.92,21.71,86.84,0.46,1.2,6384.47
1400605,São Luiz,RR,1969,2278.42,1403.03,31.83,22.5,85.48,0.53,1.24,6594.71
1400605,São Luiz,RR,1970,2405.6,1380.97,31.4,22.08,84.35,0.56,1.29,6489.3
1400605,São Luiz,RR,1971,2749.33,1320.57,30.41,21.85,86.16,0.48,1.55,6275.35
1400605,São Luiz,RR,1972,1591.58,1414.7,31.36,22.35,83.52,0.59,1.77,6445.89
1400605,São Luiz,RR,1973,1888.61,1362.29,29.91,23.32,82.7,0.61,1.71,6229.48
1400605,São Luiz,RR,1974,2111.56,1354.46,30.8,22.46,82.73,0.61,1.67,6147.8
1400605,São Luiz,RR,1975,2011.87,1405.74,31.23,22.41,81.15,0.67,1.68,6280.22
1400605,São Luiz,RR,1976,2181.7,1429.54,31.21,22.54,81.18,0.68,1.68,6418.24
1400605,São Luiz,RR,1977,1595.63,1389.21,31.48,22.65,81.22,0.68,1.68,6108.84
1400605,São Luiz,RR,1978,2045.97,1348.83,31.33,22.62,82.07,0.64,1.55,6006.73
1400605,São Luiz,RR,1979,2285.69,1303.38,31.4,22.43,84.23,0.56,1.18,6052.13
1400605,São Luiz,RR,1980,2039.3,1328.61,31.48,22.3,83.35,0.6,0.96,6224.4
1400704,Uiramutã,RR,1961,1678.71,1381.12,28.22,18.93,80.38,0.58,1.96,6596.12
1400704,Uiramutã,RR,1962,2305.61,1268.98,27.49,18.35,84.62,0.44,1.26,6466.68
1400704,Uiramutã,RR,1963,2525.17,1244.52,27.6,17.94,84.63,0.43,1.05,6390.18
1400704,Uiramutã,RR,1964,2803.08,1229.01,27.45,17.91,84.33,0.44,1.11,6302.78
1400704,Uiramutã,RR,1965,2708.57,1305.07,28.27,17.78,82.6,0.49,1.34,6546.17
1400704,Uiramutã,RR,1966,2519.85,1271.34,28.16,17.89,83.72,0.46,1.26,6412.49
1400704,Uiramutã,RR,1967,2353.26,1259.31,27.91,18.5,83.79,0.47,1.07,6393.01
1400704,Uiramutã,RR,1968,2504.64,1246.16,27.6,18.36,85.41,0.41,1.04,6418.56
1400704,Uiramutã,RR,1969,2267.49,1306.96,28.38,18.97,84.35,0.46,1.05,6642.62
1400704,Uiramutã,RR,1970,2265.57,1293.4,28.13,18.38,83.44,0.48,1.24,6486.63
1400704,Uiramutã,RR,1971,2762.69,1255.88,27.25,17.96,84.11,0.44,1.53,6329.08
1400704,Uiramutã,RR,1972,1193.71,1350.26,28.3,18.8,82.09,0.53,1.98,6465.84
1400704,Uiramutã,RR,1973,1440.88,1307.93,26.59,19.96,80.48,0.57,1.93,6237.02
1400704,Uiramutã,RR,1974,1946.42,1299.39,27.72,19.07,81.38,0.54,1.95,6172.3
1400704,Uiramutã,RR,1975,1612.72,1353.13,28.27,19.01,80.08,0.59,1.94,6331.12
1400704,Uiramutã,RR,1976,1379.06,1351.44,28.03,19.06,80.97,0.57,1.91,6439.76
1400704,Uiramutã,RR,1977,1077.93,1338.74,28.48,19.27,80.27,0.59,1.94,6158.01
1400704,Uiramutã,RR,1978,1190.47,1301.38,28.25,19.28,81.36,0.56,1.83,6067.53
1400704,Uiramutã,RR,1979,1621.73,1213.56,28.08,19.01,84.32,0.46,1.33,5989.61
1400704,Uiramutã,RR,1980,1359.56,1269.34,28.3,19.09,82.71,0.51,1.04,6291.47
1500107,Abaetetuba,PA,1961,3314.59,1446.12,30.95,22.83,82.15,0.64,1.23,6846.83
1500107,Abaetetuba,PA,1962,2390.18,1433.68,31.35,22.88,81.87,0.66,1.19,6701.06
1500107,Abaetetuba,PA,1963,2218.76,1414.54,31.39,22.92,81.73,0.66,1.01,6655.97
1500107,Abaetetuba,PA,1964,2829.95,1444.23,31.37,22.96,81.24,0.69,1.0,6776.56
1500107,Abaetetuba,PA,1965,2529.88,1518.7,31.95,23.28,78.49,0.81,1.11,7022.93
1500107,Abaetetuba,PA,1966,3146.52,1427.85,31.69,23.62,79.96,0.75,0.74,6749.6
1500107,Abaetetuba,PA,1967,2958.83,1450.78,31.23,22.22,81.83,0.64,1.16,6866.31
1500107,Abaetetuba,PA,1968,2734.62,1439.37,31.41,22.09,83.53,0.58,1.29,6817.24
1500107,Abaetetuba,PA,1969,2721.93,1516.44,32.6,22.46,83.52,0.61,1.24,7096.91
1500107,Abaetetuba,PA,1970,2561.6,1462.24,32.46,21.68,84.59,0.55,1.12,6960.72
1500107,Abaetetuba,PA,1971,2445.13,1443.77,32.21,21.6,83.72,0.58,1.07,6891.92
1500107,Abaetetuba,PA,1972,2579.44,1436.14,32.32,21.95,83.51,0.6,0.99,6826.2
1500107,Abaetetuba,PA,1973,3116.42,1407.22,32.05,22.82,84.79,0.56,1.21,6584.5
1500107,Abaetetuba,PA,1974,3283.25,1367.71,29.63,23.04,84.47,0.54,1.56,6588.9
1500107,Abaetetuba,PA,1975,2890.63,1391.97,31.31,21.96,84.91,0.53,1.4,6628.8
1500107,Abaetetuba,PA,1976,2485.59,1462.09,31.46,21.94,83.26,0.59,1.05,7055.23
1500107,Abaetetuba,PA,1977,2434.56,1394.68,31.11,22.32,83.86,0.57,1.15,6638.06
1500107,Abaetetuba,PA,1978,2758.87,1394.28,31.31,22.63,84.6,0.55,1.24,6614.34
1500107,Abaetetuba,PA,1979,2501.43,1392.23,31.53,22.76,84.11,0.57,1.12,6597.85
1500107,Abaetetuba,PA,1980,3218.01,1404.46,31.46,22.7,84.09,0.58,1.14,6637.85
1500131,Abel Figueiredo,PA,1961,1742.58,1458.0,32.32,19.79,79.55,0.7,0.94,6939.04
1500131,Abel Figueiredo,PA,1962,1435.5,1417.72,32.2,20.12,80.34,0.67,0.82,6777.56
1500131,Abel Figueiredo,PA,1963,1467.57,1424.42,32.43,19.9,79.22,0.71,0.82,6761.85
1500131,Abel Figueiredo,PA,1964,1467.29,1432.51,31.85,20.12,80.17,0.67,0.84,6872.54
1500131,Abel Figueiredo,PA,1965,1236.4,1463.57,32.19,19.81,76.98,0.78,0.73,7128.02
1500131,Abel Figueiredo,PA,1966,1539.49,1391.92,31.92,20.1,77.31,0.77,0.5,6881.71
1500131,Abel Figueiredo,PA,1967,1555.57,1446.07,31.83,19.64,77.96,0.73,0.83,6967.79
1500131,Abel Figueiredo,PA,1968,1312.62,1427.75,31.69,19.72,79.27,0.69,0.79,6935.37
1500131,Abel Figueiredo,PA,1969,1302.5,1482.0,32.65,20.64,78.41,0.76,0.77,7109.64
1500131,Abel Figueiredo,PA,1970,1149.75,1448.27,32.41,20.17,79.08,0.72,0.83,6895.06
1500131,Abel Figueiredo,PA,1971,1381.06,1427.08,32.28,20.19,82.22,0.61,0.91,6853.12
1500131,Abel Figueiredo,PA,1972,1238.68,1400.57,32.93,20.51,83.15,0.59,0.72,6714.82
1500131,Abel Figueiredo,PA,1973,1814.98,1354.3,30.75,20.35,81.89,0.6,0.83,6640.42
1500131,Abel Figueiredo,PA,1974,1948.22,1330.96,30.88,20.15,82.16,0.59,0.88,6479.41
1500131,Abel Figueiredo,PA,1975,1948.07,1335.01,31.01,20.03,82.66,0.57,0.86,6518.68
1500131,Abel Figueiredo,PA,1976,1733.57,1368.74,30.85,20.97,79.82,0.68,0.84,6598.26
1500131,Abel Figueiredo,PA,1977,1810.4,1301.28,30.63,21.37,78.87,0.72,1.02,6076.01
1500131,Abel Figueiredo,PA,1978,1730.28,1332.86,30.99,21.28,78.27,0.74,1.07,6150.47
1500131,Abel Figueiredo,PA,1979,1661.08,1313.97,31.24,21.32,81.65,0.63,1.11,6107.11
1500131,Abel Figueiredo,PA,1980,1796.58,1359.93,31.63,21.46,78.13,0.77,1.04,6238.85
1500206,Acará,PA,1961,3454.19,1440.75,30.86,22.71,82.26,0.63,1.11,6885.48
1500206,Acará,PA,1962,2334.32,1427.75,31.25,22.75,81.99,0.65,1.08,6737.5
1500206,Acará,PA,1963,2080.98,1413.72,31.29,22.77,81.82,0.66,0.98,6683.46
1500206,Acará,PA,1964,2725.33,1441.62,31.36,22.75,80.59,0.71,0.95,6780.96
1500206,Acará,PA,1965,2460.35,1505.7,32.05,22.89,76.79,0.86,0.95,7041.93
1500206,Acará,PA,1966,3126.89,1414.24,31.69,23.22,78.32,0.8,0.61,6767.82
1500206,Acará,PA,1967,2947.28,1450.83,31.14,22.04,81.54,0.65,1.13,6901.5
1500206,Acará,PA,1968,2755.98,1443.97,31.33,21.93,82.46,0.62,1.15,6874.27
1500206,Acará,PA,1969,2876.8,1510.3,32.54,22.32,82.47,0.64,1.11,7115.61
1500206,Acará,PA,1970,2694.71,1460.4,32.34,21.56,83.96,0.57,1.07,6977.84
1500206,Acará,PA,1971,2664.4,1434.04,32.07,21.41,83.67,0.58,1.03,6878.41
1500206,Acará,PA,1972,2562.29,1414.75,32.21,21.79,83.35,0.6,0.96,6723.46
1500206,Acará,PA,1973,3177.39,1393.71,31.65,22.8,84.93,0.55,1.16,6576.64
1500206,Acará,PA,1974,3244.24,1361.72,29.46,22.8,84.41,0.53,1.57,6575.7
1500206,Acará,PA,1975,2965.84,1381.02,31.02,21.8,84.86,0.52,1.39,6604.76
1500206,Acará,PA,1976,2720.01,1454.62,31.26,21.72,83.05,0.59,1.06,7035.59
1500206,Acará,PA,1977,2589.35,1388.08,31.06,22.05,83.69,0.57,1.11,6620.94
1500206,Acará,PA,1978,2779.04,1387.52,31.17,22.42,84.43,0.55,1.2,6609.63
1500206,Acará,PA,1979,2203.66,1391.41,31.42,22.56,83.76,0.58,1.12,6604.76
1500206,Acará,PA,1980,2854.8,1397.5,31.31,22.44,83.57,0.59,1.09,6620.41
1500305,Afuá,PA,1961,3017.93,1425.34,30.84,22.87,83.5,0.59,1.36,6761.06
1500305,Afuá,PA,1962,2481.59,1421.5,31.22,23.04,83.34,0.61,1.29,6661.47
1500305,Afuá,PA,1963,2099.94,1396.32,31.39,22.89,83.7,0.59,1.09,6586.38
1500305,Afuá,PA,1964,2818.25,1428.06,31.32,22.57,82.76,0.62,1.12,6717.65
1500305,Afuá,PA,1965,2443.46,1506.82,31.82,22.63,79.76,0.74,1.24,6983.03
1500305,Afuá,PA,1966,3068.93,1403.33,31.17,22.82,80.89,0.69,0.98,6614.66
1500305,Afuá,PA,1967,2605.26,1422.83,31.11,22.35,83.4,0.59,1.2,6751.8
1500305,Afuá,PA,1968,2733.9,1415.11,30.73,22.75,83.7,0.58,1.2,6743.41
1500305,Afuá,PA,1969,2490.31,1503.04,31.63,23.34,82.99,0.63,1.26,7033.29
1500305,Afuá,PA,1970,2404.04,1445.25,31.4,23.06,84.4,0.57,1.2,6857.99
1500305,Afuá,PA,1971,2262.83,1411.52,30.82,22.52,84.32,0.56,1.32,6748.65
1500305,Afuá,PA,1972,2643.04,1424.42,31.1,22.71,84.38,0.56,1.21,6774.04
1500305,Afuá,PA,1973,3409.71,1320.37,29.91,23.27,85.43,0.51,1.09,6375.1
1500305,Afuá,PA,1974,3509.76,1347.5,30.23,22.78,84.94,0.53,1.4,6426.47
1500305,Afuá,PA,1975,3352.44,1349.13,30.81,22.65,84.74,0.54,1.22,6397.09
1500305,Afuá,PA,1976,2559.52,1464.6,30.86,22.82,83.1,0.61,1.4,6878.19
1500305,Afuá,PA,1977,3078.28,1405.69,30.74,23.23,83.67,0.59,1.87,6358.14
1500305,Afuá,PA,1978,3204.9,1370.12,30.69,23.25,85.08,0.54,1.7,6378.24
1500305,Afuá,PA,1979,3134.52,1372.78,31.23,23.49,85.2,0.54,1.62,6350.75
1500305,Afuá,PA,1980,2948.21,1394.22,31.33,23.48,84.79,0.56,1.42,6463.33
1500347,Água Azul do Norte,PA,1961,1139.76,1393.61,31.9,17.91,76.48,0.75,0.8,6811.02
1500347,Água Azul do Norte,PA,1962,1560.56,1361.62,32.0,18.24,77.18,0.73,0.7,6620.94
1500347,Água Azul do Norte,PA,1963,1395.78,1345.24,31.87,17.72,75.05,0.79,0.61,6633.35
1500347,Água Azul do Norte,PA,1964,1713.16,1340.13,30.95,18.16,77.91,0.69,0.72,6585.23
1500347,Água Azul do Norte,PA,1965,1560.28,1354.3,31.17,17.91,76.42,0.74,0.57,6828.45
1500347,Água Azul do Norte,PA,1966,1605.77,1317.5,31.45,18.2,76.08,0.76,0.5,6596.91
1500347,Água Azul do Norte,PA,1967,1789.01,1334.75,31.24,17.76,78.4,0.67,0.6,6685.98
1500347,Água Azul do Norte,PA,1968,1739.75,1324.36,30.95,17.86,79.21,0.64,0.64,6638.01
1500347,Água Azul do Norte,PA,1969,1699.49,1378.46,31.93,18.66,79.5,0.67,0.66,6797.51
1500347,Água Azul do Norte,PA,1970,1694.21,1426.01,32.55,18.98,78.58,0.71,0.82,6816.52
1500347,Água Azul do Norte,PA,1971,1501.9,1398.06,31.99,19.48,79.44,0.68,0.97,6636.34
1500347,Água Azul do Norte,PA,1972,1422.83,1361.37,32.17,19.97,80.11,0.68,0.88,6449.35
1500347,Água Azul do Norte,PA,1973,2017.61,1303.38,30.87,19.92,84.38,0.51,0.81,6405.26
1500347,Água Azul do Norte,PA,1974,2113.79,1214.07,30.71,18.3,83.76,0.5,0.76,5963.69
1500347,Água Azul do Norte,PA,1975,1976.06,1246.46,30.61,19.51,84.03,0.51,0.76,6118.58
1500347,Água Azul do Norte,PA,1976,1786.34,1307.57,30.72,19.94,81.84,0.59,0.83,6382.58
1500347,Água Azul do Norte,PA,1977,2005.86,1228.4,30.34,20.62,82.49,0.58,0.81,5934.47
1500347,Água Azul do Norte,PA,1978,1767.83,1265.66,30.71,20.74,81.47,0.62,0.9,6019.46
1500347,Água Azul do Norte,PA,1979,1680.85,1275.38,30.8,20.57,81.85,0.6,0.95,6077.58
1500347,Água Azul do Norte,PA,1980,1610.32,1291.86,31.24,20.63,78.69,0.72,1.06,5918.86
1500404,Alenquer,PA,1961,2075.44,1334.85,28.43,19.47,83.44,0.5,1.33,6717.86
1500404,Alenquer,PA,1962,2442.19,1326.46,28.67,19.57,83.8,0.49,1.35,6595.65
1500404,Alenquer,PA,1963,2266.85,1316.43,29.05,19.41,83.97,0.49,1.23,6523.71
1500404,Alenquer,PA,1964,2393.17,1303.22,28.8,19.18,83.9,0.49,1.27,6457.2
1500404,Alenquer,PA,1965,1947.54,1376.11,29.17,19.23,81.81,0.56,1.32,6758.24
1500404,Alenquer,PA,1966,2135.07,1300.05,29.02,19.22,82.75,0.52,1.04,6456.0
1500404,Alenquer,PA,1967,1838.54,1319.5,28.98,19.23,83.18,0.51,1.23,6514.28
1500404,Alenquer,PA,1968,2446.16,1285.36,28.83,19.04,84.3,0.47,1.23,6392.95
1500404,Alenquer,PA,1969,2142.83,1365.41,29.79,19.59,83.25,0.53,1.28,6610.58
1500404,Alenquer,PA,1970,2778.02,1317.56,29.56,20.01,86.06,0.44,1.09,6556.22
1500404,Alenquer,PA,1971,2492.32,1302.81,29.52,18.83,85.2,0.45,1.38,6385.0
1500404,Alenquer,PA,1972,2032.83,1325.59,29.52,17.6,83.86,0.48,1.48,6462.54
1500404,Alenquer,PA,1973,2505.55,1237.76,28.57,20.65,86.12,0.43,1.25,6116.69
1500404,Alenquer,PA,1974,2234.85,1252.3,27.45,20.34,84.15,0.47,1.4,6250.69
1500404,Alenquer,PA,1975,2362.24,1301.23,28.95,19.97,83.79,0.51,1.45,6294.52
1500404,Alenquer,PA,1976,1920.17,1386.6,28.97,19.71,82.97,0.53,1.54,6790.22
1500404,Alenquer,PA,1977,2171.68,1323.54,28.0,20.58,83.95,0.5,1.58,6554.49
1500404,Alenquer,PA,1978,2065.95,1318.78,28.74,20.34,84.59,0.48,1.59,6436.68
1500404,Alenquer,PA,1979,2169.85,1297.54,28.8,20.57,84.54,0.49,1.42,6355.78
1500404,Alenquer,PA,1980,1757.98,1353.59,29.27,20.66,85.35,0.47,1.64,6575.96
1500503,Almeirim,PA,1961,2615.52,1344.37,28.9,20.13,84.72,0.47,1.38,6726.66
1500503,Almeirim,PA,1962,2653.27,1338.74,29.18,20.3,84.11,0.5,1.33,6596.44
1500503,Almeirim,PA,1963,2380.56,1329.99,29.48,20.12,84.07,0.51,1.17,6544.76
1500503,Almeirim,PA,1964,2573.54,1328.3,29.26,19.86,83.8,0.51,1.22,6523.65
1500503,Almeirim,PA,1965,1960.08,1404.56,29.68,19.94,81.07,0.6,1.3,6806.46
1500503,Almeirim,PA,1966,2210.92,1316.07,29.32,19.91,82.46,0.55,1.01,6494.49
1500503,Almeirim,PA,1967,1849.45,1344.22,29.39,19.75,83.46,0.52,1.21,6620.94
1500503,Almeirim,PA,1968,2594.71,1325.33,29.32,19.95,84.2,0.5,1.28,6500.56
1500503,Almeirim,PA,1969,2333.47,1408.56,30.24,20.51,83.48,0.54,1.34,6745.36
1500503,Almeirim,PA,1970,2420.25,1352.46,30.03,20.66,84.59,0.5,1.14,6595.02
1500503,Almeirim,PA,1971,2405.94,1338.8,29.96,19.85,83.88,0.51,1.26,6501.08
1500503,Almeirim,PA,1972,2284.79,1354.46,30.02,19.56,83.08,0.54,1.25,6542.66
1500503,Almeirim,PA,1973,2964.44,1248.46,28.78,21.03,85.47,0.46,1.06,6174.5
1500503,Almeirim,PA,1974,2312.2,1261.67,27.95,20.6,84.71,0.47,1.44,6269.22
1500503,Almeirim,PA,1975,2368.06,1299.44,29.46,20.14,84.07,0.51,1.41,6249.12
1500503,Almeirim,PA,1976,1938.47,1420.74,29.69,19.95,82.55,0.56,1.63,6784.57
1500503,Almeirim,PA,1977,2280.91,1349.24,29.21,20.73,83.3,0.54,1.95,6306.61
1500503,Almeirim,PA,1978,2169.93,1304.86,29.28,20.61,85.45,0.47,1.74,6292.94
1500503,Almeirim,PA,1979,2113.31,1299.59,29.62,20.92,85.15,0.48,1.68,6199.48
1500503,Almeirim,PA,1980,1838.2,1346.06,29.75,21.06,84.51,0.51,1.68,6387.77
1500602,Altamira,PA,1961,1965.47,1325.33,30.46,19.53,81.38,0.59,0.91,6520.72
1500602,Altamira,PA,1962,2522.52,1324.72,30.72,19.63,82.14,0.57,0.9,6490.09
1500602,Altamira,PA,1963,2019.75,1325.44,31.08,19.05,80.42,0.63,0.83,6458.2
1500602,Altamira,PA,1964,2584.61,1287.1,30.5,19.35,82.29,0.56,0.83,6316.92
1500602,Altamira,PA,1965,2391.45,1348.78,30.92,19.24,81.13,0.6,0.88,6617.64
1500602,Altamira,PA,1966,2110.42,1293.14,30.7,19.63,81.35,0.6,0.69,6360.49
1500602,Altamira,PA,1967,2018.01,1341.05,30.66,19.89,82.43,0.57,1.18,6361.75
1500602,Altamira,PA,1968,2333.62,1316.74,30.11,19.88,83.69,0.52,1.33,6333.57
1500602,Altamira,PA,1969,2023.67,1389.21,31.15,20.62,82.82,0.58,1.4,6467.47
1500602,Altamira,PA,1970,2175.84,1356.81,31.26,20.24,84.08,0.53,1.06,6585.44
1500602,Altamira,PA,1971,2275.26,1294.88,30.39,20.02,85.73,0.46,1.02,6342.11
1500602,Altamira,PA,1972,2361.91,1256.75,30.78,20.08,85.46,0.48,0.96,6085.22
1500602,Altamira,PA,1973,2193.11,1229.88,30.11,21.17,87.4,0.42,1.07,5990.24
1500602,Altamira,PA,1974,2358.09,1174.4,29.63,21.0,86.32,0.44,0.95,5723.04
1500602,Altamira,PA,1975,2145.47,1231.78,30.67,20.52,85.41,0.48,0.94,5932.75
1500602,Altamira,PA,1976,1843.24,1269.44,30.88,20.21,84.11,0.52,0.92,6118.68
1500602,Altamira,PA,1977,2101.41,1232.03,30.32,20.92,85.23,0.49,0.84,5979.87
1500602,Altamira,PA,1978,1924.16,1251.17,30.22,20.97,84.84,0.5,0.95,6062.34
1500602,Altamira,PA,1979,2007.3,1285.82,30.43,21.06,83.88,0.54,0.94,6223.67
1500602,Altamira,PA,1980,1867.6,1262.59,30.66,21.26,85.41,0.49,1.05,6036.84
1500701,Anajás,PA,1961,3047.11,1428.36,30.74,23.07,83.36,0.6,1.34,6772.69
1500701,Anajás,PA,1962,2488.67,1417.51,31.16,23.19,83.11,0.62,1.25,6637.28
1500701,Anajás,PA,1963,2097.58,1391.05,31.33,23.07,83.6,0.6,1.03,6576.49
1500701,Anajás,PA,1964,2863.3,1437.17,31.29,22.89,82.4,0.64,1.1,6742.78
1500701,Anajás,PA,1965,2543.32,1508.2,31.78,23.06,79.03,0.78,1.16,6994.65
1500701,Anajás,PA,1966,3095.36,1405.13,31.31,23.32,80.55,0.71,0.84,6638.06
1500701,Anajás,PA,1967,2963.05,1423.7,31.03,22.52,83.27,0.59,1.2,6745.2
1500701,Anajás,PA,1968,2691.62,1425.91,31.01,22.55,83.73,0.58,1.25,6774.2
1500701,Anajás,PA,1969,2477.13,1502.27,31.83,23.04,83.03,0.63,1.21,7062.67
1500701,Anajás,PA,1970,2513.1,1464.24,32.0,22.18,83.93,0.58,1.25,6906.84
1500701,Anajás,PA,1971,2624.64,1455.28,32.03,21.81,83.81,0.58,1.33,6856.42
1500701,Anajás,PA,1972,2849.47,1443.15,32.15,21.71,84.25,0.56,1.22,6817.4
1500701,Anajás,PA,1973,3641.97,1388.85,31.92,22.17,84.44,0.56,1.26,6493.39
1500701,Anajás,PA,1974,3476.76,1360.5,30.36,22.63,84.83,0.53,1.48,6484.43
1500701,Anajás,PA,1975,3729.66,1378.72,31.72,21.83,85.05,0.53,1.32,6502.5
1500701,Anajás,PA,1976,2431.09,1476.93,31.44,22.1,83.32,0.6,1.26,7017.84
1500701,Anajás,PA,1977,2715.92,1407.22,30.56,22.84,83.79,0.58,1.56,6591.72
1500701,Anajás,PA,1978,2812.89,1382.5,30.99,22.9,85.09,0.53,1.57,6484.59
1500701,Anajás,PA,1979,2924.91,1388.85,31.32,22.94,85.14,0.54,1.44,6533.44
1500701,Anajás,PA,1980,3496.44,1421.61,31.35,22.93,85.0,0.54,1.42,6678.69
1500800,Ananindeua,PA,1961,3596.15,1441.82,30.98,22.63,82.71,0.61,1.18,6863.01
1500800,Ananindeua,PA,1962,2541.55,1430.67,31.36,22.66,82.3,0.64,1.18,6712.68
1500800,Ananindeua,PA,1963,2199.39,1409.07,31.34,22.76,82.29,0.64,1.0,6657.86
1500800,Ananindeua,PA,1964,2974.47,1446.74,31.27,22.98,81.32,0.68,1.02,6789.44
1500800,Ananindeua,PA,1965,2596.53,1526.37,31.83,23.57,77.8,0.84,1.08,7061.1
1500800,Ananindeua,PA,1966,3151.57,1438.04,31.67,23.96,78.57,0.81,0.71,6784.47
1500800,Ananindeua,PA,1967,2948.18,1465.26,31.25,22.03,81.77,0.64,1.18,6945.95
1500800,Ananindeua,PA,1968,2774.28,1444.13,31.57,21.81,83.77,0.57,1.25,6859.81
1500800,Ananindeua,PA,1969,2857.24,1533.33,32.94,22.14,82.76,0.64,1.2,7160.38
1500800,Ananindeua,PA,1970,2667.06,1469.0,32.48,21.65,84.51,0.56,1.13,6996.06
1500800,Ananindeua,PA,1971,2643.76,1444.38,32.13,21.17,83.6,0.58,1.11,6911.87
1500800,Ananindeua,PA,1972,2729.15,1434.5,32.2,21.49,82.95,0.6,1.03,6828.24
1500800,Ananindeua,PA,1973,3088.3,1386.39,31.86,22.71,85.02,0.55,1.06,6555.75
1500800,Ananindeua,PA,1974,3281.59,1341.35,28.83,22.91,84.42,0.52,1.46,6557.16
1500800,Ananindeua,PA,1975,3363.4,1364.13,30.81,21.6,84.79,0.52,1.26,6585.28
1500800,Ananindeua,PA,1976,2662.94,1443.46,31.27,21.22,83.03,0.58,1.09,6990.51
1500800,Ananindeua,PA,1977,2741.24,1388.8,31.31,21.48,83.67,0.57,1.18,6585.6
1500800,Ananindeua,PA,1978,2986.17,1390.74,31.32,22.44,84.36,0.56,1.25,6583.71
1500800,Ananindeua,PA,1979,2386.18,1393.2,31.55,22.63,83.88,0.58,1.22,6561.88
1500800,Ananindeua,PA,1980,3172.05,1398.11,31.45,22.38,84.01,0.57,1.21,6579.89
1500859,Anapu,PA,1961,2284.69,1388.03,30.32,20.56,82.02,0.59,1.28,6732.32
1500859,Anapu,PA,1962,2309.98,1373.44,30.58,20.88,82.11,0.59,1.16,6610.42
1500859,Anapu,PA,1963,1955.67,1359.73,30.68,20.48,81.97,0.6,1.02,6578.22
1500859,Anapu,PA,1964,2398.24,1358.81,30.17,20.25,82.3,0.57,1.04,6623.4
1500859,Anapu,PA,1965,2066.93,1411.63,30.93,20.21,78.94,0.7,0.99,6823.9
1500859,Anapu,PA,1966,2113.74,1326.67,30.0,20.63,79.87,0.65,0.78,6518.68
1500859,Anapu,PA,1967,1941.95,1362.7,30.2,20.64,83.25,0.55,1.16,6618.12
1500859,Anapu,PA,1968,2285.68,1364.54,29.95,20.46,82.81,0.56,1.32,6623.56
1500859,Anapu,PA,1969,2097.62,1447.25,30.98,21.58,82.66,0.6,1.24,6918.78
1500859,Anapu,PA,1970,2204.87,1400.16,31.67,20.24,85.1,0.5,1.01,6828.77
1500859,Anapu,PA,1971,2418.17,1388.59,31.09,20.89,84.11,0.54,1.09,6721.79
1500859,Anapu,PA,1972,2247.32,1343.45,31.64,21.21,83.6,0.57,1.04,6344.26
1500859,Anapu,PA,1973,2688.42,1278.96,29.83,21.97,84.74,0.51,1.05,6199.32
1500859,Anapu,PA,1974,2782.45,1236.07,30.66,21.13,84.63,0.52,1.09,5862.53
1500859,Anapu,PA,1975,2450.52,1254.04,31.11,21.08,84.7,0.52,0.98,5961.81
1500859,Anapu,PA,1976,1957.64,1336.65,30.87,21.47,83.39,0.57,0.99,6415.57
1500859,Anapu,PA,1977,2383.27,1267.09,29.92,22.12,83.73,0.55,1.09,6045.69
1500859,Anapu,PA,1978,2012.28,1298.72,30.82,21.85,83.85,0.56,1.21,6099.57
1500859,Anapu,PA,1979,1757.04,1304.66,30.95,21.76,85.5,0.5,1.11,6245.51
1500859,Anapu,PA,1980,1692.96,1332.91,31.2,22.15,85.71,0.51,1.1,6345.04
1500909,Augusto Corrêa,PA,1961,3510.4,1471.46,30.75,23.13,82.25,0.64,1.34,6929.77
1500909,Augusto Corrêa,PA,1962,2392.46,1456.31,31.17,23.18,81.75,0.67,1.21,6817.46
1500909,Augusto Corrêa,PA,1963,2127.89,1420.53,31.1,23.04,82.1,0.65,1.0,6721.95
1500909,Augusto Corrêa,PA,1964,2582.92,1475.09,31.78,22.58,80.04,0.73,0.96,6935.84
1500909,Augusto Corrêa,PA,1965,2395.0,1551.35,32.52,22.7,76.56,0.88,1.0,7188.97
1500909,Augusto Corrêa,PA,1966,1967.87,1467.0,32.48,22.99,77.7,0.84,0.66,6959.31
1500909,Augusto Corrêa,PA,1967,2590.17,1471.87,31.47,22.2,80.63,0.69,0.94,7018.21
1500909,Augusto Corrêa,PA,1968,2504.58,1461.63,31.3,22.23,80.87,0.68,0.98,6993.02
1500909,Augusto Corrêa,PA,1969,2419.07,1517.06,32.18,22.67,80.75,0.71,0.98,7192.74
1500909,Augusto Corrêa,PA,1970,2059.93,1490.6,31.93,21.76,82.45,0.62,1.28,7073.67
1500909,Augusto Corrêa,PA,1971,2367.28,1449.65,31.5,21.68,83.64,0.57,1.07,7014.92
1500909,Augusto Corrêa,PA,1972,1679.74,1455.28,31.77,21.93,83.19,0.6,1.01,6982.97
1500909,Augusto Corrêa,PA,1973,2529.54,1340.48,30.01,22.2,86.25,0.47,1.17,6561.88
1500909,Augusto Corrêa,PA,1974,3857.3,1345.81,30.06,21.18,84.92,0.5,1.42,6480.82
1500909,Augusto Corrêa,PA,1975,3208.28,1350.26,30.27,21.09,84.21,0.53,1.26,6489.3
1500909,Augusto Corrêa,PA,1976,1988.61,1474.68,30.75,20.13,81.59,0.6,1.58,6991.77
1500909,Augusto Corrêa,PA,1977,2756.86,1397.91,30.85,20.46,82.52,0.58,1.69,6450.82
1500909,Augusto Corrêa,PA,1978,2536.13,1398.68,30.92,21.55,83.57,0.56,1.62,6522.92
1500909,Augusto Corrêa,PA,1979,1937.04,1411.17,31.41,21.6,82.33,0.61,1.43,6568.63
1500909,Augusto Corrêa,PA,1980,2608.54,1411.73,31.12,21.18,82.15,0.61,1.46,6544.23
1500958,Aurora do Pará,PA,1961,3486.29,1447.09,30.85,22.74,82.26,0.63,1.13,6909.51
1500958,Aurora do Pará,PA,1962,2344.18,1437.73,31.23,22.77,81.95,0.65,1.13,6767.5
1500958,Aurora do Pará,PA,1963,2030.43,1422.68,31.34,22.74,81.8,0.66,0.98,6727.29
1500958,Aurora do Pará,PA,1964,2580.83,1452.21,31.53,22.48,80.3,0.71,0.95,6843.48
1500958,Aurora do Pará,PA,1965,2421.3,1513.63,32.29,22.38,76.72,0.86,0.92,7112.62
1500958,Aurora do Pará,PA,1966,2892.65,1424.98,32.04,22.71,78.14,0.8,0.57,6862.38
1500958,Aurora do Pará,PA,1967,2693.37,1462.5,31.26,21.94,81.37,0.65,1.06,6983.66
1500958,Aurora do Pará,PA,1968,2493.28,1451.7,31.33,21.9,80.72,0.68,1.11,6870.81
1500958,Aurora do Pará,PA,1969,2801.81,1508.41,32.39,22.35,80.63,0.71,1.07,7088.12
1500958,Aurora do Pará,PA,1970,2704.79,1476.37,32.17,21.54,82.42,0.62,1.11,7042.56
1500958,Aurora do Pará,PA,1971,2571.96,1444.84,31.87,21.35,83.6,0.58,1.03,6973.29
1500958,Aurora do Pará,PA,1972,2466.64,1448.78,32.13,21.73,82.92,0.61,0.96,6918.41
1500958,Aurora do Pará,PA,1973,3193.9,1371.6,31.03,22.62,84.78,0.54,1.08,6557.95
1500958,Aurora do Pará,PA,1974,3258.2,1358.09,29.72,22.19,84.23,0.53,1.46,6561.09
1500958,Aurora do Pará,PA,1975,3208.16,1368.02,30.73,21.61,84.11,0.54,1.31,6552.92
1500958,Aurora do Pará,PA,1976,2399.14,1454.93,31.02,21.54,81.76,0.63,1.12,7007.0
1500958,Aurora do Pará,PA,1977,2513.06,1388.44,30.91,21.83,82.74,0.6,1.16,6577.9
1500958,Aurora do Pará,PA,1978,2838.68,1384.09,30.87,22.15,83.77,0.57,1.3,6574.44
1500958,Aurora do Pará,PA,1979,2120.27,1400.83,31.31,22.21,83.22,0.59,1.32,6594.24
1500958,Aurora do Pará,PA,1980,2367.72,1402.82,31.12,22.03,82.4,0.62,1.23,6589.0
1501006,Aveiro,PA,1961,2244.34,1339.26,30.64,21.22,85.25,0.5,1.02,6543.97
1501006,Aveiro,PA,1962,2703.54,1344.37,30.86,21.41,85.07,0.51,1.15,6449.72
1501006,Aveiro,PA,1963,2326.98,1346.47,31.25,21.28,84.3,0.55,1.1,6408.88
1501006,Aveiro,PA,1964,2630.16,1330.56,31.07,21.16,85.03,0.51,1.14,6359.18
1501006,Aveiro,PA,1965,2299.24,1398.98,31.4,21.21,83.6,0.57,1.17,6645.13
1501006,Aveiro,PA,1966,2068.81,1317.91,31.82,20.47,84.34,0.53,0.83,6310.22
1501006,Aveiro,PA,1967,1942.91,1367.46,31.73,20.71,83.38,0.57,1.25,6324.83
1501006,Aveiro,PA,1968,2463.64,1327.23,30.98,20.68,84.69,0.52,1.36,6258.96
1501006,Aveiro,PA,1969,2166.56,1411.06,31.85,21.51,83.6,0.58,1.46,6466.37
1501006,Aveiro,PA,1970,2527.63,1372.57,31.98,20.96,85.72,0.5,1.17,6538.0
1501006,Aveiro,PA,1971,2015.18,1321.39,31.17,20.47,85.74,0.48,1.13,6341.33
1501006,Aveiro,PA,1972,2247.26,1345.6,31.57,20.02,84.31,0.53,1.19,6354.47
1501006,Aveiro,PA,1973,2364.6,1293.7,31.05,21.7,85.96,0.49,1.22,6138.53
1501006,Aveiro,PA,1974,2257.13,1301.59,30.04,21.71,84.75,0.51,1.15,6302.37
1501006,Aveiro,PA,1975,2257.65,1360.14,31.49,21.49,83.45,0.58,1.08,6412.96
1501006,Aveiro,PA,1976,1837.46,1429.85,31.74,21.72,83.0,0.61,1.14,6718.75
1501006,Aveiro,PA,1977,2132.98,1341.0,30.99,22.13,84.79,0.54,0.95,6426.0
1501006,Aveiro,PA,1978,1936.58,1336.18,30.69,22.34,84.0,0.56,1.04,6354.84
1501006,Aveiro,PA,1979,2071.36,1333.68,30.94,22.62,83.53,0.59,0.92,6342.11
1501006,Aveiro,PA,1980,1703.04,1357.63,31.25,22.64,85.47,0.52,1.04,6445.73
1501105,Bagre,PA,1961,2698.83,1423.55,30.89,22.39,83.06,0.6,1.31,6771.27
1501105,Bagre,PA,1962,2373.08,1407.63,31.26,22.57,82.87,0.61,1.21,6622.98
1501105,Bagre,PA,1963,1915.66,1381.79,31.37,22.47,83.44,0.59,1.01,6565.33
1501105,Bagre,PA,1964,2604.25,1421.86,31.25,22.15,82.05,0.64,1.03,6728.96
1501105,Bagre,PA,1965,2329.56,1484.41,31.88,22.1,78.61,0.77,1.04,6975.02
1501105,Bagre,PA,1966,2874.48,1382.15,31.05,22.25,79.64,0.72,0.8,6611.99
1501105,Bagre,PA,1967,2274.74,1407.84,31.08,21.94,83.16,0.59,1.12,6719.12
1501105,Bagre,PA,1968,2561.32,1415.62,30.83,22.12,83.52,0.58,1.27,6771.06
1501105,Bagre,PA,1969,2499.14,1485.84,31.8,22.73,83.85,0.59,1.21,7037.85
1501105,Bagre,PA,1970,2541.33,1453.08,32.8,21.39,85.25,0.53,1.06,6913.28
1501105,Bagre,PA,1971,2367.35,1454.11,32.71,21.83,84.07,0.58,1.13,6840.86
1501105,Bagre,PA,1972,2702.09,1378.2,32.87,21.3,84.51,0.56,0.97,6471.65
1501105,Bagre,PA,1973,3134.19,1358.7,32.83,21.57,84.99,0.55,1.04,6314.78
1501105,Bagre,PA,1974,3262.61,1333.63,30.98,22.39,84.7,0.54,1.32,6299.07
1501105,Bagre,PA,1975,2675.14,1346.98,32.71,21.29,84.99,0.54,1.18,6250.53
1501105,Bagre,PA,1976,2211.59,1431.43,31.82,21.9,84.08,0.57,1.05,6839.24
1501105,Bagre,PA,1977,2324.04,1343.81,30.29,22.88,84.38,0.55,1.16,6437.15
1501105,Bagre,PA,1978,2674.36,1355.53,31.41,22.56,84.93,0.54,1.31,6355.15
1501105,Bagre,PA,1979,2251.28,1361.01,31.57,22.62,85.39,0.53,1.07,6470.77
1501105,Bagre,PA,1980,2529.0,1389.57,31.74,22.67,85.05,0.54,1.07,6574.86
1501204,Baião,PA,1961,2631.73,1448.63,31.47,22.35,81.45,0.67,1.2,6819.5
1501204,Baião,PA,1962,2183.64,1427.59,31.79,22.53,81.58,0.67,1.11,6652.36
1501204,Baião,PA,1963,1845.68,1403.03,31.91,22.41,81.43,0.67,0.97,6573.97
1501204,Baião,PA,1964,2568.76,1433.12,31.71,22.13,81.68,0.66,0.99,6747.65
1501204,Baião,PA,1965,2204.34,1485.74,32.31,21.88,78.29,0.79,0.98,6965.28
1501204,Baião,PA,1966,2763.27,1382.56,31.65,22.06,79.14,0.74,0.72,6604.13
1501204,Baião,PA,1967,2484.15,1423.5,31.38,21.92,81.5,0.65,1.07,6747.08
1501204,Baião,PA,1968,2532.39,1430.56,31.31,22.05,82.48,0.62,1.06,6854.0
1501204,Baião,PA,1969,2500.76,1492.39,32.31,22.77,82.73,0.64,1.03,7062.98
1501204,Baião,PA,1970,2430.28,1447.2,32.8,21.28,85.24,0.53,0.94,6939.04
1501204,Baião,PA,1971,2186.06,1435.07,32.67,21.37,83.47,0.6,0.93,6821.38
1501204,Baião,PA,1972,2336.0,1393.25,33.74,21.43,83.75,0.6,0.79,6501.18
1501204,Baião,PA,1973,3080.59,1322.47,31.9,21.82,84.76,0.54,0.83,6303.63
1501204,Baião,PA,1974,3187.11,1330.86,32.29,21.38,85.32,0.52,1.08,6263.41
1501204,Baião,PA,1975,2579.82,1338.39,33.2,21.13,85.96,0.51,0.98,6252.73
1501204,Baião,PA,1976,2214.25,1408.25,31.92,22.24,83.7,0.59,0.89,6733.67
1501204,Baião,PA,1977,2659.85,1320.47,30.21,22.94,83.83,0.57,1.03,6344.63
1501204,Baião,PA,1978,2484.2,1324.87,31.78,22.48,84.63,0.56,1.1,6192.25
1501204,Baião,PA,1979,2167.91,1339.61,31.9,22.78,85.1,0.54,0.97,6308.81
1501204,Baião,PA,1980,2240.47,1380.25,32.12,22.88,83.02,0.63,1.03,6398.45
1501253,Bannach,PA,1961,1212.3,1366.59,30.64,16.24,75.88,0.7,0.94,6752.27
1501253,Bannach,PA,1962,1569.82,1337.36,30.77,16.54,77.0,0.68,0.82,6573.5
1501253,Bannach,PA,1963,1507.76,1327.02,30.57,16.0,74.85,0.73,0.74,6646.23
1501253,Bannach,PA,1964,1843.56,1304.76,29.59,16.46,77.66,0.63,0.8,6510.45
1501253,Bannach,PA,1965,1400.12,1314.64,29.78,16.3,76.33,0.68,0.63,6762.95
1501253,Bannach,PA,1966,1444.54,1290.99,30.23,16.62,75.56,0.71,0.54,6576.17
1501253,Bannach,PA,1967,1919.0,1298.16,29.97,16.1,75.86,0.69,0.62,6619.53
1501253,Bannach,PA,1968,1873.21,1302.25,29.68,16.26,76.25,0.67,0.73,6601.09
1501253,Bannach,PA,1969,1634.59,1354.66,30.63,16.94,75.24,0.73,0.76,6722.11
1501253,Bannach,PA,1970,1656.04,1399.91,31.42,17.59,77.69,0.69,0.88,6794.99
1501253,Bannach,PA,1971,1488.77,1362.9,30.82,18.09,79.16,0.64,1.06,6537.37
1501253,Bannach,PA,1972,1414.3,1323.59,31.17,18.55,79.76,0.64,0.96,6339.54
1501253,Bannach,PA,1973,1927.73,1281.17,29.9,18.44,83.06,0.51,0.9,6356.72
1501253,Bannach,PA,1974,1966.99,1204.91,29.52,16.32,83.32,0.47,0.86,6055.43
1501253,Bannach,PA,1975,1730.71,1256.04,29.31,17.99,83.86,0.47,0.84,6358.92
1501253,Bannach,PA,1976,1786.6,1279.63,29.49,18.39,81.36,0.56,0.85,6404.73
1501253,Bannach,PA,1977,2241.09,1205.78,29.35,19.13,81.71,0.56,0.78,5963.85
1501253,Bannach,PA,1978,1833.26,1254.76,29.54,19.38,80.37,0.61,0.91,6106.17
1501253,Bannach,PA,1979,1939.33,1253.32,29.57,19.12,80.93,0.58,0.93,6131.15
1501253,Bannach,PA,1980,1671.52,1262.74,30.08,19.15,76.81,0.73,1.03,5909.13
1501303,Barcarena,PA,1961,3441.39,1449.14,30.98,22.71,82.24,0.63,1.27,6851.39
1501303,Barcarena,PA,1962,2499.8,1437.88,31.36,22.74,81.88,0.65,1.22,6719.28
1501303,Barcarena,PA,1963,2250.65,1414.8,31.37,22.82,81.79,0.66,1.02,6668.38
1501303,Barcarena,PA,1964,2938.59,1447.35,31.3,23.0,81.31,0.69,1.02,6788.34
1501303,Barcarena,PA,1965,2593.68,1525.04,31.85,23.55,78.45,0.81,1.14,7041.15
1501303,Barcarena,PA,1966,3122.99,1433.63,31.68,23.93,79.88,0.76,0.74,6765.46
1501303,Barcarena,PA,1967,2983.11,1453.65,31.25,22.1,81.94,0.63,1.18,6878.56
1501303,Barcarena,PA,1968,2765.5,1441.93,31.54,21.91,83.81,0.57,1.28,6837.35
1501303,Barcarena,PA,1969,2862.36,1526.53,32.86,22.24,83.1,0.62,1.22,7124.25
1501303,Barcarena,PA,1970,2641.72,1461.12,32.45,21.7,84.52,0.56,1.12,6960.09
1501303,Barcarena,PA,1971,2648.14,1440.08,32.12,21.23,83.78,0.57,1.08,6906.21
1501303,Barcarena,PA,1972,2735.63,1430.77,32.21,21.63,83.51,0.59,1.0,6826.98
1501303,Barcarena,PA,1973,2964.76,1398.68,31.83,22.82,84.82,0.55,1.17,6581.04
1501303,Barcarena,PA,1974,3219.94,1351.49,28.98,22.95,84.49,0.52,1.57,6580.88
1501303,Barcarena,PA,1975,3085.85,1376.93,30.87,21.72,84.9,0.52,1.39,6621.73
1501303,Barcarena,PA,1976,2496.52,1450.88,31.3,21.41,83.24,0.58,1.05,7049.58
1501303,Barcarena,PA,1977,2565.11,1393.0,31.31,21.67,83.86,0.57,1.13,6640.42
1501303,Barcarena,PA,1978,2746.95,1391.31,31.31,22.51,84.62,0.55,1.23,6608.06
1501303,Barcarena,PA,1979,2296.56,1394.84,31.54,22.68,84.0,0.58,1.16,6603.03
1501303,Barcarena,PA,1980,3005.33,1402.26,31.44,22.47,84.06,0.57,1.13,6635.18
1501402,Belém,PA,1961,3643.05,1447.81,30.99,22.78,82.63,0.62,1.26,6858.14
1501402,Belém,PA,1962,2599.52,1438.14,31.37,22.81,82.16,0.65,1.22,6726.5
1501402,Belém,PA,1963,2232.78,1415.21,31.39,22.89,82.19,0.65,1.02,6671.05
1501402,Belém,PA,1964,3054.87,1450.57,31.31,23.09,81.4,0.68,1.04,6796.82
1501402,Belém,PA,1965,2636.2,1530.93,31.83,23.69,78.38,0.82,1.15,7059.06
1501402,Belém,PA,1966,3137.73,1438.8,31.7,24.08,79.8,0.77,0.73,6781.96
1501402,Belém,PA,1967,2988.83,1463.22,31.26,22.19,82.01,0.63,1.19,6926.16
1501402,Belém,PA,1968,2766.59,1445.1,31.53,21.98,83.85,0.57,1.26,6862.64
1501402,Belém,PA,1969,2863.85,1529.19,32.82,22.32,83.13,0.62,1.2,7158.18
1501402,Belém,PA,1970,2639.38,1466.34,32.4,21.75,84.55,0.55,1.12,6992.92
1501402,Belém,PA,1971,2651.34,1443.31,32.09,21.23,83.7,0.57,1.12,6916.26
1501402,Belém,PA,1972,2717.02,1436.35,32.19,21.73,83.14,0.6,1.03,6826.83
1501402,Belém,PA,1973,3024.62,1390.69,31.79,22.92,84.89,0.55,1.09,6563.92
1501402,Belém,PA,1974,3263.8,1348.83,29.02,22.99,84.43,0.53,1.49,6564.39
1501402,Belém,PA,1975,3136.27,1370.17,30.86,21.81,84.78,0.52,1.27,6596.91
1501402,Belém,PA,1976,2535.12,1449.24,31.31,21.51,83.06,0.59,1.09,7009.2
1501402,Belém,PA,1977,2629.81,1394.53,31.33,21.75,83.74,0.57,1.19,6606.49
1501402,Belém,PA,1978,2867.35,1392.07,31.3,22.57,84.45,0.55,1.27,6588.27
1501402,Belém,PA,1979,2347.47,1395.76,31.53,22.73,83.92,0.58,1.23,6573.19
1501402,Belém,PA,1980,3183.85,1401.8,31.42,22.54,83.97,0.58,1.22,6595.75
1501451,Belterra,PA,1961,2107.06,1328.41,30.13,21.03,85.32,0.49,1.11,6542.24
1501451,Belterra,PA,1962,2573.25,1331.02,30.35,21.12,85.12,0.5,1.19,6450.66
1501451,Belterra,PA,1963,2290.45,1335.57,30.81,20.99,84.35,0.53,1.13,6405.89
1501451,Belterra,PA,1964,2515.72,1327.79,30.5,20.74,84.46,0.52,1.17,6402.22
1501451,Belterra,PA,1965,2136.16,1401.8,30.82,20.71,81.89,0.61,1.23,6675.14
1501451,Belterra,PA,1966,2117.01,1313.2,30.89,20.74,83.18,0.56,0.92,6315.57
1501451,Belterra,PA,1967,1892.42,1337.72,30.81,20.55,83.57,0.55,1.25,6333.16
1501451,Belterra,PA,1968,2452.52,1313.72,30.49,20.38,84.76,0.5,1.33,6290.69
1501451,Belterra,PA,1969,2227.39,1393.0,31.46,20.88,83.92,0.55,1.45,6468.88
1501451,Belterra,PA,1970,2591.82,1364.13,31.27,21.55,85.96,0.49,1.2,6550.57
1501451,Belterra,PA,1971,2041.82,1337.26,30.73,20.85,85.3,0.49,1.26,6428.35
1501451,Belterra,PA,1972,1903.6,1342.33,30.81,20.31,83.61,0.55,1.3,6331.37
1501451,Belterra,PA,1973,2529.23,1271.65,29.99,22.03,86.06,0.47,1.25,6120.46
1501451,Belterra,PA,1974,2446.65,1272.82,28.12,22.18,84.43,0.5,1.32,6286.98
1501451,Belterra,PA,1975,2484.19,1351.18,30.48,21.08,83.51,0.55,1.31,6434.32
1501451,Belterra,PA,1976,1674.82,1437.93,31.01,20.99,82.72,0.59,1.38,6810.17
1501451,Belterra,PA,1977,1944.89,1371.19,30.37,22.2,84.34,0.54,1.29,6558.58
1501451,Belterra,PA,1978,1866.57,1360.14,30.56,21.83,84.14,0.55,1.3,6466.21
1501451,Belterra,PA,1979,2061.5,1345.7,30.65,22.07,83.99,0.55,1.18,6416.73
1501451,Belterra,PA,1980,1548.67,1391.41,31.07,21.97,85.28,0.52,1.43,6582.4
1501501,Benevides,PA,1961,3578.81,1447.09,30.86,22.6,82.68,0.61,1.23,6880.92
1501501,Benevides,PA,1962,2541.92,1434.09,31.24,22.63,82.26,0.64,1.2,6743.16
1501501,Benevides,PA,1963,2180.48,1411.63,31.24,22.71,82.27,0.64,1.02,6678.44
1501501,Benevides,PA,1964,2904.63,1445.56,31.18,22.9,80.7,0.7,1.01,6785.04
1501501,Benevides,PA,1965,2596.05,1517.47,31.77,23.47,76.94,0.87,1.0,7067.22
1501501,Benevides,PA,1966,3157.38,1428.87,31.58,23.86,78.53,0.81,0.62,6807.25
1501501,Benevides,PA,1967,2951.01,1463.98,31.13,21.99,81.64,0.64,1.17,6954.44
1501501,Benevides,PA,1968,2769.32,1438.96,31.41,21.79,83.77,0.57,1.25,6854.47
1501501,Benevides,PA,1969,2862.27,1527.96,32.72,22.13,82.73,0.63,1.21,7155.51
1501501,Benevides,PA,1970,2672.11,1463.93,32.3,21.58,84.47,0.55,1.13,6992.61
1501501,Benevides,PA,1971,2676.33,1438.91,31.97,21.08,83.56,0.57,1.11,6904.96
1501501,Benevides,PA,1972,2694.49,1432.82,32.07,21.52,82.93,0.6,1.02,6832.64
1501501,Benevides,PA,1973,3094.55,1381.68,31.66,22.7,85.08,0.54,1.05,6555.75
1501501,Benevides,PA,1974,3280.85,1341.25,28.85,22.8,84.41,0.52,1.46,6553.71
1501501,Benevides,PA,1975,3369.8,1361.93,30.71,21.59,84.78,0.52,1.25,6583.56
1501501,Benevides,PA,1976,2659.95,1442.54,31.16,21.27,83.02,0.58,1.1,6984.54
1501501,Benevides,PA,1977,2824.33,1385.98,31.19,21.52,83.66,0.57,1.18,6580.41
1501501,Benevides,PA,1978,3068.22,1386.85,31.17,22.37,84.34,0.55,1.24,6586.23
1501501,Benevides,PA,1979,2489.99,1389.26,31.4,22.55,83.87,0.58,1.21,6563.92
1501501,Benevides,PA,1980,3167.87,1393.15,31.3,22.33,84.04,0.57,1.21,6574.86
1501576,Bom Jesus do Tocantins,PA,1961,1747.23,1464.09,32.61,20.04,79.5,0.71,0.94,6924.43
1501576,Bom Jesus do Tocantins,PA,1962,1537.73,1432.56,32.53,20.37,80.27,0.69,0.88,6767.03
1501576,Bom Jesus do Tocantins,PA,1963,1452.46,1425.91,32.74,20.15,79.16,0.73,0.82,6733.57
1501576,Bom Jesus do Tocantins,PA,1964,1592.76,1430.15,32.13,20.36,80.16,0.68,0.84,6818.19
1501576,Bom Jesus do Tocantins,PA,1965,1263.64,1467.0,32.46,20.01,76.99,0.79,0.73,7112.78
1501576,Bom Jesus do Tocantins,PA,1966,1541.12,1397.55,32.23,20.27,77.3,0.78,0.5,6874.64
1501576,Bom Jesus do Tocantins,PA,1967,1554.63,1450.73,32.13,19.82,77.94,0.74,0.82,6960.56
1501576,Bom Jesus do Tocantins,PA,1968,1313.05,1433.38,31.95,19.92,79.26,0.7,0.79,6942.13
1501576,Bom Jesus do Tocantins,PA,1969,1367.59,1488.65,32.92,20.81,78.37,0.77,0.76,7112.15
1501576,Bom Jesus do Tocantins,PA,1970,1282.83,1455.74,32.77,20.36,79.06,0.73,0.83,6893.8
1501576,Bom Jesus do Tocantins,PA,1971,1452.77,1436.19,32.62,20.42,82.15,0.62,0.91,6855.16
1501576,Bom Jesus do Tocantins,PA,1972,1471.38,1411.27,33.41,20.71,83.42,0.6,0.72,6716.24
1501576,Bom Jesus do Tocantins,PA,1973,2179.47,1352.05,30.95,20.48,82.54,0.58,0.8,6638.06
1501576,Bom Jesus do Tocantins,PA,1974,2119.02,1307.98,30.97,20.5,82.29,0.59,0.85,6336.62
1501576,Bom Jesus do Tocantins,PA,1975,1923.5,1329.02,31.02,20.33,82.99,0.56,0.83,6500.3
1501576,Bom Jesus do Tocantins,PA,1976,1702.99,1371.96,31.02,21.41,80.02,0.69,0.82,6599.68
1501576,Bom Jesus do Tocantins,PA,1977,1702.56,1304.66,30.83,21.77,79.08,0.72,1.0,6068.78
1501576,Bom Jesus do Tocantins,PA,1978,1770.03,1333.32,31.14,21.77,78.4,0.75,1.06,6133.03
1501576,Bom Jesus do Tocantins,PA,1979,1663.99,1312.64,31.4,21.61,81.97,0.63,1.09,6099.26
1501576,Bom Jesus do Tocantins,PA,1980,1848.67,1359.73,31.77,21.73,78.41,0.77,1.03,6229.74
1501600,Bonito,PA,1961,3536.48,1463.98,30.72,22.96,82.46,0.63,1.33,6917.36
1501600,Bonito,PA,1962,2452.75,1448.73,31.12,23.0,81.99,0.65,1.22,6797.98
1501600,Bonito,PA,1963,2114.96,1422.99,31.22,22.93,82.12,0.65,1.02,6722.89
1501600,Bonito,PA,1964,2582.53,1459.17,31.36,22.76,80.22,0.72,1.0,6862.17
1501600,Bonito,PA,1965,2552.25,1532.21,32.0,22.98,76.79,0.87,1.0,7136.34
1501600,Bonito,PA,1966,2932.4,1443.67,31.78,23.29,78.1,0.81,0.67,6881.39
1501600,Bonito,PA,1967,2795.51,1468.03,31.11,22.23,81.44,0.65,1.08,7004.08
1501600,Bonito,PA,1968,2430.18,1453.65,31.13,22.15,80.91,0.67,1.15,6880.71
1501600,Bonito,PA,1969,2428.38,1516.14,32.08,22.57,80.77,0.7,1.14,7125.66
1501600,Bonito,PA,1970,2568.92,1468.28,31.83,21.7,83.06,0.6,1.13,7049.63
1501600,Bonito,PA,1971,2486.62,1450.68,31.61,21.3,83.61,0.57,1.07,7034.08
1501600,Bonito,PA,1972,2120.68,1450.42,31.94,21.71,83.03,0.6,1.0,6940.87
1501600,Bonito,PA,1973,2640.61,1344.58,30.29,22.22,85.44,0.5,1.04,6552.92
1501600,Bonito,PA,1974,3236.49,1352.87,29.91,21.38,84.46,0.52,1.44,6538.16
1501600,Bonito,PA,1975,3343.98,1348.62,30.29,21.21,84.34,0.52,1.24,6551.04
1501600,Bonito,PA,1976,2330.2,1441.82,30.74,20.56,82.14,0.59,1.23,6976.22
1501600,Bonito,PA,1977,2561.62,1381.02,30.8,20.87,83.3,0.57,1.48,6481.29
1501600,Bonito,PA,1978,2540.19,1381.68,30.84,21.64,84.05,0.55,1.45,6531.72
1501600,Bonito,PA,1979,2107.94,1387.37,31.29,21.71,83.2,0.58,1.34,6532.82
1501600,Bonito,PA,1980,2738.63,1381.58,31.02,21.34,83.46,0.57,1.27,6524.9
1501709,Bragança,PA,1961,3520.9,1471.35,30.77,23.11,82.26,0.64,1.34,6927.73
1501709,Bragança,PA,1962,2404.45,1455.64,31.18,23.16,81.78,0.66,1.21,6813.06
1501709,Bragança,PA,1963,2115.69,1422.37,31.17,23.03,82.1,0.65,1.01,6722.58
1501709,Bragança,PA,1964,2581.09,1474.53,31.69,22.67,80.09,0.73,0.96,6934.12
1501709,Bragança,PA,1965,2425.07,1545.72,32.42,22.82,76.62,0.88,0.97,7186.14
1501709,Bragança,PA,1966,2317.84,1464.6,32.34,23.12,77.77,0.84,0.65,6958.84
1501709,Bragança,PA,1967,2618.93,1468.44,31.39,22.26,80.68,0.69,0.92,7019.0
1501709,Bragança,PA,1968,2451.06,1461.53,31.26,22.25,80.89,0.68,0.99,6991.45
1501709,Bragança,PA,1969,2275.48,1518.7,32.13,22.71,80.54,0.71,0.99,7193.05
1501709,Bragança,PA,1970,2439.32,1489.73,31.83,21.85,83.08,0.6,1.26,7110.58
1501709,Bragança,PA,1971,2392.41,1452.11,31.55,21.6,83.63,0.57,1.08,7035.02
1501709,Bragança,PA,1972,1823.71,1454.26,31.81,21.87,83.18,0.6,1.01,6976.53
1501709,Bragança,PA,1973,2498.7,1338.13,29.94,22.18,86.23,0.47,1.15,6561.09
1501709,Bragança,PA,1974,3301.51,1344.68,30.07,21.13,84.9,0.5,1.42,6480.19
1501709,Bragança,PA,1975,3246.03,1349.54,30.25,21.04,84.22,0.53,1.26,6493.39
1501709,Bragança,PA,1976,2166.4,1469.97,30.74,19.9,81.61,0.6,1.56,6986.74
1501709,Bragança,PA,1977,2666.87,1394.58,30.86,20.13,82.55,0.58,1.66,6453.8
1501709,Bragança,PA,1978,2429.69,1396.58,30.95,21.45,83.61,0.56,1.6,6520.72
1501709,Bragança,PA,1979,2026.85,1407.94,31.43,21.49,82.45,0.61,1.42,6564.08
1501709,Bragança,PA,1980,2728.16,1409.53,31.14,21.06,82.16,0.61,1.44,6539.99
1501725,Brasil Novo,PA,1961,1771.66,1354.92,29.95,20.25,83.44,0.53,1.33,6622.83
1501725,Brasil Novo,PA,1962,2427.13,1345.14,30.04,20.55,83.2,0.55,1.27,6513.97
1501725,Brasil Novo,PA,1963,2021.39,1328.25,30.06,20.16,83.31,0.54,1.11,6493.86
1501725,Brasil Novo,PA,1964,2287.58,1326.2,29.72,19.82,83.12,0.53,1.13,6515.01
1501725,Brasil Novo,PA,1965,2006.01,1401.9,30.35,20.14,80.39,0.64,1.19,6762.01
1501725,Brasil Novo,PA,1966,2170.97,1308.65,29.67,20.28,81.48,0.59,0.91,6430.87
1501725,Brasil Novo,PA,1967,1808.07,1351.08,29.87,20.37,83.68,0.53,1.17,6617.8
1501725,Brasil Novo,PA,1968,2255.15,1316.48,29.68,20.15,84.28,0.5,1.33,6426.73
1501725,Brasil Novo,PA,1969,2045.75,1397.45,30.69,21.42,84.04,0.55,1.37,6637.12
1501725,Brasil Novo,PA,1970,2294.75,1367.87,31.41,19.9,85.02,0.5,1.15,6611.2
1501725,Brasil Novo,PA,1971,2569.95,1353.64,30.42,20.88,84.41,0.52,1.33,6500.46
1501725,Brasil Novo,PA,1972,2226.47,1312.44,30.37,21.53,84.5,0.53,1.41,6155.6
1501725,Brasil Novo,PA,1973,2691.0,1235.36,28.26,22.72,86.11,0.46,1.26,6071.61
1501725,Brasil Novo,PA,1974,2623.05,1237.56,29.53,21.43,85.48,0.48,1.32,5946.41
1501725,Brasil Novo,PA,1975,2412.2,1268.47,29.86,21.51,84.82,0.51,1.34,6034.38
1501725,Brasil Novo,PA,1976,1928.46,1348.93,30.53,21.48,83.1,0.57,1.38,6331.22
1501725,Brasil Novo,PA,1977,2162.55,1325.03,30.29,21.93,83.91,0.55,1.48,6191.15
1501725,Brasil Novo,PA,1978,1924.77,1330.15,30.48,21.81,84.58,0.53,1.56,6223.2
1501725,Brasil Novo,PA,1979,1931.26,1319.7,30.59,21.54,85.67,0.49,1.43,6305.67
1501725,Brasil Novo,PA,1980,1511.63,1353.64,30.96,22.1,85.67,0.5,1.55,6355.57
1501758,Brejo Grande do Araguaia,PA,1961,1635.23,1446.68,32.69,19.86,78.9,0.73,0.79,6953.49
1501758,Brejo Grande do Araguaia,PA,1962,1539.46,1407.33,32.5,20.26,79.71,0.7,0.68,6774.73
1501758,Brejo Grande do Araguaia,PA,1963,1453.09,1418.28,32.73,20.03,78.55,0.74,0.68,6800.02
1501758,Brejo Grande do Araguaia,PA,1964,1616.07,1415.82,32.14,20.26,79.93,0.69,0.72,6814.57
1501758,Brejo Grande do Araguaia,PA,1965,1268.45,1454.0,32.45,19.89,76.67,0.8,0.65,7105.87
1501758,Brejo Grande do Araguaia,PA,1966,1542.1,1384.86,32.17,20.22,77.03,0.79,0.41,6893.02
1501758,Brejo Grande do Araguaia,PA,1967,1544.62,1437.63,32.12,19.76,77.76,0.75,0.72,6957.42
1501758,Brejo Grande do Araguaia,PA,1968,1315.61,1420.68,31.99,19.81,78.88,0.71,0.68,6944.33
1501758,Brejo Grande do Araguaia,PA,1969,1417.86,1474.58,32.94,20.72,77.98,0.78,0.64,7124.88
1501758,Brejo Grande do Araguaia,PA,1970,1431.69,1453.39,32.73,20.32,78.66,0.74,0.78,6906.21
1501758,Brejo Grande do Araguaia,PA,1971,1473.43,1427.34,32.5,20.39,82.04,0.62,0.87,6842.91
1501758,Brejo Grande do Araguaia,PA,1972,1353.01,1408.86,33.19,20.79,83.41,0.59,0.72,6723.31
1501758,Brejo Grande do Araguaia,PA,1973,2002.11,1357.99,31.09,20.58,81.97,0.61,0.76,6656.29
1501758,Brejo Grande do Araguaia,PA,1974,2012.91,1307.52,31.18,20.14,82.11,0.6,0.74,6368.19
1501758,Brejo Grande do Araguaia,PA,1975,1897.2,1327.28,31.15,20.27,82.7,0.57,0.72,6509.1
1501758,Brejo Grande do Araguaia,PA,1976,1586.87,1361.47,31.18,21.08,79.72,0.69,0.83,6531.97
1501758,Brejo Grande do Araguaia,PA,1977,1789.17,1311.0,31.02,21.61,78.7,0.74,1.02,6073.81
1501758,Brejo Grande do Araguaia,PA,1978,1584.64,1343.81,31.29,21.5,77.84,0.77,1.08,6145.13
1501758,Brejo Grande do Araguaia,PA,1979,1598.69,1304.4,31.57,21.53,80.62,0.68,0.97,6066.74
1501758,Brejo Grande do Araguaia,PA,1980,1647.82,1386.75,31.98,21.66,75.41,0.88,1.14,6163.92
1501782,Breu Branco,PA,1961,2393.14,1449.4,31.64,21.7,80.44,0.69,1.1,6845.73
1501782,Breu Branco,PA,1962,2103.72,1430.31,31.9,21.9,80.9,0.68,1.04,6692.89
1501782,Breu Branco,PA,1963,1834.96,1415.16,32.07,21.66,80.24,0.71,0.92,6652.99
1501782,Breu Branco,PA,1964,2484.9,1427.59,31.79,21.51,81.07,0.67,0.93,6756.92
1501782,Breu Branco,PA,1965,2187.56,1476.17,32.41,21.12,77.09,0.82,0.89,6972.66
1501782,Breu Branco,PA,1966,2288.42,1379.79,31.7,21.49,78.28,0.76,0.67,6628.95
1501782,Breu Branco,PA,1967,1995.99,1424.52,31.28,21.41,81.35,0.64,1.04,6802.53
1501782,Breu Branco,PA,1968,1847.65,1423.4,31.24,21.33,81.39,0.64,1.0,6846.62
1501782,Breu Branco,PA,1969,2121.97,1481.44,32.23,22.14,81.87,0.66,0.96,7058.59
1501782,Breu Branco,PA,1970,1865.7,1432.41,32.4,20.82,84.44,0.55,0.9,6931.97
1501782,Breu Branco,PA,1971,1842.28,1413.16,32.22,20.52,83.54,0.57,0.89,6822.17
1501782,Breu Branco,PA,1972,2106.99,1389.87,34.07,20.77,83.89,0.59,0.75,6487.68
1501782,Breu Branco,PA,1973,2990.29,1298.46,31.02,21.26,84.81,0.52,0.73,6333.79
1501782,Breu Branco,PA,1974,2898.72,1330.45,32.79,20.15,85.65,0.5,0.94,6310.07
1501782,Breu Branco,PA,1975,2531.66,1323.18,33.19,20.4,86.31,0.49,0.85,6255.09
1501782,Breu Branco,PA,1976,2231.28,1377.74,31.53,21.76,83.71,0.57,0.82,6655.92
1501782,Breu Branco,PA,1977,2595.09,1292.27,29.6,22.45,83.46,0.56,1.0,6264.67
1501782,Breu Branco,PA,1978,2414.94,1324.16,31.51,22.06,83.8,0.57,1.07,6221.31
1501782,Breu Branco,PA,1979,2162.04,1321.6,31.67,22.44,84.4,0.56,0.98,6220.06
1501782,Breu Branco,PA,1980,2252.31,1371.35,31.94,22.56,82.11,0.66,1.02,6352.42
1501808,Breves,PA,1961,2871.63,1421.86,30.82,22.69,83.47,0.59,1.36,6757.92
1501808,Breves,PA,1962,2445.27,1416.23,31.19,22.88,83.31,0.6,1.28,6652.67
1501808,Breves,PA,1963,2078.48,1390.28,31.34,22.74,83.66,0.59,1.08,6577.59
1501808,Breves,PA,1964,2761.11,1423.91,31.24,22.4,82.75,0.62,1.1,6721.26
1501808,Breves,PA,1965,2396.1,1498.43,31.77,22.46,79.74,0.74,1.21,6974.54
1501808,Breves,PA,1966,2891.5,1394.17,31.06,22.6,80.86,0.68,0.95,6609.32
1501808,Breves,PA,1967,2476.05,1418.69,31.08,22.18,83.38,0.58,1.19,6748.65
1501808,Breves,PA,1968,2597.41,1416.23,30.93,22.53,83.74,0.58,1.19,6750.95
1501808,Breves,PA,1969,2440.63,1502.52,31.78,23.05,83.09,0.63,1.26,7032.98
1501808,Breves,PA,1970,2477.79,1463.57,32.2,22.24,84.13,0.58,1.23,6861.13
1501808,Breves,PA,1971,2277.9,1459.12,32.52,21.67,83.7,0.59,1.42,6756.51
1501808,Breves,PA,1972,2789.6,1449.76,32.65,20.77,84.12,0.56,1.3,6788.65
1501808,Breves,PA,1973,3303.26,1387.37,32.71,20.91,84.94,0.53,1.33,6408.25
1501808,Breves,PA,1974,3068.4,1355.43,30.77,22.05,84.98,0.52,1.48,6433.38
1501808,Breves,PA,1975,3192.98,1380.46,32.32,21.07,84.63,0.54,1.36,6402.59
1501808,Breves,PA,1976,2414.85,1468.59,31.69,21.23,83.38,0.58,1.32,6944.33
1501808,Breves,PA,1977,2710.18,1391.46,30.3,22.47,83.72,0.57,1.68,6502.18
1501808,Breves,PA,1978,2760.59,1375.24,31.07,22.71,85.05,0.53,1.62,6428.2
1501808,Breves,PA,1979,2845.37,1380.56,31.46,22.73,85.23,0.53,1.46,6472.65
1501808,Breves,PA,1980,3151.51,1403.49,31.63,22.63,84.84,0.55,1.29,6589.31
1501907,Bujaru,PA,1961,3516.69,1443.15,30.83,22.68,82.52,0.62,1.15,6896.16
1501907,Bujaru,PA,1962,2403.85,1434.4,31.21,22.72,82.16,0.64,1.15,6754.31
1501907,Bujaru,PA,1963,2183.65,1418.13,31.24,22.76,82.1,0.64,1.0,6715.51
1501907,Bujaru,PA,1964,2746.25,1451.8,31.26,22.83,80.46,0.71,0.99,6838.14
1501907,Bujaru,PA,1965,2533.57,1521.82,31.94,23.19,76.87,0.87,0.97,7114.98
1501907,Bujaru,PA,1966,3028.21,1432.46,31.64,23.56,78.35,0.81,0.59,6866.15
1501907,Bujaru,PA,1967,2764.09,1468.08,31.1,22.04,81.42,0.65,1.13,7000.62
1501907,Bujaru,PA,1968,2495.22,1440.34,31.34,21.9,81.97,0.64,1.14,6831.54
1501907,Bujaru,PA,1969,2836.02,1520.95,32.57,22.25,81.3,0.68,1.12,7130.37
1501907,Bujaru,PA,1970,2685.45,1461.99,32.21,21.61,83.77,0.58,1.1,6988.52
1501907,Bujaru,PA,1971,2676.34,1451.7,31.92,21.16,83.59,0.57,1.06,7011.3
1501907,Bujaru,PA,1972,2505.11,1445.51,32.06,21.65,83.08,0.6,0.99,6918.88
1501907,Bujaru,PA,1973,3129.18,1380.46,31.43,22.73,85.15,0.54,1.07,6567.22
1501907,Bujaru,PA,1974,3270.83,1348.67,29.18,22.64,84.41,0.53,1.48,6559.52
1501907,Bujaru,PA,1975,3378.77,1364.08,30.72,21.66,84.82,0.52,1.28,6579.0
1501907,Bujaru,PA,1976,2626.66,1444.89,31.13,21.43,83.01,0.59,1.1,6993.02
1501907,Bujaru,PA,1977,2697.32,1383.22,31.1,21.69,83.67,0.57,1.16,6580.41
1501907,Bujaru,PA,1978,2925.4,1384.55,31.1,22.32,84.34,0.55,1.22,6592.67
1501907,Bujaru,PA,1979,2382.18,1387.37,31.36,22.47,83.7,0.58,1.17,6574.44
1501907,Bujaru,PA,1980,2864.71,1391.82,31.23,22.28,83.58,0.58,1.17,6579.73
1501956,Cachoeira do Piriá,PA,1961,3157.85,1474.12,30.72,23.01,82.04,0.64,1.34,6939.99
1501956,Cachoeira do Piriá,PA,1962,2253.66,1461.83,31.12,23.04,81.63,0.67,1.29,6814.0
1501956,Cachoeira do Piriá,PA,1963,1886.64,1417.67,31.0,22.89,81.8,0.66,0.99,6723.52
1501956,Cachoeira do Piriá,PA,1964,2551.67,1479.75,31.98,22.17,79.92,0.73,0.92,6982.66
1501956,Cachoeira do Piriá,PA,1965,2266.46,1542.34,32.76,22.19,76.49,0.88,0.94,7185.04
1501956,Cachoeira do Piriá,PA,1966,1987.15,1455.23,32.73,22.43,77.63,0.83,0.59,6953.34
1501956,Cachoeira do Piriá,PA,1967,2519.5,1467.98,31.71,21.85,80.37,0.7,0.89,7003.13
1501956,Cachoeira do Piriá,PA,1968,2461.92,1467.82,31.73,21.9,79.66,0.73,0.91,6987.68
1501956,Cachoeira do Piriá,PA,1969,2455.38,1516.04,32.54,22.4,79.66,0.75,0.88,7179.86
1501956,Cachoeira do Piriá,PA,1970,2222.18,1483.94,32.01,21.64,81.91,0.64,1.12,7053.87
1501956,Cachoeira do Piriá,PA,1971,2408.08,1441.52,31.33,21.77,83.6,0.57,1.07,6982.56
1501956,Cachoeira do Piriá,PA,1972,1962.47,1451.39,31.69,22.09,82.93,0.61,0.99,6957.21
1501956,Cachoeira do Piriá,PA,1973,2856.83,1347.44,30.08,22.33,85.78,0.49,1.17,6564.23
1501956,Cachoeira do Piriá,PA,1974,3560.99,1346.22,29.87,21.46,84.61,0.51,1.43,6491.66
1501956,Cachoeira do Piriá,PA,1975,2822.82,1357.83,30.3,21.28,84.03,0.54,1.32,6480.82
1501956,Cachoeira do Piriá,PA,1976,1986.57,1483.02,30.8,21.05,81.75,0.62,1.68,6943.23
1501956,Cachoeira do Piriá,PA,1977,2557.94,1394.17,30.74,21.66,83.18,0.58,1.69,6439.04
1501956,Cachoeira do Piriá,PA,1978,2710.42,1379.74,30.53,22.08,84.07,0.55,1.6,6489.62
1501956,Cachoeira do Piriá,PA,1979,1870.84,1425.04,31.27,22.1,81.16,0.66,1.45,6570.05
1501956,Cachoeira do Piriá,PA,1980,2614.18,1429.49,31.1,21.79,80.9,0.67,1.49,6531.97
1502004,Cachoeira do Arari,PA,1961,3504.16,1452.93,30.74,23.75,82.52,0.64,1.31,6824.21
1502004,Cachoeira do Arari,PA,1962,2555.23,1441.77,31.19,23.83,82.11,0.67,1.24,6685.03
1502004,Cachoeira do Arari,PA,1963,2204.87,1417.92,31.46,23.69,82.13,0.67,1.03,6609.32
1502004,Cachoeira do Arari,PA,1964,2995.16,1453.44,31.4,23.6,82.09,0.67,1.08,6774.52
1502004,Cachoeira do Arari,PA,1965,2646.56,1526.32,31.81,23.8,78.68,0.81,1.19,7011.3
1502004,Cachoeira do Arari,PA,1966,3110.28,1438.39,31.67,24.2,80.16,0.75,0.79,6737.66
1502004,Cachoeira do Arari,PA,1967,2997.35,1459.17,31.05,23.29,82.16,0.65,1.16,6876.68
1502004,Cachoeira do Arari,PA,1968,2750.28,1434.61,30.92,23.14,83.76,0.59,1.24,6817.09
1502004,Cachoeira do Arari,PA,1969,2714.84,1502.47,31.45,23.56,83.08,0.63,1.21,7115.29
1502004,Cachoeira do Arari,PA,1970,2612.29,1449.4,31.35,22.28,84.15,0.56,1.21,6965.59
1502004,Cachoeira do Arari,PA,1971,2719.34,1432.15,31.33,21.53,83.83,0.56,1.27,6893.96
1502004,Cachoeira do Arari,PA,1972,2528.58,1451.44,31.65,23.45,83.86,0.6,1.15,6831.22
1502004,Cachoeira do Arari,PA,1973,3034.58,1399.85,31.08,24.28,84.76,0.57,1.19,6579.16
1502004,Cachoeira do Arari,PA,1974,3028.3,1385.57,30.27,23.45,84.58,0.55,1.5,6563.45
1502004,Cachoeira do Arari,PA,1975,3460.27,1393.2,30.98,23.23,85.08,0.54,1.3,6616.7
1502004,Cachoeira do Arari,PA,1976,2216.33,1486.04,31.39,23.65,83.12,0.63,1.08,7049.42
1502004,Cachoeira do Arari,PA,1977,2602.32,1418.48,31.2,23.74,83.65,0.61,1.22,6632.41
1502004,Cachoeira do Arari,PA,1978,2251.57,1395.61,30.82,23.43,84.56,0.56,1.32,6597.85
1502004,Cachoeira do Arari,PA,1979,2429.95,1394.94,31.03,23.4,84.43,0.57,1.29,6594.71
1502004,Cachoeira do Arari,PA,1980,2842.05,1403.39,30.86,23.65,84.56,0.57,1.25,6628.58
1502103,Cametá,PA,1961,2885.74,1440.54,31.0,22.75,81.62,0.66,1.25,6796.25
1502103,Cametá,PA,1962,2293.92,1425.55,31.39,22.86,81.69,0.66,1.17,6646.39
1502103,Cametá,PA,1963,1894.2,1398.73,31.48,22.79,81.58,0.67,0.99,6571.3
1502103,Cametá,PA,1964,2658.74,1435.27,31.45,22.56,81.87,0.66,1.02,6750.64
1502103,Cametá,PA,1965,2380.38,1499.91,32.01,22.56,78.71,0.78,1.07,6989.94
1502103,Cametá,PA,1966,3194.73,1399.5,31.51,22.81,80.24,0.72,0.78,6647.8
1502103,Cametá,PA,1967,2951.72,1437.52,31.2,22.17,81.92,0.64,1.14,6812.74
1502103,Cametá,PA,1968,2730.09,1426.32,31.05,22.25,83.54,0.58,1.28,6796.98
1502103,Cametá,PA,1969,2496.04,1496.64,32.05,22.74,83.78,0.6,1.2,7070.84
1502103,Cametá,PA,1970,2517.88,1476.78,33.04,21.4,84.53,0.56,1.15,6947.21
1502103,Cametá,PA,1971,2314.92,1473.2,32.88,22.73,83.5,0.62,1.11,6862.07
1502103,Cametá,PA,1972,2539.35,1401.59,32.61,22.61,83.38,0.62,0.95,6541.71
1502103,Cametá,PA,1973,3044.19,1391.05,32.96,22.9,84.08,0.6,1.09,6363.63
1502103,Cametá,PA,1974,3368.52,1352.72,30.88,23.6,84.16,0.58,1.36,6317.61
1502103,Cametá,PA,1975,2578.03,1369.35,32.78,22.36,84.67,0.57,1.21,6296.4
1502103,Cametá,PA,1976,2243.63,1487.17,32.0,23.18,83.4,0.62,1.06,7030.88
1502103,Cametá,PA,1977,2389.01,1396.02,30.74,23.83,83.73,0.59,1.21,6573.82
1502103,Cametá,PA,1978,2743.29,1388.18,31.65,22.8,84.74,0.56,1.36,6476.27
1502103,Cametá,PA,1979,2393.21,1383.89,31.79,22.9,85.28,0.54,1.14,6527.48
1502103,Cametá,PA,1980,2743.28,1410.04,31.84,23.08,84.73,0.57,1.14,6612.4
1502152,Canaã dos Carajás,PA,1961,1142.27,1408.3,32.19,18.35,76.54,0.76,0.8,6845.73
1502152,Canaã dos Carajás,PA,1962,1559.8,1370.37,32.25,18.71,77.24,0.75,0.7,6619.37
1502152,Canaã dos Carajás,PA,1963,1470.01,1357.78,32.16,18.22,75.13,0.81,0.62,6648.28
1502152,Canaã dos Carajás,PA,1964,1711.89,1360.09,31.29,18.63,77.97,0.7,0.71,6652.3
1502152,Canaã dos Carajás,PA,1965,1407.99,1380.97,31.53,18.37,76.48,0.75,0.57,6931.82
1502152,Canaã dos Carajás,PA,1966,1621.44,1334.91,31.72,18.66,76.16,0.77,0.48,6665.4
1502152,Canaã dos Carajás,PA,1967,1750.03,1357.48,31.54,18.22,78.37,0.69,0.58,6774.89
1502152,Canaã dos Carajás,PA,1968,1558.34,1351.23,31.28,18.3,79.15,0.66,0.64,6741.84
1502152,Canaã dos Carajás,PA,1969,1567.79,1409.22,32.24,19.12,79.42,0.68,0.66,6922.55
1502152,Canaã dos Carajás,PA,1970,1610.7,1432.92,32.69,19.3,79.23,0.7,0.85,6819.5
1502152,Canaã dos Carajás,PA,1971,1445.52,1406.25,32.19,19.85,79.5,0.7,0.97,6649.38
1502152,Canaã dos Carajás,PA,1972,1435.93,1371.3,32.57,20.26,80.85,0.66,0.87,6464.43
1502152,Canaã dos Carajás,PA,1973,2069.19,1306.14,30.9,20.07,84.13,0.52,0.79,6419.4
1502152,Canaã dos Carajás,PA,1974,2023.72,1245.85,30.93,18.89,83.54,0.52,0.75,6112.77
1502152,Canaã dos Carajás,PA,1975,1893.96,1281.42,30.8,19.8,83.92,0.52,0.74,6310.85
1502152,Canaã dos Carajás,PA,1976,1670.25,1318.63,30.83,20.36,81.62,0.61,0.82,6414.16
1502152,Canaã dos Carajás,PA,1977,1812.08,1241.14,30.58,20.93,82.48,0.59,0.92,5913.11
1502152,Canaã dos Carajás,PA,1978,1606.46,1279.22,30.88,21.08,81.74,0.62,1.01,6020.71
1502152,Canaã dos Carajás,PA,1979,1607.29,1275.64,31.02,20.91,81.75,0.62,0.96,6028.57
1502152,Canaã dos Carajás,PA,1980,1588.73,1312.49,31.43,20.98,77.97,0.76,1.13,5920.91
1502202,Capanema,PA,1961,3545.03,1470.59,30.82,23.14,82.45,0.63,1.34,6922.86
1502202,Capanema,PA,1962,2445.33,1454.62,31.22,23.18,81.98,0.66,1.22,6805.68
1502202,Capanema,PA,1963,2094.02,1427.13,31.31,23.09,82.16,0.65,1.02,6725.88
1502202,Capanema,PA,1964,2567.51,1473.2,31.55,22.87,80.18,0.73,1.0,6909.45
1502202,Capanema,PA,1965,2532.46,1544.75,32.2,23.08,76.73,0.88,1.0,7175.77
1502202,Capanema,PA,1966,2481.88,1447.66,31.99,23.41,78.04,0.82,0.65,6889.09
1502202,Capanema,PA,1967,2625.01,1470.02,31.24,22.4,80.74,0.68,1.01,7005.8
1502202,Capanema,PA,1968,2448.49,1449.19,31.14,22.38,82.03,0.64,1.16,6879.76
1502202,Capanema,PA,1969,2373.06,1517.21,32.06,22.76,81.13,0.69,1.15,7126.45
1502202,Capanema,PA,1970,2445.4,1479.59,31.87,21.86,83.51,0.59,1.25,7064.08
1502202,Capanema,PA,1971,2388.25,1450.47,31.64,21.48,83.63,0.57,1.08,7021.98
1502202,Capanema,PA,1972,1843.53,1453.29,31.89,21.87,83.04,0.6,1.01,6949.98
1502202,Capanema,PA,1973,2540.32,1339.82,30.26,22.12,85.93,0.48,1.04,6553.24
1502202,Capanema,PA,1974,3280.93,1349.75,30.09,21.22,84.77,0.51,1.44,6506.27
1502202,Capanema,PA,1975,3431.86,1345.35,30.31,21.16,84.41,0.52,1.22,6534.54
1502202,Capanema,PA,1976,2179.71,1437.63,30.79,20.09,82.18,0.58,1.23,6971.82
1502202,Capanema,PA,1977,2656.69,1380.3,30.9,20.34,83.26,0.56,1.48,6484.43
1502202,Capanema,PA,1978,2444.13,1384.76,30.97,21.54,84.05,0.55,1.45,6537.53
1502202,Capanema,PA,1979,2065.93,1390.59,31.45,21.58,83.19,0.58,1.34,6534.86
1502202,Capanema,PA,1980,2739.22,1387.57,31.16,21.17,83.12,0.58,1.27,6523.65
1502301,Capitão Poço,PA,1961,3476.52,1465.42,30.74,22.82,82.29,0.63,1.32,6923.02
1502301,Capitão Poço,PA,1962,2408.15,1444.18,31.13,22.83,81.93,0.65,1.19,6789.18
1502301,Capitão Poço,PA,1963,2164.67,1419.66,31.22,22.72,81.87,0.65,0.99,6726.19
1502301,Capitão Poço,PA,1964,2556.28,1453.75,31.57,22.36,80.16,0.72,0.93,6861.38
1502301,Capitão Poço,PA,1965,2408.32,1515.52,32.35,22.32,76.68,0.86,0.89,7126.76
1502301,Capitão Poço,PA,1966,2884.69,1429.49,32.3,22.68,78.09,0.81,0.53,6875.42
1502301,Capitão Poço,PA,1967,2795.63,1457.33,31.29,21.89,80.69,0.68,0.92,6994.02
1502301,Capitão Poço,PA,1968,2449.48,1454.72,31.24,21.89,80.72,0.68,0.97,6979.2
1502301,Capitão Poço,PA,1969,2463.4,1510.25,32.23,22.33,80.6,0.71,0.96,7173.89
1502301,Capitão Poço,PA,1970,2578.58,1480.57,32.0,21.47,82.13,0.63,1.19,7042.25
1502301,Capitão Poço,PA,1971,2508.91,1441.72,31.61,21.32,83.6,0.57,1.05,6982.4
1502301,Capitão Poço,PA,1972,1986.33,1450.37,31.86,21.74,82.88,0.61,0.98,6953.44
1502301,Capitão Poço,PA,1973,3151.24,1350.77,30.45,22.33,85.45,0.5,1.06,6552.45
1502301,Capitão Poço,PA,1974,3119.55,1346.37,29.77,21.62,84.19,0.53,1.43,6500.61
1502301,Capitão Poço,PA,1975,2926.9,1358.65,30.4,21.29,84.0,0.54,1.37,6501.4
1502301,Capitão Poço,PA,1976,2315.96,1473.5,30.76,21.06,81.54,0.62,1.49,6989.72
1502301,Capitão Poço,PA,1977,2587.8,1391.77,30.71,21.34,82.7,0.59,1.56,6470.92
1502301,Capitão Poço,PA,1978,2782.95,1384.5,30.68,21.85,83.74,0.56,1.54,6512.71
1502301,Capitão Poço,PA,1979,2052.59,1389.41,31.15,21.94,83.22,0.58,1.37,6536.27
1502301,Capitão Poço,PA,1980,2579.32,1395.2,30.9,21.63,83.13,0.58,1.44,6531.35
1502400,Castanhal,PA,1961,3579.3,1462.4,30.73,22.91,82.52,0.62,1.34,6910.77
1502400,Castanhal,PA,1962,2512.4,1446.43,31.13,22.96,82.08,0.65,1.23,6786.04
1502400,Castanhal,PA,1963,2125.63,1424.93,31.23,22.94,82.16,0.65,1.04,6726.35
1502400,Castanhal,PA,1964,2731.89,1458.87,31.21,22.96,80.38,0.72,1.03,6848.35
1502400,Castanhal,PA,1965,2610.96,1524.89,31.81,23.32,76.85,0.87,0.98,7129.9
1502400,Castanhal,PA,1966,3029.46,1434.66,31.57,23.71,78.31,0.81,0.59,6873.85
1502400,Castanhal,PA,1967,2780.0,1471.46,31.02,22.3,81.45,0.65,1.14,7013.19
1502400,Castanhal,PA,1968,2458.05,1439.93,31.12,22.17,82.14,0.63,1.17,6838.61
1502400,Castanhal,PA,1969,2623.63,1516.04,32.15,22.54,81.46,0.68,1.15,7136.19
1502400,Castanhal,PA,1970,2605.43,1456.0,31.87,21.72,83.97,0.57,1.12,6994.81
1502400,Castanhal,PA,1971,2409.83,1447.91,31.66,21.16,83.6,0.57,1.09,7014.92
1502400,Castanhal,PA,1972,2531.98,1449.09,31.88,21.94,82.97,0.61,1.02,6923.12
1502400,Castanhal,PA,1973,3139.51,1368.99,30.95,22.83,85.27,0.53,1.05,6563.92
1502400,Castanhal,PA,1974,3123.93,1354.05,29.54,22.35,84.42,0.53,1.44,6550.88
1502400,Castanhal,PA,1975,3511.02,1361.26,30.57,21.76,84.63,0.53,1.23,6579.0
1502400,Castanhal,PA,1976,2610.94,1446.94,31.01,21.67,82.73,0.6,1.12,6976.84
1502400,Castanhal,PA,1977,2658.95,1387.37,30.99,21.92,83.46,0.58,1.22,6567.85
1502400,Castanhal,PA,1978,2915.63,1383.17,30.91,22.27,84.24,0.55,1.34,6560.15
1502400,Castanhal,PA,1979,2349.72,1390.69,31.23,22.37,83.46,0.58,1.24,6573.82
1502400,Castanhal,PA,1980,2845.83,1389.46,31.05,22.2,83.47,0.58,1.21,6564.18
1502509,Chaves,PA,1961,3198.51,1430.31,30.81,23.31,83.92,0.58,1.35,6776.93
1502509,Chaves,PA,1962,2558.33,1420.84,31.23,23.42,83.39,0.61,1.26,6648.59
1502509,Chaves,PA,1963,2095.62,1397.5,31.43,23.29,83.67,0.6,1.04,6582.14
1502509,Chaves,PA,1964,2880.25,1441.0,31.42,23.08,82.45,0.64,1.12,6733.04
1502509,Chaves,PA,1965,2591.11,1519.67,31.89,23.26,79.57,0.76,1.23,6999.68
1502509,Chaves,PA,1966,3090.12,1417.61,31.47,23.55,80.63,0.72,0.9,6647.8
1502509,Chaves,PA,1967,2968.07,1435.58,31.13,22.75,83.28,0.6,1.2,6792.95
1502509,Chaves,PA,1968,2720.96,1426.88,31.11,22.71,83.73,0.59,1.24,6758.49
1502509,Chaves,PA,1969,2480.72,1505.85,31.91,23.22,82.98,0.63,1.21,7054.97
1502509,Chaves,PA,1970,2454.99,1454.06,31.79,22.62,84.27,0.57,1.17,6900.08
1502509,Chaves,PA,1971,2341.84,1437.27,31.47,22.07,83.91,0.57,1.27,6841.65
1502509,Chaves,PA,1972,2626.15,1442.74,31.73,22.51,83.53,0.6,1.15,6803.26
1502509,Chaves,PA,1973,3801.33,1359.78,31.12,22.98,84.8,0.55,1.08,6462.76
1502509,Chaves,PA,1974,3768.6,1351.18,30.2,22.91,85.06,0.53,1.38,6463.86
1502509,Chaves,PA,1975,3951.99,1364.28,31.25,22.35,84.81,0.54,1.18,6472.34
1502509,Chaves,PA,1976,2965.02,1463.42,31.39,22.55,82.73,0.63,1.32,6835.62
1502509,Chaves,PA,1977,3364.71,1423.04,30.98,23.08,83.47,0.6,1.77,6483.81
1502509,Chaves,PA,1978,3318.47,1374.72,30.96,23.14,85.07,0.54,1.59,6405.26
1502509,Chaves,PA,1979,3253.77,1369.15,31.39,23.23,85.11,0.54,1.55,6348.55
1502509,Chaves,PA,1980,3617.41,1410.76,31.4,23.24,84.65,0.56,1.55,6519.88
1502608,Colares,PA,1961,3679.77,1463.22,30.71,23.54,82.53,0.64,1.32,6884.22
1502608,Colares,PA,1962,2612.99,1453.59,31.15,23.61,82.04,0.66,1.26,6761.85
1502608,Colares,PA,1963,2177.67,1429.74,31.38,23.5,82.16,0.66,1.07,6682.83
1502608,Colares,PA,1964,2931.49,1459.84,31.31,23.46,81.23,0.7,1.09,6801.53
1502608,Colares,PA,1965,2663.22,1532.87,31.77,23.73,78.52,0.81,1.13,7081.99
1502608,Colares,PA,1966,3128.26,1441.98,31.65,24.12,79.68,0.77,0.7,6818.24
1502608,Colares,PA,1967,3051.14,1468.9,31.01,23.05,81.82,0.66,1.18,6938.26
1502608,Colares,PA,1968,2762.75,1436.96,30.95,22.89,83.84,0.58,1.24,6852.12
1502608,Colares,PA,1969,2848.87,1504.47,31.59,23.3,83.13,0.62,1.17,7147.5
1502608,Colares,PA,1970,2654.7,1447.76,31.41,22.13,84.32,0.55,1.15,6985.7
1502608,Colares,PA,1971,2771.18,1427.18,31.34,21.3,83.95,0.55,1.2,6905.58
1502608,Colares,PA,1972,2767.32,1445.56,31.64,23.12,83.78,0.6,1.1,6833.89
1502608,Colares,PA,1973,3235.81,1385.52,30.97,24.03,85.07,0.55,1.08,6561.41
1502608,Colares,PA,1974,3412.24,1374.47,29.95,23.22,84.56,0.55,1.46,6558.42
1502608,Colares,PA,1975,3827.61,1379.07,30.78,22.91,85.01,0.54,1.23,6594.39
1502608,Colares,PA,1976,2586.7,1471.56,31.26,23.22,83.04,0.62,1.11,6993.49
1502608,Colares,PA,1977,2764.18,1408.91,31.17,23.32,83.57,0.6,1.22,6592.51
1502608,Colares,PA,1978,2722.38,1392.69,30.82,23.16,84.3,0.56,1.29,6588.11
1502608,Colares,PA,1979,2413.14,1393.35,31.05,23.16,83.96,0.58,1.29,6574.13
1502608,Colares,PA,1980,2881.95,1400.16,30.87,23.31,83.68,0.59,1.25,6580.04
1502707,Conceição do Araguaia,PA,1961,1249.87,1436.04,32.74,17.33,73.83,0.84,0.75,6998.26
1502707,Conceição do Araguaia,PA,1962,1592.99,1409.89,32.88,17.55,76.45,0.76,0.72,6819.5
1502707,Conceição do Araguaia,PA,1963,1508.31,1416.33,32.62,16.98,74.63,0.81,0.7,6932.76
1502707,Conceição do Araguaia,PA,1964,1826.64,1376.06,31.46,17.46,77.1,0.71,0.72,6789.44
1502707,Conceição do Araguaia,PA,1965,1399.98,1390.9,31.53,17.37,76.22,0.74,0.62,7022.93
1502707,Conceição do Araguaia,PA,1966,1450.57,1396.99,32.37,17.74,75.44,0.79,0.58,6957.42
1502707,Conceição do Araguaia,PA,1967,1805.49,1390.64,31.97,17.14,75.73,0.76,0.64,6939.36
1502707,Conceição do Araguaia,PA,1968,1794.36,1378.26,31.66,17.39,75.92,0.75,0.6,6956.11
1502707,Conceição do Araguaia,PA,1969,1608.81,1438.65,32.62,18.01,75.15,0.81,0.66,7081.21
1502707,Conceição do Araguaia,PA,1970,1467.36,1501.3,33.93,19.26,74.84,0.87,0.87,6910.92
1502707,Conceição do Araguaia,PA,1971,1391.45,1444.79,33.36,19.85,76.11,0.84,0.94,6644.98
1502707,Conceição do Araguaia,PA,1972,1386.7,1410.19,33.42,20.33,76.37,0.84,0.9,6453.27
1502707,Conceição do Araguaia,PA,1973,1763.15,1449.65,33.54,19.57,81.97,0.63,0.98,6783.53
1502707,Conceição do Araguaia,PA,1974,1833.32,1299.64,32.24,16.31,81.79,0.55,0.98,6183.93
1502707,Conceição do Araguaia,PA,1975,1669.15,1345.04,31.37,19.76,81.67,0.6,0.93,6473.28
1502707,Conceição do Araguaia,PA,1976,1571.69,1344.48,31.63,19.89,79.69,0.68,0.86,6445.42
1502707,Conceição do Araguaia,PA,1977,1936.09,1307.11,31.79,20.6,81.23,0.65,0.81,6222.73
1502707,Conceição do Araguaia,PA,1978,1730.17,1367.35,32.11,21.31,78.76,0.76,0.96,6331.27
1502707,Conceição do Araguaia,PA,1979,2357.91,1339.31,31.76,20.71,78.12,0.75,0.94,6281.48
1502707,Conceição do Araguaia,PA,1980,1983.26,1363.0,32.31,20.74,75.46,0.87,1.07,6137.69
1502756,Concórdia do Pará,PA,1961,3502.02,1445.25,30.85,22.75,82.43,0.62,1.14,6900.08
1502756,Concórdia do Pará,PA,1962,2394.05,1436.55,31.23,22.78,82.09,0.64,1.14,6759.65
1502756,Concórdia do Pará,PA,1963,2188.42,1421.09,31.29,22.81,82.0,0.65,1.0,6717.86
1502756,Concórdia do Pará,PA,1964,2650.72,1453.24,31.34,22.77,80.41,0.71,0.98,6840.34
1502756,Concórdia do Pará,PA,1965,2478.21,1520.08,32.07,22.98,76.83,0.87,0.95,7114.67
1502756,Concórdia do Pará,PA,1966,3009.29,1429.54,31.7,23.33,78.3,0.8,0.58,6865.68
1502756,Concórdia do Pará,PA,1967,2757.63,1467.0,31.15,22.06,81.37,0.65,1.12,6991.82
1502756,Concórdia do Pará,PA,1968,2488.31,1454.11,31.34,21.94,80.84,0.68,1.13,6877.88
1502756,Concórdia do Pará,PA,1969,2853.36,1518.59,32.51,22.33,80.69,0.71,1.1,7117.34
1502756,Concórdia do Pará,PA,1970,2685.72,1474.07,32.19,21.62,82.95,0.61,1.08,7046.96
1502756,Concórdia do Pará,PA,1971,2674.07,1453.85,31.92,21.25,83.6,0.57,1.05,7021.83
1502756,Concórdia do Pará,PA,1972,2555.63,1447.86,32.09,21.73,83.12,0.6,0.98,6929.56
1502756,Concórdia do Pará,PA,1973,3211.93,1377.95,31.28,22.73,85.14,0.53,1.09,6569.42
1502756,Concórdia do Pará,PA,1974,3268.57,1354.25,29.42,22.5,84.4,0.53,1.49,6562.03
1502756,Concórdia do Pará,PA,1975,3392.05,1366.02,30.74,21.68,84.82,0.52,1.3,6582.61
1502756,Concórdia do Pará,PA,1976,2623.54,1446.17,31.11,21.5,83.02,0.59,1.1,6994.59
1502756,Concórdia do Pará,PA,1977,2599.17,1383.68,31.05,21.78,83.68,0.57,1.16,6584.5
1502756,Concórdia do Pará,PA,1978,2904.19,1383.32,31.07,22.27,84.35,0.55,1.21,6597.06
1502756,Concórdia do Pará,PA,1979,2202.52,1387.88,31.36,22.4,83.58,0.58,1.16,6580.1
1502756,Concórdia do Pará,PA,1980,2657.03,1390.33,31.21,22.22,83.54,0.58,1.15,6583.34
1502764,Cumaru do Norte,PA,1961,1190.97,1394.79,31.82,17.54,73.47,0.83,0.8,6766.88
1502764,Cumaru do Norte,PA,1962,1522.11,1373.5,31.95,17.71,78.25,0.69,0.83,6635.39
1502764,Cumaru do Norte,PA,1963,1503.62,1373.96,31.84,17.09,75.83,0.75,0.81,6659.43
1502764,Cumaru do Norte,PA,1964,1819.69,1324.52,30.85,17.61,78.46,0.66,0.77,6492.07
1502764,Cumaru do Norte,PA,1965,1524.43,1335.93,31.09,17.46,77.22,0.7,0.64,6704.51
1502764,Cumaru do Norte,PA,1966,1527.09,1339.15,31.54,17.73,75.75,0.76,0.67,6566.12
1502764,Cumaru do Norte,PA,1967,1812.88,1334.65,31.27,17.38,74.96,0.77,0.74,6526.06
1502764,Cumaru do Norte,PA,1968,1810.0,1316.02,30.96,17.6,75.49,0.75,0.76,6441.65
1502764,Cumaru do Norte,PA,1969,1587.99,1368.38,31.79,18.24,75.37,0.79,0.79,6572.4
1502764,Cumaru do Norte,PA,1970,1372.32,1403.28,32.48,18.79,77.05,0.75,0.85,6671.21
1502764,Cumaru do Norte,PA,1971,1341.42,1360.65,31.93,19.28,76.31,0.78,0.87,6420.03
1502764,Cumaru do Norte,PA,1972,1248.35,1367.15,32.22,19.68,77.63,0.75,0.98,6345.98
1502764,Cumaru do Norte,PA,1973,1864.4,1326.26,31.1,19.69,82.24,0.58,0.96,6393.32
1502764,Cumaru do Norte,PA,1974,1957.97,1225.17,30.42,17.57,81.97,0.54,0.94,5953.8
1502764,Cumaru do Norte,PA,1975,1635.98,1306.91,30.46,19.1,81.69,0.58,0.91,6399.29
1502764,Cumaru do Norte,PA,1976,1795.55,1309.16,30.75,19.42,79.69,0.65,0.83,6376.14
1502764,Cumaru do Norte,PA,1977,2427.15,1248.05,30.67,20.15,81.51,0.61,0.8,6027.47
1502764,Cumaru do Norte,PA,1978,1916.47,1303.69,30.74,20.49,79.02,0.7,0.95,6177.8
1502764,Cumaru do Norte,PA,1979,1914.11,1301.84,30.8,20.2,78.58,0.7,0.92,6215.66
1502764,Cumaru do Norte,PA,1980,1782.45,1299.54,31.3,20.21,75.7,0.82,1.03,5931.59
1502772,Curionópolis,PA,1961,1145.29,1421.45,31.95,18.23,76.59,0.75,0.87,6898.04
1502772,Curionópolis,PA,1962,1567.82,1384.3,31.93,18.61,77.26,0.74,0.72,6730.27
1502772,Curionópolis,PA,1963,1468.69,1376.16,31.91,18.16,75.18,0.8,0.63,6779.13
1502772,Curionópolis,PA,1964,1691.69,1369.71,31.08,18.53,77.99,0.69,0.75,6693.14
1502772,Curionópolis,PA,1965,1400.56,1383.89,31.35,18.29,76.72,0.74,0.61,6937.63
1502772,Curionópolis,PA,1966,1587.63,1342.17,31.41,18.57,77.01,0.74,0.48,6747.55
1502772,Curionópolis,PA,1967,1737.82,1372.63,31.26,18.14,78.39,0.68,0.66,6824.21
1502772,Curionópolis,PA,1968,1459.05,1371.19,31.09,18.2,79.05,0.66,0.7,6837.35
1502772,Curionópolis,PA,1969,1552.97,1416.74,32.02,19.04,79.28,0.68,0.66,6988.52
1502772,Curionópolis,PA,1970,1537.38,1431.54,32.29,19.1,79.78,0.67,0.82,6906.53
1502772,Curionópolis,PA,1971,1441.33,1377.03,31.85,19.62,79.51,0.68,0.9,6580.26
1502772,Curionópolis,PA,1972,1468.94,1346.47,32.34,20.01,80.83,0.65,0.85,6353.84
1502772,Curionópolis,PA,1973,1983.56,1288.02,30.38,19.78,83.9,0.52,0.78,6380.13
1502772,Curionópolis,PA,1974,1971.23,1248.0,30.48,19.03,83.37,0.52,0.74,6160.05
1502772,Curionópolis,PA,1975,1888.46,1276.81,30.38,19.56,83.8,0.51,0.72,6339.13
1502772,Curionópolis,PA,1976,1646.39,1311.36,30.4,20.3,81.41,0.61,0.82,6416.67
1502772,Curionópolis,PA,1977,1762.17,1246.93,30.33,20.85,81.12,0.63,0.94,5922.38
1502772,Curionópolis,PA,1978,1616.31,1293.4,30.59,20.93,79.82,0.68,1.02,6067.06
1502772,Curionópolis,PA,1979,1625.33,1274.31,30.73,20.68,81.57,0.61,0.96,6050.25
1502772,Curionópolis,PA,1980,1549.17,1308.39,31.11,20.74,77.3,0.77,1.11,5935.99
1502806,Curralinho,PA,1961,2933.96,1426.62,30.8,22.88,83.27,0.6,1.33,6773.0
1502806,Curralinho,PA,1962,2441.64,1416.33,31.2,23.01,83.04,0.61,1.27,6628.95
1502806,Curralinho,PA,1963,2063.23,1392.79,31.33,22.91,83.53,0.6,1.07,6572.09
1502806,Curralinho,PA,1964,2821.46,1433.48,31.31,22.69,82.17,0.64,1.08,6738.07
1502806,Curralinho,PA,1965,2481.56,1501.4,31.85,22.78,78.96,0.77,1.12,6989.62
1502806,Curralinho,PA,1966,3133.59,1396.53,31.25,23.0,80.47,0.71,0.82,6629.9
1502806,Curralinho,PA,1967,2954.14,1420.99,31.06,22.32,83.23,0.59,1.21,6739.39
1502806,Curralinho,PA,1968,2727.43,1427.54,31.0,22.4,83.44,0.59,1.29,6777.82
1502806,Curralinho,PA,1969,2509.27,1501.35,31.92,22.89,83.45,0.61,1.27,7054.66
1502806,Curralinho,PA,1970,2629.47,1475.14,32.59,21.68,84.23,0.57,1.25,6921.29
1502806,Curralinho,PA,1971,2387.46,1472.74,32.66,21.62,83.78,0.59,1.33,6870.71
1502806,Curralinho,PA,1972,2796.72,1447.2,32.7,20.96,84.3,0.56,1.2,6817.56
1502806,Curralinho,PA,1973,3036.51,1411.22,32.82,21.23,84.41,0.56,1.28,6516.17
1502806,Curralinho,PA,1974,3129.99,1357.53,30.69,22.31,84.49,0.54,1.48,6424.43
1502806,Curralinho,PA,1975,2917.41,1364.23,32.46,21.16,85.16,0.53,1.31,6341.96
1502806,Curralinho,PA,1976,2382.17,1474.48,31.74,21.54,83.65,0.58,1.19,7054.29
1502806,Curralinho,PA,1977,2296.06,1387.52,30.3,22.62,83.97,0.56,1.42,6594.39
1502806,Curralinho,PA,1978,2794.64,1390.59,31.22,22.68,84.9,0.54,1.48,6535.49
1502806,Curralinho,PA,1979,2513.92,1381.17,31.44,22.68,85.32,0.53,1.33,6534.07
1502806,Curralinho,PA,1980,2798.39,1418.84,31.6,22.65,85.13,0.54,1.31,6687.96
1502855,Curuá,PA,1961,2148.94,1357.89,30.77,21.69,85.31,0.51,1.21,6576.17
1502855,Curuá,PA,1962,2531.64,1361.52,31.0,21.79,84.96,0.52,1.27,6485.69
1502855,Curuá,PA,1963,2331.03,1363.0,31.46,21.65,84.33,0.55,1.17,6436.99
1502855,Curuá,PA,1964,2420.42,1357.53,31.16,21.41,84.26,0.54,1.23,6430.81
1502855,Curuá,PA,1965,1990.27,1433.74,31.48,21.4,82.04,0.63,1.28,6723.99
1502855,Curuá,PA,1966,2103.6,1348.98,31.42,21.46,83.04,0.59,1.04,6371.33
1502855,Curuá,PA,1967,1849.91,1366.28,31.31,21.37,83.39,0.58,1.28,6382.48
1502855,Curuá,PA,1968,2454.98,1361.57,31.09,21.17,84.13,0.55,1.31,6454.06
1502855,Curuá,PA,1969,2163.3,1452.26,32.08,21.61,83.19,0.6,1.43,6677.02
1502855,Curuá,PA,1970,2776.45,1397.86,31.91,22.42,85.98,0.51,1.21,6605.86
1502855,Curuá,PA,1971,2400.24,1400.57,32.49,20.46,84.72,0.54,1.45,6451.13
1502855,Curuá,PA,1972,2038.49,1382.5,32.28,18.1,83.58,0.54,1.43,6350.22
1502855,Curuá,PA,1973,2535.56,1312.74,31.37,22.98,85.9,0.51,1.27,6116.22
1502855,Curuá,PA,1974,2373.37,1342.58,30.47,22.91,84.13,0.56,1.39,6300.49
1502855,Curuá,PA,1975,2455.46,1401.8,31.84,22.42,83.82,0.59,1.42,6426.0
1502855,Curuá,PA,1976,1901.48,1468.39,31.41,22.13,82.71,0.62,1.5,6825.73
1502855,Curuá,PA,1977,2001.69,1384.09,30.1,22.85,83.9,0.56,1.51,6568.48
1502855,Curuá,PA,1978,1906.43,1394.79,31.22,22.5,84.37,0.56,1.53,6474.54
1502855,Curuá,PA,1979,2047.3,1365.15,31.18,22.83,84.32,0.56,1.37,6372.9
1502855,Curuá,PA,1980,1678.02,1424.63,31.69,22.93,85.18,0.55,1.6,6575.49
1502905,Curuçá,PA,1961,3672.33,1475.7,30.73,23.44,82.48,0.64,1.41,6924.28
1502905,Curuçá,PA,1962,2535.06,1464.29,31.17,23.51,81.97,0.66,1.29,6816.52
1502905,Curuçá,PA,1963,2066.11,1439.16,31.36,23.4,82.16,0.66,1.09,6741.11
1502905,Curuçá,PA,1964,2706.28,1472.48,31.34,23.33,80.31,0.73,1.09,6853.22
1502905,Curuçá,PA,1965,2613.59,1531.95,31.87,23.59,76.81,0.88,1.0,7134.93
1502905,Curuçá,PA,1966,3028.3,1442.13,31.67,24.0,78.25,0.82,0.59,6881.55
1502905,Curuçá,PA,1967,3054.84,1481.39,31.03,22.91,81.51,0.66,1.17,7019.0
1502905,Curuçá,PA,1968,2652.7,1434.2,30.98,22.79,83.74,0.58,1.24,6827.77
1502905,Curuçá,PA,1969,2704.78,1505.49,31.67,23.2,82.69,0.64,1.18,7126.76
1502905,Curuçá,PA,1970,2578.93,1447.91,31.52,22.09,84.21,0.56,1.16,6961.03
1502905,Curuçá,PA,1971,2590.56,1435.73,31.44,21.38,83.93,0.56,1.21,6927.73
1502905,Curuçá,PA,1972,2502.19,1444.84,31.73,22.71,83.83,0.59,1.11,6848.5
1502905,Curuçá,PA,1973,3302.23,1370.99,30.78,23.39,85.29,0.53,1.07,6560.31
1502905,Curuçá,PA,1974,3369.3,1368.79,30.05,22.54,84.56,0.54,1.45,6556.07
1502905,Curuçá,PA,1975,3897.83,1369.25,30.67,22.3,84.97,0.53,1.21,6591.41
1502905,Curuçá,PA,1976,2560.0,1460.81,31.14,22.49,82.88,0.61,1.14,6982.5
1502905,Curuçá,PA,1977,2885.61,1402.0,31.09,22.68,83.33,0.6,1.24,6572.4
1502905,Curuçá,PA,1978,2995.97,1389.87,30.89,22.63,84.19,0.56,1.36,6568.63
1502905,Curuçá,PA,1979,2533.44,1392.64,31.22,22.67,83.9,0.57,1.29,6575.07
1502905,Curuçá,PA,1980,3075.88,1395.76,31.0,22.62,83.39,0.59,1.24,6565.59
1502939,Dom Eliseu,PA,1961,2096.73,1456.41,32.06,20.58,80.24,0.69,0.91,6929.46
1502939,Dom Eliseu,PA,1962,1665.85,1417.05,32.07,20.62,81.03,0.66,0.83,6780.07
1502939,Dom Eliseu,PA,1963,1784.03,1415.57,32.29,20.52,79.99,0.7,0.75,6758.24
1502939,Dom Eliseu,PA,1964,2125.45,1434.81,31.86,20.54,80.69,0.66,0.83,6881.18
1502939,Dom Eliseu,PA,1965,1502.61,1475.4,32.3,20.2,77.08,0.79,0.75,7138.54
1502939,Dom Eliseu,PA,1966,1415.12,1400.98,32.14,20.57,77.91,0.77,0.5,6886.26
1502939,Dom Eliseu,PA,1967,1517.67,1447.86,31.78,20.14,79.36,0.7,0.87,6966.38
1502939,Dom Eliseu,PA,1968,1232.11,1435.99,31.71,20.23,79.68,0.69,0.83,6942.6
1502939,Dom Eliseu,PA,1969,1190.27,1488.7,32.61,21.02,79.15,0.74,0.81,7114.82
1502939,Dom Eliseu,PA,1970,1079.12,1455.18,32.27,20.37,80.29,0.68,0.89,6937.79
1502939,Dom Eliseu,PA,1971,1428.42,1430.82,32.13,20.27,83.54,0.57,0.99,6895.37
1502939,Dom Eliseu,PA,1972,1230.2,1426.62,32.91,20.57,82.78,0.61,0.84,6783.31
1502939,Dom Eliseu,PA,1973,2406.45,1353.07,31.42,20.75,83.47,0.56,0.74,6599.74
1502939,Dom Eliseu,PA,1974,2341.16,1334.09,31.06,20.39,84.01,0.53,0.95,6498.41
1502939,Dom Eliseu,PA,1975,2222.43,1355.68,31.69,20.22,84.72,0.51,1.09,6481.29
1502939,Dom Eliseu,PA,1976,1990.3,1421.15,31.21,20.95,80.65,0.66,1.18,6699.27
1502939,Dom Eliseu,PA,1977,1769.73,1342.33,30.87,21.3,79.6,0.7,1.24,6167.28
1502939,Dom Eliseu,PA,1978,1744.04,1346.68,30.99,21.27,79.82,0.69,1.24,6193.51
1502939,Dom Eliseu,PA,1979,1801.34,1340.28,31.52,21.49,81.9,0.63,1.21,6189.42
1502939,Dom Eliseu,PA,1980,1636.18,1400.52,31.88,21.63,78.96,0.75,1.24,6310.17
1502954,Eldorado do Carajás,PA,1961,1373.51,1447.45,32.71,19.44,78.45,0.74,0.86,6937.79
1502954,Eldorado do Carajás,PA,1962,1551.8,1410.3,32.64,19.79,79.48,0.7,0.71,6779.13
1502954,Eldorado do Carajás,PA,1963,1463.63,1401.24,32.76,19.46,78.54,0.73,0.63,6805.52
1502954,Eldorado do Carajás,PA,1964,1668.35,1399.44,32.01,19.71,79.93,0.67,0.75,6748.28
1502954,Eldorado do Carajás,PA,1965,1321.58,1420.74,32.33,19.4,76.72,0.79,0.61,6988.37
1502954,Eldorado do Carajás,PA,1966,1553.74,1381.17,32.29,19.67,77.01,0.78,0.46,6847.93
1502954,Eldorado do Carajás,PA,1967,1548.25,1426.67,32.12,19.23,77.96,0.73,0.73,6933.7
1502954,Eldorado do Carajás,PA,1968,1315.54,1411.32,31.91,19.3,79.1,0.69,0.7,6937.1
1502954,Eldorado do Carajás,PA,1969,1397.59,1457.94,32.85,20.16,78.92,0.74,0.65,7083.88
1502954,Eldorado do Carajás,PA,1970,1436.79,1458.1,33.04,20.1,78.97,0.73,0.8,6916.42
1502954,Eldorado do Carajás,PA,1971,1477.68,1417.0,32.71,20.55,81.72,0.64,0.87,6741.43
1502954,Eldorado do Carajás,PA,1972,1429.16,1361.26,33.29,20.88,82.69,0.62,0.77,6376.46
1502954,Eldorado do Carajás,PA,1973,2069.12,1313.15,31.03,20.57,83.66,0.55,0.82,6398.98
1502954,Eldorado do Carajás,PA,1974,1975.13,1284.54,31.09,20.24,83.16,0.56,0.83,6219.9
1502954,Eldorado do Carajás,PA,1975,1820.3,1305.53,31.04,20.43,83.6,0.54,0.81,6378.56
1502954,Eldorado do Carajás,PA,1976,1567.78,1342.07,31.11,21.33,80.99,0.65,0.81,6461.91
1502954,Eldorado do Carajás,PA,1977,1794.43,1297.65,30.9,21.83,80.29,0.68,0.96,6098.94
1502954,Eldorado do Carajás,PA,1978,1573.72,1336.34,31.27,21.84,79.03,0.74,1.04,6171.2
1502954,Eldorado do Carajás,PA,1979,1600.33,1297.29,31.47,21.58,81.52,0.65,0.94,6088.1
1502954,Eldorado do Carajás,PA,1980,1610.09,1358.55,31.86,21.65,77.09,0.82,1.14,6090.56
1503002,Faro,PA,1961,2347.6,1383.83,30.47,21.33,83.48,0.56,1.33,6665.71
1503002,Faro,PA,1962,2641.84,1365.67,30.62,21.38,84.98,0.51,1.31,6550.1
1503002,Faro,PA,1963,2300.02,1366.02,30.96,21.39,83.87,0.56,1.25,6467.47
1503002,Faro,PA,1964,2557.11,1340.89,30.8,21.34,84.46,0.53,1.3,6355.1
1503002,Faro,PA,1965,2245.1,1410.91,31.11,21.44,83.64,0.57,1.4,6649.22
1503002,Faro,PA,1966,2221.58,1336.49,31.23,21.18,84.57,0.53,1.16,6330.49
1503002,Faro,PA,1967,2004.12,1345.6,30.99,21.79,84.41,0.55,1.24,6317.92
1503002,Faro,PA,1968,2542.79,1312.64,30.52,21.62,86.2,0.47,1.27,6285.98
1503002,Faro,PA,1969,2187.82,1409.43,31.5,22.31,84.26,0.57,1.36,6549.31
1503002,Faro,PA,1970,2701.86,1375.9,31.0,22.16,84.82,0.53,1.26,6524.8
1503002,Faro,PA,1971,2461.29,1327.33,30.38,21.29,84.81,0.52,1.33,6340.7
1503002,Faro,PA,1972,2279.72,1359.52,30.65,20.97,83.73,0.55,1.27,6474.17
1503002,Faro,PA,1973,2647.85,1292.48,30.05,22.56,85.16,0.51,1.29,6146.23
1503002,Faro,PA,1974,2430.4,1280.55,29.54,22.27,84.04,0.54,1.21,6119.36
1503002,Faro,PA,1975,2648.34,1307.52,30.43,21.93,83.18,0.58,1.14,6158.79
1503002,Faro,PA,1976,2312.83,1377.64,30.49,22.07,82.96,0.6,1.27,6489.25
1503002,Faro,PA,1977,2368.38,1278.61,30.01,22.28,84.7,0.53,1.08,6108.53
1503002,Faro,PA,1978,2431.19,1273.49,30.38,22.14,84.57,0.54,1.21,5975.0
1503002,Faro,PA,1979,2243.12,1290.58,30.6,22.48,83.57,0.58,1.05,6070.04
1503002,Faro,PA,1980,1785.13,1320.11,30.83,22.18,85.37,0.51,1.14,6266.34
1503044,Floresta do Araguaia,PA,1961,1238.37,1427.03,32.55,17.47,74.25,0.82,0.73,6972.5
1503044,Floresta do Araguaia,PA,1962,1578.21,1399.29,32.67,17.73,76.62,0.76,0.7,6788.55
1503044,Floresta do Araguaia,PA,1963,1529.03,1407.07,32.47,17.19,74.93,0.8,0.69,6887.68
1503044,Floresta do Araguaia,PA,1964,1821.58,1369.91,31.36,17.65,77.36,0.7,0.71,6744.83
1503044,Floresta do Araguaia,PA,1965,1385.64,1388.9,31.47,17.59,76.39,0.74,0.61,7005.33
1503044,Floresta do Araguaia,PA,1966,1455.7,1382.4,32.19,17.93,75.71,0.78,0.53,6907.63
1503044,Floresta do Araguaia,PA,1967,1917.05,1380.41,31.82,17.38,76.01,0.75,0.57,6938.1
1503044,Floresta do Araguaia,PA,1968,1883.06,1388.29,31.45,17.57,76.45,0.73,0.67,6956.26
1503044,Floresta do Araguaia,PA,1969,1640.08,1455.03,32.45,18.23,75.49,0.8,0.72,7135.24
1503044,Floresta do Araguaia,PA,1970,1690.21,1487.17,33.52,19.18,76.12,0.82,0.87,6904.33
1503044,Floresta do Araguaia,PA,1971,1498.7,1449.3,32.92,19.8,78.4,0.75,1.08,6686.29
1503044,Floresta do Araguaia,PA,1972,1438.02,1410.45,33.1,20.26,78.83,0.75,1.01,6460.66
1503044,Floresta do Araguaia,PA,1973,1788.92,1371.45,32.6,19.84,82.21,0.61,0.92,6471.87
1503044,Floresta do Araguaia,PA,1974,1616.82,1284.44,31.7,17.12,82.05,0.55,0.9,6203.72
1503044,Floresta do Araguaia,PA,1975,1617.66,1328.51,31.14,19.69,82.03,0.59,0.86,6453.02
1503044,Floresta do Araguaia,PA,1976,1481.62,1339.72,31.36,19.91,79.83,0.67,0.86,6448.4
1503044,Floresta do Araguaia,PA,1977,1656.08,1266.94,31.33,20.7,81.12,0.65,0.79,6043.02
1503044,Floresta do Araguaia,PA,1978,1523.25,1322.01,31.68,21.18,79.68,0.71,0.92,6159.58
1503044,Floresta do Araguaia,PA,1979,2108.63,1318.89,31.5,20.69,78.91,0.72,0.94,6190.21
1503044,Floresta do Araguaia,PA,1980,1850.5,1335.42,32.02,20.72,75.77,0.85,1.06,6000.55
1503077,Garrafão do Norte,PA,1961,3466.53,1461.48,30.56,22.65,82.24,0.63,1.32,6927.42
1503077,Garrafão do Norte,PA,1962,2362.83,1439.57,30.95,22.66,81.86,0.65,1.19,6790.6
1503077,Garrafão do Norte,PA,1963,1952.69,1414.8,31.02,22.52,81.8,0.65,0.98,6728.86
1503077,Garrafão do Norte,PA,1964,2540.3,1459.22,31.52,22.05,80.09,0.71,0.92,6923.12
1503077,Garrafão do Norte,PA,1965,2355.99,1534.51,32.33,22.06,76.68,0.86,0.98,7173.26
1503077,Garrafão do Norte,PA,1966,2212.18,1453.8,32.29,22.33,77.83,0.81,0.65,6945.64
1503077,Garrafão do Norte,PA,1967,2610.69,1457.89,31.22,21.62,80.62,0.67,0.93,7003.13
1503077,Garrafão do Norte,PA,1968,2308.04,1449.4,31.11,21.66,80.68,0.67,0.95,6983.28
1503077,Garrafão do Norte,PA,1969,2248.04,1503.85,32.07,22.13,80.57,0.7,0.95,7173.42
1503077,Garrafão do Norte,PA,1970,2425.48,1475.91,31.82,21.27,82.08,0.62,1.2,7040.84
1503077,Garrafão do Norte,PA,1971,2327.65,1435.68,31.36,21.2,83.61,0.56,1.04,6983.34
1503077,Garrafão do Norte,PA,1972,1991.96,1444.64,31.64,21.57,82.89,0.6,0.97,6958.46
1503077,Garrafão do Norte,PA,1973,3143.88,1340.18,30.18,22.1,85.97,0.48,1.07,6553.24
1503077,Garrafão do Norte,PA,1974,3128.07,1337.77,29.56,21.41,84.65,0.51,1.48,6494.49
1503077,Garrafão do Norte,PA,1975,2907.42,1352.87,30.17,21.11,84.18,0.53,1.4,6499.83
1503077,Garrafão do Norte,PA,1976,2187.49,1470.64,30.59,20.87,81.52,0.62,1.57,6945.58
1503077,Garrafão do Norte,PA,1977,2635.69,1387.16,30.56,21.21,82.63,0.59,1.62,6439.35
1503077,Garrafão do Norte,PA,1978,2849.9,1371.5,30.37,21.65,83.75,0.55,1.55,6483.65
1503077,Garrafão do Norte,PA,1979,2064.55,1392.23,31.06,21.65,82.73,0.59,1.39,6544.76
1503077,Garrafão do Norte,PA,1980,2713.81,1398.63,30.89,21.32,82.56,0.6,1.46,6520.04
1503093,Goianésia do Pará,PA,1961,2351.48,1445.05,31.6,21.2,79.97,0.7,1.06,6855.16
1503093,Goianésia do Pará,PA,1962,2066.76,1425.8,31.81,21.38,80.58,0.68,1.01,6699.17
1503093,Goianésia do Pará,PA,1963,1821.95,1411.27,32.01,21.12,80.22,0.69,0.91,6659.59
1503093,Goianésia do Pará,PA,1964,2494.1,1422.07,31.68,21.06,81.03,0.66,0.91,6768.23
1503093,Goianésia do Pará,PA,1965,2128.11,1467.62,32.25,20.64,77.04,0.8,0.86,6980.04
1503093,Goianésia do Pará,PA,1966,1536.89,1393.2,31.64,21.03,78.22,0.75,0.65,6750.38
1503093,Goianésia do Pará,PA,1967,1915.21,1421.2,31.47,20.95,81.22,0.64,0.92,6823.58
1503093,Goianésia do Pará,PA,1968,1703.01,1416.95,31.47,20.88,81.22,0.65,0.86,6845.52
1503093,Goianésia do Pará,PA,1969,1754.43,1468.95,32.38,21.72,81.72,0.66,0.83,7039.11
1503093,Goianésia do Pará,PA,1970,1599.66,1443.36,32.35,20.51,82.06,0.62,0.87,6949.41
1503093,Goianésia do Pará,PA,1971,1677.29,1409.58,32.15,20.3,83.61,0.57,0.9,6808.35
1503093,Goianésia do Pará,PA,1972,1873.48,1380.82,33.55,20.48,84.0,0.57,0.77,6506.21
1503093,Goianésia do Pará,PA,1973,2922.78,1297.54,30.89,20.9,84.46,0.52,0.71,6365.52
1503093,Goianésia do Pará,PA,1974,2941.6,1302.56,31.94,20.16,85.5,0.49,0.89,6271.42
1503093,Goianésia do Pará,PA,1975,2413.19,1301.84,32.41,20.18,86.38,0.47,0.79,6264.67
1503093,Goianésia do Pará,PA,1976,2048.77,1369.66,31.15,21.43,83.04,0.58,0.79,6665.18
1503093,Goianésia do Pará,PA,1977,2352.2,1297.65,29.76,22.09,82.14,0.6,0.99,6254.77
1503093,Goianésia do Pará,PA,1978,2326.06,1324.41,31.19,21.74,82.39,0.61,1.06,6230.11
1503093,Goianésia do Pará,PA,1979,2060.49,1308.09,31.35,22.0,84.01,0.56,0.97,6182.04
1503093,Goianésia do Pará,PA,1980,2106.01,1359.78,31.61,22.13,81.56,0.66,1.03,6329.8
1503101,Gurupá,PA,1961,2644.37,1417.82,30.85,22.14,83.45,0.58,1.44,6738.76
1503101,Gurupá,PA,1962,2533.46,1410.91,31.15,22.39,83.32,0.59,1.34,6642.93
1503101,Gurupá,PA,1963,2133.71,1384.76,31.35,22.22,83.4,0.59,1.1,6562.66
1503101,Gurupá,PA,1964,2800.15,1397.19,31.06,21.81,82.94,0.59,1.12,6622.61
1503101,Gurupá,PA,1965,2359.44,1468.39,31.64,21.84,79.84,0.72,1.17,6884.85
1503101,Gurupá,PA,1966,2645.13,1374.06,30.82,21.95,81.07,0.66,0.98,6553.71
1503101,Gurupá,PA,1967,2316.68,1407.48,31.1,21.89,83.56,0.57,1.17,6707.65
1503101,Gurupá,PA,1968,2539.45,1385.83,30.94,22.21,84.08,0.56,1.24,6591.35
1503101,Gurupá,PA,1969,2448.08,1463.83,31.92,22.87,83.77,0.6,1.22,6799.08
1503101,Gurupá,PA,1970,2434.74,1417.05,32.04,22.42,84.59,0.56,1.05,6698.23
1503101,Gurupá,PA,1971,2586.54,1400.06,31.78,22.04,84.54,0.55,1.35,6554.34
1503101,Gurupá,PA,1972,2679.75,1372.98,32.04,21.96,84.69,0.55,1.27,6365.3
1503101,Gurupá,PA,1973,3032.38,1304.35,31.64,22.28,85.82,0.51,1.12,6117.17
1503101,Gurupá,PA,1974,2816.72,1322.98,30.97,22.29,85.4,0.51,1.36,6239.54
1503101,Gurupá,PA,1975,2720.15,1332.04,31.72,21.84,85.0,0.53,1.18,6241.42
1503101,Gurupá,PA,1976,2130.25,1406.66,31.41,21.95,83.66,0.58,1.36,6533.7
1503101,Gurupá,PA,1977,2277.91,1360.85,30.61,22.84,83.96,0.57,1.73,6212.05
1503101,Gurupá,PA,1978,2410.38,1344.99,31.06,22.75,85.26,0.53,1.71,6206.86
1503101,Gurupá,PA,1979,2530.5,1353.64,31.45,22.9,85.3,0.53,1.53,6277.86
1503101,Gurupá,PA,1980,2440.25,1386.44,31.51,22.92,84.68,0.56,1.35,6449.03
1503200,Igarapé-Açu,PA,1961,3576.65,1464.65,30.69,23.0,82.49,0.63,1.35,6917.68
1503200,Igarapé-Açu,PA,1962,2483.86,1449.96,31.09,23.05,82.02,0.65,1.23,6799.86
1503200,Igarapé-Açu,PA,1963,2088.66,1426.52,31.22,22.99,82.16,0.65,1.04,6728.39
1503200,Igarapé-Açu,PA,1964,2658.84,1460.91,31.27,22.91,80.27,0.72,1.03,6857.62
1503200,Igarapé-Açu,PA,1965,2586.43,1534.0,31.86,23.2,76.85,0.87,1.02,7137.29
1503200,Igarapé-Açu,PA,1966,2912.91,1445.66,31.67,23.54,78.15,0.82,0.68,6880.92
1503200,Igarapé-Açu,PA,1967,2813.99,1469.1,31.01,22.36,81.45,0.65,1.1,7010.05
1503200,Igarapé-Açu,PA,1968,2383.08,1437.57,31.02,22.28,82.12,0.63,1.17,6831.54
1503200,Igarapé-Açu,PA,1969,2482.95,1511.94,31.95,22.67,81.42,0.68,1.15,7128.33
1503200,Igarapé-Açu,PA,1970,2592.43,1452.26,31.73,21.77,84.01,0.56,1.14,6990.72
1503200,Igarapé-Açu,PA,1971,2461.77,1446.43,31.56,21.24,83.62,0.57,1.09,7018.06
1503200,Igarapé-Açu,PA,1972,2298.84,1448.37,31.86,21.87,83.01,0.6,1.02,6929.25
1503200,Igarapé-Açu,PA,1973,2873.3,1351.49,30.44,22.45,85.41,0.51,1.04,6556.54
1503200,Igarapé-Açu,PA,1974,3100.94,1353.23,29.84,21.67,84.46,0.52,1.44,6538.94
1503200,Igarapé-Açu,PA,1975,3345.91,1353.59,30.37,21.41,84.36,0.53,1.23,6558.89
1503200,Igarapé-Açu,PA,1976,2396.4,1439.88,30.83,21.06,82.17,0.6,1.15,6973.07
1503200,Igarapé-Açu,PA,1977,2529.03,1381.99,30.86,21.35,83.28,0.57,1.23,6559.05
1503200,Igarapé-Açu,PA,1978,2739.74,1380.35,30.85,21.84,84.06,0.55,1.34,6563.29
1503200,Igarapé-Açu,PA,1979,2227.12,1393.76,31.26,21.91,83.32,0.58,1.33,6573.34
1503200,Igarapé-Açu,PA,1980,2749.01,1387.52,31.01,21.61,83.61,0.57,1.27,6558.36
1503309,Igarapé-Miri,PA,1961,2991.48,1441.21,30.92,22.86,82.13,0.64,1.23,6823.43
1503309,Igarapé-Miri,PA,1962,2342.18,1426.16,31.33,22.92,81.86,0.66,1.18,6658.64
1503309,Igarapé-Miri,PA,1963,1957.73,1402.31,31.41,22.9,81.75,0.66,1.0,6584.18
1503309,Igarapé-Miri,PA,1964,2776.44,1442.03,31.41,22.79,81.78,0.66,1.02,6777.34
1503309,Igarapé-Miri,PA,1965,2446.15,1508.05,31.98,22.9,78.58,0.8,1.09,7003.6
1503309,Igarapé-Miri,PA,1966,3141.58,1419.46,31.61,23.21,80.1,0.73,0.77,6728.7
1503309,Igarapé-Miri,PA,1967,2952.14,1445.15,31.2,22.23,81.86,0.64,1.15,6848.09
1503309,Igarapé-Miri,PA,1968,2794.48,1432.1,31.2,22.21,83.53,0.58,1.28,6806.4
1503309,Igarapé-Miri,PA,1969,2796.21,1502.52,32.26,22.62,83.74,0.6,1.2,7085.92
1503309,Igarapé-Miri,PA,1970,2503.89,1469.92,32.83,21.46,84.58,0.56,1.12,6954.75
1503309,Igarapé-Miri,PA,1971,2427.37,1461.63,32.65,22.35,83.67,0.6,1.07,6873.54
1503309,Igarapé-Miri,PA,1972,2600.24,1425.55,32.58,22.31,83.45,0.61,0.94,6714.67
1503309,Igarapé-Miri,PA,1973,3169.31,1416.33,32.66,22.73,84.46,0.58,1.07,6589.05
1503309,Igarapé-Miri,PA,1974,3466.97,1382.86,30.65,23.3,84.27,0.56,1.41,6551.82
1503309,Igarapé-Miri,PA,1975,2738.43,1413.32,32.38,22.18,84.71,0.56,1.25,6625.18
1503309,Igarapé-Miri,PA,1976,2432.03,1478.37,31.84,22.76,83.26,0.61,1.02,7048.0
1503309,Igarapé-Miri,PA,1977,2390.23,1396.22,30.76,23.38,83.78,0.59,1.16,6628.48
1503309,Igarapé-Miri,PA,1978,2890.94,1388.49,31.52,22.73,84.64,0.56,1.23,6538.16
1503309,Igarapé-Miri,PA,1979,2381.1,1382.15,31.68,22.85,84.71,0.56,1.12,6523.23
1503309,Igarapé-Miri,PA,1980,2747.47,1411.01,31.71,22.97,84.27,0.58,1.17,6613.82
1503408,Inhangapi,PA,1961,3544.2,1462.19,30.91,22.88,82.56,0.62,1.32,6904.01
1503408,Inhangapi,PA,1962,2496.82,1444.64,31.3,22.92,82.14,0.65,1.21,6768.6
1503408,Inhangapi,PA,1963,2157.85,1424.88,31.36,22.94,82.16,0.65,1.02,6718.81
1503408,Inhangapi,PA,1964,2748.62,1458.87,31.34,23.0,80.43,0.72,1.01,6843.32
1503408,Inhangapi,PA,1965,2575.36,1527.3,31.98,23.39,76.87,0.87,0.98,7122.83
1503408,Inhangapi,PA,1966,3016.41,1437.11,31.72,23.77,78.34,0.81,0.59,6870.55
1503408,Inhangapi,PA,1967,2785.9,1473.15,31.2,22.25,81.44,0.65,1.13,7006.43
1503408,Inhangapi,PA,1968,2505.82,1444.02,31.38,22.1,82.07,0.64,1.16,6836.41
1503408,Inhangapi,PA,1969,2837.52,1523.56,32.54,22.46,81.38,0.69,1.14,7134.14
1503408,Inhangapi,PA,1970,2688.22,1464.34,32.2,21.77,83.94,0.57,1.11,6994.97
1503408,Inhangapi,PA,1971,2662.93,1454.26,31.94,21.26,83.58,0.57,1.08,7014.44
1503408,Inhangapi,PA,1972,2500.63,1450.22,32.1,21.87,82.98,0.61,1.0,6918.88
1503408,Inhangapi,PA,1973,3160.16,1378.26,31.36,22.9,85.22,0.53,1.05,6564.86
1503408,Inhangapi,PA,1974,3269.7,1353.54,29.42,22.65,84.42,0.53,1.46,6552.61
1503408,Inhangapi,PA,1975,3404.82,1364.95,30.77,21.82,84.8,0.52,1.25,6578.84
1503408,Inhangapi,PA,1976,2615.09,1448.12,31.2,21.63,82.96,0.59,1.11,6979.67
1503408,Inhangapi,PA,1977,2671.02,1387.32,31.18,21.87,83.67,0.57,1.18,6572.09
1503408,Inhangapi,PA,1978,2909.12,1388.13,31.14,22.42,84.28,0.56,1.24,6583.4
1503408,Inhangapi,PA,1979,2362.5,1388.54,31.42,22.55,83.99,0.57,1.19,6570.99
1503408,Inhangapi,PA,1980,2865.23,1392.43,31.28,22.37,83.75,0.58,1.19,6568.26
1503457,Ipixuna do Pará,PA,1961,3410.27,1446.02,30.91,22.5,82.01,0.64,1.12,6907.0
1503457,Ipixuna do Pará,PA,1962,2256.51,1428.87,31.29,22.49,81.79,0.65,1.04,6767.03
1503457,Ipixuna do Pará,PA,1963,2027.18,1424.57,31.49,22.42,81.54,0.66,0.96,6738.6
1503457,Ipixuna do Pará,PA,1964,2523.64,1449.24,31.73,22.03,80.22,0.71,0.93,6839.86
1503457,Ipixuna do Pará,PA,1965,2348.68,1502.47,32.43,21.73,76.66,0.85,0.88,7095.19
1503457,Ipixuna do Pará,PA,1966,2904.79,1420.38,32.16,22.06,78.15,0.79,0.56,6868.98
1503457,Ipixuna do Pará,PA,1967,2707.62,1459.84,31.43,21.62,81.31,0.65,1.04,6971.4
1503457,Ipixuna do Pará,PA,1968,2548.83,1451.55,31.41,21.67,80.61,0.68,1.1,6873.64
1503457,Ipixuna do Pará,PA,1969,2869.54,1509.33,32.4,22.2,80.61,0.71,1.05,7101.16
1503457,Ipixuna do Pará,PA,1970,2718.73,1481.85,32.29,21.27,81.66,0.65,1.11,7018.06
1503457,Ipixuna do Pará,PA,1971,2666.95,1445.0,32.13,21.16,83.6,0.58,1.0,6950.35
1503457,Ipixuna do Pará,PA,1972,2445.49,1442.74,32.4,21.38,82.95,0.61,0.86,6925.16
1503457,Ipixuna do Pará,PA,1973,3188.4,1359.88,31.19,22.05,84.67,0.54,0.84,6584.97
1503457,Ipixuna do Pará,PA,1974,3250.0,1344.32,30.16,21.8,84.25,0.53,1.25,6498.1
1503457,Ipixuna do Pará,PA,1975,3085.96,1364.95,31.25,21.21,84.44,0.53,1.09,6574.6
1503457,Ipixuna do Pará,PA,1976,2529.29,1441.72,31.09,21.65,82.62,0.6,1.09,6940.24
1503457,Ipixuna do Pará,PA,1977,2583.03,1360.14,30.5,22.09,83.3,0.58,1.13,6488.2
1503457,Ipixuna do Pará,PA,1978,2807.69,1361.83,31.0,21.98,83.8,0.56,1.14,6484.9
1503457,Ipixuna do Pará,PA,1979,2341.33,1377.44,31.34,22.12,82.93,0.6,1.16,6500.93
1503457,Ipixuna do Pará,PA,1980,2127.31,1392.23,31.25,21.94,81.12,0.66,1.12,6511.4
1503507,Irituia,PA,1961,3490.22,1467.67,30.85,22.96,82.37,0.63,1.32,6920.82
1503507,Irituia,PA,1962,2424.8,1447.4,31.24,22.98,81.98,0.65,1.19,6786.35
1503507,Irituia,PA,1963,2159.15,1423.86,31.33,22.89,81.96,0.66,0.99,6723.05
1503507,Irituia,PA,1964,2577.27,1459.89,31.59,22.64,80.21,0.72,0.97,6858.71
1503507,Irituia,PA,1965,2467.12,1521.36,32.34,22.69,76.71,0.87,0.91,7128.02
1503507,Irituia,PA,1966,2912.28,1430.41,32.1,23.06,78.15,0.81,0.54,6876.05
1503507,Irituia,PA,1967,2809.32,1463.57,31.29,22.11,80.74,0.68,1.0,6992.61
1503507,Irituia,PA,1968,2456.67,1457.64,31.32,22.07,80.78,0.68,1.13,6889.03
1503507,Irituia,PA,1969,2466.45,1517.01,32.32,22.5,80.63,0.71,1.1,7117.18
1503507,Irituia,PA,1970,2581.0,1478.42,32.09,21.67,82.47,0.62,1.13,7054.34
1503507,Irituia,PA,1971,2507.86,1446.99,31.78,21.4,83.6,0.57,1.05,6987.42
1503507,Irituia,PA,1972,2038.17,1450.88,32.1,21.76,82.87,0.61,0.98,6924.69
1503507,Irituia,PA,1973,3132.18,1356.45,30.6,22.45,85.04,0.52,1.05,6554.81
1503507,Irituia,PA,1974,3135.79,1356.76,29.9,21.74,84.17,0.53,1.43,6541.93
1503507,Irituia,PA,1975,3094.66,1357.12,30.5,21.43,84.06,0.54,1.27,6533.29
1503507,Irituia,PA,1976,2273.53,1455.33,30.89,21.12,82.01,0.61,1.25,6988.62
1503507,Irituia,PA,1977,2625.18,1389.52,30.88,21.48,83.28,0.58,1.53,6471.87
1503507,Irituia,PA,1978,2773.58,1386.5,30.88,21.94,84.04,0.55,1.49,6527.16
1503507,Irituia,PA,1979,2063.57,1392.38,31.3,22.03,83.2,0.59,1.35,6537.22
1503507,Irituia,PA,1980,2614.3,1386.8,31.06,21.71,83.36,0.58,1.26,6529.3
1503606,Itaituba,PA,1961,2361.75,1326.77,31.45,21.08,84.55,0.53,0.79,6422.07
1503606,Itaituba,PA,1962,2820.89,1330.91,31.52,21.39,84.92,0.53,0.86,6391.75
1503606,Itaituba,PA,1963,2287.74,1344.37,32.11,20.95,82.94,0.6,0.83,6376.67
1503606,Itaituba,PA,1964,2898.03,1307.88,31.66,21.29,84.55,0.54,0.85,6246.55
1503606,Itaituba,PA,1965,2546.72,1368.17,31.97,21.16,83.21,0.59,0.92,6494.64
1503606,Itaituba,PA,1966,2158.74,1292.07,32.0,20.78,83.7,0.56,0.61,6208.12
1503606,Itaituba,PA,1967,2156.96,1347.91,31.96,20.76,84.04,0.55,1.19,6219.59
1503606,Itaituba,PA,1968,2487.91,1307.01,31.16,20.76,85.89,0.48,1.37,6152.61
1503606,Itaituba,PA,1969,2211.38,1396.48,32.21,21.44,84.14,0.56,1.44,6340.07
1503606,Itaituba,PA,1970,2235.13,1352.97,32.1,21.07,86.67,0.47,1.1,6472.02
1503606,Itaituba,PA,1971,2108.28,1297.49,31.34,20.5,86.81,0.45,1.01,6269.85
1503606,Itaituba,PA,1972,2569.19,1326.2,31.81,20.41,85.65,0.49,0.98,6358.08
1503606,Itaituba,PA,1973,2303.46,1281.11,30.52,21.74,85.97,0.48,1.18,6152.67
1503606,Itaituba,PA,1974,2208.56,1256.09,29.61,21.63,85.17,0.49,1.09,6131.3
1503606,Itaituba,PA,1975,2357.57,1316.02,31.59,21.2,84.98,0.52,1.1,6211.1
1503606,Itaituba,PA,1976,1802.48,1356.4,31.35,21.46,83.95,0.56,1.09,6430.5
1503606,Itaituba,PA,1977,2045.78,1295.85,30.61,21.91,84.95,0.52,0.97,6226.97
1503606,Itaituba,PA,1978,2118.64,1275.23,30.37,22.04,84.28,0.54,0.99,6085.75
1503606,Itaituba,PA,1979,2105.07,1296.06,30.67,22.28,83.56,0.57,0.89,6191.94
1503606,Itaituba,PA,1980,2097.51,1325.49,30.87,22.12,85.74,0.5,0.99,6373.94
1503705,Itupiranga,PA,1961,1583.16,1442.44,32.11,19.88,79.54,0.7,1.07,6828.3
1503705,Itupiranga,PA,1962,1679.25,1406.25,32.23,20.19,80.27,0.68,0.92,6654.72
1503705,Itupiranga,PA,1963,1439.47,1385.73,32.31,19.82,79.17,0.71,0.8,6611.99
1503705,Itupiranga,PA,1964,1782.75,1400.37,31.66,20.08,80.35,0.66,0.88,6683.09
1503705,Itupiranga,PA,1965,1476.2,1434.86,32.1,19.69,77.01,0.78,0.8,6923.96
1503705,Itupiranga,PA,1966,1557.41,1358.6,31.68,19.9,77.42,0.76,0.59,6636.34
1503705,Itupiranga,PA,1967,1555.85,1400.37,31.68,19.53,78.93,0.7,0.83,6762.32
1503705,Itupiranga,PA,1968,1475.5,1397.14,31.56,19.57,79.5,0.68,0.82,6799.18
1503705,Itupiranga,PA,1969,1367.02,1443.31,32.57,20.49,79.83,0.7,0.75,6952.24
1503705,Itupiranga,PA,1970,1280.66,1424.27,32.74,20.09,80.83,0.66,0.77,6832.38
1503705,Itupiranga,PA,1971,1473.66,1417.26,32.45,20.42,82.0,0.63,0.9,6773.32
1503705,Itupiranga,PA,1972,1549.38,1360.29,33.02,20.83,82.85,0.61,0.79,6406.46
1503705,Itupiranga,PA,1973,2263.09,1295.75,30.82,20.61,85.37,0.49,0.74,6394.58
1503705,Itupiranga,PA,1974,2192.51,1227.53,31.12,20.35,85.81,0.47,0.76,5954.11
1503705,Itupiranga,PA,1975,2105.26,1233.26,31.24,20.46,85.97,0.47,0.71,6008.3
1503705,Itupiranga,PA,1976,1777.42,1311.06,31.04,21.48,82.84,0.59,0.72,6353.52
1503705,Itupiranga,PA,1977,2157.27,1263.66,30.59,21.91,82.37,0.61,0.89,6009.09
1503705,Itupiranga,PA,1978,2085.39,1276.56,31.12,21.84,82.37,0.61,0.96,5992.91
1503705,Itupiranga,PA,1979,1764.47,1280.09,31.33,21.69,83.95,0.56,0.93,6056.06
1503705,Itupiranga,PA,1980,1867.03,1307.11,31.61,21.83,80.49,0.69,0.95,6037.78
1503754,Jacareacanga,PA,1961,2484.77,1321.96,31.57,20.5,82.34,0.6,0.65,6409.03
1503754,Jacareacanga,PA,1962,2893.92,1312.9,31.46,20.94,82.69,0.59,0.67,6346.83
1503754,Jacareacanga,PA,1963,2207.63,1329.68,32.19,20.4,79.93,0.7,0.62,6379.34
1503754,Jacareacanga,PA,1964,2966.76,1291.25,31.66,20.83,82.17,0.61,0.65,6194.4
1503754,Jacareacanga,PA,1965,2694.19,1342.22,31.99,20.57,81.96,0.62,0.7,6437.94
1503754,Jacareacanga,PA,1966,2156.43,1285.93,32.33,20.69,82.96,0.59,0.49,6185.03
1503754,Jacareacanga,PA,1967,2255.33,1349.9,32.27,20.39,83.87,0.56,1.15,6186.76
1503754,Jacareacanga,PA,1968,2524.1,1305.58,31.38,20.51,86.07,0.47,1.34,6111.3
1503754,Jacareacanga,PA,1969,2209.82,1400.01,32.48,21.09,84.49,0.55,1.42,6305.83
1503754,Jacareacanga,PA,1970,2149.57,1348.62,32.29,20.79,86.91,0.46,1.01,6453.17
1503754,Jacareacanga,PA,1971,2220.18,1298.16,31.85,19.98,87.03,0.44,0.9,6248.02
1503754,Jacareacanga,PA,1972,2697.24,1320.93,32.24,20.14,85.75,0.49,0.91,6295.09
1503754,Jacareacanga,PA,1973,2360.75,1251.12,29.65,21.17,86.7,0.43,1.14,6145.91
1503754,Jacareacanga,PA,1974,2192.66,1239.4,28.93,21.22,84.9,0.48,1.04,6137.59
1503754,Jacareacanga,PA,1975,2382.6,1314.18,31.85,20.51,84.55,0.53,1.04,6189.42
1503754,Jacareacanga,PA,1976,2169.68,1315.25,30.41,20.85,84.03,0.53,1.05,6366.88
1503754,Jacareacanga,PA,1977,2605.3,1215.04,29.76,21.01,84.98,0.5,0.77,5961.65
1503754,Jacareacanga,PA,1978,2523.74,1209.2,29.64,21.09,83.94,0.53,0.82,5886.09
1503754,Jacareacanga,PA,1979,2445.0,1239.56,30.19,21.03,83.51,0.55,0.79,6007.99
1503754,Jacareacanga,PA,1980,2459.72,1234.33,30.44,20.71,86.14,0.46,0.87,6008.4
1503804,Jacundá,PA,1961,1915.56,1449.35,32.19,20.63,80.16,0.69,1.04,6845.58
1503804,Jacundá,PA,1962,1828.84,1420.17,32.36,20.86,80.74,0.68,0.91,6703.1
1503804,Jacundá,PA,1963,1588.44,1402.36,32.5,20.64,80.04,0.7,0.79,6662.57
1503804,Jacundá,PA,1964,1981.69,1422.17,31.99,20.71,80.75,0.67,0.88,6745.93
1503804,Jacundá,PA,1965,1672.89,1457.43,32.43,20.28,77.33,0.79,0.83,6954.28
1503804,Jacundá,PA,1966,1542.07,1394.07,32.16,20.44,77.82,0.76,0.62,6745.98
1503804,Jacundá,PA,1967,1558.49,1432.92,32.01,20.43,79.48,0.7,0.89,6817.14
1503804,Jacundá,PA,1968,1397.96,1419.46,31.95,20.41,79.9,0.69,0.83,6809.23
1503804,Jacundá,PA,1969,1640.47,1472.58,32.95,21.34,80.25,0.71,0.81,6985.85
1503804,Jacundá,PA,1970,1229.54,1452.42,32.76,20.5,81.33,0.65,0.87,6931.19
1503804,Jacundá,PA,1971,1515.9,1416.69,32.57,20.46,82.93,0.6,0.91,6763.73
1503804,Jacundá,PA,1972,1561.89,1380.05,33.64,20.61,84.08,0.58,0.79,6474.95
1503804,Jacundá,PA,1973,2291.34,1304.3,31.23,20.82,84.16,0.54,0.67,6390.65
1503804,Jacundá,PA,1974,2218.43,1333.17,31.73,20.51,84.74,0.52,0.84,6466.84
1503804,Jacundá,PA,1975,2077.64,1325.08,31.98,20.39,85.46,0.5,0.74,6453.17
1503804,Jacundá,PA,1976,1780.44,1376.82,31.3,21.61,81.85,0.63,0.78,6650.42
1503804,Jacundá,PA,1977,2124.21,1312.08,30.53,22.12,80.53,0.67,1.0,6189.58
1503804,Jacundá,PA,1978,2293.1,1333.88,31.38,21.93,80.71,0.68,1.05,6197.28
1503804,Jacundá,PA,1979,1945.57,1307.32,31.59,22.0,83.65,0.58,0.98,6143.24
1503804,Jacundá,PA,1980,2032.87,1356.5,31.87,22.12,80.61,0.7,1.0,6269.32
1503903,Juruti,PA,1961,2370.8,1362.13,30.84,21.41,85.07,0.51,1.16,6592.67
1503903,Juruti,PA,1962,2677.75,1368.22,31.09,21.55,84.88,0.53,1.26,6500.61
1503903,Juruti,PA,1963,2370.73,1364.28,31.46,21.45,84.16,0.56,1.18,6438.88
1503903,Juruti,PA,1964,2473.04,1356.91,31.38,21.29,84.67,0.53,1.25,6405.83
1503903,Juruti,PA,1965,2083.66,1430.41,31.7,21.34,82.89,0.61,1.26,6703.73
1503903,Juruti,PA,1966,2054.87,1351.74,31.93,20.99,83.71,0.57,1.01,6365.2
1503903,Juruti,PA,1967,1932.84,1388.13,31.54,22.71,83.32,0.61,1.28,6369.13
1503903,Juruti,PA,1968,2480.27,1355.74,31.13,22.62,84.63,0.55,1.33,6316.77
1503903,Juruti,PA,1969,2139.63,1448.27,32.09,23.34,83.28,0.63,1.44,6536.27
1503903,Juruti,PA,1970,2635.93,1387.16,31.5,23.11,85.73,0.53,1.19,6540.04
1503903,Juruti,PA,1971,2289.06,1338.59,30.65,22.27,85.53,0.51,1.22,6385.0
1503903,Juruti,PA,1972,2154.78,1387.67,31.05,22.04,84.1,0.57,1.29,6523.96
1503903,Juruti,PA,1973,2632.56,1309.31,30.6,23.06,85.91,0.5,1.21,6211.73
1503903,Juruti,PA,1974,2533.1,1316.58,29.98,22.92,84.64,0.54,1.15,6297.03
1503903,Juruti,PA,1975,2626.78,1349.8,30.68,22.7,83.6,0.59,1.12,6376.99
1503903,Juruti,PA,1976,2090.38,1427.95,30.99,22.88,83.11,0.62,1.19,6716.39
1503903,Juruti,PA,1977,2212.34,1351.59,30.58,23.26,84.72,0.55,1.05,6426.63
1503903,Juruti,PA,1978,1913.79,1358.96,30.95,23.21,84.18,0.58,1.15,6351.22
1503903,Juruti,PA,1979,2150.73,1346.93,31.09,23.4,83.71,0.6,0.99,6326.72
1503903,Juruti,PA,1980,1615.47,1379.69,31.55,23.5,85.67,0.54,1.11,6460.66
1504000,Limoeiro do Ajuru,PA,1961,2961.53,1436.5,30.92,22.92,82.46,0.63,1.27,6796.25
1504000,Limoeiro do Ajuru,PA,1962,2371.87,1424.01,31.32,23.0,82.13,0.65,1.19,6648.43
1504000,Limoeiro do Ajuru,PA,1963,1968.94,1391.61,31.4,22.97,83.14,0.61,0.99,6574.13
1504000,Limoeiro do Ajuru,PA,1964,2790.83,1438.34,31.37,22.82,81.93,0.66,1.04,6756.14
1504000,Limoeiro do Ajuru,PA,1965,2462.13,1506.41,31.93,22.95,78.71,0.79,1.1,6995.44
1504000,Limoeiro do Ajuru,PA,1966,3145.55,1405.02,31.41,23.22,80.22,0.72,0.79,6659.27
1504000,Limoeiro do Ajuru,PA,1967,2956.39,1432.46,31.17,22.33,83.1,0.6,1.15,6816.2
1504000,Limoeiro do Ajuru,PA,1968,2754.05,1429.33,31.12,22.32,83.51,0.58,1.28,6792.11
1504000,Limoeiro do Ajuru,PA,1969,2515.31,1500.07,32.12,22.76,83.67,0.6,1.22,7069.9
1504000,Limoeiro do Ajuru,PA,1970,2517.06,1470.59,32.84,21.51,84.55,0.56,1.16,6932.76
1504000,Limoeiro do Ajuru,PA,1971,2365.04,1467.87,32.7,22.37,83.64,0.61,1.13,6870.87
1504000,Limoeiro do Ajuru,PA,1972,2655.57,1432.76,32.63,22.26,83.49,0.61,0.99,6731.0
1504000,Limoeiro do Ajuru,PA,1973,3206.36,1422.37,32.74,22.63,84.12,0.59,1.12,6589.68
1504000,Limoeiro do Ajuru,PA,1974,3364.6,1384.45,30.74,23.28,84.26,0.56,1.41,6543.81
1504000,Limoeiro do Ajuru,PA,1975,2635.65,1415.67,32.5,22.16,84.83,0.55,1.25,6621.26
1504000,Limoeiro do Ajuru,PA,1976,2436.09,1485.99,31.88,22.77,83.25,0.62,1.06,7064.03
1504000,Limoeiro do Ajuru,PA,1977,2308.8,1400.26,30.72,23.43,83.77,0.59,1.22,6627.07
1504000,Limoeiro do Ajuru,PA,1978,2770.2,1392.07,31.5,22.82,84.81,0.55,1.38,6519.94
1504000,Limoeiro do Ajuru,PA,1979,2353.3,1386.8,31.69,22.89,85.08,0.54,1.18,6542.56
1504000,Limoeiro do Ajuru,PA,1980,2845.93,1410.5,31.73,22.99,84.81,0.56,1.18,6628.11
1504059,Mãe do Rio,PA,1961,3488.36,1464.85,30.84,22.89,82.36,0.63,1.31,6913.44
1504059,Mãe do Rio,PA,1962,2430.42,1444.48,31.23,22.91,81.99,0.65,1.19,6776.3
1504059,Mãe do Rio,PA,1963,2171.3,1422.94,31.32,22.84,81.93,0.65,0.99,6723.68
1504059,Mãe do Rio,PA,1964,2591.63,1455.95,31.5,22.62,80.27,0.72,0.97,6852.43
1504059,Mãe do Rio,PA,1965,2466.49,1518.29,32.23,22.66,76.75,0.86,0.92,7124.25
1504059,Mãe do Rio,PA,1966,2871.03,1429.59,31.99,23.0,78.2,0.81,0.56,6871.65
1504059,Mãe do Rio,PA,1967,2781.73,1464.91,31.24,22.06,81.37,0.65,1.07,6990.88
1504059,Mãe do Rio,PA,1968,2381.92,1453.75,31.31,22.01,80.78,0.68,1.12,6875.52
1504059,Mãe do Rio,PA,1969,2520.62,1511.99,32.35,22.43,80.65,0.71,1.08,7101.47
1504059,Mãe do Rio,PA,1970,2601.16,1477.91,32.12,21.63,82.47,0.62,1.12,7051.36
1504059,Mãe do Rio,PA,1971,2464.41,1445.56,31.82,21.35,83.6,0.57,1.05,6980.51
1504059,Mãe do Rio,PA,1972,2259.12,1449.04,32.09,21.75,82.87,0.61,0.98,6921.08
1504059,Mãe do Rio,PA,1973,3199.25,1363.93,30.82,22.56,84.98,0.53,1.06,6554.49
1504059,Mãe do Rio,PA,1974,3130.22,1356.76,29.78,21.99,84.16,0.53,1.44,6546.48
1504059,Mãe do Rio,PA,1975,3263.38,1361.37,30.6,21.54,84.06,0.54,1.28,6538.31
1504059,Mãe do Rio,PA,1976,2381.02,1449.04,30.97,21.37,82.05,0.61,1.13,6992.55
1504059,Mãe do Rio,PA,1977,2500.07,1386.24,30.93,21.7,83.3,0.58,1.2,6573.66
1504059,Mãe do Rio,PA,1978,2756.03,1383.89,30.93,22.05,84.08,0.55,1.35,6566.28
1504059,Mãe do Rio,PA,1979,2127.33,1400.26,31.32,22.14,83.31,0.59,1.34,6590.62
1504059,Mãe do Rio,PA,1980,2581.76,1394.74,31.11,21.86,83.46,0.58,1.25,6575.8
1504109,Magalhães Barata,PA,1961,3639.17,1472.79,30.76,23.28,82.47,0.63,1.39,6923.8
1504109,Magalhães Barata,PA,1962,2513.72,1460.5,31.18,23.34,81.98,0.66,1.27,6814.0
1504109,Magalhães Barata,PA,1963,2034.0,1434.81,31.35,23.26,82.19,0.66,1.07,6733.1
1504109,Magalhães Barata,PA,1964,2645.9,1469.67,31.35,23.18,80.28,0.73,1.06,6857.14
1504109,Magalhães Barata,PA,1965,2604.77,1539.94,31.91,23.47,76.85,0.87,1.04,7137.91
1504109,Magalhães Barata,PA,1966,2979.05,1449.09,31.66,23.83,78.15,0.82,0.68,6879.35
1504109,Magalhães Barata,PA,1967,3035.02,1479.34,31.08,22.7,81.45,0.66,1.16,7014.29
1504109,Magalhães Barata,PA,1968,2673.7,1433.68,31.03,22.61,83.73,0.58,1.24,6827.77
1504109,Magalhães Barata,PA,1969,2716.3,1507.23,31.82,23.0,82.66,0.64,1.18,7125.35
1504109,Magalhães Barata,PA,1970,2563.92,1449.91,31.66,21.99,84.41,0.55,1.12,6987.58
1504109,Magalhães Barata,PA,1971,2459.26,1446.07,31.55,21.36,83.65,0.57,1.1,7013.82
1504109,Magalhães Barata,PA,1972,2194.19,1455.33,31.88,22.28,83.05,0.61,1.03,6929.4
1504109,Magalhães Barata,PA,1973,2716.43,1362.59,30.62,22.87,85.32,0.52,1.06,6567.06
1504109,Magalhães Barata,PA,1974,3234.84,1362.24,30.01,22.04,84.41,0.53,1.43,6550.88
1504109,Magalhães Barata,PA,1975,3533.95,1361.16,30.55,21.8,84.61,0.53,1.21,6581.04
1504109,Magalhães Barata,PA,1976,2376.71,1448.53,31.01,21.71,82.67,0.6,1.14,6975.12
1504109,Magalhães Barata,PA,1977,2655.49,1391.67,31.01,21.96,83.35,0.59,1.24,6565.49
1504109,Magalhães Barata,PA,1978,2982.38,1386.34,30.93,22.2,84.13,0.56,1.36,6565.8
1504109,Magalhães Barata,PA,1979,2315.08,1390.08,31.32,22.25,83.72,0.57,1.26,6572.56
1504109,Magalhães Barata,PA,1980,2867.38,1389.87,31.08,22.04,83.47,0.58,1.23,6559.78
1504208,Marabá,PA,1961,1541.95,1440.18,32.12,19.49,79.36,0.69,1.02,6866.94
1504208,Marabá,PA,1962,1684.89,1403.33,32.21,19.8,80.05,0.68,0.86,6713.0
1504208,Marabá,PA,1963,1360.57,1398.57,32.27,19.41,78.93,0.71,0.75,6758.39
1504208,Marabá,PA,1964,1639.91,1383.63,31.56,19.7,79.99,0.66,0.81,6676.02
1504208,Marabá,PA,1965,1534.07,1417.77,32.01,19.33,77.01,0.77,0.72,6921.45
1504208,Marabá,PA,1966,1604.38,1341.92,31.65,19.57,77.25,0.75,0.52,6642.31
1504208,Marabá,PA,1967,1657.04,1396.99,31.62,19.19,78.84,0.69,0.8,6785.88
1504208,Marabá,PA,1968,1422.32,1391.61,31.4,19.23,79.47,0.67,0.79,6827.3
1504208,Marabá,PA,1969,1463.0,1436.6,32.39,20.12,79.72,0.7,0.73,6969.99
1504208,Marabá,PA,1970,1282.07,1434.66,32.78,19.92,80.73,0.66,0.76,6908.41
1504208,Marabá,PA,1971,1486.76,1418.84,32.42,20.38,82.05,0.62,0.94,6771.12
1504208,Marabá,PA,1972,1621.97,1358.86,32.73,20.84,82.77,0.61,0.84,6408.66
1504208,Marabá,PA,1973,2234.2,1303.22,30.98,20.6,84.32,0.52,0.74,6396.94
1504208,Marabá,PA,1974,2169.82,1231.83,31.17,20.07,83.84,0.54,0.7,5966.68
1504208,Marabá,PA,1975,2002.46,1244.62,31.15,20.43,84.11,0.53,0.68,6055.43
1504208,Marabá,PA,1976,1732.87,1322.16,31.07,21.15,81.81,0.62,0.8,6381.96
1504208,Marabá,PA,1977,1908.71,1251.17,30.74,21.61,82.47,0.6,0.94,5912.01
1504208,Marabá,PA,1978,1900.85,1284.8,31.13,21.65,81.84,0.63,1.01,5999.82
1504208,Marabá,PA,1979,1605.75,1275.59,31.33,21.49,82.65,0.6,0.96,5997.78
1504208,Marabá,PA,1980,1772.74,1309.42,31.68,21.57,79.65,0.72,1.11,5925.78
1504307,Maracanã,PA,1961,3605.35,1471.15,30.78,23.23,82.46,0.63,1.37,6922.23
1504307,Maracanã,PA,1962,2483.13,1458.46,31.19,23.29,81.98,0.66,1.25,6812.59
1504307,Maracanã,PA,1963,2034.22,1432.56,31.34,23.2,82.19,0.65,1.05,6731.69
1504307,Maracanã,PA,1964,2623.76,1467.36,31.41,23.08,80.23,0.73,1.04,6861.07
1504307,Maracanã,PA,1965,2581.96,1539.22,31.97,23.34,76.81,0.87,1.02,7140.74
1504307,Maracanã,PA,1966,2943.11,1449.5,31.77,23.69,78.11,0.82,0.67,6882.65
1504307,Maracanã,PA,1967,2874.85,1475.19,31.11,22.61,81.46,0.66,1.1,7011.77
1504307,Maracanã,PA,1968,2557.06,1433.38,31.04,22.55,83.72,0.58,1.24,6825.73
1504307,Maracanã,PA,1969,2406.56,1506.72,31.86,22.94,82.72,0.63,1.18,7125.66
1504307,Maracanã,PA,1970,2493.7,1458.1,31.69,21.97,84.41,0.55,1.24,6986.95
1504307,Maracanã,PA,1971,2452.53,1447.81,31.57,21.41,83.64,0.57,1.1,7017.74
1504307,Maracanã,PA,1972,2157.48,1452.88,31.84,22.11,83.05,0.61,1.03,6933.96
1504307,Maracanã,PA,1973,2581.08,1352.05,30.41,22.51,85.45,0.51,1.06,6559.21
1504307,Maracanã,PA,1974,3270.1,1357.37,30.05,21.63,84.63,0.52,1.45,6538.94
1504307,Maracanã,PA,1975,3614.48,1356.15,30.43,21.47,84.4,0.53,1.22,6566.28
1504307,Maracanã,PA,1976,2250.43,1450.11,30.9,21.03,82.14,0.6,1.22,6977.47
1504307,Maracanã,PA,1977,2531.58,1390.95,30.94,21.31,83.21,0.58,1.47,6497.94
1504307,Maracanã,PA,1978,2621.36,1387.78,30.94,21.88,84.03,0.55,1.45,6540.04
1504307,Maracanã,PA,1979,2220.49,1390.28,31.37,21.94,83.48,0.58,1.34,6534.54
1504307,Maracanã,PA,1980,2775.78,1386.55,31.11,21.63,83.55,0.57,1.28,6531.19
1504406,Marapanim,PA,1961,3649.38,1473.5,30.76,23.33,82.48,0.63,1.39,6922.23
1504406,Marapanim,PA,1962,2514.47,1461.37,31.18,23.39,81.98,0.66,1.27,6812.9
1504406,Marapanim,PA,1963,2051.15,1436.3,31.35,23.3,82.17,0.66,1.08,6736.87
1504406,Marapanim,PA,1964,2676.67,1470.79,31.35,23.25,80.3,0.73,1.07,6854.79
1504406,Marapanim,PA,1965,2605.51,1540.96,31.9,23.55,76.89,0.87,1.05,7137.13
1504406,Marapanim,PA,1966,2995.78,1450.47,31.67,23.92,78.18,0.82,0.68,6878.41
1504406,Marapanim,PA,1967,3037.59,1480.31,31.05,22.78,81.47,0.66,1.16,7016.96
1504406,Marapanim,PA,1968,2689.08,1434.56,31.03,22.66,83.74,0.58,1.24,6829.5
1504406,Marapanim,PA,1969,2738.47,1507.9,31.81,23.06,82.68,0.64,1.18,7129.12
1504406,Marapanim,PA,1970,2568.5,1454.77,31.64,22.02,84.21,0.56,1.17,6988.05
1504406,Marapanim,PA,1971,2459.56,1451.65,31.53,21.37,83.91,0.56,1.21,7012.87
1504406,Marapanim,PA,1972,2362.94,1455.74,31.79,22.46,83.8,0.59,1.11,6927.68
1504406,Marapanim,PA,1973,3031.04,1368.12,30.74,23.09,85.33,0.53,1.06,6570.2
1504406,Marapanim,PA,1974,3267.17,1363.82,30.0,22.29,84.57,0.53,1.44,6552.45
1504406,Marapanim,PA,1975,3739.54,1364.69,30.62,22.02,84.82,0.53,1.21,6583.71
1504406,Marapanim,PA,1976,2493.42,1454.98,31.09,22.06,82.67,0.61,1.14,6978.1
1504406,Marapanim,PA,1977,2721.82,1396.78,31.06,22.29,83.35,0.59,1.24,6568.48
1504406,Marapanim,PA,1978,2983.57,1387.62,30.93,22.4,84.19,0.56,1.36,6566.59
1504406,Marapanim,PA,1979,2332.38,1391.2,31.29,22.45,83.83,0.57,1.27,6575.07
1504406,Marapanim,PA,1980,2928.3,1393.51,31.07,22.31,83.35,0.59,1.23,6563.71
1504422,Marituba,PA,1961,3596.15,1441.82,30.98,22.63,82.71,0.61,1.18,6863.01
1504422,Marituba,PA,1962,2541.55,1430.67,31.36,22.66,82.3,0.64,1.18,6712.68
1504422,Marituba,PA,1963,2199.39,1409.07,31.34,22.76,82.29,0.64,1.0,6657.86
1504422,Marituba,PA,1964,2974.47,1446.74,31.27,22.98,81.32,0.68,1.02,6789.44
1504422,Marituba,PA,1965,2596.53,1526.37,31.83,23.57,77.8,0.84,1.08,7061.1
1504422,Marituba,PA,1966,3151.57,1438.04,31.67,23.96,78.57,0.81,0.71,6784.47
1504422,Marituba,PA,1967,2948.18,1465.26,31.25,22.03,81.77,0.64,1.18,6945.95
1504422,Marituba,PA,1968,2774.28,1444.13,31.57,21.81,83.77,0.57,1.25,6859.81
1504422,Marituba,PA,1969,2857.24,1533.33,32.94,22.14,82.76,0.64,1.2,7160.38
1504422,Marituba,PA,1970,2667.06,1469.0,32.48,21.65,84.51,0.56,1.13,6996.06
1504422,Marituba,PA,1971,2643.76,1444.38,32.13,21.17,83.6,0.58,1.11,6911.87
1504422,Marituba,PA,1972,2729.15,1434.5,32.2,21.49,82.95,0.6,1.03,6828.24
1504422,Marituba,PA,1973,3088.3,1386.39,31.86,22.71,85.02,0.55,1.06,6555.75
1504422,Marituba,PA,1974,3281.59,1341.35,28.83,22.91,84.42,0.52,1.46,6557.16
1504422,Marituba,PA,1975,3363.4,1364.13,30.81,21.6,84.79,0.52,1.26,6585.28
1504422,Marituba,PA,1976,2662.94,1443.46,31.27,21.22,83.03,0.58,1.09,6990.51
1504422,Marituba,PA,1977,2741.24,1388.8,31.31,21.48,83.67,0.57,1.18,6585.6
1504422,Marituba,PA,1978,2986.17,1390.74,31.32,22.44,84.36,0.56,1.25,6583.71
1504422,Marituba,PA,1979,2386.18,1393.2,31.55,22.63,83.88,0.58,1.22,6561.88
1504422,Marituba,PA,1980,3172.05,1398.11,31.45,22.38,84.01,0.57,1.21,6579.89
1504455,Medicilândia,PA,1961,1844.39,1340.38,29.81,20.4,84.74,0.49,1.32,6601.62
1504455,Medicilândia,PA,1962,2457.1,1334.6,29.93,20.66,84.58,0.5,1.27,6518.52
1504455,Medicilândia,PA,1963,2080.28,1326.56,30.11,20.36,84.0,0.52,1.11,6481.92
1504455,Medicilândia,PA,1964,2340.01,1323.24,29.81,20.02,83.95,0.51,1.14,6493.64
1504455,Medicilândia,PA,1965,2006.51,1398.57,30.33,20.18,80.76,0.63,1.19,6739.39
1504455,Medicilândia,PA,1966,2165.14,1307.27,29.86,20.34,82.38,0.57,0.91,6415.47
1504455,Medicilândia,PA,1967,1818.28,1348.78,30.0,20.24,83.78,0.52,1.19,6588.58
1504455,Medicilândia,PA,1968,2259.46,1314.64,29.78,20.05,84.28,0.5,1.29,6418.56
1504455,Medicilândia,PA,1969,2057.58,1395.35,30.81,21.02,83.94,0.55,1.35,6629.74
1504455,Medicilândia,PA,1970,2303.25,1367.0,31.14,20.37,85.61,0.48,1.13,6648.9
1504455,Medicilândia,PA,1971,2551.84,1359.78,30.42,20.69,84.47,0.51,1.47,6508.47
1504455,Medicilândia,PA,1972,2210.15,1328.3,30.46,21.03,83.69,0.55,1.45,6198.32
1504455,Medicilândia,PA,1973,2706.79,1250.61,28.77,22.37,85.62,0.47,1.28,6098.0
1504455,Medicilândia,PA,1974,2616.23,1241.45,28.95,21.42,85.41,0.47,1.34,6048.68
1504455,Medicilândia,PA,1975,2367.53,1277.69,29.93,21.3,84.74,0.51,1.37,6074.28
1504455,Medicilândia,PA,1976,1786.07,1348.42,30.42,21.19,83.26,0.56,1.39,6361.54
1504455,Medicilândia,PA,1977,2113.35,1316.74,29.8,22.01,84.05,0.54,1.5,6209.85
1504455,Medicilândia,PA,1978,1821.49,1322.93,30.25,21.76,84.79,0.52,1.58,6216.76
1504455,Medicilândia,PA,1979,1885.23,1325.85,30.36,21.72,84.81,0.52,1.44,6315.41
1504455,Medicilândia,PA,1980,1370.04,1359.01,30.73,22.02,85.2,0.52,1.57,6380.86
1504505,Melgaço,PA,1961,2575.63,1417.31,30.87,22.08,83.38,0.58,1.4,6745.98
1504505,Melgaço,PA,1962,2385.4,1409.37,31.16,22.36,83.27,0.59,1.3,6641.68
1504505,Melgaço,PA,1963,2072.84,1383.94,31.31,22.19,83.36,0.59,1.08,6569.73
1504505,Melgaço,PA,1964,2787.97,1403.23,31.02,21.77,82.88,0.59,1.09,6684.82
1504505,Melgaço,PA,1965,2301.03,1476.22,31.6,21.81,79.77,0.72,1.16,6952.71
1504505,Melgaço,PA,1966,2686.27,1374.93,30.78,21.91,80.97,0.66,0.94,6585.76
1504505,Melgaço,PA,1967,2314.55,1406.46,31.02,21.74,83.42,0.57,1.17,6721.01
1504505,Melgaço,PA,1968,2482.05,1405.84,30.86,22.04,83.86,0.56,1.25,6733.67
1504505,Melgaço,PA,1969,2592.52,1486.15,31.84,22.83,83.89,0.59,1.19,6994.65
1504505,Melgaço,PA,1970,2482.01,1440.08,32.35,21.86,84.56,0.56,1.1,6802.38
1504505,Melgaço,PA,1971,2515.44,1428.72,32.35,21.63,84.26,0.56,1.36,6654.24
1504505,Melgaço,PA,1972,2820.09,1374.93,32.47,21.0,84.83,0.54,1.37,6334.2
1504505,Melgaço,PA,1973,2927.55,1338.23,32.44,21.23,85.13,0.53,1.37,6125.33
1504505,Melgaço,PA,1974,2799.73,1318.22,30.96,21.99,85.04,0.52,1.44,6185.5
1504505,Melgaço,PA,1975,2622.85,1326.31,32.18,21.17,85.09,0.53,1.33,6130.52
1504505,Melgaço,PA,1976,2060.94,1410.24,31.56,21.34,83.86,0.56,1.27,6656.23
1504505,Melgaço,PA,1977,2338.26,1341.46,30.21,22.52,84.02,0.56,1.49,6296.72
1504505,Melgaço,PA,1978,2470.78,1351.08,31.12,22.58,84.99,0.53,1.61,6264.83
1504505,Melgaço,PA,1979,2459.0,1366.13,31.4,22.61,85.41,0.52,1.38,6431.97
1504505,Melgaço,PA,1980,2480.84,1388.03,31.54,22.61,84.9,0.55,1.24,6525.22
1504604,Mocajuba,PA,1961,2874.26,1444.02,31.02,22.64,81.35,0.67,1.22,6817.3
1504604,Mocajuba,PA,1962,2271.47,1424.73,31.41,22.76,81.55,0.67,1.14,6651.57
1504604,Mocajuba,PA,1963,1876.86,1398.63,31.5,22.67,81.54,0.67,0.98,6576.33
1504604,Mocajuba,PA,1964,2625.8,1435.27,31.49,22.41,81.76,0.66,1.01,6762.89
1504604,Mocajuba,PA,1965,2332.17,1495.67,32.08,22.33,78.63,0.78,1.05,6979.26
1504604,Mocajuba,PA,1966,3165.88,1395.4,31.54,22.59,80.17,0.72,0.77,6639.48
1504604,Mocajuba,PA,1967,2949.23,1436.35,31.2,22.05,81.83,0.64,1.13,6815.42
1504604,Mocajuba,PA,1968,2754.11,1430.87,31.02,22.11,82.59,0.61,1.27,6796.51
1504604,Mocajuba,PA,1969,2499.16,1499.71,32.03,22.69,82.69,0.63,1.19,7071.15
1504604,Mocajuba,PA,1970,2390.79,1462.09,32.93,21.36,85.14,0.54,1.05,6947.21
1504604,Mocajuba,PA,1971,2246.69,1461.22,32.77,22.45,83.5,0.61,1.03,6858.46
1504604,Mocajuba,PA,1972,2376.94,1388.65,32.66,22.34,83.22,0.62,0.88,6506.37
1504604,Mocajuba,PA,1973,3088.15,1371.7,32.76,22.67,84.12,0.6,0.98,6335.2
1504604,Mocajuba,PA,1974,3335.98,1337.11,30.95,23.24,84.33,0.56,1.24,6280.22
1504604,Mocajuba,PA,1975,2631.59,1352.51,32.73,22.09,84.93,0.55,1.1,6269.38
1504604,Mocajuba,PA,1976,2257.16,1453.49,31.93,22.91,83.24,0.62,0.99,6891.7
1504604,Mocajuba,PA,1977,2492.23,1369.61,30.63,23.58,83.75,0.59,1.13,6481.14
1504604,Mocajuba,PA,1978,2868.69,1363.93,31.65,22.68,84.34,0.57,1.2,6374.0
1504604,Mocajuba,PA,1979,2369.47,1358.45,31.72,22.81,85.03,0.54,1.07,6403.69
1504604,Mocajuba,PA,1980,2783.92,1404.67,31.83,22.99,84.44,0.57,1.16,6577.69
1504703,Moju,PA,1961,2958.78,1445.0,30.97,22.6,81.33,0.66,1.18,6845.1
1504703,Moju,PA,1962,2264.74,1427.8,31.37,22.69,81.57,0.66,1.11,6692.57
1504703,Moju,PA,1963,1870.16,1408.5,31.45,22.62,81.46,0.67,0.97,6651.1
1504703,Moju,PA,1964,2569.09,1438.29,31.51,22.37,81.09,0.68,0.96,6780.33
1504703,Moju,PA,1965,2320.34,1493.87,32.17,22.2,77.79,0.81,0.97,7000.15
1504703,Moju,PA,1966,3162.17,1409.73,31.66,22.5,78.49,0.78,0.7,6728.39
1504703,Moju,PA,1967,2954.0,1437.78,31.18,21.96,81.59,0.64,1.09,6846.52
1504703,Moju,PA,1968,2722.34,1431.38,31.22,22.01,82.47,0.62,1.06,6862.01
1504703,Moju,PA,1969,2725.15,1491.67,32.27,22.56,82.61,0.64,1.03,7075.39
1504703,Moju,PA,1970,2474.89,1454.82,32.73,21.32,84.52,0.56,0.98,6951.92
1504703,Moju,PA,1971,2365.32,1446.07,32.53,22.0,83.58,0.6,1.01,6841.49
1504703,Moju,PA,1972,2349.81,1423.35,32.68,22.01,83.24,0.61,0.86,6732.42
1504703,Moju,PA,1973,3272.42,1396.12,32.37,22.44,84.39,0.57,0.96,6570.52
1504703,Moju,PA,1974,3342.58,1374.93,30.85,22.76,84.26,0.56,1.28,6551.82
1504703,Moju,PA,1975,2637.9,1403.23,32.42,21.8,84.6,0.56,1.13,6616.7
1504703,Moju,PA,1976,2436.04,1469.0,31.73,22.5,83.35,0.6,1.04,7023.97
1504703,Moju,PA,1977,2491.49,1384.7,30.54,23.14,83.71,0.58,1.17,6596.12
1504703,Moju,PA,1978,2835.75,1379.59,31.45,22.51,84.45,0.56,1.22,6504.38
1504703,Moju,PA,1979,2394.17,1374.42,31.59,22.71,84.53,0.56,1.11,6490.09
1504703,Moju,PA,1980,2680.12,1408.15,31.66,22.84,83.68,0.6,1.18,6582.4
1504752,Mojuí dos Campos,PA,1961,2035.04,1332.76,30.22,21.23,85.39,0.49,1.15,6541.93
1504752,Mojuí dos Campos,PA,1962,2528.52,1332.19,30.45,21.31,85.22,0.5,1.2,6440.14
1504752,Mojuí dos Campos,PA,1963,2253.87,1338.54,30.94,21.2,84.45,0.53,1.12,6403.22
1504752,Mojuí dos Campos,PA,1964,2473.87,1331.07,30.6,20.94,84.54,0.52,1.16,6406.3
1504752,Mojuí dos Campos,PA,1965,2096.78,1406.1,30.91,20.9,81.89,0.62,1.23,6679.06
1504752,Mojuí dos Campos,PA,1966,2125.23,1316.07,30.86,21.02,83.17,0.57,0.93,6313.52
1504752,Mojuí dos Campos,PA,1967,1874.08,1338.08,30.78,20.56,83.56,0.55,1.25,6334.42
1504752,Mojuí dos Campos,PA,1968,2445.94,1335.78,30.57,20.32,84.17,0.52,1.35,6392.01
1504752,Mojuí dos Campos,PA,1969,2216.59,1418.64,31.58,20.71,83.44,0.57,1.45,6590.15
1504752,Mojuí dos Campos,PA,1970,2578.27,1379.23,31.27,21.88,85.71,0.5,1.19,6615.92
1504752,Mojuí dos Campos,PA,1971,2273.81,1350.26,30.79,21.24,85.31,0.5,1.28,6474.07
1504752,Mojuí dos Campos,PA,1972,2013.16,1348.32,30.98,21.06,83.67,0.56,1.35,6279.54
1504752,Mojuí dos Campos,PA,1973,2591.39,1266.43,29.8,22.43,86.01,0.48,1.27,6089.36
1504752,Mojuí dos Campos,PA,1974,2408.2,1277.63,28.29,22.39,84.47,0.51,1.36,6279.91
1504752,Mojuí dos Campos,PA,1975,2468.37,1359.42,30.58,21.43,83.63,0.56,1.37,6435.58
1504752,Mojuí dos Campos,PA,1976,1599.12,1446.68,31.1,21.33,82.66,0.6,1.45,6806.4
1504752,Mojuí dos Campos,PA,1977,1830.69,1378.46,30.26,22.64,84.23,0.55,1.38,6561.72
1504752,Mojuí dos Campos,PA,1978,1867.05,1370.99,30.72,22.19,84.2,0.55,1.37,6471.24
1504752,Mojuí dos Campos,PA,1979,2022.65,1352.77,30.81,22.39,84.24,0.55,1.25,6411.55
1504752,Mojuí dos Campos,PA,1980,1508.68,1403.8,31.23,22.36,85.2,0.53,1.51,6584.13
1504802,Monte Alegre,PA,1961,2040.66,1339.15,29.15,20.22,84.78,0.48,1.37,6676.39
1504802,Monte Alegre,PA,1962,2605.43,1341.66,29.4,20.34,84.15,0.5,1.33,6588.74
1504802,Monte Alegre,PA,1963,2357.6,1334.24,29.82,20.19,84.07,0.51,1.18,6524.18
1504802,Monte Alegre,PA,1964,2505.78,1327.13,29.54,19.93,83.88,0.51,1.23,6489.09
1504802,Monte Alegre,PA,1965,1951.44,1401.44,29.9,19.94,81.31,0.6,1.3,6772.53
1504802,Monte Alegre,PA,1966,2182.11,1319.86,29.71,20.03,82.69,0.55,1.02,6467.78
1504802,Monte Alegre,PA,1967,1872.0,1342.58,29.7,19.76,83.5,0.52,1.21,6584.5
1504802,Monte Alegre,PA,1968,2385.53,1319.09,29.54,19.74,84.4,0.49,1.21,6507.94
1504802,Monte Alegre,PA,1969,2287.29,1402.36,30.52,20.21,83.38,0.55,1.25,6745.83
1504802,Monte Alegre,PA,1970,2764.2,1347.39,30.3,20.97,85.95,0.47,1.06,6608.22
1504802,Monte Alegre,PA,1971,2484.94,1338.59,30.15,19.96,84.94,0.48,1.4,6476.58
1504802,Monte Alegre,PA,1972,2004.15,1335.37,30.25,19.25,83.91,0.51,1.5,6348.65
1504802,Monte Alegre,PA,1973,2503.87,1238.79,29.15,21.53,86.01,0.46,1.27,6012.39
1504802,Monte Alegre,PA,1974,2318.91,1240.43,28.02,20.89,84.44,0.48,1.45,6092.19
1504802,Monte Alegre,PA,1975,2398.6,1292.89,29.66,20.69,84.13,0.52,1.44,6154.08
1504802,Monte Alegre,PA,1976,1664.38,1411.17,29.83,20.41,83.43,0.54,1.55,6820.07
1504802,Monte Alegre,PA,1977,2095.77,1344.12,28.92,21.41,84.42,0.51,1.62,6532.5
1504802,Monte Alegre,PA,1978,1938.45,1355.33,29.53,21.22,84.63,0.51,1.72,6490.09
1504802,Monte Alegre,PA,1979,1930.29,1321.29,29.63,21.41,84.93,0.5,1.49,6371.96
1504802,Monte Alegre,PA,1980,1662.69,1379.54,30.05,21.44,84.9,0.51,1.64,6573.13
1504901,Muaná,PA,1961,3094.19,1442.13,30.91,23.16,82.56,0.63,1.3,6798.29
1504901,Muaná,PA,1962,2439.91,1430.15,31.33,23.23,82.17,0.65,1.22,6656.13
1504901,Muaná,PA,1963,2071.26,1396.63,31.45,23.19,83.2,0.62,1.0,6580.57
1504901,Muaná,PA,1964,2859.85,1442.9,31.39,23.13,82.04,0.66,1.06,6751.42
1504901,Muaná,PA,1965,2536.64,1517.11,31.88,23.4,78.74,0.8,1.15,7004.23
1504901,Muaná,PA,1966,3118.67,1416.59,31.54,23.73,80.27,0.74,0.8,6665.87
1504901,Muaná,PA,1967,2968.49,1437.93,31.19,22.6,83.16,0.6,1.16,6823.58
1504901,Muaná,PA,1968,2780.45,1434.2,31.2,22.53,83.74,0.58,1.28,6798.86
1504901,Muaná,PA,1969,2520.75,1513.22,32.12,22.93,83.06,0.63,1.26,7087.02
1504901,Muaná,PA,1970,2516.16,1464.85,32.32,21.87,84.28,0.57,1.22,6925.22
1504901,Muaná,PA,1971,2449.99,1459.58,32.22,21.85,83.85,0.58,1.27,6886.26
1504901,Muaná,PA,1972,2614.35,1449.81,32.3,22.19,84.19,0.58,1.16,6842.53
1504901,Muaná,PA,1973,3073.19,1414.9,32.13,22.83,84.34,0.58,1.25,6586.54
1504901,Muaná,PA,1974,2966.22,1375.95,30.3,23.08,84.45,0.55,1.48,6554.49
1504901,Muaná,PA,1975,2882.35,1397.4,31.79,22.18,85.14,0.53,1.31,6614.97
1504901,Muaná,PA,1976,2435.65,1483.64,31.6,22.47,83.45,0.6,1.17,7074.24
1504901,Muaná,PA,1977,2103.3,1408.45,30.91,23.01,83.92,0.58,1.39,6622.51
1504901,Muaná,PA,1978,2639.42,1392.69,31.24,22.96,84.94,0.54,1.47,6533.76
1504901,Muaná,PA,1979,2313.67,1386.09,31.46,23.02,84.98,0.55,1.33,6525.43
1504901,Muaná,PA,1980,2832.97,1420.74,31.46,23.04,84.94,0.55,1.33,6682.62
1504950,Nova Esperança do Piriá,PA,1961,3269.4,1463.01,30.56,22.6,82.15,0.63,1.32,6931.66
1504950,Nova Esperança do Piriá,PA,1962,2376.79,1439.57,30.94,22.59,81.8,0.65,1.18,6794.84
1504950,Nova Esperança do Piriá,PA,1963,2227.4,1415.06,31.02,22.43,81.69,0.65,0.97,6731.69
1504950,Nova Esperança do Piriá,PA,1964,2525.2,1458.05,31.62,21.85,80.04,0.71,0.91,6922.96
1504950,Nova Esperança do Piriá,PA,1965,2306.99,1528.52,32.42,21.82,76.63,0.85,0.94,7172.79
1504950,Nova Esperança do Piriá,PA,1966,2211.0,1442.85,32.37,22.07,77.77,0.81,0.58,6942.81
1504950,Nova Esperança do Piriá,PA,1967,2611.54,1458.41,31.34,21.47,80.45,0.68,0.92,6998.58
1504950,Nova Esperança do Piriá,PA,1968,2310.5,1458.0,31.38,21.52,79.76,0.71,0.94,6984.38
1504950,Nova Esperança do Piriá,PA,1969,2250.76,1505.13,32.25,22.02,79.73,0.73,0.89,7173.1
1504950,Nova Esperança do Piriá,PA,1970,2427.39,1480.52,31.87,21.2,81.66,0.64,1.14,7057.96
1504950,Nova Esperança do Piriá,PA,1971,2331.52,1435.58,31.42,21.16,83.61,0.56,1.04,6977.22
1504950,Nova Esperança do Piriá,PA,1972,1928.19,1445.0,31.61,21.61,82.91,0.6,0.97,6962.08
1504950,Nova Esperança do Piriá,PA,1973,3059.37,1341.71,30.17,22.09,85.81,0.48,1.07,6555.59
1504950,Nova Esperança do Piriá,PA,1974,3200.17,1338.28,29.51,21.43,84.51,0.51,1.48,6498.73
1504950,Nova Esperança do Piriá,PA,1975,2815.5,1353.79,30.18,21.11,84.12,0.53,1.41,6488.52
1504950,Nova Esperança do Piriá,PA,1976,2160.82,1475.4,30.62,20.97,81.44,0.62,1.59,6950.92
1504950,Nova Esperança do Piriá,PA,1977,2565.55,1390.64,30.53,21.34,82.58,0.59,1.64,6443.75
1504950,Nova Esperança do Piriá,PA,1978,2794.46,1370.17,30.21,21.74,83.7,0.55,1.56,6480.19
1504950,Nova Esperança do Piriá,PA,1979,1986.38,1396.78,31.02,21.69,82.36,0.61,1.41,6551.2
1504950,Nova Esperança do Piriá,PA,1980,2680.84,1405.28,30.89,21.41,82.28,0.61,1.48,6525.06
1504976,Nova Ipixuna,PA,1961,1639.0,1459.48,32.53,20.27,79.59,0.71,1.05,6855.32
1504976,Nova Ipixuna,PA,1962,1682.18,1422.63,32.56,20.59,80.34,0.69,0.89,6700.27
1504976,Nova Ipixuna,PA,1963,1454.74,1404.77,32.69,20.29,79.25,0.72,0.79,6661.16
1504976,Nova Ipixuna,PA,1964,1770.45,1418.18,32.11,20.53,80.37,0.68,0.87,6709.17
1504976,Nova Ipixuna,PA,1965,1470.76,1452.67,32.53,20.13,77.01,0.8,0.8,6941.71
1504976,Nova Ipixuna,PA,1966,1542.94,1400.26,32.38,20.35,77.41,0.78,0.61,6759.49
1504976,Nova Ipixuna,PA,1967,1555.94,1423.7,32.09,19.93,78.84,0.72,0.84,6803.16
1504976,Nova Ipixuna,PA,1968,1313.68,1416.13,32.01,19.97,79.32,0.7,0.81,6811.43
1504976,Nova Ipixuna,PA,1969,1364.63,1469.15,33.0,20.88,79.64,0.73,0.78,6989.47
1504976,Nova Ipixuna,PA,1970,1271.65,1450.52,32.98,20.44,80.54,0.68,0.82,6893.33
1504976,Nova Ipixuna,PA,1971,1462.39,1429.08,32.79,20.6,81.98,0.64,0.91,6780.7
1504976,Nova Ipixuna,PA,1972,1512.61,1380.76,33.68,20.88,82.78,0.63,0.78,6441.65
1504976,Nova Ipixuna,PA,1973,2259.23,1316.48,31.17,20.73,83.23,0.57,0.75,6425.68
1504976,Nova Ipixuna,PA,1974,2235.33,1282.55,31.24,20.76,82.8,0.59,0.81,6170.73
1504976,Nova Ipixuna,PA,1975,2114.25,1296.88,31.29,20.57,83.5,0.55,0.76,6318.71
1504976,Nova Ipixuna,PA,1976,1744.98,1378.26,31.24,21.72,80.53,0.68,0.78,6643.51
1504976,Nova Ipixuna,PA,1977,2137.11,1310.85,30.98,22.09,80.6,0.68,0.98,6138.53
1504976,Nova Ipixuna,PA,1978,2220.73,1330.56,31.34,22.09,80.1,0.7,1.01,6176.07
1504976,Nova Ipixuna,PA,1979,1921.92,1303.38,31.58,21.88,83.22,0.59,0.93,6137.12
1504976,Nova Ipixuna,PA,1980,2037.49,1358.04,31.91,22.0,79.46,0.74,0.97,6263.51
1505007,Nova Timboteua,PA,1961,3559.79,1466.95,30.74,23.06,82.47,0.63,1.35,6917.99
1505007,Nova Timboteua,PA,1962,2462.6,1452.47,31.15,23.1,81.99,0.65,1.23,6804.26
1505007,Nova Timboteua,PA,1963,2087.4,1425.6,31.26,23.03,82.16,0.65,1.03,6726.35
1505007,Nova Timboteua,PA,1964,2575.21,1462.19,31.38,22.88,80.21,0.72,1.01,6863.43
1505007,Nova Timboteua,PA,1965,2564.53,1535.18,31.99,23.11,76.79,0.87,1.01,7137.44
1505007,Nova Timboteua,PA,1966,2510.86,1445.87,31.78,23.44,78.1,0.82,0.67,6882.96
1505007,Nova Timboteua,PA,1967,2606.96,1470.59,31.12,22.37,81.42,0.66,1.09,7007.22
1505007,Nova Timboteua,PA,1968,2439.7,1447.45,31.07,22.31,82.04,0.64,1.16,6880.71
1505007,Nova Timboteua,PA,1969,2385.44,1515.68,31.99,22.69,81.15,0.69,1.15,7132.57
1505007,Nova Timboteua,PA,1970,2441.59,1472.68,31.79,21.8,83.53,0.58,1.24,7039.74
1505007,Nova Timboteua,PA,1971,2372.98,1447.86,31.58,21.34,83.63,0.57,1.08,7018.84
1505007,Nova Timboteua,PA,1972,2048.39,1448.17,31.82,21.85,83.03,0.6,1.01,6931.29
1505007,Nova Timboteua,PA,1973,2620.94,1344.89,30.28,22.23,85.51,0.5,1.05,6554.81
1505007,Nova Timboteua,PA,1974,3251.41,1353.84,29.98,21.36,84.65,0.51,1.45,6538.0
1505007,Nova Timboteua,PA,1975,3449.33,1349.03,30.31,21.22,84.43,0.52,1.23,6556.22
1505007,Nova Timboteua,PA,1976,2189.94,1440.9,30.77,20.5,82.16,0.59,1.23,6973.23
1505007,Nova Timboteua,PA,1977,2670.82,1382.45,30.84,20.78,83.27,0.57,1.47,6487.89
1505007,Nova Timboteua,PA,1978,2711.03,1382.66,30.89,21.64,84.08,0.55,1.45,6536.9
1505007,Nova Timboteua,PA,1979,2205.11,1388.24,31.34,21.69,83.23,0.58,1.33,6531.25
1505007,Nova Timboteua,PA,1980,2868.52,1382.66,31.07,21.32,83.48,0.57,1.27,6525.38
1505031,Novo Progresso,PA,1961,2261.32,1331.63,31.3,20.15,81.11,0.63,0.71,6490.09
1505031,Novo Progresso,PA,1962,2598.37,1317.4,31.48,20.32,82.47,0.59,0.75,6379.5
1505031,Novo Progresso,PA,1963,1960.87,1341.15,32.19,19.71,79.98,0.68,0.7,6446.58
1505031,Novo Progresso,PA,1964,2610.89,1298.77,31.67,20.12,82.07,0.6,0.69,6270.74
1505031,Novo Progresso,PA,1965,2528.17,1348.93,32.03,19.87,81.48,0.62,0.75,6495.12
1505031,Novo Progresso,PA,1966,2038.09,1281.42,31.94,20.22,81.72,0.62,0.54,6201.05
1505031,Novo Progresso,PA,1967,2164.61,1341.35,31.65,20.27,84.15,0.54,1.15,6276.14
1505031,Novo Progresso,PA,1968,2491.47,1303.38,30.89,20.33,85.73,0.47,1.36,6188.11
1505031,Novo Progresso,PA,1969,2226.48,1408.15,31.99,20.96,83.5,0.57,1.43,6416.26
1505031,Novo Progresso,PA,1970,2233.48,1349.44,31.9,20.59,86.22,0.47,1.04,6504.86
1505031,Novo Progresso,PA,1971,2130.26,1291.15,31.2,20.14,86.84,0.44,0.91,6286.03
1505031,Novo Progresso,PA,1972,2550.22,1313.92,31.68,20.18,86.39,0.46,0.95,6348.81
1505031,Novo Progresso,PA,1973,2192.07,1277.43,30.35,20.94,87.38,0.42,1.2,6247.08
1505031,Novo Progresso,PA,1974,2451.23,1216.93,29.14,21.23,86.1,0.45,1.07,6028.25
1505031,Novo Progresso,PA,1975,2293.39,1293.6,31.63,20.59,85.39,0.5,1.01,6163.19
1505031,Novo Progresso,PA,1976,2181.49,1311.06,31.16,20.6,84.23,0.53,0.95,6322.89
1505031,Novo Progresso,PA,1977,2200.78,1243.7,30.73,21.16,85.35,0.5,0.62,6090.15
1505031,Novo Progresso,PA,1978,2333.22,1264.69,30.41,20.8,84.51,0.51,0.8,6182.83
1505031,Novo Progresso,PA,1979,1914.89,1260.95,30.78,20.78,82.4,0.59,0.74,6113.24
1505031,Novo Progresso,PA,1980,2564.65,1216.27,31.01,20.61,85.69,0.48,0.73,5898.29
1505064,Novo Repartimento,PA,1961,1746.46,1422.73,31.21,20.04,80.47,0.65,1.18,6808.66
1505064,Novo Repartimento,PA,1962,1849.54,1399.04,31.48,20.31,80.71,0.65,1.06,6636.81
1505064,Novo Repartimento,PA,1963,1621.57,1385.32,31.57,19.99,80.1,0.67,0.97,6589.84
1505064,Novo Repartimento,PA,1964,2104.83,1383.83,30.94,20.02,81.23,0.62,0.98,6669.58
1505064,Novo Repartimento,PA,1965,1571.74,1431.89,31.43,19.64,77.78,0.73,0.9,6935.9
1505064,Novo Repartimento,PA,1966,1773.17,1343.86,30.89,19.79,77.86,0.72,0.68,6584.97
1505064,Novo Repartimento,PA,1967,1611.67,1370.68,30.72,19.69,80.11,0.64,0.88,6694.14
1505064,Novo Repartimento,PA,1968,1577.07,1373.19,30.6,19.65,81.05,0.61,0.88,6787.08
1505064,Novo Repartimento,PA,1969,1917.23,1429.08,31.65,20.62,80.77,0.66,0.8,6963.7
1505064,Novo Repartimento,PA,1970,1911.36,1395.56,31.89,19.84,83.9,0.54,0.8,6851.39
1505064,Novo Repartimento,PA,1971,2202.59,1391.26,31.52,20.11,83.96,0.54,0.96,6774.26
1505064,Novo Repartimento,PA,1972,2262.37,1356.3,32.73,20.33,84.27,0.55,0.87,6426.41
1505064,Novo Repartimento,PA,1973,2722.3,1283.83,30.33,20.63,85.47,0.48,0.79,6354.05
1505064,Novo Repartimento,PA,1974,2785.85,1242.27,31.38,20.03,85.94,0.47,0.82,6011.76
1505064,Novo Repartimento,PA,1975,2371.16,1251.38,31.68,20.04,85.92,0.47,0.78,6052.6
1505064,Novo Repartimento,PA,1976,1970.9,1285.87,30.82,21.16,83.23,0.57,0.75,6238.22
1505064,Novo Repartimento,PA,1977,2332.63,1227.27,29.63,21.76,83.47,0.55,0.88,5938.4
1505064,Novo Repartimento,PA,1978,2078.04,1254.24,30.8,21.47,83.74,0.55,0.98,5942.17
1505064,Novo Repartimento,PA,1979,1771.83,1276.92,30.97,21.56,84.73,0.52,0.94,6100.36
1505064,Novo Repartimento,PA,1980,2011.03,1279.07,31.22,21.75,82.32,0.62,0.95,5980.44
1505106,Óbidos,PA,1961,2075.38,1363.11,29.26,20.21,83.11,0.53,1.31,6736.4
1505106,Óbidos,PA,1962,2452.92,1352.56,29.39,20.27,83.39,0.53,1.39,6595.02
1505106,Óbidos,PA,1963,2275.16,1336.03,29.71,20.12,83.85,0.52,1.24,6521.04
1505106,Óbidos,PA,1964,2411.55,1323.7,29.49,19.93,83.7,0.51,1.29,6438.66
1505106,Óbidos,PA,1965,1960.28,1400.06,29.87,20.03,81.72,0.59,1.35,6748.18
1505106,Óbidos,PA,1966,2131.03,1321.39,29.74,19.91,82.8,0.54,1.08,6454.12
1505106,Óbidos,PA,1967,1850.58,1343.81,29.67,20.09,83.04,0.54,1.27,6503.91
1505106,Óbidos,PA,1968,2440.01,1312.33,29.53,20.01,83.88,0.51,1.23,6402.85
1505106,Óbidos,PA,1969,2133.18,1402.62,30.47,20.56,82.24,0.59,1.29,6642.46
1505106,Óbidos,PA,1970,2771.14,1338.54,30.19,20.9,85.56,0.48,1.1,6543.66
1505106,Óbidos,PA,1971,2415.87,1320.06,30.02,19.62,85.24,0.47,1.35,6409.98
1505106,Óbidos,PA,1972,2036.23,1350.31,30.05,18.53,83.89,0.5,1.47,6513.75
1505106,Óbidos,PA,1973,2510.37,1253.89,29.19,21.29,86.12,0.45,1.24,6116.38
1505106,Óbidos,PA,1974,2239.52,1270.88,28.12,21.01,84.13,0.5,1.38,6254.77
1505106,Óbidos,PA,1975,2456.59,1316.28,29.53,20.63,83.77,0.53,1.44,6287.29
1505106,Óbidos,PA,1976,2161.69,1401.54,29.55,20.41,82.97,0.55,1.52,6772.0
1505106,Óbidos,PA,1977,2392.59,1340.74,28.63,21.23,83.94,0.51,1.57,6547.27
1505106,Óbidos,PA,1978,2230.47,1336.24,29.36,20.99,84.55,0.5,1.58,6431.18
1505106,Óbidos,PA,1979,2330.6,1312.44,29.42,21.23,84.61,0.5,1.41,6345.57
1505106,Óbidos,PA,1980,1849.65,1365.41,29.89,21.31,85.76,0.48,1.62,6573.44
1505205,Oeiras do Pará,PA,1961,2756.08,1426.93,30.91,22.56,83.02,0.6,1.31,6776.3
1505205,Oeiras do Pará,PA,1962,2373.48,1410.86,31.3,22.71,82.84,0.62,1.21,6626.6
1505205,Oeiras do Pará,PA,1963,1870.97,1385.93,31.41,22.64,83.41,0.6,1.01,6569.89
1505205,Oeiras do Pará,PA,1964,2616.13,1426.88,31.32,22.36,82.0,0.64,1.03,6732.26
1505205,Oeiras do Pará,PA,1965,2366.55,1491.21,31.94,22.32,78.54,0.78,1.05,6981.77
1505205,Oeiras do Pará,PA,1966,3063.42,1389.11,31.17,22.5,79.56,0.73,0.79,6623.14
1505205,Oeiras do Pará,PA,1967,2939.94,1413.26,31.13,22.08,83.13,0.59,1.13,6730.43
1505205,Oeiras do Pará,PA,1968,2724.36,1419.87,30.92,22.22,83.51,0.58,1.27,6776.87
1505205,Oeiras do Pará,PA,1969,2498.32,1490.29,31.89,22.77,83.8,0.59,1.21,7046.65
1505205,Oeiras do Pará,PA,1970,2545.35,1461.58,32.89,21.41,85.05,0.54,1.1,6917.68
1505205,Oeiras do Pará,PA,1971,2364.1,1465.16,32.78,22.17,83.54,0.61,1.15,6849.66
1505205,Oeiras do Pará,PA,1972,2695.3,1394.38,32.74,21.86,83.4,0.61,0.98,6510.77
1505205,Oeiras do Pará,PA,1973,3142.33,1374.21,32.82,22.16,84.42,0.58,1.08,6343.37
1505205,Oeiras do Pará,PA,1974,3348.35,1343.96,30.91,22.9,84.25,0.56,1.34,6316.82
1505205,Oeiras do Pará,PA,1975,2622.23,1359.93,32.73,21.74,84.63,0.56,1.18,6285.25
1505205,Oeiras do Pará,PA,1976,2256.85,1459.58,31.9,22.44,83.45,0.6,1.04,6948.88
1505205,Oeiras do Pará,PA,1977,2390.72,1376.77,30.51,23.26,83.92,0.58,1.19,6550.25
1505205,Oeiras do Pará,PA,1978,2682.87,1370.58,31.52,22.68,84.68,0.55,1.33,6401.65
1505205,Oeiras do Pará,PA,1979,2274.59,1374.32,31.65,22.76,85.42,0.53,1.11,6512.08
1505205,Oeiras do Pará,PA,1980,2522.9,1404.67,31.76,22.87,84.84,0.56,1.16,6608.0
1505304,Oriximiná,PA,1961,2270.09,1404.46,30.26,21.04,82.73,0.57,1.47,6755.72
1505304,Oriximiná,PA,1962,2523.53,1369.2,30.31,21.0,84.91,0.5,1.36,6622.2
1505304,Oriximiná,PA,1963,2301.05,1361.01,30.61,20.98,84.09,0.54,1.23,6522.29
1505304,Oriximiná,PA,1964,2543.39,1331.07,30.4,20.8,84.68,0.51,1.28,6394.21
1505304,Oriximiná,PA,1965,2063.89,1405.54,30.77,20.88,83.67,0.55,1.37,6706.71
1505304,Oriximiná,PA,1966,2183.7,1327.18,30.69,20.7,84.6,0.51,1.13,6375.73
1505304,Oriximiná,PA,1967,1963.78,1344.32,30.58,21.17,83.78,0.55,1.25,6370.86
1505304,Oriximiná,PA,1968,2481.48,1314.38,30.16,21.03,84.57,0.51,1.25,6298.7
1505304,Oriximiná,PA,1969,2149.97,1418.13,31.13,21.63,82.62,0.61,1.32,6611.36
1505304,Oriximiná,PA,1970,2716.61,1365.72,30.85,21.63,84.45,0.54,1.22,6509.1
1505304,Oriximiná,PA,1971,2435.28,1328.87,30.28,20.73,84.87,0.5,1.41,6341.49
1505304,Oriximiná,PA,1972,2209.83,1371.7,30.48,20.15,84.15,0.52,1.68,6490.82
1505304,Oriximiná,PA,1973,2462.23,1283.83,29.56,22.21,85.26,0.5,1.37,6152.35
1505304,Oriximiná,PA,1974,2341.18,1279.22,28.72,21.78,83.98,0.52,1.37,6187.23
1505304,Oriximiná,PA,1975,2574.39,1351.08,30.04,21.39,83.89,0.54,1.4,6435.89
1505304,Oriximiná,PA,1976,2226.82,1425.14,30.23,21.36,82.66,0.59,1.54,6732.73
1505304,Oriximiná,PA,1977,2314.8,1334.91,29.53,21.96,83.97,0.54,1.47,6370.7
1505304,Oriximiná,PA,1978,2308.63,1315.66,30.05,21.72,84.34,0.53,1.49,6188.33
1505304,Oriximiná,PA,1979,2331.3,1310.34,30.18,22.05,83.96,0.55,1.35,6179.53
1505304,Oriximiná,PA,1980,1880.24,1346.63,30.55,21.87,85.53,0.5,1.47,6379.44
1505403,Ourém,PA,1961,3516.12,1460.91,30.57,22.81,82.42,0.62,1.33,6920.35
1505403,Ourém,PA,1962,2432.3,1444.33,30.98,22.85,81.97,0.65,1.21,6798.29
1505403,Ourém,PA,1963,2125.31,1417.26,31.05,22.76,82.1,0.64,1.01,6722.73
1505403,Ourém,PA,1964,2567.39,1463.17,31.33,22.5,80.17,0.72,0.99,6910.08
1505403,Ourém,PA,1965,2521.47,1534.1,32.03,22.67,76.73,0.86,0.98,7173.89
1505403,Ourém,PA,1966,2501.41,1438.5,31.8,22.98,78.05,0.81,0.64,6885.48
1505403,Ourém,PA,1967,2581.93,1459.74,31.02,22.02,80.74,0.67,1.0,7000.62
1505403,Ourém,PA,1968,2404.03,1449.14,31.02,21.96,80.85,0.67,1.14,6877.72
1505403,Ourém,PA,1969,2383.57,1507.64,31.96,22.39,80.72,0.7,1.12,7107.75
1505403,Ourém,PA,1970,2480.23,1483.43,31.69,21.54,82.93,0.6,1.26,7104.77
1505403,Ourém,PA,1971,2399.18,1444.94,31.42,21.21,83.61,0.56,1.07,7032.82
1505403,Ourém,PA,1972,1953.26,1444.48,31.64,21.58,83.07,0.59,1.0,6957.05
1505403,Ourém,PA,1973,2596.65,1334.39,30.02,21.96,85.99,0.47,1.05,6552.92
1505403,Ourém,PA,1974,3232.41,1340.64,29.78,21.08,84.81,0.5,1.46,6500.61
1505403,Ourém,PA,1975,3241.99,1345.19,30.08,20.96,84.38,0.52,1.32,6518.36
1505403,Ourém,PA,1976,2198.92,1450.06,30.55,20.14,81.76,0.59,1.43,6966.79
1505403,Ourém,PA,1977,2642.53,1380.71,30.62,20.41,82.78,0.57,1.52,6476.89
1505403,Ourém,PA,1978,2496.28,1380.2,30.67,21.38,83.81,0.55,1.5,6519.62
1505403,Ourém,PA,1979,2021.51,1384.7,31.15,21.44,83.09,0.58,1.36,6532.34
1505403,Ourém,PA,1980,2689.13,1388.18,30.87,21.05,82.98,0.58,1.41,6525.22
1505437,Ourilândia do Norte,PA,1961,1254.59,1364.9,31.36,17.61,77.35,0.7,0.9,6686.29
1505437,Ourilândia do Norte,PA,1962,1572.52,1343.71,31.57,17.89,78.45,0.68,0.77,6545.54
1505437,Ourilândia do Norte,PA,1963,1427.83,1350.62,31.43,17.38,76.58,0.72,0.78,6583.71
1505437,Ourilândia do Norte,PA,1964,1780.51,1299.8,30.5,17.78,78.89,0.64,0.74,6433.95
1505437,Ourilândia do Norte,PA,1965,1561.92,1341.3,30.76,17.55,76.6,0.71,0.66,6747.71
1505437,Ourilândia do Norte,PA,1966,1444.39,1286.33,31.08,17.91,75.77,0.75,0.45,6495.12
1505437,Ourilândia do Norte,PA,1967,1919.53,1303.07,30.87,17.49,77.72,0.68,0.64,6464.48
1505437,Ourilândia do Norte,PA,1968,1866.28,1294.27,30.57,17.59,78.37,0.66,0.71,6427.83
1505437,Ourilândia do Norte,PA,1969,1637.01,1347.14,31.52,18.36,78.11,0.7,0.74,6538.47
1505437,Ourilândia do Norte,PA,1970,1568.68,1379.28,32.19,18.61,78.27,0.7,0.79,6641.68
1505437,Ourilândia do Norte,PA,1971,1470.08,1333.57,31.57,19.13,79.99,0.65,0.83,6416.57
1505437,Ourilândia do Norte,PA,1972,1409.31,1321.5,31.77,19.71,80.3,0.66,0.86,6292.89
1505437,Ourilândia do Norte,PA,1973,1980.85,1288.54,30.6,19.61,83.2,0.54,0.9,6281.64
1505437,Ourilândia do Norte,PA,1974,2019.91,1201.58,30.23,17.75,83.46,0.5,0.87,5900.7
1505437,Ourilândia do Norte,PA,1975,1757.8,1275.48,30.28,19.16,83.95,0.5,0.85,6321.54
1505437,Ourilândia do Norte,PA,1976,1825.31,1299.18,30.59,19.4,81.57,0.59,0.83,6372.06
1505437,Ourilândia do Norte,PA,1977,2446.8,1222.15,30.32,20.11,82.76,0.56,0.77,5947.51
1505437,Ourilândia do Norte,PA,1978,1980.56,1263.25,30.34,20.28,81.59,0.6,0.88,6091.4
1505437,Ourilândia do Norte,PA,1979,1830.85,1275.48,30.5,20.19,81.03,0.62,0.92,6125.8
1505437,Ourilândia do Norte,PA,1980,1619.73,1272.57,30.96,20.26,78.19,0.73,1.02,5874.1
1505486,Pacajá,PA,1961,2396.94,1409.63,30.76,21.28,81.99,0.61,1.25,6764.99
1505486,Pacajá,PA,1962,2189.06,1390.23,31.04,21.62,82.31,0.61,1.12,6617.64
1505486,Pacajá,PA,1963,1992.36,1374.42,31.2,21.32,81.92,0.62,1.0,6558.26
1505486,Pacajá,PA,1964,2517.16,1388.9,30.78,21.03,82.35,0.59,1.02,6700.53
1505486,Pacajá,PA,1965,2119.31,1445.25,31.51,20.9,79.76,0.7,0.96,6950.67
1505486,Pacajá,PA,1966,2477.86,1349.03,30.53,21.18,80.28,0.66,0.77,6573.03
1505486,Pacajá,PA,1967,1963.76,1380.05,30.67,21.15,83.07,0.57,1.09,6658.8
1505486,Pacajá,PA,1968,2106.93,1391.0,30.34,21.19,82.58,0.58,1.25,6715.14
1505486,Pacajá,PA,1969,2078.07,1457.64,31.33,22.21,82.88,0.61,1.17,6946.9
1505486,Pacajá,PA,1970,2224.44,1415.57,32.09,20.71,85.24,0.51,0.97,6862.54
1505486,Pacajá,PA,1971,2309.83,1403.33,31.85,20.87,83.99,0.55,1.0,6754.15
1505486,Pacajá,PA,1972,2273.04,1367.46,32.9,21.04,83.66,0.59,0.97,6367.66
1505486,Pacajá,PA,1973,2937.72,1296.47,30.88,21.45,84.79,0.52,0.95,6244.72
1505486,Pacajá,PA,1974,3101.78,1259.52,31.66,20.86,85.27,0.51,1.0,5960.39
1505486,Pacajá,PA,1975,2517.39,1280.81,32.28,20.8,85.47,0.51,0.93,6048.52
1505486,Pacajá,PA,1976,2022.0,1335.78,31.35,21.67,83.12,0.59,0.88,6386.98
1505486,Pacajá,PA,1977,2480.91,1271.08,29.93,22.36,83.35,0.57,1.01,6088.42
1505486,Pacajá,PA,1978,2409.9,1298.77,31.24,22.05,83.95,0.56,1.15,6073.97
1505486,Pacajá,PA,1979,1958.32,1315.51,31.38,22.18,85.18,0.52,1.02,6247.08
1505486,Pacajá,PA,1980,2094.46,1334.04,31.59,22.38,83.86,0.58,1.03,6255.66
1505494,Palestina do Pará,PA,1961,1603.52,1428.72,32.78,19.88,78.26,0.75,0.63,6923.8
1505494,Palestina do Pará,PA,1962,1541.59,1395.2,32.56,20.29,79.33,0.72,0.61,6739.86
1505494,Palestina do Pará,PA,1963,1455.73,1389.67,32.79,20.06,78.35,0.75,0.52,6780.38
1505494,Palestina do Pará,PA,1964,1621.08,1403.03,32.2,20.29,79.79,0.69,0.62,6813.47
1505494,Palestina do Pará,PA,1965,1267.52,1439.06,32.52,19.89,76.58,0.81,0.52,7104.77
1505494,Palestina do Pará,PA,1966,1547.42,1386.6,32.24,20.2,76.98,0.79,0.41,6897.1
1505494,Palestina do Pará,PA,1967,1540.86,1433.99,32.18,19.75,77.68,0.75,0.69,6957.11
1505494,Palestina do Pará,PA,1968,1324.53,1418.89,32.06,19.79,78.75,0.72,0.65,6940.71
1505494,Palestina do Pará,PA,1969,1429.56,1469.05,33.0,20.7,77.83,0.79,0.62,7102.41
1505494,Palestina do Pará,PA,1970,1457.0,1446.63,32.78,20.36,78.55,0.75,0.76,6878.41
1505494,Palestina do Pará,PA,1971,1490.82,1431.07,32.51,20.52,80.39,0.68,0.83,6838.82
1505494,Palestina do Pará,PA,1972,1410.58,1411.27,33.17,20.92,83.27,0.6,0.73,6725.82
1505494,Palestina do Pará,PA,1973,1980.79,1366.69,31.25,20.85,81.92,0.61,0.78,6661.63
1505494,Palestina do Pará,PA,1974,1964.28,1316.33,31.44,20.11,82.03,0.6,0.76,6380.29
1505494,Palestina do Pará,PA,1975,1740.67,1336.24,31.39,20.37,82.6,0.58,0.74,6517.26
1505494,Palestina do Pará,PA,1976,1559.1,1366.84,31.37,20.99,79.81,0.69,0.85,6540.61
1505494,Palestina do Pará,PA,1977,1742.64,1312.8,31.32,21.58,78.7,0.74,1.01,6051.5
1505494,Palestina do Pará,PA,1978,1413.08,1352.67,31.53,21.48,77.59,0.78,1.09,6157.69
1505494,Palestina do Pará,PA,1979,1608.19,1326.92,31.76,21.55,80.2,0.7,1.05,6089.36
1505494,Palestina do Pará,PA,1980,1519.17,1376.72,32.19,21.68,75.48,0.88,1.11,6110.2
1505502,Paragominas,PA,1961,3185.35,1451.19,31.27,22.0,81.11,0.67,1.0,6915.95
1505502,Paragominas,PA,1962,2118.42,1432.46,31.57,22.02,81.39,0.66,0.97,6779.44
1505502,Paragominas,PA,1963,2070.96,1423.4,31.7,21.91,81.23,0.67,0.92,6745.67
1505502,Paragominas,PA,1964,2445.28,1444.59,31.89,21.47,80.08,0.71,0.86,6846.93
1505502,Paragominas,PA,1965,2171.64,1490.91,32.55,21.12,76.59,0.84,0.81,7093.93
1505502,Paragominas,PA,1966,2538.48,1409.68,32.29,21.35,78.0,0.78,0.51,6871.5
1505502,Paragominas,PA,1967,2330.13,1453.18,31.63,21.11,80.68,0.67,0.91,6970.93
1505502,Paragominas,PA,1968,2133.52,1444.23,31.54,21.03,79.92,0.69,0.87,6963.49
1505502,Paragominas,PA,1969,2462.33,1497.56,32.47,21.73,79.37,0.74,0.85,7139.49
1505502,Paragominas,PA,1970,2136.69,1467.52,32.27,20.99,81.23,0.66,0.98,6985.07
1505502,Paragominas,PA,1971,2030.62,1433.58,32.11,20.86,83.59,0.57,1.0,6892.86
1505502,Paragominas,PA,1972,1783.33,1431.79,32.55,21.12,82.92,0.61,0.86,6844.89
1505502,Paragominas,PA,1973,3091.44,1343.2,30.86,21.78,84.97,0.52,0.83,6547.43
1505502,Paragominas,PA,1974,3230.58,1334.24,30.19,21.35,85.23,0.49,1.21,6528.42
1505502,Paragominas,PA,1975,3064.69,1355.28,31.19,20.98,85.28,0.5,1.27,6449.56
1505502,Paragominas,PA,1976,2372.54,1457.38,31.12,21.22,82.06,0.61,1.36,6920.29
1505502,Paragominas,PA,1977,2456.72,1389.46,30.72,21.96,81.58,0.64,1.33,6508.0
1505502,Paragominas,PA,1978,2796.72,1374.78,30.77,21.99,82.34,0.61,1.31,6463.7
1505502,Paragominas,PA,1979,2227.93,1376.72,31.46,21.99,82.5,0.62,1.24,6426.0
1505502,Paragominas,PA,1980,2054.51,1435.48,31.65,22.16,80.43,0.7,1.34,6551.14
1505536,Parauapebas,PA,1961,1308.11,1339.87,29.64,16.45,78.01,0.63,0.83,6812.12
1505536,Parauapebas,PA,1962,1566.89,1305.94,29.81,16.74,79.53,0.59,0.73,6599.11
1505536,Parauapebas,PA,1963,1370.72,1295.04,29.76,16.31,77.94,0.63,0.63,6622.98
1505536,Parauapebas,PA,1964,1674.07,1295.04,28.94,16.58,79.33,0.58,0.73,6609.42
1505536,Parauapebas,PA,1965,1548.34,1312.54,29.25,16.29,76.46,0.66,0.59,6823.43
1505536,Parauapebas,PA,1966,1627.15,1271.24,28.98,16.6,76.17,0.67,0.52,6615.44
1505536,Parauapebas,PA,1967,1737.11,1301.64,28.94,16.2,78.53,0.59,0.65,6758.24
1505536,Parauapebas,PA,1968,1480.59,1289.97,28.71,16.26,79.32,0.57,0.68,6721.26
1505536,Parauapebas,PA,1969,1544.84,1345.7,29.66,17.12,79.69,0.59,0.68,6906.84
1505536,Parauapebas,PA,1970,1404.6,1355.53,30.23,17.11,80.69,0.57,0.8,6838.51
1505536,Parauapebas,PA,1971,1519.54,1331.94,29.82,17.62,81.92,0.53,0.99,6643.09
1505536,Parauapebas,PA,1972,1625.18,1288.84,30.1,18.04,82.81,0.52,0.85,6400.02
1505536,Parauapebas,PA,1973,2003.75,1245.59,28.6,18.04,84.47,0.45,0.78,6390.81
1505536,Parauapebas,PA,1974,2088.12,1167.59,28.64,16.93,83.91,0.45,0.73,5937.93
1505536,Parauapebas,PA,1975,1950.24,1190.01,28.62,17.62,84.16,0.45,0.72,6065.96
1505536,Parauapebas,PA,1976,1755.47,1255.63,28.64,18.17,81.89,0.53,0.81,6371.27
1505536,Parauapebas,PA,1977,2247.89,1183.36,28.29,18.72,82.65,0.51,0.91,5890.33
1505536,Parauapebas,PA,1978,1903.78,1217.55,28.59,18.82,81.96,0.53,1.0,5997.78
1505536,Parauapebas,PA,1979,1684.21,1216.01,28.76,18.72,82.17,0.53,0.98,6001.71
1505536,Parauapebas,PA,1980,1701.02,1242.01,29.14,18.8,78.75,0.64,1.11,5886.98
1505551,Pau D'Arco,PA,1961,1197.47,1431.23,32.33,17.44,73.94,0.83,0.87,6907.78
1505551,Pau D'Arco,PA,1962,1574.51,1396.07,32.47,17.72,76.5,0.76,0.75,6731.84
1505551,Pau D'Arco,PA,1963,1507.52,1397.24,32.25,17.17,74.72,0.8,0.72,6836.94
1505551,Pau D'Arco,PA,1964,1848.99,1352.51,31.18,17.64,77.16,0.71,0.73,6642.56
1505551,Pau D'Arco,PA,1965,1400.61,1367.0,31.33,17.54,76.26,0.74,0.62,6864.27
1505551,Pau D'Arco,PA,1966,1447.34,1354.76,31.95,17.88,75.54,0.78,0.59,6701.68
1505551,Pau D'Arco,PA,1967,1799.95,1383.83,31.62,17.33,75.84,0.75,0.7,6852.02
1505551,Pau D'Arco,PA,1968,1802.09,1362.9,31.3,17.53,76.22,0.74,0.71,6768.08
1505551,Pau D'Arco,PA,1969,1621.67,1429.44,32.27,18.18,75.22,0.8,0.75,6951.3
1505551,Pau D'Arco,PA,1970,1624.58,1479.9,33.3,19.06,77.09,0.78,0.91,6912.34
1505551,Pau D'Arco,PA,1971,1486.19,1418.94,32.69,19.64,78.2,0.74,1.07,6543.81
1505551,Pau D'Arco,PA,1972,1425.6,1395.61,32.89,20.1,78.76,0.74,1.02,6394.37
1505551,Pau D'Arco,PA,1973,1845.42,1350.26,32.22,19.76,82.43,0.59,0.93,6404.16
1505551,Pau D'Arco,PA,1974,1815.55,1261.46,31.37,17.15,82.22,0.54,0.9,6109.94
1505551,Pau D'Arco,PA,1975,1672.3,1316.79,30.97,19.52,82.09,0.58,0.87,6413.74
1505551,Pau D'Arco,PA,1976,1592.43,1325.49,31.2,19.79,80.15,0.65,0.85,6400.02
1505551,Pau D'Arco,PA,1977,2068.11,1258.65,31.12,20.58,81.52,0.63,0.8,6019.46
1505551,Pau D'Arco,PA,1978,1696.52,1315.25,31.42,21.01,79.18,0.72,0.95,6139.0
1505551,Pau D'Arco,PA,1979,2017.19,1312.03,31.31,20.57,79.26,0.7,0.93,6193.98
1505551,Pau D'Arco,PA,1980,1706.97,1318.83,31.83,20.6,75.9,0.84,1.05,5954.68
1505601,Peixe-Boi,PA,1961,3552.11,1470.18,30.83,23.14,82.47,0.63,1.34,6920.66
1505601,Peixe-Boi,PA,1962,2453.47,1454.87,31.23,23.19,81.98,0.66,1.23,6805.99
1505601,Peixe-Boi,PA,1963,2090.07,1427.44,31.34,23.11,82.16,0.65,1.02,6725.56
1505601,Peixe-Boi,PA,1964,2569.79,1465.42,31.5,22.92,80.2,0.73,1.01,6866.25
1505601,Peixe-Boi,PA,1965,2548.86,1537.02,32.11,23.13,76.76,0.87,1.0,7139.8
1505601,Peixe-Boi,PA,1966,2477.83,1447.96,31.9,23.45,78.06,0.82,0.67,6885.0
1505601,Peixe-Boi,PA,1967,2608.26,1473.45,31.23,22.43,81.41,0.66,1.09,7006.12
1505601,Peixe-Boi,PA,1968,2412.05,1449.7,31.15,22.39,82.03,0.64,1.16,6879.61
1505601,Peixe-Boi,PA,1969,2360.71,1517.57,32.07,22.77,81.13,0.69,1.15,7126.92
1505601,Peixe-Boi,PA,1970,2432.01,1479.95,31.87,21.87,83.52,0.59,1.25,7065.5
1505601,Peixe-Boi,PA,1971,2353.6,1450.68,31.66,21.46,83.63,0.57,1.08,7020.41
1505601,Peixe-Boi,PA,1972,1936.65,1451.39,31.9,21.9,83.03,0.6,1.01,6933.96
1505601,Peixe-Boi,PA,1973,2572.63,1344.58,30.3,22.21,85.53,0.5,1.05,6554.18
1505601,Peixe-Boi,PA,1974,3257.61,1356.3,30.09,21.32,84.64,0.51,1.45,6537.37
1505601,Peixe-Boi,PA,1975,3442.99,1349.7,30.35,21.22,84.43,0.52,1.23,6555.28
1505601,Peixe-Boi,PA,1976,2188.72,1440.18,30.82,20.31,82.16,0.59,1.23,6972.13
1505601,Peixe-Boi,PA,1977,2651.61,1382.5,30.92,20.58,83.27,0.56,1.47,6486.63
1505601,Peixe-Boi,PA,1978,2465.08,1385.47,30.98,21.62,84.07,0.55,1.45,6538.32
1505601,Peixe-Boi,PA,1979,2087.05,1390.49,31.45,21.67,83.29,0.58,1.34,6531.72
1505601,Peixe-Boi,PA,1980,2777.24,1385.01,31.16,21.28,83.43,0.57,1.27,6524.28
1505635,Piçarra,PA,1961,1188.17,1434.56,32.77,18.82,76.48,0.79,0.73,6955.07
1505635,Piçarra,PA,1962,1550.67,1402.67,32.72,19.22,77.23,0.77,0.65,6785.57
1505635,Piçarra,PA,1963,1470.32,1398.68,32.73,18.84,75.21,0.83,0.59,6831.75
1505635,Piçarra,PA,1964,1694.93,1398.32,31.89,19.19,77.98,0.73,0.7,6794.62
1505635,Piçarra,PA,1965,1387.26,1423.14,32.08,18.88,76.75,0.77,0.58,7102.73
1505635,Piçarra,PA,1966,1606.58,1384.4,32.35,19.14,76.66,0.78,0.44,6909.35
1505635,Piçarra,PA,1967,1753.74,1411.42,32.11,18.7,77.28,0.74,0.62,6965.12
1505635,Piçarra,PA,1968,1744.55,1404.72,31.8,18.78,76.56,0.77,0.65,6942.28
1505635,Piçarra,PA,1969,1589.97,1450.98,32.74,19.57,75.55,0.84,0.62,7087.02
1505635,Piçarra,PA,1970,1612.2,1466.85,33.04,19.75,76.36,0.81,0.82,6891.76
1505635,Piçarra,PA,1971,1503.23,1417.31,32.48,20.31,79.38,0.71,0.9,6712.21
1505635,Piçarra,PA,1972,1621.36,1381.22,32.92,20.72,80.09,0.71,0.86,6439.61
1505635,Piçarra,PA,1973,1893.1,1328.97,31.27,20.64,83.05,0.57,0.79,6457.73
1505635,Piçarra,PA,1974,2044.47,1289.61,31.41,19.47,82.09,0.59,0.76,6256.19
1505635,Piçarra,PA,1975,1616.1,1313.77,31.23,20.16,82.91,0.57,0.75,6410.76
1505635,Piçarra,PA,1976,1404.59,1357.68,31.2,20.71,80.13,0.67,0.84,6539.04
1505635,Piçarra,PA,1977,1576.04,1306.5,31.01,21.52,79.14,0.72,0.91,6147.48
1505635,Piçarra,PA,1978,1297.58,1349.39,31.38,21.54,77.9,0.77,0.99,6246.76
1505635,Piçarra,PA,1979,1562.43,1317.71,31.53,21.27,80.35,0.68,0.96,6169.48
1505635,Piçarra,PA,1980,1357.44,1367.15,31.98,21.33,76.16,0.85,1.07,6165.02
1505650,Placas,PA,1961,1992.62,1332.6,30.45,21.19,85.41,0.49,1.11,6524.02
1505650,Placas,PA,1962,2553.71,1327.43,30.65,21.35,85.32,0.5,1.14,6412.8
1505650,Placas,PA,1963,2195.27,1333.32,31.03,21.18,84.46,0.53,1.06,6390.5
1505650,Placas,PA,1964,2514.76,1326.1,30.73,20.94,84.63,0.52,1.09,6395.94
1505650,Placas,PA,1965,2188.85,1401.39,31.09,20.94,81.82,0.62,1.17,6658.64
1505650,Placas,PA,1966,2139.67,1311.46,31.18,20.86,83.12,0.57,0.85,6297.34
1505650,Placas,PA,1967,1899.84,1343.3,31.15,20.73,83.58,0.56,1.21,6323.89
1505650,Placas,PA,1968,2362.56,1331.32,30.72,20.6,84.25,0.52,1.32,6351.64
1505650,Placas,PA,1969,2109.8,1403.03,31.68,21.26,83.6,0.57,1.42,6488.2
1505650,Placas,PA,1970,2331.05,1370.94,31.68,21.4,86.03,0.49,1.13,6581.51
1505650,Placas,PA,1971,2043.22,1334.5,31.05,20.91,85.3,0.5,1.2,6374.63
1505650,Placas,PA,1972,2142.85,1333.06,31.24,20.58,83.49,0.56,1.27,6213.87
1505650,Placas,PA,1973,2473.94,1266.02,30.1,22.23,86.0,0.48,1.26,6061.24
1505650,Placas,PA,1974,2319.99,1262.18,28.95,22.04,84.39,0.51,1.33,6114.5
1505650,Placas,PA,1975,2361.02,1329.89,30.95,21.45,83.45,0.57,1.33,6194.45
1505650,Placas,PA,1976,1653.58,1415.57,31.31,21.38,82.8,0.6,1.37,6621.2
1505650,Placas,PA,1977,1829.64,1370.94,30.45,22.32,84.17,0.55,1.29,6536.12
1505650,Placas,PA,1978,1897.75,1363.16,30.7,22.18,84.14,0.55,1.3,6452.7
1505650,Placas,PA,1979,1965.16,1350.31,30.84,22.39,84.1,0.56,1.2,6401.81
1505650,Placas,PA,1980,1538.9,1382.71,31.23,22.39,85.32,0.52,1.45,6488.78
1505700,Ponta de Pedras,PA,1961,3431.4,1450.32,30.88,23.32,82.32,0.64,1.31,6822.64
1505700,Ponta de Pedras,PA,1962,2509.22,1437.73,31.3,23.38,81.94,0.67,1.24,6674.2
1505700,Ponta de Pedras,PA,1963,2122.22,1410.65,31.46,23.33,81.95,0.67,1.02,6598.64
1505700,Ponta de Pedras,PA,1964,2931.95,1448.78,31.4,23.33,82.07,0.66,1.07,6768.55
1505700,Ponta de Pedras,PA,1965,2593.61,1522.64,31.86,23.67,78.66,0.81,1.17,7007.69
1505700,Ponta de Pedras,PA,1966,3117.4,1435.32,31.67,24.04,80.14,0.75,0.79,6735.14
1505700,Ponta de Pedras,PA,1967,2982.89,1452.42,31.18,22.79,82.13,0.64,1.17,6857.51
1505700,Ponta de Pedras,PA,1968,2776.98,1436.81,31.19,22.65,83.76,0.58,1.28,6815.04
1505700,Ponta de Pedras,PA,1969,2618.53,1513.94,32.06,23.04,83.07,0.63,1.25,7107.6
1505700,Ponta de Pedras,PA,1970,2580.82,1460.86,31.98,22.03,84.19,0.57,1.22,6952.4
1505700,Ponta de Pedras,PA,1971,2672.57,1446.33,31.87,21.61,83.88,0.57,1.25,6893.33
1505700,Ponta de Pedras,PA,1972,2539.5,1445.25,32.04,22.55,84.04,0.59,1.13,6830.44
1505700,Ponta de Pedras,PA,1973,2901.41,1404.56,31.71,23.36,84.77,0.56,1.21,6586.23
1505700,Ponta de Pedras,PA,1974,3124.98,1374.01,29.98,23.19,84.64,0.54,1.52,6567.38
1505700,Ponta de Pedras,PA,1975,3094.08,1390.69,31.24,22.47,85.14,0.53,1.34,6623.77
1505700,Ponta de Pedras,PA,1976,2367.76,1472.33,31.47,22.62,83.22,0.61,1.07,7053.03
1505700,Ponta de Pedras,PA,1977,2296.16,1406.15,31.16,22.91,83.72,0.59,1.2,6634.92
1505700,Ponta de Pedras,PA,1978,2366.01,1395.04,31.12,23.01,84.65,0.55,1.31,6595.97
1505700,Ponta de Pedras,PA,1979,2281.07,1395.71,31.35,23.05,84.63,0.56,1.25,6601.31
1505700,Ponta de Pedras,PA,1980,2903.57,1402.52,31.24,23.1,84.76,0.55,1.22,6632.82
1505809,Portel,PA,1961,2457.27,1412.29,30.86,21.61,82.59,0.6,1.33,6734.67
1505809,Portel,PA,1962,2317.22,1398.83,31.1,21.97,82.86,0.6,1.26,6601.62
1505809,Portel,PA,1963,2003.79,1380.3,31.24,21.71,82.32,0.62,1.07,6547.58
1505809,Portel,PA,1964,2721.14,1396.89,30.83,21.36,82.51,0.6,1.07,6698.64
1505809,Portel,PA,1965,2252.97,1466.49,31.51,21.41,79.68,0.71,1.13,6947.53
1505809,Portel,PA,1966,2736.68,1364.74,30.64,21.5,80.84,0.65,0.91,6578.37
1505809,Portel,PA,1967,2290.55,1390.23,30.8,21.44,83.28,0.57,1.18,6660.06
1505809,Portel,PA,1968,2363.78,1394.94,30.58,21.59,84.1,0.54,1.26,6748.28
1505809,Portel,PA,1969,2129.59,1468.8,31.58,22.5,84.51,0.56,1.19,7005.8
1505809,Portel,PA,1970,2357.99,1437.17,32.36,21.21,84.69,0.54,1.04,6876.84
1505809,Portel,PA,1971,2504.11,1435.53,32.19,21.5,83.83,0.58,1.18,6781.8
1505809,Portel,PA,1972,2493.15,1362.18,32.52,21.15,83.91,0.57,1.12,6324.31
1505809,Portel,PA,1973,3004.63,1330.61,31.93,21.53,84.75,0.54,1.16,6221.16
1505809,Portel,PA,1974,3092.53,1315.35,31.13,21.8,84.53,0.54,1.27,6199.01
1505809,Portel,PA,1975,2581.6,1323.85,32.18,21.18,84.5,0.55,1.15,6176.07
1505809,Portel,PA,1976,1985.52,1396.53,31.55,21.59,83.41,0.58,1.09,6638.48
1505809,Portel,PA,1977,2400.11,1326.1,30.16,22.58,83.56,0.57,1.19,6305.67
1505809,Portel,PA,1978,2547.72,1347.7,31.2,22.44,84.53,0.55,1.43,6277.39
1505809,Portel,PA,1979,2144.36,1351.44,31.39,22.45,85.58,0.51,1.16,6427.41
1505809,Portel,PA,1980,2146.22,1363.11,31.58,22.55,84.83,0.55,1.08,6440.08
1505908,Porto de Moz,PA,1961,2052.3,1389.06,30.62,21.23,83.38,0.56,1.38,6676.08
1505908,Porto de Moz,PA,1962,2445.96,1381.22,30.78,21.48,83.37,0.57,1.31,6577.59
1505908,Porto de Moz,PA,1963,2104.65,1360.5,30.94,21.19,83.42,0.57,1.13,6523.23
1505908,Porto de Moz,PA,1964,2385.93,1363.67,30.62,20.85,83.1,0.56,1.15,6545.48
1505908,Porto de Moz,PA,1965,1932.6,1432.71,31.15,21.01,80.24,0.68,1.17,6801.91
1505908,Porto de Moz,PA,1966,2283.19,1341.97,30.52,21.19,81.52,0.62,0.95,6478.94
1505908,Porto de Moz,PA,1967,1800.38,1383.32,30.9,21.09,83.67,0.55,1.17,6650.47
1505908,Porto de Moz,PA,1968,2368.33,1332.04,30.63,21.04,84.35,0.53,1.27,6368.45
1505908,Porto de Moz,PA,1969,2171.89,1413.78,31.71,21.91,84.03,0.57,1.29,6561.25
1505908,Porto de Moz,PA,1970,2303.42,1387.16,31.84,21.33,85.1,0.52,1.15,6609.0
1505908,Porto de Moz,PA,1971,2635.82,1389.31,31.52,21.9,85.26,0.52,1.44,6528.89
1505908,Porto de Moz,PA,1972,2365.65,1385.52,31.86,22.22,84.97,0.54,1.46,6384.0
1505908,Porto de Moz,PA,1973,2709.36,1329.58,31.55,22.6,86.22,0.5,1.28,6230.9
1505908,Porto de Moz,PA,1974,2546.35,1319.45,31.21,21.99,85.1,0.52,1.4,6150.62
1505908,Porto de Moz,PA,1975,2342.69,1338.23,31.48,21.98,84.71,0.54,1.39,6206.08
1505908,Porto de Moz,PA,1976,1866.74,1411.98,31.25,22.05,83.06,0.6,1.45,6555.22
1505908,Porto de Moz,PA,1977,2141.84,1354.35,30.11,23.08,83.54,0.58,1.62,6290.12
1505908,Porto de Moz,PA,1978,1900.63,1371.4,31.03,22.58,84.49,0.55,1.74,6305.04
1505908,Porto de Moz,PA,1979,1925.1,1361.62,31.17,22.67,85.46,0.52,1.56,6382.64
1505908,Porto de Moz,PA,1980,1817.52,1383.89,31.33,22.75,85.04,0.54,1.58,6411.65
1506005,Prainha,PA,1961,1853.63,1368.99,30.5,21.55,84.85,0.52,1.28,6652.05
1506005,Prainha,PA,1962,2354.87,1373.14,30.74,21.66,84.37,0.54,1.3,6567.22
1506005,Prainha,PA,1963,2182.25,1370.78,31.19,21.52,84.28,0.55,1.19,6512.55
1506005,Prainha,PA,1964,2360.44,1365.1,30.86,21.25,84.06,0.54,1.2,6508.88
1506005,Prainha,PA,1965,1933.27,1438.44,31.2,21.24,81.28,0.65,1.27,6772.22
1506005,Prainha,PA,1966,2173.94,1352.46,31.0,21.4,82.7,0.59,0.99,6465.9
1506005,Prainha,PA,1967,1721.09,1377.23,30.99,20.88,83.79,0.55,1.22,6588.74
1506005,Prainha,PA,1968,2358.46,1345.4,30.83,20.64,84.35,0.53,1.31,6427.98
1506005,Prainha,PA,1969,2283.01,1434.35,31.87,21.07,83.72,0.57,1.41,6655.19
1506005,Prainha,PA,1970,2440.83,1391.82,31.6,22.17,85.47,0.52,1.14,6643.25
1506005,Prainha,PA,1971,2468.75,1378.97,31.19,21.71,85.15,0.52,1.42,6526.69
1506005,Prainha,PA,1972,2156.65,1353.33,31.41,21.83,83.89,0.57,1.5,6175.86
1506005,Prainha,PA,1973,2647.68,1261.46,29.78,23.08,85.7,0.5,1.29,6012.55
1506005,Prainha,PA,1974,2398.88,1242.17,29.07,22.02,85.24,0.48,1.39,5999.98
1506005,Prainha,PA,1975,2459.36,1300.46,30.79,22.12,84.66,0.54,1.43,6031.08
1506005,Prainha,PA,1976,1616.74,1400.47,31.24,21.76,83.2,0.59,1.49,6483.75
1506005,Prainha,PA,1977,1853.34,1360.09,30.56,22.77,83.97,0.57,1.63,6277.39
1506005,Prainha,PA,1978,1759.6,1362.85,30.88,22.73,84.75,0.55,1.69,6293.1
1506005,Prainha,PA,1979,1800.1,1359.27,31.05,22.89,84.82,0.55,1.52,6340.7
1506005,Prainha,PA,1980,1509.07,1400.88,31.46,22.97,85.05,0.55,1.65,6449.5
1506104,Primavera,PA,1961,3562.38,1470.28,30.78,23.16,82.45,0.63,1.35,6923.49
1506104,Primavera,PA,1962,2452.79,1455.59,31.19,23.2,81.97,0.66,1.23,6812.12
1506104,Primavera,PA,1963,2075.04,1427.39,31.3,23.11,82.18,0.65,1.03,6727.6
1506104,Primavera,PA,1964,2574.03,1467.11,31.5,22.91,80.18,0.73,1.01,6867.67
1506104,Primavera,PA,1965,2547.38,1539.37,32.14,23.13,76.72,0.88,1.0,7144.2
1506104,Primavera,PA,1966,2491.72,1447.5,31.93,23.47,78.03,0.82,0.65,6886.42
1506104,Primavera,PA,1967,2620.07,1470.84,31.2,22.45,80.75,0.68,1.02,7008.32
1506104,Primavera,PA,1968,2457.2,1440.85,31.09,22.44,82.12,0.64,1.17,6826.04
1506104,Primavera,PA,1969,2375.36,1513.22,31.96,22.85,81.42,0.68,1.16,7122.83
1506104,Primavera,PA,1970,2437.69,1463.57,31.77,21.93,83.79,0.57,1.25,6988.21
1506104,Primavera,PA,1971,2379.51,1449.45,31.58,21.47,83.64,0.57,1.09,7021.51
1506104,Primavera,PA,1972,1842.09,1453.03,31.85,21.9,83.04,0.6,1.02,6949.98
1506104,Primavera,PA,1973,2523.18,1339.72,30.2,22.14,85.87,0.48,1.05,6554.65
1506104,Primavera,PA,1974,3277.97,1349.7,30.08,21.22,84.74,0.51,1.44,6509.1
1506104,Primavera,PA,1975,3453.22,1345.91,30.29,21.14,84.4,0.52,1.21,6542.71
1506104,Primavera,PA,1976,2175.69,1437.47,30.78,20.12,82.19,0.58,1.23,6970.56
1506104,Primavera,PA,1977,2678.24,1381.17,30.88,20.36,83.23,0.56,1.47,6491.03
1506104,Primavera,PA,1978,2595.38,1385.27,30.95,21.54,84.03,0.55,1.45,6539.57
1506104,Primavera,PA,1979,2211.77,1389.87,31.43,21.57,83.22,0.58,1.34,6535.17
1506104,Primavera,PA,1980,2819.15,1387.72,31.14,21.17,83.18,0.58,1.28,6527.73
1506112,Quatipuru,PA,1961,3562.1,1475.45,30.9,23.29,82.44,0.64,1.36,6926.32
1506112,Quatipuru,PA,1962,2449.64,1460.56,31.31,23.34,81.97,0.66,1.23,6813.69
1506112,Quatipuru,PA,1963,2079.34,1431.02,31.4,23.24,82.19,0.66,1.03,6727.6
1506112,Quatipuru,PA,1964,2589.55,1477.8,31.66,23.0,80.15,0.73,1.01,6912.28
1506112,Quatipuru,PA,1965,2537.96,1548.64,32.29,23.21,76.7,0.88,1.0,7181.43
1506112,Quatipuru,PA,1966,2489.85,1451.34,32.07,23.54,78.01,0.83,0.65,6892.39
1506112,Quatipuru,PA,1967,2622.21,1474.73,31.34,22.57,80.73,0.69,1.02,7007.53
1506112,Quatipuru,PA,1968,2462.07,1444.18,31.2,22.58,82.15,0.64,1.18,6824.16
1506112,Quatipuru,PA,1969,2375.78,1517.83,32.06,22.99,81.42,0.69,1.16,7122.99
1506112,Quatipuru,PA,1970,2439.68,1466.7,31.87,22.07,83.92,0.57,1.26,6985.85
1506112,Quatipuru,PA,1971,2385.89,1453.75,31.68,21.63,83.64,0.57,1.09,7022.14
1506112,Quatipuru,PA,1972,1827.58,1457.84,31.96,22.03,83.06,0.61,1.02,6954.54
1506112,Quatipuru,PA,1973,2515.79,1343.25,30.26,22.28,85.87,0.49,1.05,6557.79
1506112,Quatipuru,PA,1974,3293.39,1353.23,30.2,21.32,84.76,0.51,1.43,6507.37
1506112,Quatipuru,PA,1975,3457.9,1353.48,30.41,21.24,84.36,0.53,1.25,6542.56
1506112,Quatipuru,PA,1976,2171.29,1451.55,30.89,20.2,81.84,0.6,1.36,6960.35
1506112,Quatipuru,PA,1977,2683.46,1389.93,31.0,20.43,82.82,0.58,1.5,6490.4
1506112,Quatipuru,PA,1978,2599.93,1391.97,31.08,21.64,83.8,0.56,1.48,6527.63
1506112,Quatipuru,PA,1979,2225.64,1395.45,31.56,21.68,83.24,0.59,1.35,6535.33
1506112,Quatipuru,PA,1980,2822.82,1397.35,31.26,21.27,83.16,0.58,1.39,6529.46
1506138,Redenção,PA,1961,1202.81,1397.24,31.77,16.77,73.76,0.8,0.75,6883.59
1506138,Redenção,PA,1962,1590.37,1372.98,31.91,17.03,76.42,0.73,0.73,6722.58
1506138,Redenção,PA,1963,1506.83,1379.59,31.69,16.48,74.6,0.77,0.71,6824.53
1506138,Redenção,PA,1964,1820.64,1330.61,30.59,16.96,77.06,0.68,0.72,6607.06
1506138,Redenção,PA,1965,1398.2,1336.8,30.72,16.86,76.21,0.71,0.63,6769.39
1506138,Redenção,PA,1966,1444.77,1341.76,31.52,17.21,75.43,0.76,0.6,6694.3
1506138,Redenção,PA,1967,1806.91,1366.33,31.16,16.65,75.72,0.73,0.7,6833.48
1506138,Redenção,PA,1968,1794.0,1347.19,30.83,16.86,75.89,0.72,0.71,6750.95
1506138,Redenção,PA,1969,1621.04,1408.61,31.76,17.5,75.12,0.78,0.76,6914.22
1506138,Redenção,PA,1970,1622.35,1466.39,32.81,18.45,76.17,0.78,0.89,6937.63
1506138,Redenção,PA,1971,1478.09,1391.26,32.21,19.04,76.49,0.78,0.91,6534.54
1506138,Redenção,PA,1972,1384.98,1378.46,32.37,19.51,77.78,0.75,0.97,6402.85
1506138,Redenção,PA,1973,1805.49,1342.48,31.86,19.08,82.25,0.58,0.96,6408.88
1506138,Redenção,PA,1974,1821.94,1252.91,30.9,16.35,82.03,0.52,0.94,6109.47
1506138,Redenção,PA,1975,1692.16,1310.65,30.42,18.91,81.83,0.57,0.91,6432.44
1506138,Redenção,PA,1976,1584.32,1312.69,30.66,19.15,79.66,0.65,0.84,6410.08
1506138,Redenção,PA,1977,2100.11,1248.67,30.61,19.93,81.43,0.61,0.8,6035.17
1506138,Redenção,PA,1978,1699.89,1305.32,30.91,20.42,79.01,0.7,0.95,6155.34
1506138,Redenção,PA,1979,2067.2,1303.43,30.76,19.95,78.21,0.71,0.93,6213.93
1506138,Redenção,PA,1980,1729.86,1308.7,31.29,19.97,75.62,0.82,1.05,5968.66
1506161,Rio Maria,PA,1961,1226.46,1426.01,32.61,17.84,74.21,0.83,0.78,6881.86
1506161,Rio Maria,PA,1962,1571.85,1390.28,32.71,18.13,76.6,0.77,0.72,6673.72
1506161,Rio Maria,PA,1963,1535.63,1386.91,32.53,17.6,74.89,0.81,0.71,6720.69
1506161,Rio Maria,PA,1964,1806.21,1371.04,31.48,18.06,77.31,0.72,0.73,6700.53
1506161,Rio Maria,PA,1965,1382.38,1381.94,31.64,17.95,76.37,0.75,0.61,6905.74
1506161,Rio Maria,PA,1966,1449.12,1369.3,32.2,18.28,75.69,0.79,0.53,6797.82
1506161,Rio Maria,PA,1967,1917.18,1371.04,31.9,17.75,75.99,0.76,0.59,6826.88
1506161,Rio Maria,PA,1968,1885.62,1378.67,31.58,17.92,76.39,0.75,0.69,6828.08
1506161,Rio Maria,PA,1969,1639.42,1438.44,32.56,18.6,75.41,0.81,0.73,6973.92
1506161,Rio Maria,PA,1970,1691.23,1467.11,33.48,19.37,77.07,0.79,0.87,6834.58
1506161,Rio Maria,PA,1971,1499.43,1425.96,32.86,19.96,78.6,0.74,1.06,6567.22
1506161,Rio Maria,PA,1972,1439.34,1395.04,33.11,20.42,79.63,0.72,0.98,6412.59
1506161,Rio Maria,PA,1973,1781.56,1350.98,32.19,20.17,82.71,0.59,0.9,6422.54
1506161,Rio Maria,PA,1974,1617.97,1271.34,31.68,17.79,83.0,0.53,0.87,6146.54
1506161,Rio Maria,PA,1975,1613.85,1314.79,31.21,19.86,83.6,0.54,0.84,6414.69
1506161,Rio Maria,PA,1976,1508.14,1336.44,31.34,20.19,81.12,0.63,0.86,6449.03
1506161,Rio Maria,PA,1977,1685.57,1261.87,31.3,20.96,81.33,0.64,0.8,6011.45
1506161,Rio Maria,PA,1978,1630.1,1315.3,31.63,21.32,79.92,0.7,0.92,6131.77
1506161,Rio Maria,PA,1979,2049.97,1305.68,31.53,20.9,80.75,0.66,0.93,6150.62
1506161,Rio Maria,PA,1980,1695.55,1325.28,32.05,20.93,76.58,0.83,1.05,5968.5
1506187,Rondon do Pará,PA,1961,2021.44,1455.18,32.17,20.01,79.77,0.69,0.95,6924.43
1506187,Rondon do Pará,PA,1962,1696.34,1424.52,32.15,20.18,80.59,0.66,0.89,6774.73
1506187,Rondon do Pará,PA,1963,1759.59,1423.4,32.37,19.95,79.52,0.7,0.85,6756.51
1506187,Rondon do Pará,PA,1964,2111.19,1432.05,31.8,20.17,80.31,0.67,0.85,6866.57
1506187,Rondon do Pará,PA,1965,1400.81,1468.33,32.16,19.84,77.0,0.78,0.76,7134.62
1506187,Rondon do Pará,PA,1966,1429.04,1394.28,31.98,20.07,77.2,0.78,0.52,6877.31
1506187,Rondon do Pará,PA,1967,1524.44,1444.79,31.77,19.79,79.15,0.69,0.85,6970.77
1506187,Rondon do Pará,PA,1968,1237.39,1429.03,31.61,19.73,79.43,0.69,0.82,6943.07
1506187,Rondon do Pará,PA,1969,1193.62,1483.59,32.56,20.62,78.42,0.75,0.8,7110.11
1506187,Rondon do Pará,PA,1970,1128.1,1450.11,32.27,20.16,79.8,0.69,0.89,6905.58
1506187,Rondon do Pará,PA,1971,1451.95,1422.83,31.99,20.12,82.35,0.6,0.98,6852.33
1506187,Rondon do Pará,PA,1972,1441.95,1417.0,32.9,20.37,83.24,0.59,0.82,6769.96
1506187,Rondon do Pará,PA,1973,2211.63,1347.39,30.8,20.49,82.69,0.57,0.75,6646.39
1506187,Rondon do Pará,PA,1974,2147.6,1345.91,31.14,20.1,82.57,0.58,0.94,6526.69
1506187,Rondon do Pará,PA,1975,2156.68,1352.51,31.35,20.07,83.16,0.56,1.05,6485.38
1506187,Rondon do Pará,PA,1976,1854.66,1400.42,30.91,20.98,80.18,0.67,1.05,6687.65
1506187,Rondon do Pará,PA,1977,2005.49,1311.06,30.43,21.43,79.87,0.68,1.01,6189.74
1506187,Rondon do Pará,PA,1978,1976.2,1342.12,30.98,21.25,79.53,0.7,1.14,6236.71
1506187,Rondon do Pará,PA,1979,1837.18,1322.83,31.22,21.38,82.49,0.6,1.15,6180.0
1506187,Rondon do Pará,PA,1980,1846.2,1376.87,31.6,21.54,78.63,0.75,1.09,6306.71
1506195,Rurópolis,PA,1961,2091.98,1323.54,30.1,20.44,83.47,0.54,1.03,6511.61
1506195,Rurópolis,PA,1962,2639.15,1325.44,30.31,20.63,83.33,0.55,1.09,6409.19
1506195,Rurópolis,PA,1963,2223.44,1328.87,30.71,20.43,82.55,0.58,1.04,6386.73
1506195,Rurópolis,PA,1964,2612.42,1315.15,30.39,20.34,83.36,0.54,1.07,6358.71
1506195,Rurópolis,PA,1965,2311.89,1378.82,30.73,20.4,81.95,0.6,1.12,6630.52
1506195,Rurópolis,PA,1966,2075.91,1300.87,31.25,19.99,82.72,0.57,0.77,6281.48
1506195,Rurópolis,PA,1967,1919.89,1346.83,31.2,19.91,83.39,0.55,1.23,6308.5
1506195,Rurópolis,PA,1968,2447.76,1309.62,30.46,19.91,84.58,0.5,1.36,6250.48
1506195,Rurópolis,PA,1969,2154.67,1380.41,31.32,20.7,83.76,0.55,1.45,6407.46
1506195,Rurópolis,PA,1970,2393.42,1350.57,31.53,20.21,85.96,0.47,1.15,6515.85
1506195,Rurópolis,PA,1971,2065.52,1306.14,30.75,19.73,85.44,0.47,1.15,6309.13
1506195,Rurópolis,PA,1972,2172.57,1322.26,31.13,19.26,83.65,0.53,1.22,6244.35
1506195,Rurópolis,PA,1973,2434.2,1269.44,30.45,21.02,85.94,0.47,1.24,6085.28
1506195,Rurópolis,PA,1974,2386.04,1284.54,29.44,21.09,84.64,0.5,1.18,6286.66
1506195,Rurópolis,PA,1975,2364.31,1353.07,31.06,20.82,83.68,0.56,1.12,6447.2
1506195,Rurópolis,PA,1976,1725.81,1426.01,31.31,21.0,82.95,0.59,1.21,6748.28
1506195,Rurópolis,PA,1977,1903.57,1338.69,30.49,21.49,84.79,0.52,1.02,6475.95
1506195,Rurópolis,PA,1978,1905.88,1329.84,30.14,21.72,84.13,0.54,1.09,6410.45
1506195,Rurópolis,PA,1979,1960.1,1328.05,30.41,21.91,83.8,0.56,0.96,6405.73
1506195,Rurópolis,PA,1980,1651.3,1367.25,30.7,21.97,85.11,0.52,1.1,6581.77
1506203,Salinópolis,PA,1961,3595.35,1475.24,30.85,23.34,82.46,0.64,1.37,6925.06
1506203,Salinópolis,PA,1962,2480.37,1461.53,31.26,23.4,81.97,0.66,1.25,6816.52
1506203,Salinópolis,PA,1963,2060.75,1434.35,31.42,23.3,82.2,0.66,1.05,6733.42
1506203,Salinópolis,PA,1964,2715.75,1469.67,31.51,23.14,80.22,0.73,1.03,6864.37
1506203,Salinópolis,PA,1965,2576.61,1541.93,32.07,23.38,76.76,0.88,1.02,7141.68
1506203,Salinópolis,PA,1966,2883.14,1451.75,31.86,23.72,78.06,0.83,0.67,6884.22
1506203,Salinópolis,PA,1967,2856.01,1478.01,31.19,22.71,81.47,0.66,1.11,7014.92
1506203,Salinópolis,PA,1968,2521.69,1434.04,31.09,22.67,83.71,0.58,1.24,6820.07
1506203,Salinópolis,PA,1969,2391.89,1508.1,31.87,23.07,82.74,0.64,1.18,7120.48
1506203,Salinópolis,PA,1970,2482.26,1461.02,31.73,22.1,84.36,0.56,1.26,6982.87
1506203,Salinópolis,PA,1971,2435.79,1457.89,31.61,21.68,83.91,0.56,1.21,7016.64
1506203,Salinópolis,PA,1972,2130.8,1456.05,31.86,22.25,83.81,0.58,1.11,6935.84
1506203,Salinópolis,PA,1973,2556.89,1353.28,30.44,22.56,85.42,0.51,1.06,6559.21
1506203,Salinópolis,PA,1974,3278.78,1359.32,30.15,21.66,84.66,0.52,1.44,6540.36
1506203,Salinópolis,PA,1975,3611.44,1357.12,30.5,21.51,84.45,0.53,1.22,6566.75
1506203,Salinópolis,PA,1976,2221.72,1452.67,30.96,21.05,82.1,0.61,1.23,6977.47
1506203,Salinópolis,PA,1977,2578.25,1394.63,31.01,21.34,83.19,0.58,1.49,6498.26
1506203,Salinópolis,PA,1978,2656.03,1391.26,31.01,21.93,83.99,0.56,1.47,6542.87
1506203,Salinópolis,PA,1979,2255.29,1393.46,31.45,21.99,83.47,0.58,1.36,6538.94
1506203,Salinópolis,PA,1980,2859.09,1390.39,31.18,21.66,83.45,0.58,1.29,6532.6
1506302,Salvaterra,PA,1961,3543.02,1459.48,30.64,23.98,82.65,0.64,1.35,6838.19
1506302,Salvaterra,PA,1962,2604.35,1448.17,31.12,24.07,82.22,0.67,1.26,6706.24
1506302,Salvaterra,PA,1963,2208.37,1429.59,31.45,23.88,82.18,0.67,1.06,6656.76
1506302,Salvaterra,PA,1964,3024.17,1457.54,31.39,23.72,81.49,0.69,1.07,6779.54
1506302,Salvaterra,PA,1965,2676.54,1528.63,31.79,23.82,78.66,0.81,1.2,7014.13
1506302,Salvaterra,PA,1966,3103.35,1436.5,31.69,24.23,80.15,0.76,0.76,6741.27
1506302,Salvaterra,PA,1967,3006.23,1462.4,30.96,23.55,82.15,0.65,1.16,6895.06
1506302,Salvaterra,PA,1968,2754.76,1434.71,30.74,23.41,83.78,0.59,1.23,6821.64
1506302,Salvaterra,PA,1969,2732.54,1499.5,31.07,23.85,83.08,0.63,1.21,7123.62
1506302,Salvaterra,PA,1970,2610.16,1443.1,30.98,22.42,84.18,0.56,1.22,6976.43
1506302,Salvaterra,PA,1971,2748.4,1424.78,31.01,21.53,83.8,0.56,1.27,6896.32
1506302,Salvaterra,PA,1972,2558.13,1456.92,31.41,24.01,83.74,0.62,1.15,6836.09
1506302,Salvaterra,PA,1973,3104.33,1397.14,30.69,24.85,84.78,0.58,1.13,6576.02
1506302,Salvaterra,PA,1974,3092.27,1395.76,30.47,23.61,84.59,0.56,1.52,6560.62
1506302,Salvaterra,PA,1975,3642.79,1396.78,30.84,23.7,85.07,0.55,1.31,6609.0
1506302,Salvaterra,PA,1976,2374.23,1492.39,31.34,24.33,83.09,0.65,1.08,7031.35
1506302,Salvaterra,PA,1977,2872.93,1422.78,31.2,24.31,83.6,0.62,1.17,6625.66
1506302,Salvaterra,PA,1978,2346.77,1393.3,30.63,23.7,84.55,0.56,1.29,6590.62
1506302,Salvaterra,PA,1979,2495.37,1393.97,30.82,23.61,84.41,0.57,1.3,6593.61
1506302,Salvaterra,PA,1980,2791.9,1402.46,30.62,23.99,84.25,0.58,1.21,6615.23
1506351,Santa Bárbara do Pará,PA,1961,3636.22,1457.02,30.86,23.01,82.61,0.62,1.28,6890.66
1506351,Santa Bárbara do Pará,PA,1962,2592.83,1446.74,31.26,23.06,82.13,0.65,1.23,6767.5
1506351,Santa Bárbara do Pará,PA,1963,2182.75,1422.68,31.35,23.06,82.22,0.65,1.05,6693.52
1506351,Santa Bárbara do Pará,PA,1964,2951.55,1453.59,31.28,23.17,80.72,0.71,1.04,6788.97
1506351,Santa Bárbara do Pará,PA,1965,2628.86,1528.06,31.81,23.66,77.96,0.83,1.06,7073.82
1506351,Santa Bárbara do Pará,PA,1966,3138.09,1440.85,31.65,24.06,78.68,0.81,0.69,6811.17
1506351,Santa Bárbara do Pará,PA,1967,3020.55,1467.82,31.14,22.46,81.75,0.65,1.18,6951.92
1506351,Santa Bárbara do Pará,PA,1968,2833.74,1439.93,31.28,22.27,83.78,0.58,1.24,6857.93
1506351,Santa Bárbara do Pará,PA,1969,2843.9,1519.72,32.34,22.64,82.78,0.63,1.17,7161.48
1506351,Santa Bárbara do Pará,PA,1970,2663.81,1457.64,32.01,21.85,84.49,0.55,1.11,6993.55
1506351,Santa Bárbara do Pará,PA,1971,2662.06,1435.22,31.79,21.22,83.63,0.57,1.12,6908.1
1506351,Santa Bárbara do Pará,PA,1972,2737.39,1439.93,31.97,22.18,82.98,0.61,1.04,6832.64
1506351,Santa Bárbara do Pará,PA,1973,3245.89,1384.09,31.43,23.25,85.05,0.55,1.07,6557.95
1506351,Santa Bárbara do Pará,PA,1974,3275.66,1356.76,29.36,22.99,84.4,0.54,1.46,6555.12
1506351,Santa Bárbara do Pará,PA,1975,3401.42,1370.43,30.79,22.15,84.75,0.53,1.24,6588.74
1506351,Santa Bárbara do Pará,PA,1976,2647.03,1454.82,31.25,22.07,82.98,0.6,1.11,6990.04
1506351,Santa Bárbara do Pará,PA,1977,2794.85,1396.17,31.22,22.27,83.62,0.58,1.2,6586.7
1506351,Santa Bárbara do Pará,PA,1978,3030.03,1391.41,31.08,22.71,84.28,0.56,1.28,6582.77
1506351,Santa Bárbara do Pará,PA,1979,2474.31,1391.51,31.32,22.82,83.97,0.58,1.23,6570.36
1506351,Santa Bárbara do Pará,PA,1980,3068.63,1396.89,31.19,22.74,83.99,0.57,1.23,6578.32
1506401,Santa Cruz do Arari,PA,1961,3254.53,1435.22,30.79,23.52,83.89,0.59,1.32,6793.89
1506401,Santa Cruz do Arari,PA,1962,2557.87,1426.32,31.22,23.61,83.36,0.62,1.24,6663.98
1506401,Santa Cruz do Arari,PA,1963,2059.55,1400.57,31.44,23.48,83.6,0.61,1.03,6581.98
1506401,Santa Cruz do Arari,PA,1964,2943.53,1445.3,31.4,23.36,82.25,0.66,1.1,6745.14
1506401,Santa Cruz do Arari,PA,1965,2620.72,1520.59,31.85,23.6,78.91,0.8,1.19,7000.62
1506401,Santa Cruz do Arari,PA,1966,3108.46,1420.68,31.59,23.95,80.39,0.74,0.81,6658.8
1506401,Santa Cruz do Arari,PA,1967,2976.05,1444.54,31.09,23.01,83.22,0.61,1.21,6827.35
1506401,Santa Cruz do Arari,PA,1968,2778.29,1430.41,31.05,22.87,83.73,0.59,1.24,6784.41
1506401,Santa Cruz do Arari,PA,1969,2663.3,1503.91,31.73,23.32,83.02,0.63,1.22,7080.89
1506401,Santa Cruz do Arari,PA,1970,2594.56,1457.79,31.73,22.33,84.02,0.57,1.23,6926.79
1506401,Santa Cruz do Arari,PA,1971,2664.72,1444.79,31.67,21.89,83.81,0.57,1.3,6869.77
1506401,Santa Cruz do Arari,PA,1972,2656.86,1448.37,31.88,22.8,84.11,0.59,1.21,6817.09
1506401,Santa Cruz do Arari,PA,1973,3626.44,1389.26,31.44,23.49,84.39,0.58,1.24,6495.74
1506401,Santa Cruz do Arari,PA,1974,3191.91,1374.01,30.33,23.18,84.63,0.55,1.46,6528.42
1506401,Santa Cruz do Arari,PA,1975,3764.96,1393.1,31.33,22.72,84.98,0.54,1.29,6606.8
1506401,Santa Cruz do Arari,PA,1976,2632.41,1488.91,31.44,23.05,83.25,0.62,1.24,7032.45
1506401,Santa Cruz do Arari,PA,1977,2799.07,1424.22,31.01,23.39,83.73,0.6,1.55,6597.69
1506401,Santa Cruz do Arari,PA,1978,2843.16,1387.16,30.94,23.27,84.91,0.55,1.57,6488.83
1506401,Santa Cruz do Arari,PA,1979,2618.44,1394.33,31.24,23.28,84.64,0.56,1.45,6531.56
1506401,Santa Cruz do Arari,PA,1980,3600.12,1425.04,31.15,23.39,84.66,0.56,1.44,6677.12
1506500,Santa Izabel do Pará,PA,1961,3571.61,1451.04,30.89,22.75,82.63,0.62,1.23,6887.83
1506500,Santa Izabel do Pará,PA,1962,2522.04,1438.44,31.28,22.78,82.21,0.64,1.2,6748.97
1506500,Santa Izabel do Pará,PA,1963,2167.16,1415.26,31.3,22.83,82.24,0.64,1.03,6678.75
1506500,Santa Izabel do Pará,PA,1964,2855.57,1448.99,31.26,22.98,80.64,0.71,1.02,6789.6
1506500,Santa Izabel do Pará,PA,1965,2594.98,1518.9,31.84,23.5,76.92,0.87,1.0,7070.68
1506500,Santa Izabel do Pará,PA,1966,3160.98,1430.51,31.65,23.89,78.5,0.81,0.61,6810.55
1506500,Santa Izabel do Pará,PA,1967,2956.93,1465.52,31.16,22.14,81.55,0.65,1.16,6951.14
1506500,Santa Izabel do Pará,PA,1968,2769.36,1440.08,31.4,21.96,83.74,0.57,1.25,6848.66
1506500,Santa Izabel do Pará,PA,1969,2868.65,1527.14,32.65,22.3,82.69,0.64,1.22,7149.7
1506500,Santa Izabel do Pará,PA,1970,2675.86,1462.65,32.26,21.69,84.45,0.56,1.13,6986.8
1506500,Santa Izabel do Pará,PA,1971,2674.79,1444.64,31.96,21.17,83.56,0.57,1.1,6943.76
1506500,Santa Izabel do Pará,PA,1972,2555.7,1438.09,32.09,21.72,82.95,0.61,1.02,6849.92
1506500,Santa Izabel do Pará,PA,1973,3085.32,1381.33,31.59,22.86,85.15,0.54,1.05,6554.97
1506500,Santa Izabel do Pará,PA,1974,3274.6,1347.14,29.08,22.83,84.41,0.53,1.46,6554.97
1506500,Santa Izabel do Pará,PA,1975,3411.24,1363.93,30.77,21.76,84.79,0.52,1.25,6580.1
1506500,Santa Izabel do Pará,PA,1976,2635.75,1447.15,31.21,21.5,82.96,0.59,1.11,6983.6
1506500,Santa Izabel do Pará,PA,1977,2795.38,1387.93,31.21,21.75,83.66,0.57,1.18,6576.17
1506500,Santa Izabel do Pará,PA,1978,3042.21,1389.41,31.17,22.46,84.3,0.56,1.25,6582.14
1506500,Santa Izabel do Pará,PA,1979,2461.76,1390.69,31.42,22.62,83.9,0.58,1.2,6569.26
1506500,Santa Izabel do Pará,PA,1980,3070.77,1394.68,31.3,22.43,83.88,0.58,1.2,6571.56
1506559,Santa Luzia do Pará,PA,1961,3491.41,1469.87,30.79,23.01,82.35,0.63,1.32,6930.72
1506559,Santa Luzia do Pará,PA,1962,2409.55,1450.37,31.19,23.04,81.94,0.66,1.2,6799.08
1506559,Santa Luzia do Pará,PA,1963,2141.77,1421.56,31.22,22.93,82.02,0.65,1.0,6723.36
1506559,Santa Luzia do Pará,PA,1964,2556.38,1470.48,31.68,22.55,80.11,0.73,0.95,6930.82
1506559,Santa Luzia do Pará,PA,1965,2413.14,1542.5,32.45,22.66,76.67,0.87,0.96,7182.68
1506559,Santa Luzia do Pará,PA,1966,2313.43,1461.53,32.37,22.95,77.81,0.83,0.64,6952.4
1506559,Santa Luzia do Pará,PA,1967,2612.4,1463.88,31.38,22.1,80.66,0.68,0.92,7010.05
1506559,Santa Luzia do Pará,PA,1968,2398.35,1459.07,31.29,22.1,80.79,0.68,0.97,6986.9
1506559,Santa Luzia do Pará,PA,1969,2293.32,1514.96,32.23,22.54,80.67,0.71,0.97,7184.1
1506559,Santa Luzia do Pará,PA,1970,2470.1,1485.94,32.01,21.65,82.18,0.63,1.22,7053.87
1506559,Santa Luzia do Pará,PA,1971,2409.26,1446.63,31.61,21.49,83.61,0.57,1.06,6996.38
1506559,Santa Luzia do Pará,PA,1972,1907.37,1453.65,31.89,21.83,82.88,0.61,0.99,6961.29
1506559,Santa Luzia do Pará,PA,1973,2595.86,1339.92,30.21,22.19,86.05,0.48,1.05,6553.24
1506559,Santa Luzia do Pará,PA,1974,3249.87,1346.42,29.97,21.32,84.67,0.51,1.46,6494.17
1506559,Santa Luzia do Pará,PA,1975,3203.88,1354.46,30.3,21.18,84.22,0.53,1.36,6504.7
1506559,Santa Luzia do Pará,PA,1976,2184.4,1468.28,30.76,20.49,81.6,0.61,1.5,6984.23
1506559,Santa Luzia do Pará,PA,1977,2663.78,1392.28,30.8,20.82,82.66,0.59,1.58,6466.37
1506559,Santa Luzia do Pará,PA,1978,2649.21,1389.46,30.84,21.65,83.72,0.56,1.55,6516.64
1506559,Santa Luzia do Pará,PA,1979,2057.88,1400.11,31.32,21.72,82.54,0.61,1.38,6546.01
1506559,Santa Luzia do Pará,PA,1980,2805.05,1404.26,31.05,21.34,82.38,0.61,1.44,6531.5
1506583,Santa Maria das Barreiras,PA,1961,1229.6,1424.83,32.66,17.82,72.37,0.9,0.78,6838.98
1506583,Santa Maria das Barreiras,PA,1962,1523.96,1425.14,32.82,18.09,75.02,0.82,0.84,6751.01
1506583,Santa Maria das Barreiras,PA,1963,1500.05,1428.93,32.59,17.57,72.5,0.89,0.81,6824.21
1506583,Santa Maria das Barreiras,PA,1964,1841.05,1347.55,31.53,18.05,75.81,0.76,0.78,6464.11
1506583,Santa Maria das Barreiras,PA,1965,1535.45,1355.94,31.65,17.85,76.19,0.75,0.64,6719.91
1506583,Santa Maria das Barreiras,PA,1966,1529.45,1374.98,32.4,18.11,75.29,0.81,0.65,6677.65
1506583,Santa Maria das Barreiras,PA,1967,1805.75,1366.64,32.06,17.68,74.89,0.8,0.69,6654.24
1506583,Santa Maria das Barreiras,PA,1968,1809.51,1332.3,31.79,17.91,75.32,0.78,0.63,6555.69
1506583,Santa Maria das Barreiras,PA,1969,1614.89,1387.62,32.62,18.52,75.4,0.81,0.68,6703.1
1506583,Santa Maria das Barreiras,PA,1970,1516.94,1482.2,33.53,19.38,74.62,0.87,0.84,6893.49
1506583,Santa Maria das Barreiras,PA,1971,1449.64,1424.88,32.94,19.91,75.61,0.85,0.95,6562.51
1506583,Santa Maria das Barreiras,PA,1972,1303.2,1403.49,33.12,20.34,75.73,0.86,0.93,6414.63
1506583,Santa Maria das Barreiras,PA,1973,1652.96,1400.37,32.47,20.11,81.76,0.63,1.21,6484.12
1506583,Santa Maria das Barreiras,PA,1974,1895.91,1289.92,31.53,17.53,81.4,0.57,1.11,6104.44
1506583,Santa Maria das Barreiras,PA,1975,1555.95,1342.33,31.25,19.74,81.28,0.61,0.97,6461.66
1506583,Santa Maria das Barreiras,PA,1976,1601.25,1336.44,31.49,19.98,79.41,0.69,0.84,6420.29
1506583,Santa Maria das Barreiras,PA,1977,2148.3,1295.14,31.51,20.79,81.23,0.65,0.82,6176.7
1506583,Santa Maria das Barreiras,PA,1978,1721.54,1363.06,31.76,21.24,78.58,0.75,0.97,6359.55
1506583,Santa Maria das Barreiras,PA,1979,2081.53,1349.8,31.65,20.78,77.12,0.78,0.92,6354.37
1506583,Santa Maria das Barreiras,PA,1980,2018.02,1345.24,32.16,20.81,75.51,0.86,1.06,6044.85
1506609,Santa Maria do Pará,PA,1961,3546.88,1464.8,30.79,23.0,82.48,0.63,1.33,6912.81
1506609,Santa Maria do Pará,PA,1962,2470.5,1449.55,31.19,23.04,82.04,0.65,1.22,6791.38
1506609,Santa Maria do Pará,PA,1963,2119.78,1426.26,31.3,22.99,82.13,0.65,1.03,6725.09
1506609,Santa Maria do Pará,PA,1964,2619.53,1461.17,31.37,22.91,80.28,0.72,1.01,6855.42
1506609,Santa Maria do Pará,PA,1965,2553.99,1524.22,31.99,23.14,76.78,0.87,0.95,7131.16
1506609,Santa Maria do Pará,PA,1966,2935.53,1436.04,31.79,23.51,78.22,0.81,0.57,6881.39
1506609,Santa Maria do Pará,PA,1967,2806.87,1469.61,31.12,22.32,81.44,0.66,1.09,7005.65
1506609,Santa Maria do Pará,PA,1968,2380.84,1447.81,31.16,22.24,82.0,0.64,1.16,6880.71
1506609,Santa Maria do Pará,PA,1969,2484.48,1517.88,32.16,22.61,81.12,0.69,1.14,7132.89
1506609,Santa Maria do Pará,PA,1970,2596.29,1467.31,31.92,21.77,83.6,0.58,1.13,7041.15
1506609,Santa Maria do Pará,PA,1971,2461.3,1449.96,31.71,21.31,83.6,0.57,1.08,7017.59
1506609,Santa Maria do Pará,PA,1972,2307.73,1450.22,31.99,21.86,83.01,0.61,1.01,6928.78
1506609,Santa Maria do Pará,PA,1973,2879.74,1354.56,30.6,22.52,85.4,0.51,1.04,6554.49
1506609,Santa Maria do Pará,PA,1974,3106.49,1354.41,29.87,21.8,84.46,0.52,1.44,6539.1
1506609,Santa Maria do Pará,PA,1975,3335.08,1355.63,30.47,21.48,84.36,0.53,1.25,6554.02
1506609,Santa Maria do Pará,PA,1976,2406.08,1442.54,30.92,21.14,82.17,0.61,1.14,6974.49
1506609,Santa Maria do Pará,PA,1977,2512.35,1383.27,30.94,21.44,83.32,0.58,1.22,6559.84
1506609,Santa Maria do Pará,PA,1978,2654.82,1382.96,30.94,21.94,84.08,0.55,1.34,6561.88
1506609,Santa Maria do Pará,PA,1979,2080.76,1396.22,31.35,22.01,83.32,0.59,1.33,6574.92
1506609,Santa Maria do Pará,PA,1980,2662.49,1390.59,31.11,21.71,83.55,0.57,1.26,6560.25
1506708,Santana do Araguaia,PA,1961,1216.52,1493.67,32.91,18.43,71.57,0.95,0.97,6962.13
1506708,Santana do Araguaia,PA,1962,1512.99,1437.42,32.98,18.62,76.33,0.79,0.87,6790.91
1506708,Santana do Araguaia,PA,1963,1355.5,1472.33,32.81,18.06,73.88,0.86,0.83,7063.61
1506708,Santana do Araguaia,PA,1964,1885.07,1370.07,31.84,18.59,76.93,0.75,0.8,6569.68
1506708,Santana do Araguaia,PA,1965,1553.67,1373.39,32.05,18.39,75.31,0.8,0.68,6702.63
1506708,Santana do Araguaia,PA,1966,1563.91,1404.36,32.68,18.62,73.96,0.87,0.69,6753.99
1506708,Santana do Araguaia,PA,1967,1794.58,1395.45,32.39,18.27,74.65,0.83,0.72,6738.76
1506708,Santana do Araguaia,PA,1968,1804.7,1361.42,32.13,18.5,74.95,0.82,0.67,6621.36
1506708,Santana do Araguaia,PA,1969,1580.03,1419.76,32.88,19.1,75.42,0.83,0.72,6795.15
1506708,Santana do Araguaia,PA,1970,1370.13,1499.45,33.38,19.74,74.34,0.89,0.93,6899.3
1506708,Santana do Araguaia,PA,1971,1333.94,1431.18,32.8,20.19,75.05,0.87,0.99,6573.19
1506708,Santana do Araguaia,PA,1972,1344.52,1426.67,33.1,20.63,75.14,0.89,1.0,6494.59
1506708,Santana do Araguaia,PA,1973,1649.32,1450.11,32.23,20.67,80.06,0.69,1.27,6705.77
1506708,Santana do Araguaia,PA,1974,1933.08,1330.04,31.31,18.57,78.91,0.67,1.17,6227.91
1506708,Santana do Araguaia,PA,1975,1627.29,1400.06,31.52,19.87,78.16,0.72,1.08,6598.01
1506708,Santana do Araguaia,PA,1976,1988.71,1382.91,31.73,20.02,77.99,0.74,0.97,6564.18
1506708,Santana do Araguaia,PA,1977,2281.25,1328.05,31.75,20.84,79.77,0.7,0.91,6251.47
1506708,Santana do Araguaia,PA,1978,1837.13,1384.86,31.8,21.24,77.26,0.8,1.07,6381.86
1506708,Santana do Araguaia,PA,1979,2291.03,1360.5,31.86,20.85,76.31,0.82,0.89,6397.09
1506708,Santana do Araguaia,PA,1980,2202.68,1366.64,32.3,20.86,74.47,0.91,1.08,6105.8
1506807,Santarém,PA,1961,2171.34,1346.83,30.57,21.44,85.27,0.5,1.17,6559.84
1506807,Santarém,PA,1962,2568.81,1352.0,30.8,21.54,84.96,0.52,1.24,6478.31
1506807,Santarém,PA,1963,2338.94,1355.28,31.26,21.41,84.27,0.55,1.18,6422.7
1506807,Santarém,PA,1964,2467.89,1347.55,30.97,21.17,84.33,0.53,1.23,6410.55
1506807,Santarém,PA,1965,2055.77,1420.58,31.28,21.15,82.18,0.62,1.27,6694.93
1506807,Santarém,PA,1966,2110.54,1336.49,31.32,21.18,83.17,0.58,1.0,6344.94
1506807,Santarém,PA,1967,1887.2,1359.78,31.19,21.18,83.43,0.57,1.28,6361.91
1506807,Santarém,PA,1968,2448.06,1335.88,30.91,21.0,84.62,0.52,1.33,6336.72
1506807,Santarém,PA,1969,2155.06,1425.6,31.88,21.48,83.5,0.59,1.45,6555.12
1506807,Santarém,PA,1970,2646.01,1376.16,31.65,22.17,86.19,0.5,1.21,6537.69
1506807,Santarém,PA,1971,2389.47,1348.11,31.32,21.04,85.11,0.51,1.31,6379.5
1506807,Santarém,PA,1972,2071.78,1358.45,31.21,19.71,83.4,0.55,1.32,6391.22
1506807,Santarém,PA,1973,2647.82,1291.3,30.56,22.39,85.98,0.49,1.24,6148.11
1506807,Santarém,PA,1974,2475.1,1285.57,28.42,22.75,84.43,0.52,1.3,6296.72
1506807,Santarém,PA,1975,2565.12,1355.94,30.82,21.46,83.99,0.55,1.32,6414.06
1506807,Santarém,PA,1976,1964.03,1443.26,31.38,21.31,82.85,0.6,1.39,6769.96
1506807,Santarém,PA,1977,2022.47,1389.06,30.89,22.52,84.12,0.57,1.4,6528.73
1506807,Santarém,PA,1978,1882.12,1375.34,31.01,22.13,84.42,0.55,1.43,6443.75
1506807,Santarém,PA,1979,2180.56,1353.64,31.07,22.36,84.05,0.56,1.26,6373.37
1506807,Santarém,PA,1980,1581.89,1405.94,31.5,22.23,85.45,0.52,1.48,6589.31
1506906,Santarém Novo,PA,1961,3582.04,1470.79,30.78,23.18,82.46,0.63,1.36,6922.86
1506906,Santarém Novo,PA,1962,2469.82,1456.72,31.19,23.22,81.99,0.66,1.24,6811.65
1506906,Santarém Novo,PA,1963,2057.93,1429.95,31.32,23.14,82.18,0.65,1.04,6728.7
1506906,Santarém Novo,PA,1964,2574.79,1465.78,31.42,22.99,80.21,0.73,1.03,6864.37
1506906,Santarém Novo,PA,1965,2546.82,1537.68,32.01,23.24,76.78,0.87,1.01,7139.17
1506906,Santarém Novo,PA,1966,2510.23,1448.83,31.8,23.58,78.09,0.82,0.67,6885.79
1506906,Santarém Novo,PA,1967,2613.71,1473.3,31.12,22.51,81.44,0.66,1.1,7009.26
1506906,Santarém Novo,PA,1968,2453.87,1441.31,31.08,22.47,82.15,0.64,1.18,6826.51
1506906,Santarém Novo,PA,1969,2388.79,1513.83,31.94,22.87,81.43,0.68,1.16,7125.35
1506906,Santarém Novo,PA,1970,2442.1,1461.99,31.75,21.93,83.94,0.57,1.25,6988.05
1506906,Santarém Novo,PA,1971,2380.58,1448.37,31.59,21.41,83.64,0.57,1.09,7017.12
1506906,Santarém Novo,PA,1972,2101.69,1451.39,31.85,21.98,83.04,0.61,1.02,6933.02
1506906,Santarém Novo,PA,1973,2587.42,1347.04,30.31,22.32,85.49,0.5,1.05,6558.26
1506906,Santarém Novo,PA,1974,3267.2,1355.74,30.05,21.43,84.63,0.51,1.44,6536.9
1506906,Santarém Novo,PA,1975,3460.74,1352.15,30.37,21.3,84.42,0.52,1.22,6562.03
1506906,Santarém Novo,PA,1976,2238.82,1443.51,30.83,20.61,82.16,0.59,1.23,6973.54
1506906,Santarém Novo,PA,1977,2558.53,1385.11,30.91,20.89,83.23,0.57,1.47,6493.39
1506906,Santarém Novo,PA,1978,2617.11,1385.52,30.94,21.71,84.05,0.55,1.45,6538.79
1506906,Santarém Novo,PA,1979,2215.14,1390.59,31.4,21.77,83.33,0.58,1.34,6534.07
1506906,Santarém Novo,PA,1980,2852.49,1385.37,31.12,21.4,83.52,0.57,1.28,6529.46
1507003,Santo Antônio do Tauá,PA,1961,3646.9,1460.56,30.75,23.22,82.55,0.63,1.29,6900.87
1507003,Santo Antônio do Tauá,PA,1962,2579.04,1451.6,31.17,23.28,82.05,0.66,1.24,6782.43
1507003,Santo Antônio do Tauá,PA,1963,2155.16,1426.67,31.32,23.22,82.19,0.65,1.06,6698.7
1507003,Santo Antônio do Tauá,PA,1964,2885.94,1456.56,31.27,23.25,80.63,0.71,1.06,6791.95
1507003,Santo Antônio do Tauá,PA,1965,2634.53,1523.51,31.78,23.63,76.92,0.87,1.02,7081.52
1507003,Santo Antônio do Tauá,PA,1966,3122.97,1434.2,31.62,24.04,78.5,0.81,0.62,6819.34
1507003,Santo Antônio do Tauá,PA,1967,3042.51,1468.28,31.04,22.68,81.67,0.65,1.17,6950.82
1507003,Santo Antônio do Tauá,PA,1968,2751.03,1436.81,31.09,22.52,83.77,0.58,1.24,6851.96
1507003,Santo Antônio do Tauá,PA,1969,2850.84,1511.43,31.95,22.91,82.75,0.63,1.17,7151.42
1507003,Santo Antônio do Tauá,PA,1970,2662.95,1448.89,31.71,21.94,84.48,0.55,1.11,6984.76
1507003,Santo Antônio do Tauá,PA,1971,2764.79,1428.21,31.56,21.23,83.63,0.57,1.11,6903.54
1507003,Santo Antônio do Tauá,PA,1972,2722.34,1441.57,31.81,22.53,83.0,0.62,1.04,6832.8
1507003,Santo Antônio do Tauá,PA,1973,3227.93,1380.76,31.13,23.49,85.1,0.55,1.07,6557.95
1507003,Santo Antônio do Tauá,PA,1974,3447.93,1364.08,29.65,22.95,84.4,0.54,1.45,6554.97
1507003,Santo Antônio do Tauá,PA,1975,3745.92,1371.91,30.74,22.39,84.75,0.54,1.23,6588.27
1507003,Santo Antônio do Tauá,PA,1976,2636.03,1460.04,31.2,22.49,82.97,0.61,1.12,6987.05
1507003,Santo Antônio do Tauá,PA,1977,2791.75,1398.98,31.14,22.65,83.59,0.59,1.21,6581.67
1507003,Santo Antônio do Tauá,PA,1978,2911.23,1390.03,30.93,22.81,84.23,0.56,1.28,6584.66
1507003,Santo Antônio do Tauá,PA,1979,2506.68,1389.06,31.18,22.87,83.93,0.58,1.23,6569.58
1507003,Santo Antônio do Tauá,PA,1980,3101.69,1395.4,31.02,22.87,83.94,0.58,1.23,6575.8
1507102,São Caetano de Odivelas,PA,1961,3673.94,1474.43,30.72,23.51,82.48,0.64,1.41,6912.18
1507102,São Caetano de Odivelas,PA,1962,2568.19,1461.27,31.16,23.58,81.98,0.67,1.28,6800.34
1507102,São Caetano de Odivelas,PA,1963,2112.31,1433.89,31.38,23.47,82.15,0.66,1.08,6703.73
1507102,São Caetano de Odivelas,PA,1964,2804.95,1463.32,31.33,23.42,80.54,0.72,1.09,6797.29
1507102,São Caetano de Odivelas,PA,1965,2631.55,1531.08,31.82,23.69,77.85,0.84,1.06,7087.18
1507102,São Caetano de Odivelas,PA,1966,3094.16,1443.36,31.67,24.09,78.54,0.81,0.68,6824.53
1507102,São Caetano de Odivelas,PA,1967,3046.05,1470.89,31.02,23.01,81.59,0.66,1.17,6946.27
1507102,São Caetano de Odivelas,PA,1968,2753.5,1435.48,30.96,22.87,83.75,0.58,1.24,6836.88
1507102,São Caetano de Odivelas,PA,1969,2853.0,1506.57,31.62,23.28,82.72,0.64,1.17,7138.7
1507102,São Caetano de Odivelas,PA,1970,2663.65,1446.89,31.46,22.12,84.26,0.56,1.16,6970.3
1507102,São Caetano de Odivelas,PA,1971,2718.57,1427.08,31.38,21.35,83.93,0.55,1.2,6892.7
1507102,São Caetano de Odivelas,PA,1972,2711.56,1444.94,31.68,22.98,83.81,0.6,1.11,6835.78
1507102,São Caetano de Odivelas,PA,1973,3260.56,1380.3,30.9,23.79,85.21,0.54,1.07,6561.09
1507102,São Caetano de Odivelas,PA,1974,3405.75,1372.78,30.02,22.96,84.56,0.54,1.45,6554.02
1507102,São Caetano de Odivelas,PA,1975,3866.06,1375.03,30.75,22.68,85.02,0.53,1.22,6591.25
1507102,São Caetano de Odivelas,PA,1976,2576.63,1468.18,31.23,22.97,83.02,0.62,1.13,6987.05
1507102,São Caetano de Odivelas,PA,1977,2768.78,1404.97,31.15,23.09,83.55,0.6,1.22,6581.98
1507102,São Caetano de Odivelas,PA,1978,2672.06,1392.28,30.86,22.96,84.23,0.56,1.28,6589.05
1507102,São Caetano de Odivelas,PA,1979,2370.35,1392.54,31.12,22.97,84.0,0.57,1.28,6573.5
1507102,São Caetano de Odivelas,PA,1980,2877.69,1397.5,30.93,23.06,83.62,0.59,1.24,6568.42
1507151,São Domingos do Araguaia,PA,1961,1404.35,1464.19,32.66,19.77,79.13,0.72,0.91,6949.72
1507151,São Domingos do Araguaia,PA,1962,1538.99,1419.41,32.51,20.14,79.85,0.7,0.79,6770.96
1507151,São Domingos do Araguaia,PA,1963,1453.65,1418.64,32.71,19.88,78.71,0.74,0.71,6796.09
1507151,São Domingos do Araguaia,PA,1964,1624.76,1419.46,32.06,20.12,79.86,0.69,0.79,6808.29
1507151,São Domingos do Araguaia,PA,1965,1272.74,1458.76,32.4,19.8,76.96,0.79,0.7,7105.55
1507151,São Domingos do Araguaia,PA,1966,1542.6,1395.61,32.2,20.07,77.21,0.78,0.5,6881.86
1507151,São Domingos do Araguaia,PA,1967,1548.21,1440.65,32.1,19.62,77.95,0.74,0.77,6963.39
1507151,São Domingos do Araguaia,PA,1968,1315.25,1426.37,31.94,19.67,78.98,0.71,0.74,6948.57
1507151,São Domingos do Araguaia,PA,1969,1388.78,1481.49,32.89,20.58,78.86,0.75,0.72,7128.65
1507151,São Domingos do Araguaia,PA,1970,1410.88,1450.11,32.79,20.23,78.91,0.73,0.79,6889.56
1507151,São Domingos do Araguaia,PA,1971,1414.53,1419.87,32.55,20.45,82.11,0.62,0.91,6764.99
1507151,São Domingos do Araguaia,PA,1972,1398.48,1354.1,33.28,20.77,83.0,0.61,0.72,6376.46
1507151,São Domingos do Araguaia,PA,1973,1981.04,1318.07,30.93,20.38,83.03,0.56,0.83,6426.94
1507151,São Domingos do Araguaia,PA,1974,1944.17,1297.08,30.89,20.35,82.25,0.59,0.85,6275.35
1507151,São Domingos do Araguaia,PA,1975,1935.74,1310.75,30.87,20.36,83.03,0.56,0.82,6413.74
1507151,São Domingos do Araguaia,PA,1976,1616.35,1352.56,30.98,21.3,79.84,0.69,0.81,6504.8
1507151,São Domingos do Araguaia,PA,1977,1816.95,1303.84,30.84,21.7,78.82,0.73,1.01,6060.46
1507151,São Domingos do Araguaia,PA,1978,1615.03,1335.16,31.09,21.71,78.0,0.76,1.07,6122.82
1507151,São Domingos do Araguaia,PA,1979,1584.83,1294.01,31.37,21.52,80.92,0.66,0.95,6051.5
1507151,São Domingos do Araguaia,PA,1980,1686.18,1370.94,31.77,21.61,76.06,0.85,1.11,6153.71
1507201,São Domingos do Capim,PA,1961,3497.25,1464.09,30.89,22.9,82.41,0.63,1.31,6907.31
1507201,São Domingos do Capim,PA,1962,2447.22,1444.28,31.28,22.93,82.05,0.65,1.19,6769.39
1507201,São Domingos do Capim,PA,1963,2175.8,1423.6,31.36,22.9,81.98,0.65,0.99,6719.44
1507201,São Domingos do Capim,PA,1964,2621.32,1456.56,31.46,22.79,80.34,0.72,0.97,6845.83
1507201,São Domingos do Capim,PA,1965,2505.71,1520.69,32.18,22.93,76.79,0.87,0.94,7118.59
1507201,São Domingos do Capim,PA,1966,2906.09,1432.92,31.95,23.28,78.26,0.81,0.57,6869.45
1507201,São Domingos do Capim,PA,1967,2666.0,1467.0,31.25,22.15,81.41,0.65,1.08,6993.24
1507201,São Domingos do Capim,PA,1968,2398.88,1455.18,31.37,22.06,80.81,0.68,1.13,6877.09
1507201,São Domingos do Capim,PA,1969,2753.91,1516.55,32.47,22.45,80.68,0.71,1.09,7105.4
1507201,São Domingos do Capim,PA,1970,2656.93,1484.61,32.18,21.7,82.99,0.61,1.12,7097.23
1507201,São Domingos do Capim,PA,1971,2449.17,1455.39,31.92,21.35,83.59,0.58,1.05,7024.97
1507201,São Domingos do Capim,PA,1972,2451.84,1452.52,32.14,21.82,82.87,0.61,0.98,6934.43
1507201,São Domingos do Capim,PA,1973,3155.38,1371.45,31.09,22.73,84.97,0.54,1.06,6556.85
1507201,São Domingos do Capim,PA,1974,3251.02,1356.4,29.69,22.29,84.17,0.54,1.44,6546.64
1507201,São Domingos do Capim,PA,1975,3285.81,1365.1,30.72,21.69,84.1,0.55,1.28,6543.34
1507201,São Domingos do Capim,PA,1976,2596.49,1452.26,31.1,21.55,82.12,0.62,1.12,6993.65
1507201,São Domingos do Capim,PA,1977,2426.89,1389.06,31.05,21.85,83.33,0.58,1.19,6574.29
1507201,São Domingos do Capim,PA,1978,2761.29,1386.91,31.04,22.23,84.13,0.56,1.34,6565.18
1507201,São Domingos do Capim,PA,1979,2131.17,1399.19,31.39,22.34,83.64,0.58,1.32,6588.58
1507201,São Domingos do Capim,PA,1980,2586.64,1398.06,31.2,22.11,83.44,0.58,1.24,6578.94
1507300,São Félix do Xingu,PA,1961,1430.15,1348.72,31.1,18.27,78.94,0.66,0.88,6625.5
1507300,São Félix do Xingu,PA,1962,1877.5,1335.42,31.34,18.58,80.05,0.63,0.72,6573.34
1507300,São Félix do Xingu,PA,1963,1587.02,1333.11,31.31,18.06,78.4,0.68,0.71,6546.33
1507300,São Félix do Xingu,PA,1964,2118.37,1291.35,30.5,18.42,80.44,0.6,0.69,6410.39
1507300,São Félix do Xingu,PA,1965,1842.24,1336.9,30.84,18.0,78.0,0.68,0.62,6725.56
1507300,São Félix do Xingu,PA,1966,1775.31,1265.25,30.79,18.21,77.65,0.69,0.38,6447.05
1507300,São Félix do Xingu,PA,1967,1839.16,1302.97,30.69,17.89,78.08,0.67,0.69,6421.6
1507300,São Félix do Xingu,PA,1968,1820.5,1288.43,30.28,17.94,78.56,0.65,0.78,6358.39
1507300,São Félix do Xingu,PA,1969,1775.92,1348.32,31.32,18.79,78.44,0.69,0.8,6493.7
1507300,São Félix do Xingu,PA,1970,1693.57,1363.31,31.86,18.78,79.59,0.66,0.8,6600.99
1507300,São Félix do Xingu,PA,1971,1787.0,1312.08,31.07,19.16,80.57,0.62,0.83,6353.42
1507300,São Félix do Xingu,PA,1972,1420.88,1296.93,31.44,19.6,80.58,0.64,0.83,6223.77
1507300,São Félix do Xingu,PA,1973,2025.87,1267.91,30.57,19.96,84.67,0.5,0.85,6203.56
1507300,São Félix do Xingu,PA,1974,2053.22,1183.0,30.14,18.25,85.09,0.45,0.79,5853.42
1507300,São Félix do Xingu,PA,1975,1791.55,1224.51,30.33,19.48,85.49,0.46,0.8,6033.6
1507300,São Félix do Xingu,PA,1976,1925.61,1262.02,30.77,19.55,82.91,0.55,0.83,6127.79
1507300,São Félix do Xingu,PA,1977,2393.65,1191.75,30.39,20.21,83.69,0.53,0.73,5783.2
1507300,São Félix do Xingu,PA,1978,2060.22,1220.77,30.3,20.32,83.2,0.55,0.85,5889.23
1507300,São Félix do Xingu,PA,1979,1860.8,1263.0,30.52,20.36,82.09,0.58,0.95,6049.15
1507300,São Félix do Xingu,PA,1980,1808.59,1270.47,30.92,20.49,78.97,0.7,1.12,5805.29
1507409,São Francisco do Pará,PA,1961,3573.82,1462.6,30.71,22.93,82.51,0.62,1.34,6912.02
1507409,São Francisco do Pará,PA,1962,2499.93,1447.25,31.11,22.97,82.06,0.65,1.23,6789.65
1507409,São Francisco do Pará,PA,1963,2116.97,1424.78,31.22,22.94,82.15,0.65,1.04,6727.6
1507409,São Francisco do Pará,PA,1964,2704.72,1458.82,31.21,22.93,80.34,0.72,1.03,6852.74
1507409,São Francisco do Pará,PA,1965,2603.86,1524.02,31.83,23.25,76.83,0.87,0.98,7131.47
1507409,São Francisco do Pará,PA,1966,3072.21,1433.38,31.56,23.64,78.27,0.81,0.58,6875.89
1507409,São Francisco do Pará,PA,1967,2823.77,1471.3,31.01,22.31,81.42,0.65,1.14,7009.73
1507409,São Francisco do Pará,PA,1968,2446.72,1438.75,31.09,22.19,82.12,0.63,1.16,6836.25
1507409,São Francisco do Pará,PA,1969,2676.38,1514.6,32.09,22.57,81.43,0.68,1.15,7131.79
1507409,São Francisco do Pará,PA,1970,2618.36,1454.21,31.83,21.72,83.96,0.57,1.12,6992.3
1507409,São Francisco do Pará,PA,1971,2474.57,1446.74,31.63,21.17,83.6,0.57,1.09,7015.54
1507409,São Francisco do Pará,PA,1972,2486.84,1448.27,31.87,21.91,82.98,0.61,1.02,6924.85
1507409,São Francisco do Pará,PA,1973,3125.69,1363.87,30.78,22.71,85.31,0.52,1.05,6563.61
1507409,São Francisco do Pará,PA,1974,3088.14,1354.41,29.65,22.13,84.43,0.53,1.44,6551.2
1507409,São Francisco do Pará,PA,1975,3411.55,1359.32,30.51,21.66,84.64,0.52,1.23,6578.84
1507409,São Francisco do Pará,PA,1976,2461.27,1443.26,30.95,21.52,82.73,0.59,1.13,6975.12
1507409,São Francisco do Pará,PA,1977,2604.01,1385.52,30.94,21.78,83.46,0.58,1.22,6564.7
1507409,São Francisco do Pará,PA,1978,2774.93,1381.79,30.88,22.14,84.22,0.55,1.34,6561.09
1507409,São Francisco do Pará,PA,1979,2162.71,1389.77,31.23,22.22,83.42,0.58,1.24,6574.13
1507409,São Francisco do Pará,PA,1980,2816.17,1387.47,31.03,22.01,83.43,0.58,1.21,6562.45
1507458,São Geraldo do Araguaia,PA,1961,1174.95,1443.72,32.72,19.31,76.55,0.8,0.78,6947.05
1507458,São Geraldo do Araguaia,PA,1962,1546.82,1406.97,32.53,19.75,77.26,0.78,0.67,6777.56
1507458,São Geraldo do Araguaia,PA,1963,1461.81,1415.67,32.64,19.42,75.24,0.84,0.65,6819.66
1507458,São Geraldo do Araguaia,PA,1964,1654.22,1407.48,31.94,19.72,78.01,0.74,0.71,6803.42
1507458,São Geraldo do Araguaia,PA,1965,1327.97,1438.75,32.22,19.36,76.7,0.78,0.62,7103.51
1507458,São Geraldo do Araguaia,PA,1966,1571.57,1377.23,32.12,19.62,76.98,0.78,0.41,6900.56
1507458,São Geraldo do Araguaia,PA,1967,1591.16,1415.98,32.02,19.18,77.76,0.74,0.63,6961.66
1507458,São Geraldo do Araguaia,PA,1968,1475.36,1411.11,31.91,19.22,78.69,0.71,0.66,6946.37
1507458,São Geraldo do Araguaia,PA,1969,1278.92,1462.04,32.82,20.1,78.59,0.75,0.63,7128.96
1507458,São Geraldo do Araguaia,PA,1970,1575.56,1445.46,32.75,19.96,78.69,0.73,0.77,6889.09
1507458,São Geraldo do Araguaia,PA,1971,1500.08,1392.38,32.38,20.35,79.71,0.7,0.83,6614.97
1507458,São Geraldo do Araguaia,PA,1972,1489.43,1368.53,32.95,20.76,80.73,0.68,0.79,6422.64
1507458,São Geraldo do Araguaia,PA,1973,1969.61,1323.7,31.02,20.57,82.98,0.57,0.78,6463.07
1507458,São Geraldo do Araguaia,PA,1974,2028.04,1292.63,31.17,19.93,82.09,0.59,0.75,6281.16
1507458,São Geraldo do Araguaia,PA,1975,1799.31,1311.67,31.08,20.22,82.88,0.57,0.73,6419.87
1507458,São Geraldo do Araguaia,PA,1976,1548.41,1354.51,31.09,20.92,79.97,0.68,0.83,6523.96
1507458,São Geraldo do Araguaia,PA,1977,1778.33,1293.7,31.01,21.47,78.96,0.73,0.94,6048.99
1507458,São Geraldo do Araguaia,PA,1978,1558.35,1333.01,31.28,21.43,77.8,0.77,1.01,6142.93
1507458,São Geraldo do Araguaia,PA,1979,1611.01,1306.04,31.49,21.34,80.34,0.68,0.95,6098.47
1507458,São Geraldo do Araguaia,PA,1980,1634.43,1360.65,31.91,21.44,76.21,0.85,1.1,6098.73
1507466,São João da Ponta,PA,1961,3664.9,1473.35,30.72,23.42,82.49,0.64,1.4,6913.44
1507466,São João da Ponta,PA,1962,2548.41,1460.4,31.16,23.49,81.99,0.66,1.28,6800.34
1507466,São João da Ponta,PA,1963,2090.72,1431.74,31.35,23.39,82.16,0.66,1.08,6701.68
1507466,São João da Ponta,PA,1964,2756.73,1462.5,31.32,23.34,80.5,0.72,1.08,6799.65
1507466,São João da Ponta,PA,1965,2622.61,1524.33,31.82,23.62,76.85,0.87,1.0,7087.33
1507466,São João da Ponta,PA,1966,3077.16,1434.66,31.65,24.03,78.39,0.82,0.61,6826.73
1507466,São João da Ponta,PA,1967,2978.13,1469.87,31.02,22.9,81.55,0.66,1.17,6946.9
1507466,São João da Ponta,PA,1968,2614.76,1434.4,30.98,22.76,83.74,0.58,1.24,6833.74
1507466,São João da Ponta,PA,1969,2774.76,1506.72,31.69,23.17,82.71,0.64,1.18,7135.24
1507466,São João da Ponta,PA,1970,2590.51,1448.12,31.52,22.07,84.23,0.56,1.16,6967.79
1507466,São João da Ponta,PA,1971,2632.04,1434.81,31.43,21.34,83.92,0.56,1.2,6929.77
1507466,São João da Ponta,PA,1972,2610.77,1444.94,31.71,22.76,83.81,0.59,1.11,6849.13
1507466,São João da Ponta,PA,1973,3267.15,1375.29,30.86,23.53,85.25,0.54,1.07,6559.05
1507466,São João da Ponta,PA,1974,3396.1,1369.5,29.97,22.73,84.57,0.54,1.45,6555.28
1507466,São João da Ponta,PA,1975,3826.83,1371.14,30.7,22.43,84.98,0.53,1.22,6590.31
1507466,São João da Ponta,PA,1976,2579.13,1462.35,31.17,22.64,83.02,0.61,1.13,6983.6
1507466,São João da Ponta,PA,1977,2750.56,1400.06,31.11,22.8,83.55,0.59,1.22,6577.43
1507466,São João da Ponta,PA,1978,2990.67,1389.77,30.88,22.75,84.23,0.56,1.28,6588.58
1507466,São João da Ponta,PA,1979,2530.15,1391.92,31.17,22.78,83.97,0.57,1.28,6572.4
1507466,São João da Ponta,PA,1980,3096.8,1397.6,30.98,22.8,83.43,0.59,1.24,6567.79
1507474,São João de Pirabas,PA,1961,3583.88,1473.71,30.82,23.27,82.46,0.64,1.36,6925.22
1507474,São João de Pirabas,PA,1962,2467.63,1459.99,31.24,23.32,81.97,0.66,1.24,6816.67
1507474,São João de Pirabas,PA,1963,2059.23,1432.2,31.37,23.22,82.19,0.65,1.04,6729.49
1507474,São João de Pirabas,PA,1964,2681.38,1468.13,31.5,23.04,80.19,0.73,1.03,6866.1
1507474,São João de Pirabas,PA,1965,2564.37,1539.94,32.08,23.27,76.74,0.88,1.01,7142.0
1507474,São João de Pirabas,PA,1966,2501.35,1450.27,31.87,23.6,78.05,0.83,0.67,6885.48
1507474,São João de Pirabas,PA,1967,2619.15,1476.32,31.18,22.6,81.45,0.66,1.1,7010.99
1507474,São João de Pirabas,PA,1968,2458.2,1433.84,31.07,22.59,83.71,0.58,1.24,6823.21
1507474,São João de Pirabas,PA,1969,2386.17,1507.69,31.89,22.98,82.72,0.64,1.18,7122.05
1507474,São João de Pirabas,PA,1970,2443.91,1460.71,31.74,22.02,84.4,0.55,1.25,6984.91
1507474,São João de Pirabas,PA,1971,2387.92,1449.6,31.6,21.51,83.65,0.57,1.1,7016.64
1507474,São João de Pirabas,PA,1972,2025.97,1453.44,31.88,22.07,83.07,0.61,1.03,6936.94
1507474,São João de Pirabas,PA,1973,2561.29,1347.6,30.31,22.37,85.44,0.5,1.06,6557.95
1507474,São João de Pirabas,PA,1974,3275.59,1357.94,30.12,21.44,84.63,0.52,1.44,6537.69
1507474,São João de Pirabas,PA,1975,3456.27,1353.84,30.41,21.33,84.39,0.53,1.21,6564.55
1507474,São João de Pirabas,PA,1976,2174.37,1445.92,30.88,20.62,82.11,0.6,1.23,6974.8
1507474,São João de Pirabas,PA,1977,2681.08,1388.85,30.95,20.9,83.19,0.57,1.49,6494.8
1507474,São João de Pirabas,PA,1978,2637.43,1389.06,30.99,21.74,84.0,0.55,1.46,6542.24
1507474,São João de Pirabas,PA,1979,2248.56,1391.72,31.45,21.8,83.41,0.58,1.35,6538.79
1507474,São João de Pirabas,PA,1980,2868.34,1387.72,31.18,21.43,83.5,0.57,1.29,6531.19
1507508,São João do Araguaia,PA,1961,1688.0,1473.09,32.91,20.16,79.24,0.73,0.93,6939.83
1507508,São João do Araguaia,PA,1962,1535.48,1429.33,32.77,20.54,79.98,0.7,0.81,6766.09
1507508,São João do Araguaia,PA,1963,1449.12,1432.3,32.99,20.31,78.85,0.75,0.8,6746.45
1507508,São João do Araguaia,PA,1964,1609.27,1437.06,32.38,20.54,79.93,0.7,0.84,6814.26
1507508,São João do Araguaia,PA,1965,1286.11,1470.59,32.69,20.19,76.96,0.8,0.72,7107.28
1507508,São João do Araguaia,PA,1966,1541.65,1405.23,32.45,20.47,77.23,0.79,0.51,6879.82
1507508,São João do Araguaia,PA,1967,1550.03,1453.18,32.38,20.02,77.84,0.76,0.78,6961.51
1507508,São João do Araguaia,PA,1968,1315.47,1437.01,32.21,20.09,79.06,0.72,0.75,6947.0
1507508,São João do Araguaia,PA,1969,1385.94,1495.05,33.18,20.99,78.17,0.79,0.74,7130.22
1507508,São João do Araguaia,PA,1970,1399.7,1461.73,33.01,20.58,78.88,0.75,0.81,6891.92
1507508,São João do Araguaia,PA,1971,1405.37,1441.72,32.83,20.69,82.07,0.63,0.91,6848.72
1507508,São João do Araguaia,PA,1972,1372.94,1416.95,33.57,21.0,83.37,0.61,0.72,6720.16
1507508,São João do Araguaia,PA,1973,1995.78,1361.11,31.2,20.64,82.46,0.59,0.82,6647.8
1507508,São João do Araguaia,PA,1974,1974.89,1315.1,31.17,20.61,82.24,0.6,0.84,6349.81
1507508,São João do Araguaia,PA,1975,1798.65,1330.2,31.15,20.59,82.93,0.57,0.81,6498.73
1507508,São João do Araguaia,PA,1976,1560.31,1361.67,31.25,21.56,79.86,0.7,0.8,6517.68
1507508,São João do Araguaia,PA,1977,1741.1,1312.08,31.11,21.95,78.86,0.74,1.01,6058.89
1507508,São João do Araguaia,PA,1978,1573.3,1339.92,31.37,21.95,78.12,0.77,1.07,6116.69
1507508,São João do Araguaia,PA,1979,1466.58,1299.85,31.64,21.78,81.03,0.67,0.95,6046.79
1507508,São João do Araguaia,PA,1980,1647.72,1373.19,32.04,21.89,76.56,0.85,1.1,6151.82
1507607,São Miguel do Guamá,PA,1961,3524.3,1463.93,30.83,22.93,82.47,0.63,1.32,6913.28
1507607,São Miguel do Guamá,PA,1962,2463.47,1446.48,31.22,22.97,82.07,0.65,1.21,6780.54
1507607,São Miguel do Guamá,PA,1963,2148.37,1423.76,31.31,22.93,82.09,0.65,1.01,6720.06
1507607,São Miguel do Guamá,PA,1964,2635.43,1458.76,31.38,22.86,80.32,0.72,1.0,6851.49
1507607,São Miguel do Guamá,PA,1965,2533.64,1523.1,32.04,23.09,76.79,0.87,0.95,7125.66
1507607,São Miguel do Guamá,PA,1966,2932.45,1434.35,31.84,23.46,78.25,0.81,0.57,6875.27
1507607,São Miguel do Guamá,PA,1967,2800.45,1467.98,31.15,22.23,81.45,0.65,1.09,7001.25
1507607,São Miguel do Guamá,PA,1968,2440.03,1455.69,31.28,22.12,80.89,0.68,1.14,6880.86
1507607,São Miguel do Guamá,PA,1969,2685.01,1520.33,32.33,22.51,80.75,0.71,1.13,7126.76
1507607,São Miguel do Guamá,PA,1970,2637.84,1473.09,32.04,21.72,83.04,0.6,1.12,7050.57
1507607,São Miguel do Guamá,PA,1971,2423.32,1453.75,31.81,21.3,83.59,0.57,1.07,7029.21
1507607,São Miguel do Guamá,PA,1972,2467.03,1451.04,32.04,21.83,83.04,0.61,1.0,6935.37
1507607,São Miguel do Guamá,PA,1973,3103.69,1362.08,30.84,22.63,85.33,0.52,1.05,6554.97
1507607,São Miguel do Guamá,PA,1974,3134.56,1353.89,29.73,22.07,84.45,0.53,1.45,6540.2
1507607,São Miguel do Guamá,PA,1975,3402.08,1360.09,30.58,21.59,84.33,0.53,1.26,6549.62
1507607,São Miguel do Guamá,PA,1976,2533.0,1446.89,31.0,21.37,82.14,0.61,1.13,6979.99
1507607,São Miguel do Guamá,PA,1977,2573.21,1385.73,30.99,21.67,83.34,0.58,1.21,6563.76
1507607,São Miguel do Guamá,PA,1978,2872.46,1383.83,30.98,22.1,84.12,0.55,1.34,6560.15
1507607,São Miguel do Guamá,PA,1979,2208.13,1398.27,31.35,22.19,83.33,0.59,1.33,6577.9
1507607,São Miguel do Guamá,PA,1980,2735.01,1393.35,31.14,21.93,83.56,0.58,1.25,6565.59
1507706,São Sebastião da Boa Vista,PA,1961,2997.11,1432.0,30.86,23.01,83.2,0.6,1.3,6788.08
1507706,São Sebastião da Boa Vista,PA,1962,2425.11,1418.84,31.26,23.11,82.97,0.62,1.22,6647.18
1507706,São Sebastião da Boa Vista,PA,1963,2028.91,1390.23,31.39,23.04,83.48,0.6,1.0,6570.52
1507706,São Sebastião da Boa Vista,PA,1964,2813.21,1438.7,31.34,22.91,82.1,0.65,1.06,6751.27
1507706,São Sebastião da Boa Vista,PA,1965,2493.99,1507.28,31.85,23.08,78.85,0.79,1.13,6991.04
1507706,São Sebastião da Boa Vista,PA,1966,3111.66,1404.26,31.38,23.36,80.36,0.72,0.81,6634.45
1507706,São Sebastião da Boa Vista,PA,1967,2961.1,1425.34,31.14,22.46,83.2,0.6,1.15,6766.88
1507706,São Sebastião da Boa Vista,PA,1968,2751.16,1428.67,31.08,22.47,83.74,0.58,1.29,6788.03
1507706,São Sebastião da Boa Vista,PA,1969,2514.85,1508.31,32.0,22.89,83.07,0.62,1.27,7073.82
1507706,São Sebastião da Boa Vista,PA,1970,2610.82,1468.54,32.46,21.74,84.26,0.57,1.24,6914.69
1507706,São Sebastião da Boa Vista,PA,1971,2369.04,1467.41,32.43,21.85,83.81,0.59,1.29,6881.08
1507706,São Sebastião da Boa Vista,PA,1972,2660.02,1451.55,32.45,21.74,84.24,0.57,1.18,6845.2
1507706,São Sebastião da Boa Vista,PA,1973,3243.76,1418.02,32.45,22.19,84.36,0.57,1.27,6584.18
1507706,São Sebastião da Boa Vista,PA,1974,3199.26,1378.92,30.53,22.8,84.52,0.55,1.48,6558.26
1507706,São Sebastião da Boa Vista,PA,1975,3076.2,1404.72,32.15,21.78,85.14,0.53,1.31,6620.94
1507706,São Sebastião da Boa Vista,PA,1976,2510.21,1481.39,31.67,22.18,83.63,0.59,1.18,7070.47
1507706,São Sebastião da Boa Vista,PA,1977,2436.68,1400.83,30.61,22.94,83.98,0.57,1.41,6620.31
1507706,São Sebastião da Boa Vista,PA,1978,2950.95,1392.02,31.24,22.82,84.91,0.54,1.48,6531.87
1507706,São Sebastião da Boa Vista,PA,1979,2659.1,1385.52,31.46,22.86,85.06,0.54,1.32,6531.87
1507706,São Sebastião da Boa Vista,PA,1980,3406.15,1420.53,31.53,22.88,85.02,0.55,1.32,6688.12
1507755,Sapucaia,PA,1961,1217.36,1431.54,32.67,18.28,76.45,0.78,0.81,6943.76
1507755,Sapucaia,PA,1962,1580.25,1405.89,32.72,18.62,77.21,0.76,0.7,6785.41
1507755,Sapucaia,PA,1963,1477.18,1395.5,32.63,18.16,75.14,0.82,0.63,6834.89
1507755,Sapucaia,PA,1964,1730.37,1383.17,31.67,18.56,77.96,0.71,0.72,6746.08
1507755,Sapucaia,PA,1965,1398.62,1394.17,31.83,18.42,76.48,0.76,0.56,6984.28
1507755,Sapucaia,PA,1966,1512.27,1366.79,32.31,18.71,75.82,0.8,0.45,6838.51
1507755,Sapucaia,PA,1967,1782.52,1399.75,32.0,18.21,76.11,0.77,0.62,6935.59
1507755,Sapucaia,PA,1968,1773.16,1395.61,31.62,18.33,76.51,0.75,0.66,6940.56
1507755,Sapucaia,PA,1969,1692.2,1442.13,32.6,19.06,75.57,0.82,0.63,7081.05
1507755,Sapucaia,PA,1970,1707.65,1468.18,33.23,19.53,76.32,0.81,0.82,6899.77
1507755,Sapucaia,PA,1971,1512.93,1418.94,32.63,20.1,79.39,0.71,0.9,6706.71
1507755,Sapucaia,PA,1972,1456.83,1380.82,33.06,20.53,79.92,0.71,0.87,6413.06
1507755,Sapucaia,PA,1973,1936.02,1329.43,31.48,20.36,83.71,0.55,0.85,6432.91
1507755,Sapucaia,PA,1974,1945.15,1274.0,31.4,18.7,83.13,0.54,0.82,6193.2
1507755,Sapucaia,PA,1975,1625.4,1305.12,31.12,19.96,83.56,0.54,0.8,6379.81
1507755,Sapucaia,PA,1976,1558.71,1335.01,31.18,20.49,81.28,0.63,0.85,6449.35
1507755,Sapucaia,PA,1977,1658.82,1254.7,31.1,21.22,81.04,0.65,0.82,5956.94
1507755,Sapucaia,PA,1978,1509.92,1311.52,31.45,21.38,79.66,0.71,0.94,6106.64
1507755,Sapucaia,PA,1979,1865.82,1298.31,31.46,21.08,81.1,0.65,0.94,6097.06
1507755,Sapucaia,PA,1980,1498.89,1327.94,31.94,21.13,76.99,0.81,1.07,5971.18
1507805,Senador José Porfírio,PA,1961,2024.64,1371.6,30.08,20.29,82.02,0.58,1.26,6679.54
1507805,Senador José Porfírio,PA,1962,2258.1,1358.76,30.32,20.59,82.22,0.58,1.15,6572.87
1507805,Senador José Porfírio,PA,1963,1913.55,1345.09,30.42,20.18,81.96,0.59,1.04,6532.5
1507805,Senador José Porfírio,PA,1964,2352.41,1336.59,29.9,19.95,82.28,0.56,1.04,6533.86
1507805,Senador José Porfírio,PA,1965,1927.58,1406.66,30.6,19.95,79.67,0.66,1.12,6796.72
1507805,Senador José Porfírio,PA,1966,2124.21,1312.28,29.8,20.36,80.86,0.61,0.84,6466.21
1507805,Senador José Porfírio,PA,1967,1865.49,1366.13,29.96,20.31,83.29,0.54,1.23,6657.54
1507805,Senador José Porfírio,PA,1968,2351.14,1354.41,29.71,20.17,82.87,0.55,1.36,6595.44
1507805,Senador José Porfírio,PA,1969,2086.08,1427.9,30.72,21.31,82.65,0.59,1.37,6776.62
1507805,Senador José Porfírio,PA,1970,2205.19,1388.9,31.39,19.98,84.94,0.5,1.1,6775.67
1507805,Senador José Porfírio,PA,1971,2446.44,1355.22,30.65,20.79,84.15,0.53,1.1,6573.66
1507805,Senador José Porfírio,PA,1972,2265.35,1328.97,31.15,21.18,84.22,0.54,1.02,6360.12
1507805,Senador José Porfírio,PA,1973,2557.94,1260.69,29.3,21.9,86.35,0.45,0.94,6240.64
1507805,Senador José Porfírio,PA,1974,2692.23,1203.83,30.33,20.94,85.68,0.47,0.88,5815.87
1507805,Senador José Porfírio,PA,1975,2380.63,1226.56,30.59,21.06,85.36,0.49,0.83,5928.35
1507805,Senador José Porfírio,PA,1976,1939.53,1294.27,30.71,21.21,83.84,0.55,0.99,6210.1
1507805,Senador José Porfírio,PA,1977,2177.85,1225.28,30.04,21.76,84.32,0.53,1.05,5822.63
1507805,Senador José Porfírio,PA,1978,1924.2,1274.72,30.61,21.64,84.05,0.54,1.2,5993.38
1507805,Senador José Porfírio,PA,1979,1733.82,1281.63,30.79,21.48,85.28,0.5,1.15,6109.94
1507805,Senador José Porfírio,PA,1980,1621.01,1272.67,31.04,21.91,85.85,0.49,1.15,6001.18
1507904,Soure,PA,1961,3527.39,1458.05,30.69,23.91,82.58,0.64,1.34,6826.41
1507904,Soure,PA,1962,2538.8,1447.09,31.16,24.01,82.16,0.67,1.28,6688.8
1507904,Soure,PA,1963,2143.55,1420.28,31.48,23.83,82.34,0.66,1.08,6595.97
1507904,Soure,PA,1964,2835.29,1456.26,31.41,23.68,82.14,0.67,1.12,6772.32
1507904,Soure,PA,1965,2626.1,1523.92,31.82,23.83,78.99,0.8,1.18,7009.1
1507904,Soure,PA,1966,3090.75,1434.25,31.68,24.22,80.18,0.75,0.77,6733.73
1507904,Soure,PA,1967,2984.26,1461.02,31.01,23.47,82.04,0.66,1.16,6874.17
1507904,Soure,PA,1968,2732.87,1431.33,30.83,23.33,83.75,0.59,1.23,6796.04
1507904,Soure,PA,1969,2742.74,1498.79,31.22,23.77,83.03,0.63,1.22,7099.58
1507904,Soure,PA,1970,2618.36,1444.33,31.13,22.45,84.06,0.56,1.22,6949.25
1507904,Soure,PA,1971,2716.48,1426.26,31.14,21.69,83.85,0.56,1.28,6875.89
1507904,Soure,PA,1972,2522.16,1452.78,31.5,23.82,84.0,0.61,1.15,6829.18
1507904,Soure,PA,1973,3246.2,1393.0,30.79,24.63,85.04,0.56,1.11,6572.72
1507904,Soure,PA,1974,3153.96,1391.72,30.48,23.48,84.65,0.56,1.5,6556.69
1507904,Soure,PA,1975,3824.0,1393.0,30.9,23.5,85.17,0.54,1.28,6607.9
1507904,Soure,PA,1976,2459.38,1487.22,31.36,24.06,83.2,0.64,1.1,7009.83
1507904,Soure,PA,1977,3071.82,1417.46,31.22,24.08,83.66,0.61,1.18,6601.62
1507904,Soure,PA,1978,2606.46,1392.69,30.72,23.57,84.57,0.56,1.28,6590.78
1507904,Soure,PA,1979,2831.69,1395.4,30.94,23.5,84.42,0.57,1.3,6590.62
1507904,Soure,PA,1980,3188.71,1397.04,30.74,23.83,84.43,0.57,1.2,6593.24
1507953,Tailândia,PA,1961,3003.3,1440.39,30.9,22.36,81.27,0.66,1.14,6855.79
1507953,Tailândia,PA,1962,2228.14,1419.46,31.31,22.44,81.53,0.66,1.05,6698.07
1507953,Tailândia,PA,1963,1929.77,1404.92,31.4,22.35,81.39,0.67,0.94,6655.19
1507953,Tailândia,PA,1964,2541.65,1433.74,31.53,21.99,81.12,0.67,0.95,6788.97
1507953,Tailândia,PA,1965,2297.18,1491.93,32.23,21.68,77.21,0.82,0.95,7010.99
1507953,Tailândia,PA,1966,3076.07,1405.64,31.68,22.1,78.42,0.77,0.68,6737.19
1507953,Tailândia,PA,1967,2728.74,1438.6,31.28,21.67,81.49,0.64,1.07,6856.89
1507953,Tailândia,PA,1968,2549.63,1434.56,31.36,21.62,81.47,0.65,1.03,6858.87
1507953,Tailândia,PA,1969,2758.67,1491.52,32.35,22.2,81.93,0.66,1.01,7070.84
1507953,Tailândia,PA,1970,2479.82,1456.36,32.43,21.12,83.51,0.58,0.96,6995.12
1507953,Tailândia,PA,1971,2366.98,1434.61,32.26,21.37,83.57,0.59,0.99,6854.84
1507953,Tailândia,PA,1972,2337.48,1416.69,32.72,21.55,83.2,0.61,0.84,6724.4
1507953,Tailândia,PA,1973,3280.68,1377.44,31.85,22.07,84.13,0.57,0.92,6565.18
1507953,Tailândia,PA,1974,3378.98,1353.07,30.94,22.02,84.31,0.55,1.17,6469.82
1507953,Tailândia,PA,1975,2768.57,1371.76,32.23,21.34,85.04,0.53,1.02,6529.68
1507953,Tailândia,PA,1976,2446.67,1444.89,31.48,22.06,83.16,0.6,1.0,6959.56
1507953,Tailândia,PA,1977,2555.72,1354.92,30.25,22.69,83.71,0.57,1.15,6491.66
1507953,Tailândia,PA,1978,2778.04,1351.33,31.27,22.33,84.31,0.56,1.2,6374.94
1507953,Tailândia,PA,1979,2293.04,1352.61,31.39,22.52,84.13,0.57,1.11,6387.35
1507953,Tailândia,PA,1980,2335.22,1408.61,31.5,22.61,82.78,0.62,1.2,6574.39
1507961,Terra Alta,PA,1961,3619.3,1467.41,30.73,23.15,82.51,0.63,1.37,6915.79
1507961,Terra Alta,PA,1962,2517.46,1453.8,31.15,23.2,82.02,0.66,1.26,6798.76
1507961,Terra Alta,PA,1963,2094.2,1430.36,31.28,23.14,82.18,0.65,1.06,6732.47
1507961,Terra Alta,PA,1964,2741.11,1465.57,31.27,23.14,80.35,0.72,1.05,6851.8
1507961,Terra Alta,PA,1965,2611.72,1528.73,31.83,23.47,76.85,0.87,0.99,7133.83
1507961,Terra Alta,PA,1966,3047.89,1437.98,31.61,23.87,78.29,0.82,0.59,6877.15
1507961,Terra Alta,PA,1967,2778.52,1476.93,31.02,22.57,81.48,0.66,1.16,7015.7
1507961,Terra Alta,PA,1968,2480.67,1433.58,31.06,22.45,83.73,0.58,1.24,6836.41
1507961,Terra Alta,PA,1969,2652.57,1510.3,31.94,22.83,82.68,0.64,1.18,7137.29
1507961,Terra Alta,PA,1970,2605.41,1451.09,31.73,21.88,84.43,0.55,1.12,6994.49
1507961,Terra Alta,PA,1971,2482.82,1446.12,31.58,21.25,83.62,0.57,1.1,7012.24
1507961,Terra Alta,PA,1972,2461.45,1453.29,31.85,22.26,83.0,0.61,1.03,6924.22
1507961,Terra Alta,PA,1973,3307.57,1370.07,30.87,23.07,85.26,0.53,1.06,6563.92
1507961,Terra Alta,PA,1974,3146.85,1359.83,29.77,22.42,84.41,0.53,1.44,6551.67
1507961,Terra Alta,PA,1975,3409.96,1365.15,30.62,21.99,84.62,0.53,1.22,6581.83
1507961,Terra Alta,PA,1976,2475.89,1453.13,31.07,22.0,82.69,0.61,1.13,6978.41
1507961,Terra Alta,PA,1977,2637.8,1394.12,31.04,22.23,83.42,0.59,1.23,6568.32
1507961,Terra Alta,PA,1978,3035.4,1386.34,30.91,22.42,84.19,0.56,1.35,6564.39
1507961,Terra Alta,PA,1979,2411.91,1388.9,31.24,22.49,83.89,0.57,1.25,6573.03
1507961,Terra Alta,PA,1980,2987.82,1391.77,31.04,22.36,83.51,0.58,1.22,6564.96
1507979,Terra Santa,PA,1961,2347.93,1393.2,31.17,21.83,84.02,0.56,1.16,6683.62
1507979,Terra Santa,PA,1962,2641.56,1396.78,31.41,21.97,84.76,0.54,1.28,6604.76
1507979,Terra Santa,PA,1963,2383.51,1386.44,31.78,21.88,84.08,0.57,1.2,6497.32
1507979,Terra Santa,PA,1964,2512.13,1368.94,31.68,21.71,84.46,0.55,1.26,6405.52
1507979,Terra Santa,PA,1965,2027.65,1441.87,32.01,21.78,82.93,0.62,1.28,6703.73
1507979,Terra Santa,PA,1966,2143.24,1365.0,32.19,21.5,83.76,0.58,1.05,6369.45
1507979,Terra Santa,PA,1967,1933.48,1395.4,31.84,22.92,83.25,0.62,1.29,6362.22
1507979,Terra Santa,PA,1968,2469.78,1361.98,31.44,22.82,84.78,0.56,1.32,6314.41
1507979,Terra Santa,PA,1969,2104.52,1463.32,32.4,23.53,83.44,0.64,1.43,6592.51
1507979,Terra Santa,PA,1970,2715.57,1398.22,31.87,23.32,85.7,0.54,1.2,6539.73
1507979,Terra Santa,PA,1971,2467.59,1351.74,31.37,22.02,85.53,0.52,1.29,6372.75
1507979,Terra Santa,PA,1972,2186.14,1390.49,31.58,21.25,84.33,0.55,1.34,6501.97
1507979,Terra Santa,PA,1973,2617.48,1319.91,30.97,23.32,85.74,0.52,1.27,6196.81
1507979,Terra Santa,PA,1974,2505.87,1327.07,30.36,23.17,84.57,0.55,1.2,6292.79
1507979,Terra Santa,PA,1975,2680.09,1363.62,31.26,22.85,83.82,0.59,1.16,6374.63
1507979,Terra Santa,PA,1976,2270.15,1422.07,31.29,22.93,83.64,0.6,1.28,6637.22
1507979,Terra Santa,PA,1977,2400.18,1330.5,30.61,23.39,84.96,0.55,1.14,6286.03
1507979,Terra Santa,PA,1978,2179.02,1329.28,31.25,23.24,84.83,0.56,1.25,6140.57
1507979,Terra Santa,PA,1979,2379.94,1331.78,31.35,23.51,83.77,0.6,1.08,6178.59
1507979,Terra Santa,PA,1980,1905.88,1371.3,31.8,23.52,85.57,0.54,1.14,6373.79
1508001,Tomé-Açu,PA,1961,3425.91,1446.94,30.92,22.64,82.08,0.64,1.13,6901.5
1508001,Tomé-Açu,PA,1962,2291.13,1431.13,31.3,22.65,81.87,0.65,1.06,6762.48
1508001,Tomé-Açu,PA,1963,2041.69,1424.78,31.45,22.6,81.61,0.66,0.98,6733.57
1508001,Tomé-Açu,PA,1964,2554.17,1447.81,31.57,22.34,80.31,0.71,0.95,6827.92
1508001,Tomé-Açu,PA,1965,2316.1,1506.21,32.36,22.1,76.7,0.85,0.9,7090.0
1508001,Tomé-Açu,PA,1966,3029.76,1412.96,31.83,22.43,78.18,0.79,0.58,6830.81
1508001,Tomé-Açu,PA,1967,2709.19,1461.99,31.27,21.84,81.35,0.65,1.09,6974.54
1508001,Tomé-Açu,PA,1968,2501.27,1452.88,31.38,21.85,80.7,0.68,1.12,6865.94
1508001,Tomé-Açu,PA,1969,2788.02,1507.95,32.42,22.33,80.6,0.71,1.06,7078.69
1508001,Tomé-Açu,PA,1970,2585.44,1471.92,32.36,21.4,81.96,0.64,1.05,6997.95
1508001,Tomé-Açu,PA,1971,2481.14,1442.69,32.21,21.37,83.6,0.58,1.01,6911.71
1508001,Tomé-Açu,PA,1972,2632.17,1439.06,32.43,21.72,82.97,0.61,0.87,6871.44
1508001,Tomé-Açu,PA,1973,3446.69,1380.2,31.6,22.51,84.59,0.56,0.92,6594.71
1508001,Tomé-Açu,PA,1974,3496.64,1365.82,30.24,22.33,84.18,0.55,1.28,6592.82
1508001,Tomé-Açu,PA,1975,2909.63,1378.0,31.45,21.68,84.53,0.54,1.11,6611.52
1508001,Tomé-Açu,PA,1976,2528.45,1450.57,31.3,21.91,82.77,0.61,1.06,6983.44
1508001,Tomé-Açu,PA,1977,2556.95,1377.44,30.67,22.31,83.45,0.58,1.16,6569.26
1508001,Tomé-Açu,PA,1978,2839.24,1370.43,31.13,22.27,84.27,0.55,1.18,6510.35
1508001,Tomé-Açu,PA,1979,2348.92,1373.55,31.39,22.47,83.6,0.58,1.11,6498.57
1508001,Tomé-Açu,PA,1980,2287.01,1400.37,31.31,22.49,82.63,0.62,1.17,6561.98
1508035,Tracuateua,PA,1961,3540.36,1474.22,30.88,23.22,82.28,0.64,1.34,6925.85
1508035,Tracuateua,PA,1962,2421.8,1459.99,31.29,23.27,81.79,0.67,1.22,6811.65
1508035,Tracuateua,PA,1963,2097.06,1428.31,31.34,23.15,82.12,0.66,1.02,6725.56
1508035,Tracuateua,PA,1964,2583.82,1473.81,31.68,22.87,80.13,0.73,0.97,6913.22
1508035,Tracuateua,PA,1965,2511.49,1546.54,32.35,23.05,76.67,0.88,0.98,7177.19
1508035,Tracuateua,PA,1966,2355.31,1453.54,32.29,23.37,77.98,0.83,0.64,6891.44
1508035,Tracuateua,PA,1967,2627.63,1470.89,31.4,22.45,80.73,0.69,0.96,7003.92
1508035,Tracuateua,PA,1968,2433.57,1460.91,31.3,22.4,80.93,0.68,1.16,6880.08
1508035,Tracuateua,PA,1969,2264.2,1520.08,32.17,22.86,80.63,0.71,1.15,7110.9
1508035,Tracuateua,PA,1970,2431.51,1491.98,31.9,21.96,83.12,0.6,1.27,7112.78
1508035,Tracuateua,PA,1971,2385.48,1454.46,31.67,21.62,83.64,0.57,1.08,7034.24
1508035,Tracuateua,PA,1972,1832.06,1457.33,31.93,21.95,83.04,0.61,1.02,6962.55
1508035,Tracuateua,PA,1973,2509.37,1343.35,30.47,21.99,85.93,0.48,1.04,6555.59
1508035,Tracuateua,PA,1974,3266.99,1351.54,30.17,21.2,84.76,0.51,1.43,6507.06
1508035,Tracuateua,PA,1975,3283.03,1350.98,30.35,21.19,84.4,0.52,1.25,6539.41
1508035,Tracuateua,PA,1976,2165.46,1446.07,30.84,19.94,81.91,0.59,1.36,6954.69
1508035,Tracuateua,PA,1977,2661.9,1384.91,30.95,20.15,82.85,0.57,1.47,6487.73
1508035,Tracuateua,PA,1978,2435.7,1388.85,31.04,21.53,83.82,0.56,1.46,6527.48
1508035,Tracuateua,PA,1979,2070.44,1394.28,31.54,21.56,83.03,0.59,1.34,6531.56
1508035,Tracuateua,PA,1980,2737.96,1394.48,31.23,21.13,83.13,0.58,1.38,6524.28
1508050,Trairão,PA,1961,2307.76,1328.82,31.23,21.2,84.75,0.52,0.89,6441.39
1508050,Trairão,PA,1962,2796.82,1337.16,31.38,21.43,85.26,0.51,0.97,6420.66
1508050,Trairão,PA,1963,2239.54,1344.12,31.86,21.07,83.77,0.57,0.92,6395.68
1508050,Trairão,PA,1964,2780.88,1313.72,31.48,21.31,84.91,0.52,0.94,6276.08
1508050,Trairão,PA,1965,2495.92,1373.6,31.79,21.26,83.77,0.57,0.99,6535.02
1508050,Trairão,PA,1966,2114.71,1292.53,31.98,20.65,84.46,0.54,0.64,6224.46
1508050,Trairão,PA,1967,2108.55,1359.32,31.96,20.58,83.38,0.57,1.19,6265.3
1508050,Trairão,PA,1968,2485.97,1316.84,31.15,20.57,84.65,0.52,1.36,6175.39
1508050,Trairão,PA,1969,2203.94,1396.17,32.1,21.36,83.85,0.57,1.44,6362.22
1508050,Trairão,PA,1970,2256.16,1362.18,32.23,20.8,85.71,0.5,1.09,6497.0
1508050,Trairão,PA,1971,2099.43,1300.92,31.44,20.39,86.85,0.44,1.04,6277.24
1508050,Trairão,PA,1972,2430.71,1329.07,31.94,20.08,85.59,0.49,1.0,6371.59
1508050,Trairão,PA,1973,2266.46,1299.03,31.21,21.62,86.06,0.48,1.19,6171.36
1508050,Trairão,PA,1974,2203.05,1274.05,30.23,21.61,85.21,0.5,1.09,6160.05
1508050,Trairão,PA,1975,2323.6,1329.53,31.87,21.41,84.91,0.53,1.1,6239.69
1508050,Trairão,PA,1976,1806.81,1380.66,32.0,21.69,83.82,0.58,1.09,6465.06
1508050,Trairão,PA,1977,2018.89,1313.36,31.24,22.07,84.87,0.54,0.97,6237.97
1508050,Trairão,PA,1978,2021.41,1287.1,30.74,22.35,84.37,0.55,1.0,6100.51
1508050,Trairão,PA,1979,1959.92,1311.41,31.05,22.58,83.75,0.58,0.92,6218.8
1508050,Trairão,PA,1980,1829.2,1342.17,31.27,22.51,85.38,0.52,1.0,6386.67
1508084,Tucumã,PA,1961,1226.3,1368.63,31.8,18.44,78.04,0.71,0.81,6662.41
1508084,Tucumã,PA,1962,1572.57,1339.61,32.01,18.71,78.73,0.69,0.75,6452.39
1508084,Tucumã,PA,1963,1407.27,1348.72,31.9,18.22,76.9,0.74,0.74,6508.15
1508084,Tucumã,PA,1964,1728.19,1309.78,31.04,18.58,79.14,0.66,0.69,6434.42
1508084,Tucumã,PA,1965,1526.31,1359.98,31.31,18.32,76.69,0.74,0.67,6737.97
1508084,Tucumã,PA,1966,1749.65,1303.74,31.51,18.69,75.89,0.78,0.49,6478.78
1508084,Tucumã,PA,1967,1834.32,1311.41,31.35,18.32,77.95,0.7,0.64,6453.64
1508084,Tucumã,PA,1968,1770.06,1300.26,31.06,18.38,78.64,0.67,0.67,6417.62
1508084,Tucumã,PA,1969,1769.24,1353.54,32.04,19.21,78.48,0.71,0.7,6555.12
1508084,Tucumã,PA,1970,1692.1,1391.2,32.55,19.3,78.79,0.71,0.78,6653.62
1508084,Tucumã,PA,1971,1713.11,1390.85,31.99,19.9,79.86,0.68,0.95,6596.91
1508084,Tucumã,PA,1972,1419.6,1347.96,32.19,20.38,80.26,0.68,0.88,6357.61
1508084,Tucumã,PA,1973,1999.12,1302.97,31.09,20.36,84.89,0.5,0.82,6362.22
1508084,Tucumã,PA,1974,2050.8,1195.13,30.68,18.69,85.29,0.46,0.76,5868.97
1508084,Tucumã,PA,1975,1802.84,1237.66,30.84,19.85,85.69,0.47,0.77,6060.77
1508084,Tucumã,PA,1976,1854.28,1276.71,31.25,20.08,83.03,0.56,0.81,6152.92
1508084,Tucumã,PA,1977,2397.94,1202.96,30.88,20.73,83.82,0.54,0.73,5781.63
1508084,Tucumã,PA,1978,1992.46,1231.16,30.82,20.85,83.34,0.56,0.85,5881.69
1508084,Tucumã,PA,1979,1795.38,1272.77,31.04,20.87,81.92,0.61,0.95,6024.17
1508084,Tucumã,PA,1980,1642.62,1279.94,31.43,20.99,79.0,0.72,1.1,5790.21
1508100,Tucuruí,PA,1961,2317.64,1432.71,31.29,21.24,80.67,0.67,1.2,6792.01
1508100,Tucuruí,PA,1962,2081.07,1414.29,31.55,21.47,80.91,0.67,1.11,6640.89
1508100,Tucuruí,PA,1963,1804.53,1398.83,31.73,21.17,80.35,0.68,0.98,6599.74
1508100,Tucuruí,PA,1964,2466.11,1409.32,31.28,21.08,81.33,0.64,0.97,6727.39
1508100,Tucuruí,PA,1965,2070.33,1460.56,31.87,20.75,77.83,0.77,0.94,6958.68
1508100,Tucuruí,PA,1966,1979.49,1363.93,31.15,21.11,78.08,0.75,0.69,6593.77
1508100,Tucuruí,PA,1967,1944.07,1399.09,30.9,21.11,81.44,0.63,1.04,6717.55
1508100,Tucuruí,PA,1968,1830.78,1407.07,30.82,21.08,81.54,0.63,1.03,6804.2
1508100,Tucuruí,PA,1969,1880.72,1462.7,31.81,21.9,82.14,0.64,1.01,6994.65
1508100,Tucuruí,PA,1970,1926.41,1421.66,32.15,20.51,84.57,0.53,0.88,6925.69
1508100,Tucuruí,PA,1971,2210.3,1404.41,31.94,20.19,84.25,0.54,0.91,6828.61
1508100,Tucuruí,PA,1972,2374.1,1377.49,33.91,20.47,83.89,0.59,0.82,6405.2
1508100,Tucuruí,PA,1973,2801.94,1291.35,30.66,20.99,84.62,0.52,0.86,6294.52
1508100,Tucuruí,PA,1974,2879.65,1285.72,32.69,19.74,85.4,0.5,0.92,6066.58
1508100,Tucuruí,PA,1975,2528.58,1307.17,33.02,20.07,85.75,0.5,0.84,6182.83
1508100,Tucuruí,PA,1976,2076.07,1337.16,31.27,21.49,83.01,0.59,0.84,6430.65
1508100,Tucuruí,PA,1977,2509.36,1260.03,29.26,22.19,83.04,0.56,0.99,6109.15
1508100,Tucuruí,PA,1978,2347.99,1290.38,31.25,21.78,83.7,0.57,1.05,6059.51
1508100,Tucuruí,PA,1979,2057.71,1309.16,31.41,22.18,84.73,0.54,0.99,6196.34
1508100,Tucuruí,PA,1980,2162.25,1341.66,31.68,22.31,82.5,0.63,1.01,6247.96
1508126,Ulianópolis,PA,1961,2118.15,1445.15,32.2,20.93,80.33,0.69,0.79,6933.39
1508126,Ulianópolis,PA,1962,1670.89,1416.44,32.25,20.96,81.03,0.67,0.75,6787.77
1508126,Ulianópolis,PA,1963,1902.94,1415.46,32.38,20.84,80.47,0.69,0.74,6757.45
1508126,Ulianópolis,PA,1964,2159.06,1457.13,32.16,20.93,79.9,0.71,0.83,6932.23
1508126,Ulianópolis,PA,1965,1787.81,1498.33,32.67,20.64,76.49,0.83,0.78,7161.63
1508126,Ulianópolis,PA,1966,1399.77,1428.77,32.55,20.89,77.83,0.79,0.53,6964.49
1508126,Ulianópolis,PA,1967,1551.1,1449.35,32.05,20.62,80.52,0.67,0.82,6970.93
1508126,Ulianópolis,PA,1968,1389.19,1436.45,32.02,20.58,79.73,0.7,0.73,6946.84
1508126,Ulianópolis,PA,1969,1221.55,1491.88,32.82,21.39,79.1,0.75,0.75,7137.91
1508126,Ulianópolis,PA,1970,1165.77,1468.49,32.47,20.77,80.26,0.69,0.93,6951.61
1508126,Ulianópolis,PA,1971,1367.96,1437.98,32.18,20.62,83.56,0.57,0.99,6916.58
1508126,Ulianópolis,PA,1972,1299.14,1439.88,33.09,20.92,82.78,0.62,0.85,6815.2
1508126,Ulianópolis,PA,1973,2303.11,1365.77,31.89,21.16,83.47,0.58,0.76,6583.87
1508126,Ulianópolis,PA,1974,2145.59,1334.5,31.23,20.82,84.73,0.52,0.97,6477.68
1508126,Ulianópolis,PA,1975,1881.73,1364.8,32.0,20.6,84.6,0.53,1.16,6433.7
1508126,Ulianópolis,PA,1976,1635.32,1444.18,31.58,21.16,80.53,0.68,1.27,6727.08
1508126,Ulianópolis,PA,1977,1912.48,1363.36,31.25,21.51,79.56,0.71,1.29,6194.45
1508126,Ulianópolis,PA,1978,1922.69,1357.89,31.06,21.59,79.82,0.7,1.29,6215.5
1508126,Ulianópolis,PA,1979,1721.58,1360.04,31.83,21.74,81.7,0.65,1.25,6225.4
1508126,Ulianópolis,PA,1980,1702.23,1419.56,32.18,21.89,78.94,0.76,1.29,6336.56
1508159,Uruará,PA,1961,1843.27,1324.11,29.66,20.46,84.9,0.48,1.16,6575.39
1508159,Uruará,PA,1962,2461.25,1325.13,29.85,20.63,84.67,0.5,1.16,6504.38
1508159,Uruará,PA,1963,2096.02,1321.44,30.19,20.44,84.26,0.52,1.06,6455.69
1508159,Uruará,PA,1964,2408.1,1312.74,29.88,20.15,84.4,0.5,1.09,6434.11
1508159,Uruará,PA,1965,2082.95,1387.83,30.27,20.19,81.66,0.6,1.21,6691.0
1508159,Uruará,PA,1966,2143.92,1301.18,30.1,20.29,82.93,0.55,0.89,6368.19
1508159,Uruará,PA,1967,1850.03,1331.99,30.12,20.02,83.65,0.53,1.21,6445.16
1508159,Uruará,PA,1968,2269.99,1314.38,29.84,19.84,84.2,0.5,1.32,6394.68
1508159,Uruará,PA,1969,1972.37,1392.33,30.84,20.51,83.72,0.55,1.39,6594.87
1508159,Uruará,PA,1970,2388.36,1359.06,30.85,20.76,85.68,0.48,1.12,6632.72
1508159,Uruará,PA,1971,2419.76,1335.88,30.26,20.48,85.07,0.49,1.28,6483.02
1508159,Uruará,PA,1972,2045.41,1311.06,30.41,20.41,83.66,0.54,1.33,6170.99
1508159,Uruará,PA,1973,2589.82,1236.64,28.94,21.87,85.65,0.47,1.27,6018.52
1508159,Uruará,PA,1974,2555.47,1222.26,28.09,21.39,85.04,0.47,1.29,6041.45
1508159,Uruará,PA,1975,2547.1,1281.37,29.84,20.94,84.09,0.52,1.32,6104.6
1508159,Uruará,PA,1976,1742.81,1347.55,30.42,20.83,82.61,0.58,1.34,6352.9
1508159,Uruará,PA,1977,1809.96,1311.67,29.67,21.83,83.77,0.55,1.33,6255.72
1508159,Uruará,PA,1978,1801.36,1311.06,30.03,21.62,84.14,0.53,1.32,6234.04
1508159,Uruará,PA,1979,1972.11,1323.24,30.16,21.7,84.42,0.53,1.27,6351.22
1508159,Uruará,PA,1980,1390.16,1349.95,30.56,21.83,85.36,0.5,1.49,6393.74
1508209,Vigia,PA,1961,3667.57,1464.96,30.72,23.44,82.51,0.64,1.3,6905.27
1508209,Vigia,PA,1962,2587.55,1456.92,31.16,23.51,82.02,0.66,1.26,6793.11
1508209,Vigia,PA,1963,2149.23,1431.48,31.36,23.41,82.16,0.66,1.07,6703.73
1508209,Vigia,PA,1964,2876.05,1460.4,31.31,23.39,80.61,0.72,1.07,6793.99
1508209,Vigia,PA,1965,2639.68,1530.32,31.79,23.69,77.9,0.84,1.06,7083.4
1508209,Vigia,PA,1966,3116.77,1442.85,31.65,24.1,78.62,0.81,0.68,6821.54
1508209,Vigia,PA,1967,3049.44,1469.97,31.02,22.94,81.67,0.66,1.17,6948.31
1508209,Vigia,PA,1968,2757.04,1436.86,30.99,22.78,83.77,0.58,1.24,6848.98
1508209,Vigia,PA,1969,2850.54,1507.74,31.69,23.18,82.75,0.64,1.17,7148.44
1508209,Vigia,PA,1970,2660.17,1448.63,31.5,22.07,84.29,0.56,1.15,6980.83
1508209,Vigia,PA,1971,2724.51,1428.41,31.41,21.29,83.94,0.55,1.2,6900.71
1508209,Vigia,PA,1972,2727.56,1443.77,31.69,22.91,83.78,0.6,1.1,6833.74
1508209,Vigia,PA,1973,3232.62,1381.94,30.99,23.8,85.14,0.55,1.08,6559.84
1508209,Vigia,PA,1974,3404.82,1370.94,29.89,23.06,84.58,0.54,1.46,6554.97
1508209,Vigia,PA,1975,3828.76,1375.49,30.76,22.69,85.01,0.53,1.23,6592.98
1508209,Vigia,PA,1976,2583.15,1467.06,31.23,22.94,83.04,0.62,1.12,6988.31
1508209,Vigia,PA,1977,2754.95,1404.61,31.15,23.06,83.56,0.6,1.22,6585.6
1508209,Vigia,PA,1978,2725.34,1392.13,30.86,23.0,84.28,0.56,1.28,6587.64
1508209,Vigia,PA,1979,2410.06,1392.64,31.1,23.02,83.93,0.58,1.28,6572.87
1508209,Vigia,PA,1980,2883.56,1398.52,30.93,23.11,83.66,0.59,1.24,6574.7
1508308,Viseu,PA,1961,3315.66,1472.99,30.78,23.16,82.17,0.64,1.33,6932.13
1508308,Viseu,PA,1962,2275.04,1456.87,31.2,23.21,81.71,0.67,1.2,6817.62
1508308,Viseu,PA,1963,1916.4,1419.41,31.07,23.06,82.0,0.65,0.99,6720.69
1508308,Viseu,PA,1964,2564.71,1478.57,31.96,22.46,79.97,0.73,0.94,6950.14
1508308,Viseu,PA,1965,2330.59,1551.15,32.73,22.52,76.52,0.88,0.98,7187.4
1508308,Viseu,PA,1966,1956.01,1467.82,32.7,22.78,77.65,0.84,0.65,6957.89
1508308,Viseu,PA,1967,2687.48,1473.86,31.68,22.1,80.42,0.7,0.92,7012.87
1508308,Viseu,PA,1968,2484.95,1473.5,31.71,22.12,79.76,0.73,0.95,6995.54
1508308,Viseu,PA,1969,2298.69,1519.82,32.52,22.6,79.73,0.75,0.91,7188.5
1508308,Viseu,PA,1970,2035.6,1489.32,32.05,21.77,82.33,0.63,1.16,7089.85
1508308,Viseu,PA,1971,2187.5,1449.55,31.51,21.81,83.62,0.58,1.06,7012.72
1508308,Viseu,PA,1972,1756.27,1458.05,31.84,22.06,82.94,0.61,1.0,6981.08
1508308,Viseu,PA,1973,2608.74,1343.96,30.15,22.31,86.24,0.47,1.17,6562.03
1508308,Viseu,PA,1974,3752.1,1347.39,30.06,21.37,84.75,0.51,1.42,6480.04
1508308,Viseu,PA,1975,2900.5,1355.68,30.35,21.25,84.11,0.53,1.28,6486.95
1508308,Viseu,PA,1976,1970.12,1480.41,30.84,20.69,81.58,0.62,1.62,6954.07
1508308,Viseu,PA,1977,2850.39,1400.21,30.85,21.26,82.53,0.6,1.69,6432.44
1508308,Viseu,PA,1978,2640.85,1391.61,30.82,21.87,83.6,0.57,1.59,6496.53
1508308,Viseu,PA,1979,1854.14,1423.45,31.4,21.93,81.33,0.66,1.43,6569.26
1508308,Viseu,PA,1980,2670.68,1416.33,31.17,21.55,82.05,0.62,1.47,6529.46
1508357,Vitória do Xingu,PA,1961,1984.41,1379.33,30.32,20.56,83.1,0.55,1.35,6691.0
1508357,Vitória do Xingu,PA,1962,2548.38,1369.04,30.45,20.94,83.13,0.56,1.26,6597.06
1508357,Vitória do Xingu,PA,1963,2122.14,1344.27,30.44,20.53,83.24,0.55,1.08,6543.66
1508357,Vitória do Xingu,PA,1964,2582.62,1339.67,30.05,20.17,82.9,0.55,1.11,6540.77
1508357,Vitória do Xingu,PA,1965,2267.75,1417.05,30.76,20.46,80.06,0.66,1.14,6816.36
1508357,Vitória do Xingu,PA,1966,2485.61,1325.03,29.94,20.6,81.28,0.61,0.92,6480.98
1508357,Vitória do Xingu,PA,1967,1927.51,1368.12,30.16,20.72,83.61,0.54,1.18,6657.86
1508357,Vitória do Xingu,PA,1968,2301.74,1341.41,29.99,20.51,84.2,0.51,1.28,6548.63
1508357,Vitória do Xingu,PA,1969,2113.26,1418.84,31.0,21.83,84.14,0.55,1.24,6756.51
1508357,Vitória do Xingu,PA,1970,2294.1,1380.92,31.79,20.17,84.94,0.51,1.05,6669.95
1508357,Vitória do Xingu,PA,1971,2490.99,1359.32,30.75,21.32,84.64,0.52,1.21,6537.06
1508357,Vitória do Xingu,PA,1972,2380.09,1339.51,30.74,21.98,84.05,0.55,1.23,6330.43
1508357,Vitória do Xingu,PA,1973,2666.34,1261.56,28.42,23.15,85.34,0.49,1.08,6207.96
1508357,Vitória do Xingu,PA,1974,2748.12,1277.58,30.04,21.73,84.27,0.53,1.13,6132.87
1508357,Vitória do Xingu,PA,1975,2436.66,1290.12,30.21,21.87,84.06,0.54,1.09,6181.26
1508357,Vitória do Xingu,PA,1976,1939.0,1382.2,30.89,21.89,82.69,0.6,1.27,6500.87
1508357,Vitória do Xingu,PA,1977,2178.25,1340.84,30.73,22.24,83.15,0.59,1.43,6198.69
1508357,Vitória do Xingu,PA,1978,2107.81,1351.03,30.86,22.14,83.8,0.57,1.53,6259.8
1508357,Vitória do Xingu,PA,1979,2012.94,1333.01,30.99,21.8,85.59,0.5,1.41,6326.72
1508357,Vitória do Xingu,PA,1980,1680.99,1352.15,31.35,22.43,85.81,0.51,1.45,6317.86
1508407,Xinguara,PA,1961,1219.15,1424.22,32.55,18.14,76.43,0.77,0.81,6925.53
1508407,Xinguara,PA,1962,1581.0,1397.91,32.61,18.48,77.2,0.75,0.7,6754.94
1508407,Xinguara,PA,1963,1478.89,1388.49,32.47,17.98,75.12,0.81,0.63,6825.16
1508407,Xinguara,PA,1964,1738.3,1364.28,31.51,18.41,77.94,0.7,0.66,6707.28
1508407,Xinguara,PA,1965,1401.44,1384.24,31.71,18.27,76.47,0.76,0.56,6942.97
1508407,Xinguara,PA,1966,1509.61,1353.13,32.11,18.57,75.79,0.79,0.45,6776.46
1508407,Xinguara,PA,1967,1789.56,1380.41,31.86,18.06,76.09,0.76,0.61,6832.85
1508407,Xinguara,PA,1968,1770.67,1375.44,31.55,18.19,76.49,0.75,0.66,6823.53
1508407,Xinguara,PA,1969,1696.52,1426.32,32.54,18.91,75.52,0.82,0.63,6992.45
1508407,Xinguara,PA,1970,1703.53,1466.75,33.24,19.44,77.14,0.78,0.82,6908.88
1508407,Xinguara,PA,1971,1509.44,1413.16,32.62,20.02,79.32,0.71,1.0,6586.07
1508407,Xinguara,PA,1972,1452.69,1380.15,33.04,20.46,79.94,0.71,0.88,6409.45
1508407,Xinguara,PA,1973,1872.07,1329.17,31.59,20.26,83.78,0.55,0.86,6420.66
1508407,Xinguara,PA,1974,1831.45,1270.26,31.42,18.43,83.17,0.53,0.84,6171.83
1508407,Xinguara,PA,1975,1636.35,1304.56,31.1,19.89,83.59,0.54,0.8,6375.73
1508407,Xinguara,PA,1976,1567.63,1333.73,31.18,20.37,81.33,0.62,0.85,6446.36
1508407,Xinguara,PA,1977,1661.05,1260.74,31.08,21.12,81.13,0.65,0.82,6005.01
1508407,Xinguara,PA,1978,1512.98,1311.52,31.43,21.34,79.75,0.7,0.93,6115.91
1508407,Xinguara,PA,1979,1876.03,1303.74,31.43,20.98,81.13,0.65,0.94,6141.67
1508407,Xinguara,PA,1980,1499.23,1321.29,31.91,21.01,77.02,0.81,1.03,5976.67
1600055,Serra do Navio,AP,1961,2911.36,1395.86,29.9,21.63,83.95,0.54,1.41,6780.86
1600055,Serra do Navio,AP,1962,2611.43,1389.26,30.22,21.76,83.47,0.56,1.35,6655.82
1600055,Serra do Navio,AP,1963,2155.86,1364.44,30.41,21.59,83.84,0.55,1.15,6568.16
1600055,Serra do Navio,AP,1964,2914.26,1382.25,30.32,21.24,82.96,0.57,1.17,6625.13
1600055,Serra do Navio,AP,1965,2419.96,1462.55,30.81,21.36,80.25,0.68,1.3,6899.46
1600055,Serra do Navio,AP,1966,2665.14,1360.44,30.24,21.3,81.83,0.61,1.04,6553.55
1600055,Serra do Navio,AP,1967,2416.2,1384.55,30.17,21.2,83.41,0.55,1.22,6684.4
1600055,Serra do Navio,AP,1968,2609.97,1366.23,30.6,21.28,84.07,0.54,1.18,6548.0
1600055,Serra do Navio,AP,1969,2198.17,1445.61,31.42,21.72,83.01,0.6,1.22,6791.85
1600055,Serra do Navio,AP,1970,2307.13,1397.65,31.11,21.81,84.54,0.54,1.07,6704.98
1600055,Serra do Navio,AP,1971,2141.95,1369.76,30.78,21.18,84.47,0.53,1.12,6614.19
1600055,Serra do Navio,AP,1972,2328.18,1386.29,30.85,21.27,84.25,0.54,1.08,6671.0
1600055,Serra do Navio,AP,1973,2995.07,1281.68,29.61,21.83,85.54,0.48,0.98,6281.32
1600055,Serra do Navio,AP,1974,2772.26,1306.45,28.74,21.83,84.85,0.49,1.4,6414.37
1600055,Serra do Navio,AP,1975,2745.36,1345.4,30.53,20.94,84.54,0.52,1.33,6424.27
1600055,Serra do Navio,AP,1976,2589.26,1463.83,30.84,20.83,82.93,0.58,1.63,6820.86
1600055,Serra do Navio,AP,1977,2741.41,1410.14,30.92,21.38,83.7,0.57,2.19,6269.54
1600055,Serra do Navio,AP,1978,2733.41,1344.73,30.35,21.43,85.03,0.51,1.82,6303.0
1600055,Serra do Navio,AP,1979,2161.67,1346.01,30.97,21.79,85.66,0.5,1.85,6251.63
1600055,Serra do Navio,AP,1980,2231.45,1370.58,30.83,21.93,84.87,0.53,1.54,6427.98
1600105,Amapá,AP,1961,3283.71,1427.49,30.77,22.94,83.9,0.58,1.36,6785.1
1600105,Amapá,AP,1962,2576.1,1422.27,31.15,23.08,83.48,0.6,1.3,6677.96
1600105,Amapá,AP,1963,2082.47,1398.98,31.31,22.96,83.78,0.59,1.12,6595.81
1600105,Amapá,AP,1964,2881.66,1431.13,31.32,22.56,82.68,0.62,1.16,6715.77
1600105,Amapá,AP,1965,2565.84,1515.93,31.88,22.56,79.6,0.75,1.29,6998.74
1600105,Amapá,AP,1966,3106.68,1411.32,31.26,22.82,80.76,0.69,1.01,6624.24
1600105,Amapá,AP,1967,2726.99,1428.52,31.11,22.45,83.39,0.59,1.21,6763.11
1600105,Amapá,AP,1968,2746.51,1417.46,31.39,22.42,83.8,0.58,1.21,6685.13
1600105,Amapá,AP,1969,2221.97,1499.76,32.23,22.93,82.97,0.64,1.19,6986.8
1600105,Amapá,AP,1970,2287.39,1441.16,31.9,22.73,84.37,0.57,1.11,6810.39
1600105,Amapá,AP,1971,2109.63,1414.49,31.58,22.14,83.9,0.58,1.18,6699.01
1600105,Amapá,AP,1972,2375.79,1431.33,31.74,22.36,83.07,0.62,1.11,6715.77
1600105,Amapá,AP,1973,3067.68,1318.89,30.74,22.8,85.02,0.53,1.04,6294.83
1600105,Amapá,AP,1974,3104.54,1336.44,29.85,22.81,85.19,0.51,1.31,6454.43
1600105,Amapá,AP,1975,2895.82,1355.94,31.39,21.98,84.58,0.55,1.11,6423.96
1600105,Amapá,AP,1976,3146.93,1467.41,31.7,22.06,82.41,0.64,1.35,6776.87
1600105,Amapá,AP,1977,3184.46,1429.8,31.59,22.63,83.2,0.62,1.86,6345.73
1600105,Amapá,AP,1978,3461.67,1357.63,31.13,22.66,85.33,0.53,1.59,6305.04
1600105,Amapá,AP,1979,3011.0,1362.75,31.74,22.92,85.19,0.54,1.62,6237.49
1600105,Amapá,AP,1980,2599.06,1399.24,31.67,22.98,84.59,0.57,1.51,6421.86
1600154,Pedra Branca do Amapari,AP,1961,2836.92,1393.41,29.91,21.52,83.97,0.54,1.41,6772.53
1600154,Pedra Branca do Amapari,AP,1962,2590.81,1386.96,30.22,21.66,83.52,0.56,1.36,6652.52
1600154,Pedra Branca do Amapari,AP,1963,2166.36,1363.11,30.41,21.48,83.85,0.55,1.15,6562.51
1600154,Pedra Branca do Amapari,AP,1964,2869.41,1375.85,30.3,21.14,83.0,0.57,1.17,6596.69
1600154,Pedra Branca do Amapari,AP,1965,2336.99,1452.52,30.78,21.27,80.32,0.67,1.29,6857.2
1600154,Pedra Branca do Amapari,AP,1966,2659.82,1356.76,30.21,21.18,81.89,0.6,1.04,6541.14
1600154,Pedra Branca do Amapari,AP,1967,2365.91,1381.07,30.18,21.12,83.44,0.55,1.22,6668.7
1600154,Pedra Branca do Amapari,AP,1968,2609.74,1367.3,30.64,21.21,84.11,0.54,1.24,6532.76
1600154,Pedra Branca do Amapari,AP,1969,2198.8,1442.49,31.47,21.68,83.39,0.58,1.27,6756.19
1600154,Pedra Branca do Amapari,AP,1970,2283.3,1387.06,31.18,21.8,84.61,0.54,1.05,6634.77
1600154,Pedra Branca do Amapari,AP,1971,2140.07,1357.48,30.78,21.16,84.49,0.53,1.14,6522.76
1600154,Pedra Branca do Amapari,AP,1972,2371.33,1365.31,30.83,21.26,84.35,0.54,1.11,6535.74
1600154,Pedra Branca do Amapari,AP,1973,2984.19,1262.69,29.42,21.92,85.93,0.47,0.99,6190.84
1600154,Pedra Branca do Amapari,AP,1974,2634.51,1294.11,28.68,21.85,84.68,0.5,1.41,6331.59
1600154,Pedra Branca do Amapari,AP,1975,2654.99,1333.52,30.45,21.02,84.22,0.53,1.36,6322.16
1600154,Pedra Branca do Amapari,AP,1976,2252.77,1466.08,30.79,20.83,82.45,0.6,1.66,6793.68
1600154,Pedra Branca do Amapari,AP,1977,2681.14,1430.15,31.03,21.32,83.08,0.59,2.19,6329.08
1600154,Pedra Branca do Amapari,AP,1978,2496.39,1346.27,30.38,21.37,85.09,0.5,1.83,6305.04
1600154,Pedra Branca do Amapari,AP,1979,2091.12,1344.27,30.98,21.75,85.44,0.5,1.83,6220.84
1600154,Pedra Branca do Amapari,AP,1980,2168.23,1382.76,30.79,21.94,84.42,0.54,1.7,6408.98
1600204,Calçoene,AP,1961,3305.49,1416.64,30.3,22.21,83.88,0.56,1.44,6804.58
1600204,Calçoene,AP,1962,2648.31,1406.56,30.63,22.36,83.39,0.58,1.35,6672.62
1600204,Calçoene,AP,1963,2122.75,1382.96,30.81,22.24,83.82,0.57,1.15,6590.47
1600204,Calçoene,AP,1964,2915.84,1403.03,30.78,21.77,82.67,0.6,1.16,6657.96
1600204,Calçoene,AP,1965,2542.16,1487.37,31.34,21.81,79.64,0.72,1.3,6933.86
1600204,Calçoene,AP,1966,3125.38,1385.01,30.69,21.93,80.9,0.66,1.03,6582.93
1600204,Calçoene,AP,1967,2732.66,1405.64,30.56,21.74,83.39,0.57,1.22,6735.46
1600204,Calçoene,AP,1968,2626.98,1395.35,30.87,21.78,83.79,0.56,1.19,6658.12
1600204,Calçoene,AP,1969,2248.06,1481.44,31.7,22.21,82.86,0.62,1.22,6964.33
1600204,Calçoene,AP,1970,2268.79,1419.66,31.43,22.2,84.44,0.55,1.09,6780.54
1600204,Calçoene,AP,1971,2109.24,1391.51,31.14,21.59,84.43,0.54,1.13,6676.86
1600204,Calçoene,AP,1972,2353.57,1403.13,31.26,21.67,84.24,0.55,1.08,6699.11
1600204,Calçoene,AP,1973,2961.17,1295.65,30.23,22.13,85.48,0.5,0.99,6278.49
1600204,Calçoene,AP,1974,2799.1,1318.37,29.38,22.21,85.25,0.5,1.32,6436.37
1600204,Calçoene,AP,1975,3479.98,1345.04,30.93,21.35,84.75,0.53,1.13,6444.85
1600204,Calçoene,AP,1976,3353.1,1454.26,31.19,21.36,83.08,0.59,1.41,6808.6
1600204,Calçoene,AP,1977,3294.57,1405.54,31.07,21.97,83.69,0.58,1.96,6287.45
1600204,Calçoene,AP,1978,3533.96,1342.74,30.65,22.01,85.41,0.51,1.69,6288.86
1600204,Calçoene,AP,1979,3044.82,1352.26,31.24,22.31,85.25,0.52,1.66,6265.61
1600204,Calçoene,AP,1980,2760.01,1373.75,31.18,22.44,84.86,0.54,1.44,6399.24
1600212,Cutias,AP,1961,3235.37,1429.39,30.8,23.03,83.91,0.58,1.37,6779.13
1600212,Cutias,AP,1962,2554.43,1424.83,31.2,23.17,83.45,0.6,1.31,6676.08
1600212,Cutias,AP,1963,2081.59,1402.31,31.38,23.05,83.7,0.6,1.13,6594.55
1600212,Cutias,AP,1964,2862.14,1433.63,31.38,22.69,82.7,0.63,1.14,6722.21
1600212,Cutias,AP,1965,2544.52,1516.09,31.88,22.74,79.64,0.75,1.28,6995.12
1600212,Cutias,AP,1966,3127.26,1411.78,31.31,22.99,80.78,0.7,0.99,6625.18
1600212,Cutias,AP,1967,2699.98,1428.62,31.15,22.44,83.34,0.59,1.21,6766.72
1600212,Cutias,AP,1968,2859.9,1419.15,31.35,22.51,83.79,0.58,1.21,6697.39
1600212,Cutias,AP,1969,2350.36,1502.78,32.2,23.04,82.95,0.64,1.2,6997.16
1600212,Cutias,AP,1970,2321.01,1443.36,31.84,22.85,84.37,0.57,1.11,6820.76
1600212,Cutias,AP,1971,2067.11,1416.33,31.52,22.22,83.87,0.58,1.2,6709.7
1600212,Cutias,AP,1972,2308.81,1435.17,31.72,22.44,82.98,0.62,1.12,6729.28
1600212,Cutias,AP,1973,2964.11,1322.67,30.75,22.85,84.99,0.53,1.06,6307.71
1600212,Cutias,AP,1974,3419.6,1335.57,29.92,22.83,85.2,0.52,1.31,6435.42
1600212,Cutias,AP,1975,3004.48,1355.68,31.37,22.05,84.53,0.55,1.11,6419.4
1600212,Cutias,AP,1976,2467.83,1467.93,31.66,22.17,82.36,0.64,1.34,6778.44
1600212,Cutias,AP,1977,3012.58,1431.13,31.52,22.75,83.14,0.62,1.86,6359.08
1600212,Cutias,AP,1978,3235.78,1359.22,31.11,22.77,85.26,0.53,1.59,6312.9
1600212,Cutias,AP,1979,3059.15,1363.46,31.72,23.03,85.18,0.54,1.62,6240.48
1600212,Cutias,AP,1980,2655.19,1401.7,31.69,23.06,84.59,0.57,1.51,6429.08
1600238,Ferreira Gomes,AP,1961,3064.1,1400.93,30.07,21.92,83.94,0.55,1.42,6767.35
1600238,Ferreira Gomes,AP,1962,2616.84,1397.09,30.4,22.08,83.49,0.57,1.35,6666.5
1600238,Ferreira Gomes,AP,1963,2112.39,1373.19,30.57,21.92,83.84,0.56,1.14,6586.85
1600238,Ferreira Gomes,AP,1964,2821.58,1395.35,30.5,21.54,82.75,0.59,1.15,6664.56
1600238,Ferreira Gomes,AP,1965,2484.62,1473.25,31.05,21.52,79.77,0.7,1.27,6930.25
1600238,Ferreira Gomes,AP,1966,2852.61,1374.98,30.38,21.7,80.93,0.65,1.02,6580.41
1600238,Ferreira Gomes,AP,1967,2578.89,1397.3,30.38,21.46,83.42,0.56,1.2,6727.92
1600238,Ferreira Gomes,AP,1968,2628.96,1387.06,30.85,21.52,83.95,0.55,1.16,6626.54
1600238,Ferreira Gomes,AP,1969,2251.43,1472.94,31.75,21.88,83.1,0.6,1.17,6941.24
1600238,Ferreira Gomes,AP,1970,2306.73,1414.9,31.4,22.16,84.49,0.55,1.04,6756.04
1600238,Ferreira Gomes,AP,1971,2117.03,1386.34,31.1,21.43,84.45,0.54,1.1,6652.67
1600238,Ferreira Gomes,AP,1972,2341.86,1399.6,31.32,21.47,84.25,0.55,1.06,6676.81
1600238,Ferreira Gomes,AP,1973,2966.06,1296.01,30.73,21.56,85.57,0.49,0.96,6245.03
1600238,Ferreira Gomes,AP,1974,2813.75,1302.2,28.71,22.04,85.09,0.49,1.36,6412.33
1600238,Ferreira Gomes,AP,1975,2581.91,1337.82,30.99,20.71,84.75,0.52,1.17,6395.05
1600238,Ferreira Gomes,AP,1976,2210.32,1455.85,31.41,20.92,83.11,0.59,1.41,6789.75
1600238,Ferreira Gomes,AP,1977,2490.61,1402.67,31.09,21.73,83.76,0.57,1.96,6267.65
1600238,Ferreira Gomes,AP,1978,2530.11,1340.13,30.66,21.67,85.51,0.5,1.67,6280.22
1600238,Ferreira Gomes,AP,1979,2159.06,1356.3,31.39,21.92,85.22,0.52,1.64,6265.61
1600238,Ferreira Gomes,AP,1980,2225.11,1373.04,31.31,21.9,84.72,0.54,1.4,6401.59
1600253,Itaubal,AP,1961,3149.93,1423.65,30.8,22.98,83.99,0.57,1.36,6765.3
1600253,Itaubal,AP,1962,2556.69,1420.84,31.18,23.11,83.6,0.6,1.3,6670.42
1600253,Itaubal,AP,1963,2091.22,1398.37,31.35,22.97,83.81,0.59,1.11,6593.92
1600253,Itaubal,AP,1964,2846.43,1431.64,31.32,22.64,82.72,0.62,1.15,6718.28
1600253,Itaubal,AP,1965,2515.47,1512.45,31.85,22.7,79.7,0.75,1.27,6988.84
1600253,Itaubal,AP,1966,3143.2,1409.48,31.24,22.92,80.84,0.69,1.0,6620.31
1600253,Itaubal,AP,1967,2668.74,1426.52,31.13,22.49,83.44,0.59,1.2,6757.76
1600253,Itaubal,AP,1968,2850.73,1416.49,31.18,22.58,83.74,0.58,1.19,6700.53
1600253,Itaubal,AP,1969,2359.33,1504.47,32.05,23.15,82.93,0.64,1.24,6998.42
1600253,Itaubal,AP,1970,2332.7,1442.44,31.68,22.98,84.36,0.57,1.14,6818.56
1600253,Itaubal,AP,1971,2073.0,1415.41,31.32,22.34,83.81,0.58,1.22,6707.81
1600253,Itaubal,AP,1972,2314.82,1435.07,31.55,22.53,82.87,0.62,1.16,6728.96
1600253,Itaubal,AP,1973,3035.3,1322.06,30.53,22.95,84.8,0.54,1.07,6313.05
1600253,Itaubal,AP,1974,3442.03,1335.01,30.02,22.8,85.02,0.52,1.32,6399.61
1600253,Itaubal,AP,1975,3063.16,1344.48,31.22,22.19,84.37,0.56,1.12,6352.01
1600253,Itaubal,AP,1976,2459.79,1472.63,31.46,22.34,82.34,0.64,1.39,6810.33
1600253,Itaubal,AP,1977,3007.88,1434.35,31.33,22.87,83.09,0.62,1.93,6369.13
1600253,Itaubal,AP,1978,3035.62,1362.34,30.99,22.9,85.13,0.53,1.66,6315.57
1600253,Itaubal,AP,1979,2799.18,1366.74,31.6,23.18,85.18,0.54,1.64,6267.81
1600253,Itaubal,AP,1980,2637.14,1404.05,31.62,23.18,84.78,0.56,1.51,6461.44
1600279,Laranjal do Jari,AP,1961,2753.64,1372.01,29.33,20.79,83.9,0.52,1.39,6759.34
1600279,Laranjal do Jari,AP,1962,2670.59,1359.93,29.64,20.94,83.76,0.53,1.34,6616.54
1600279,Laranjal do Jari,AP,1963,2402.27,1346.42,29.91,20.83,83.87,0.53,1.16,6556.38
1600279,Laranjal do Jari,AP,1964,2991.13,1348.01,29.71,20.49,83.5,0.53,1.2,6551.92
1600279,Laranjal do Jari,AP,1965,2249.27,1427.8,30.14,20.58,80.59,0.64,1.32,6826.73
1600279,Laranjal do Jari,AP,1966,2481.56,1336.8,29.66,20.54,82.06,0.58,1.06,6514.28
1600279,Laranjal do Jari,AP,1967,2236.77,1358.91,29.67,20.46,83.44,0.53,1.2,6645.13
1600279,Laranjal do Jari,AP,1968,2607.18,1347.19,29.9,20.57,84.12,0.52,1.26,6536.06
1600279,Laranjal do Jari,AP,1969,2199.51,1424.68,30.77,21.09,83.39,0.56,1.3,6756.19
1600279,Laranjal do Jari,AP,1970,2282.93,1365.67,30.49,21.2,84.54,0.52,1.09,6605.55
1600279,Laranjal do Jari,AP,1971,2149.83,1338.44,30.07,20.57,84.68,0.5,1.16,6510.35
1600279,Laranjal do Jari,AP,1972,2364.97,1362.54,30.2,20.74,84.23,0.52,1.19,6568.58
1600279,Laranjal do Jari,AP,1973,3054.91,1253.02,28.8,21.48,85.81,0.46,1.05,6201.84
1600279,Laranjal do Jari,AP,1974,2492.39,1282.91,28.24,21.18,84.75,0.48,1.45,6336.77
1600279,Laranjal do Jari,AP,1975,2530.08,1324.87,29.81,20.56,84.18,0.51,1.44,6335.83
1600279,Laranjal do Jari,AP,1976,2219.33,1438.7,30.1,20.4,82.51,0.57,1.7,6763.52
1600279,Laranjal do Jari,AP,1977,2529.1,1397.4,30.11,20.96,83.06,0.56,2.19,6316.35
1600279,Laranjal do Jari,AP,1978,2367.15,1324.11,29.7,20.98,85.24,0.48,1.84,6288.55
1600279,Laranjal do Jari,AP,1979,2186.65,1319.96,30.21,21.32,85.49,0.48,1.82,6214.24
1600279,Laranjal do Jari,AP,1980,2095.03,1371.09,30.16,21.52,84.69,0.52,1.73,6459.56
1600303,Macapá,AP,1961,3149.93,1423.65,30.8,22.98,83.99,0.57,1.36,6765.3
1600303,Macapá,AP,1962,2556.69,1420.84,31.18,23.11,83.6,0.6,1.3,6670.42
1600303,Macapá,AP,1963,2091.22,1398.37,31.35,22.97,83.81,0.59,1.11,6593.92
1600303,Macapá,AP,1964,2846.43,1431.64,31.32,22.64,82.72,0.62,1.15,6718.28
1600303,Macapá,AP,1965,2515.47,1512.45,31.85,22.7,79.7,0.75,1.27,6988.84
1600303,Macapá,AP,1966,3143.2,1409.48,31.24,22.92,80.84,0.69,1.0,6620.31
1600303,Macapá,AP,1967,2668.74,1426.52,31.13,22.49,83.44,0.59,1.2,6757.76
1600303,Macapá,AP,1968,2850.73,1416.49,31.18,22.58,83.74,0.58,1.19,6700.53
1600303,Macapá,AP,1969,2359.33,1504.47,32.05,23.15,82.93,0.64,1.24,6998.42
1600303,Macapá,AP,1970,2332.7,1442.44,31.68,22.98,84.36,0.57,1.14,6818.56
1600303,Macapá,AP,1971,2073.0,1415.41,31.32,22.34,83.81,0.58,1.22,6707.81
1600303,Macapá,AP,1972,2314.82,1435.07,31.55,22.53,82.87,0.62,1.16,6728.96
1600303,Macapá,AP,1973,3035.3,1322.06,30.53,22.95,84.8,0.54,1.07,6313.05
1600303,Macapá,AP,1974,3442.03,1335.01,30.02,22.8,85.02,0.52,1.32,6399.61
1600303,Macapá,AP,1975,3063.16,1344.48,31.22,22.19,84.37,0.56,1.12,6352.01
1600303,Macapá,AP,1976,2459.79,1472.63,31.46,22.34,82.34,0.64,1.39,6810.33
1600303,Macapá,AP,1977,3007.88,1434.35,31.33,22.87,83.09,0.62,1.93,6369.13
1600303,Macapá,AP,1978,3035.62,1362.34,30.99,22.9,85.13,0.53,1.66,6315.57
1600303,Macapá,AP,1979,2799.18,1366.74,31.6,23.18,85.18,0.54,1.64,6267.81
1600303,Macapá,AP,1980,2637.14,1404.05,31.62,23.18,84.78,0.56,1.51,6461.44
1600402,Mazagão,AP,1961,2762.42,1399.85,30.35,21.9,84.02,0.55,1.41,6741.43
1600402,Mazagão,AP,1962,2569.94,1398.11,30.64,22.09,83.58,0.57,1.35,6649.53
1600402,Mazagão,AP,1963,2155.43,1373.39,30.82,21.91,83.87,0.56,1.13,6571.62
1600402,Mazagão,AP,1964,2837.5,1392.64,30.69,21.52,82.88,0.58,1.16,6636.44
1600402,Mazagão,AP,1965,2356.94,1465.11,31.21,21.54,79.83,0.7,1.23,6895.22
1600402,Mazagão,AP,1966,2634.28,1368.94,30.51,21.62,81.09,0.64,1.01,6550.88
1600402,Mazagão,AP,1967,2343.13,1394.68,30.62,21.52,83.48,0.56,1.2,6695.09
1600402,Mazagão,AP,1968,2598.9,1373.91,30.87,21.8,84.14,0.55,1.2,6545.01
1600402,Mazagão,AP,1969,2204.88,1448.27,31.72,22.32,83.58,0.59,1.18,6767.82
1600402,Mazagão,AP,1970,2270.73,1394.63,31.46,22.32,84.67,0.55,0.99,6647.96
1600402,Mazagão,AP,1971,2168.94,1365.15,31.0,21.7,84.57,0.54,1.18,6516.01
1600402,Mazagão,AP,1972,2280.28,1352.41,31.09,21.83,84.44,0.55,1.14,6388.71
1600402,Mazagão,AP,1973,2825.34,1256.85,29.73,22.49,85.91,0.48,1.02,6084.81
1600402,Mazagão,AP,1974,2763.24,1302.3,29.34,22.28,85.0,0.5,1.37,6298.44
1600402,Mazagão,AP,1975,2697.75,1320.68,30.76,21.62,84.74,0.53,1.31,6223.67
1600402,Mazagão,AP,1976,2209.24,1456.36,31.01,21.51,83.1,0.59,1.61,6737.29
1600402,Mazagão,AP,1977,2613.58,1411.47,31.15,21.98,83.85,0.57,2.12,6270.95
1600402,Mazagão,AP,1978,2669.98,1350.21,30.64,22.03,85.17,0.51,1.82,6280.69
1600402,Mazagão,AP,1979,2235.31,1353.94,31.23,22.4,85.33,0.52,1.79,6234.35
1600402,Mazagão,AP,1980,2098.74,1382.09,31.1,22.59,84.58,0.55,1.51,6435.84
1600501,Oiapoque,AP,1961,3316.2,1408.4,30.17,22.03,83.93,0.55,1.41,6798.29
1600501,Oiapoque,AP,1962,2652.57,1400.37,30.5,22.17,83.36,0.58,1.35,6661.78
1600501,Oiapoque,AP,1963,2132.49,1375.34,30.67,22.05,83.83,0.56,1.16,6572.72
1600501,Oiapoque,AP,1964,2932.48,1395.4,30.63,21.63,82.91,0.59,1.18,6639.42
1600501,Oiapoque,AP,1965,2531.22,1479.75,31.14,21.75,80.13,0.7,1.33,6916.26
1600501,Oiapoque,AP,1966,3148.83,1373.5,30.57,21.7,81.74,0.62,1.05,6563.76
1600501,Oiapoque,AP,1967,2745.94,1396.73,30.42,21.57,83.38,0.56,1.23,6703.26
1600501,Oiapoque,AP,1968,2625.67,1389.36,30.69,21.64,83.76,0.56,1.2,6656.54
1600501,Oiapoque,AP,1969,2247.1,1475.4,31.51,22.04,82.84,0.61,1.23,6962.29
1600501,Oiapoque,AP,1970,2310.28,1413.93,31.28,22.01,84.42,0.55,1.1,6777.24
1600501,Oiapoque,AP,1971,2120.5,1386.34,31.01,21.44,84.44,0.54,1.13,6676.08
1600501,Oiapoque,AP,1972,2359.98,1398.52,31.13,21.51,84.27,0.55,1.09,6695.82
1600501,Oiapoque,AP,1973,2966.43,1292.02,30.12,21.98,85.49,0.49,0.99,6277.55
1600501,Oiapoque,AP,1974,2794.54,1322.57,29.34,22.02,84.84,0.51,1.35,6444.06
1600501,Oiapoque,AP,1975,3706.28,1357.83,30.8,21.27,84.55,0.53,1.21,6506.27
1600501,Oiapoque,AP,1976,3320.69,1455.28,31.0,21.25,83.08,0.58,1.44,6834.84
1600501,Oiapoque,AP,1977,3276.28,1401.49,30.85,21.88,83.66,0.57,2.0,6290.43
1600501,Oiapoque,AP,1978,3502.47,1347.44,30.47,21.92,84.96,0.52,1.75,6302.06
1600501,Oiapoque,AP,1979,3042.37,1353.84,31.04,22.21,85.36,0.51,1.81,6274.88
1600501,Oiapoque,AP,1980,2705.44,1368.89,30.99,22.34,85.0,0.53,1.49,6395.31
1600535,Porto Grande,AP,1961,2864.62,1404.67,30.3,22.05,83.96,0.55,1.42,6754.62
1600535,Porto Grande,AP,1962,2599.98,1401.34,30.62,22.23,83.53,0.57,1.35,6661.31
1600535,Porto Grande,AP,1963,2146.4,1377.28,30.79,22.05,83.84,0.56,1.14,6582.77
1600535,Porto Grande,AP,1964,2895.13,1396.89,30.7,21.66,82.78,0.59,1.15,6647.12
1600535,Porto Grande,AP,1965,2437.38,1474.94,31.24,21.65,79.83,0.71,1.25,6916.89
1600535,Porto Grande,AP,1966,2713.12,1377.03,30.55,21.81,80.99,0.65,1.01,6572.25
1600535,Porto Grande,AP,1967,2437.42,1400.72,30.6,21.61,83.42,0.57,1.2,6716.29
1600535,Porto Grande,AP,1968,2621.69,1385.98,31.28,21.55,84.03,0.56,1.15,6579.1
1600535,Porto Grande,AP,1969,2244.24,1472.22,32.07,21.97,83.12,0.61,1.15,6899.14
1600535,Porto Grande,AP,1970,2307.21,1412.6,31.77,22.21,84.56,0.56,0.99,6707.97
1600535,Porto Grande,AP,1971,2131.91,1380.15,31.29,21.48,84.48,0.54,1.07,6610.1
1600535,Porto Grande,AP,1972,2308.09,1390.49,31.2,21.62,84.14,0.56,1.03,6643.03
1600535,Porto Grande,AP,1973,2921.5,1267.81,29.35,22.51,85.72,0.48,0.94,6211.73
1600535,Porto Grande,AP,1974,2839.04,1303.79,28.7,22.43,85.05,0.5,1.4,6393.8
1600535,Porto Grande,AP,1975,2634.6,1347.55,30.92,21.33,84.55,0.53,1.19,6413.74
1600535,Porto Grande,AP,1976,2181.68,1452.37,31.3,21.01,83.13,0.58,1.43,6750.48
1600535,Porto Grande,AP,1977,2636.44,1428.41,31.9,21.35,83.81,0.58,2.02,6245.19
1600535,Porto Grande,AP,1978,2676.57,1341.76,30.95,21.45,85.44,0.5,1.71,6245.82
1600535,Porto Grande,AP,1979,2196.65,1361.26,31.66,21.94,85.33,0.52,1.77,6220.53
1600535,Porto Grande,AP,1980,2179.4,1367.46,31.27,22.16,84.8,0.54,1.43,6365.3
1600550,Pracuúba,AP,1961,3190.6,1394.17,29.86,21.88,83.91,0.54,1.35,6773.63
1600550,Pracuúba,AP,1962,2561.16,1392.48,30.24,22.01,83.44,0.57,1.3,6673.25
1600550,Pracuúba,AP,1963,2100.03,1368.58,30.39,21.86,83.82,0.55,1.12,6589.68
1600550,Pracuúba,AP,1964,2852.89,1393.15,30.39,21.46,82.7,0.59,1.16,6666.13
1600550,Pracuúba,AP,1965,2519.26,1472.58,30.94,21.44,79.69,0.7,1.28,6934.02
1600550,Pracuúba,AP,1966,3122.61,1375.18,30.3,21.65,80.84,0.65,1.02,6585.44
1600550,Pracuúba,AP,1967,2701.3,1395.66,30.21,21.39,83.41,0.56,1.21,6739.54
1600550,Pracuúba,AP,1968,2628.39,1385.42,30.58,21.42,83.83,0.55,1.17,6656.54
1600550,Pracuúba,AP,1969,2250.08,1470.69,31.43,21.9,83.01,0.6,1.21,6960.56
1600550,Pracuúba,AP,1970,2263.84,1410.7,31.1,21.88,84.46,0.54,1.08,6781.48
1600550,Pracuúba,AP,1971,2103.89,1382.15,30.8,21.25,84.43,0.53,1.13,6676.39
1600550,Pracuúba,AP,1972,2350.32,1394.07,30.93,21.34,84.22,0.54,1.08,6696.92
1600550,Pracuúba,AP,1973,2963.45,1287.26,29.93,21.73,85.49,0.49,0.98,6275.98
1600550,Pracuúba,AP,1974,2807.74,1303.43,28.85,21.87,85.27,0.48,1.32,6427.57
1600550,Pracuúba,AP,1975,2754.73,1331.37,30.61,20.9,84.75,0.51,1.12,6418.14
1600550,Pracuúba,AP,1976,3076.4,1444.59,30.93,20.94,83.06,0.58,1.4,6800.91
1600550,Pracuúba,AP,1977,3123.42,1397.4,30.83,21.57,83.68,0.57,1.95,6286.98
1600550,Pracuúba,AP,1978,3408.58,1332.6,30.34,21.59,85.44,0.49,1.68,6285.4
1600550,Pracuúba,AP,1979,2917.61,1344.99,30.99,21.9,85.19,0.51,1.65,6265.77
1600550,Pracuúba,AP,1980,2594.42,1364.85,30.91,21.98,84.69,0.54,1.43,6397.82
1600600,Santana,AP,1961,2969.12,1420.02,30.78,22.58,83.98,0.57,1.43,6753.21
1600600,Santana,AP,1962,2597.66,1416.74,31.1,22.77,83.54,0.59,1.35,6661.94
1600600,Santana,AP,1963,2114.24,1390.74,31.27,22.6,83.86,0.58,1.13,6581.98
1600600,Santana,AP,1964,2796.3,1415.26,31.17,22.22,82.77,0.61,1.15,6670.68
1600600,Santana,AP,1965,2463.07,1491.93,31.72,22.23,79.82,0.73,1.25,6927.26
1600600,Santana,AP,1966,2832.42,1391.05,31.01,22.39,80.98,0.67,1.01,6577.59
1600600,Santana,AP,1967,2426.78,1415.57,31.03,22.17,83.45,0.58,1.19,6726.98
1600600,Santana,AP,1968,2604.73,1400.78,30.86,22.58,83.78,0.58,1.21,6643.19
1600600,Santana,AP,1969,2254.6,1488.6,31.75,23.17,82.93,0.63,1.22,6936.53
1600600,Santana,AP,1970,2274.35,1421.45,31.39,23.02,84.42,0.57,1.08,6746.93
1600600,Santana,AP,1971,2104.89,1390.33,30.86,22.4,84.39,0.55,1.17,6656.76
1600600,Santana,AP,1972,2229.24,1408.35,31.11,22.63,84.19,0.57,1.11,6692.05
1600600,Santana,AP,1973,2736.17,1297.44,29.85,23.19,85.61,0.5,1.01,6272.52
1600600,Santana,AP,1974,2906.07,1333.27,29.95,22.75,85.19,0.52,1.36,6401.18
1600600,Santana,AP,1975,2724.4,1343.71,30.8,22.44,84.68,0.54,1.17,6377.3
1600600,Santana,AP,1976,2242.47,1454.62,30.98,22.56,83.09,0.61,1.42,6773.57
1600600,Santana,AP,1977,2727.43,1408.86,30.98,22.97,83.69,0.59,1.98,6289.65
1600600,Santana,AP,1978,2860.22,1348.42,30.71,23.0,85.45,0.52,1.66,6285.25
1600600,Santana,AP,1979,2277.03,1358.4,31.31,23.3,85.27,0.54,1.63,6256.03
1600600,Santana,AP,1980,2188.64,1385.83,31.36,23.32,84.78,0.56,1.42,6407.4
1600709,Tartarugalzinho,AP,1961,3187.33,1419.76,30.67,22.76,83.92,0.57,1.35,6775.04
1600709,Tartarugalzinho,AP,1962,2566.96,1418.38,31.05,22.9,83.44,0.6,1.3,6671.21
1600709,Tartarugalzinho,AP,1963,2094.92,1393.51,31.21,22.75,83.83,0.58,1.12,6592.67
1600709,Tartarugalzinho,AP,1964,2849.33,1422.53,31.2,22.38,82.71,0.62,1.16,6693.62
1600709,Tartarugalzinho,AP,1965,2543.85,1507.33,31.75,22.38,79.68,0.74,1.28,6984.76
1600709,Tartarugalzinho,AP,1966,3154.35,1404.41,31.11,22.6,80.83,0.68,1.01,6614.34
1600709,Tartarugalzinho,AP,1967,2692.44,1421.96,31.03,22.26,83.41,0.58,1.21,6748.5
1600709,Tartarugalzinho,AP,1968,2754.23,1411.63,31.36,22.28,83.83,0.58,1.17,6668.95
1600709,Tartarugalzinho,AP,1969,2253.5,1499.71,32.22,22.77,82.99,0.63,1.22,6973.92
1600709,Tartarugalzinho,AP,1970,2252.54,1438.24,31.85,22.76,84.39,0.57,1.1,6793.11
1600709,Tartarugalzinho,AP,1971,2090.44,1412.44,31.56,22.1,83.89,0.58,1.17,6684.72
1600709,Tartarugalzinho,AP,1972,2341.27,1430.72,31.74,22.23,82.94,0.62,1.12,6706.18
1600709,Tartarugalzinho,AP,1973,2949.17,1317.45,30.84,22.55,84.89,0.53,1.04,6281.16
1600709,Tartarugalzinho,AP,1974,2831.84,1330.71,29.68,22.69,85.04,0.51,1.32,6434.79
1600709,Tartarugalzinho,AP,1975,2594.68,1355.28,31.41,21.71,84.43,0.55,1.12,6415.79
1600709,Tartarugalzinho,AP,1976,2249.71,1475.24,31.76,21.82,82.42,0.63,1.4,6799.18
1600709,Tartarugalzinho,AP,1977,2557.88,1437.01,31.61,22.46,83.18,0.61,1.95,6342.58
1600709,Tartarugalzinho,AP,1978,2985.72,1359.17,31.13,22.47,85.27,0.52,1.66,6296.24
1600709,Tartarugalzinho,AP,1979,2536.58,1368.02,31.79,22.76,85.08,0.54,1.64,6249.43
1600709,Tartarugalzinho,AP,1980,2147.71,1402.41,31.74,22.79,84.67,0.56,1.49,6448.56
1600808,Vitória do Jari,AP,1961,2626.53,1411.11,30.73,21.92,83.48,0.57,1.42,6736.87
1600808,Vitória do Jari,AP,1962,2526.65,1405.84,31.01,22.15,83.35,0.58,1.34,6641.84
1600808,Vitória do Jari,AP,1963,2151.58,1381.94,31.23,21.97,83.42,0.58,1.11,6563.61
1600808,Vitória do Jari,AP,1964,2767.05,1393.76,30.94,21.56,82.97,0.59,1.14,6633.3
1600808,Vitória do Jari,AP,1965,2270.23,1462.81,31.49,21.55,80.24,0.7,1.18,6894.27
1600808,Vitória do Jari,AP,1966,2598.6,1369.25,30.7,21.71,81.25,0.64,0.99,6548.05
1600808,Vitória do Jari,AP,1967,2268.01,1400.11,31.0,21.67,83.55,0.57,1.18,6688.96
1600808,Vitória do Jari,AP,1968,2512.73,1376.57,30.89,22.02,84.17,0.55,1.22,6561.82
1600808,Vitória do Jari,AP,1969,2446.06,1454.87,31.87,22.63,83.75,0.6,1.21,6761.69
1600808,Vitória do Jari,AP,1970,2274.2,1402.93,31.86,22.39,84.75,0.55,1.02,6665.08
1600808,Vitória do Jari,AP,1971,2344.32,1386.39,31.59,22.04,84.65,0.55,1.29,6517.26
1600808,Vitória do Jari,AP,1972,2456.25,1365.0,31.87,22.12,84.67,0.55,1.25,6337.97
1600808,Vitória do Jari,AP,1973,3030.15,1293.3,31.43,22.48,85.88,0.51,1.09,6076.95
1600808,Vitória do Jari,AP,1974,2835.16,1319.45,30.95,22.25,85.4,0.51,1.33,6218.49
1600808,Vitória do Jari,AP,1975,2632.36,1329.38,31.55,21.93,84.84,0.54,1.18,6229.01
1600808,Vitória do Jari,AP,1976,2203.77,1409.17,31.31,22.0,83.64,0.58,1.4,6529.3
1600808,Vitória do Jari,AP,1977,2469.46,1365.67,30.63,22.81,83.97,0.57,1.81,6191.0
1600808,Vitória do Jari,AP,1978,2494.34,1340.74,30.97,22.62,85.21,0.53,1.75,6171.99
1600808,Vitória do Jari,AP,1979,2285.23,1349.85,31.36,22.82,85.52,0.52,1.67,6242.05
1600808,Vitória do Jari,AP,1980,2200.77,1381.74,31.39,22.86,84.33,0.57,1.39,6412.75
1700251,Abreulândia,TO,1961,1211.36,1489.88,32.81,18.28,71.72,0.93,0.85,7171.22
1700251,Abreulândia,TO,1962,1505.59,1449.14,32.95,18.62,74.58,0.85,0.77,6928.05
1700251,Abreulândia,TO,1963,1528.09,1476.17,32.66,18.09,72.21,0.91,0.75,7166.03
1700251,Abreulândia,TO,1964,1875.75,1391.87,31.69,18.63,75.59,0.79,0.73,6755.19
1700251,Abreulândia,TO,1965,1564.76,1394.38,31.89,18.34,74.78,0.81,0.66,6857.83
1700251,Abreulândia,TO,1966,1436.7,1426.42,32.59,18.61,73.88,0.87,0.66,6931.82
1700251,Abreulândia,TO,1967,1632.68,1407.28,32.28,18.27,73.19,0.87,0.67,6853.59
1700251,Abreulândia,TO,1968,1614.0,1391.41,32.02,18.47,73.91,0.85,0.64,6844.26
1700251,Abreulândia,TO,1969,1515.29,1454.16,32.79,19.06,74.06,0.88,0.69,7038.48
1700251,Abreulândia,TO,1970,1400.36,1499.3,33.33,19.64,73.77,0.91,0.89,6955.69
1700251,Abreulândia,TO,1971,1447.62,1455.08,32.73,20.07,73.86,0.91,1.06,6628.01
1700251,Abreulândia,TO,1972,1352.25,1469.82,33.05,20.54,74.59,0.9,1.02,6722.21
1700251,Abreulândia,TO,1973,1694.37,1504.42,32.22,20.66,79.12,0.73,1.33,6977.53
1700251,Abreulândia,TO,1974,2169.17,1348.01,31.14,18.54,77.97,0.69,1.23,6279.75
1700251,Abreulândia,TO,1975,1780.52,1451.6,31.54,19.77,75.76,0.8,1.12,6797.82
1700251,Abreulândia,TO,1976,2024.15,1436.76,31.73,19.9,76.25,0.8,1.02,6806.88
1700251,Abreulândia,TO,1977,2098.62,1395.45,31.6,20.89,77.31,0.79,1.01,6530.15
1700251,Abreulândia,TO,1978,1960.45,1444.28,31.73,21.24,74.41,0.9,1.15,6590.78
1700251,Abreulândia,TO,1979,2354.03,1393.51,31.79,20.81,74.9,0.87,0.91,6564.39
1700251,Abreulândia,TO,1980,2237.61,1418.74,32.24,20.8,72.53,0.97,1.1,6373.79
1700301,Aguiarnópolis,TO,1961,1256.83,1436.6,32.49,19.43,75.1,0.85,0.59,7059.37
1700301,Aguiarnópolis,TO,1962,1522.23,1412.34,32.18,19.72,76.85,0.78,0.5,7007.38
1700301,Aguiarnópolis,TO,1963,1422.83,1419.05,32.39,19.48,75.08,0.84,0.54,7000.78
1700301,Aguiarnópolis,TO,1964,1431.42,1411.68,31.77,19.74,77.57,0.75,0.61,6913.22
1700301,Aguiarnópolis,TO,1965,1239.93,1413.42,32.03,19.09,76.37,0.78,0.46,7105.4
1700301,Aguiarnópolis,TO,1966,1453.78,1383.73,31.91,19.28,76.56,0.78,0.38,6995.28
1700301,Aguiarnópolis,TO,1967,1701.66,1375.75,31.85,18.87,76.97,0.75,0.44,6913.6
1700301,Aguiarnópolis,TO,1968,1741.5,1383.68,31.77,18.86,76.24,0.78,0.48,6935.06
1700301,Aguiarnópolis,TO,1969,1370.1,1436.76,32.58,19.74,75.5,0.84,0.5,7114.35
1700301,Aguiarnópolis,TO,1970,1518.01,1434.71,32.24,19.74,75.51,0.83,0.69,6864.11
1700301,Aguiarnópolis,TO,1971,1452.37,1468.23,31.77,20.26,75.14,0.84,1.02,6826.57
1700301,Aguiarnópolis,TO,1972,1368.19,1409.68,32.33,20.64,80.09,0.69,0.79,6744.67
1700301,Aguiarnópolis,TO,1973,1623.31,1392.84,30.51,21.48,81.51,0.63,0.88,6787.14
1700301,Aguiarnópolis,TO,1974,2042.39,1358.91,31.16,19.95,81.25,0.62,0.87,6582.14
1700301,Aguiarnópolis,TO,1975,1848.95,1375.18,31.33,20.05,81.73,0.61,0.99,6568.95
1700301,Aguiarnópolis,TO,1976,1446.5,1388.39,31.24,19.96,78.26,0.72,1.0,6610.36
1700301,Aguiarnópolis,TO,1977,1810.37,1338.74,30.86,21.1,76.18,0.81,1.03,6204.66
1700301,Aguiarnópolis,TO,1978,1664.99,1392.48,31.32,20.75,75.06,0.85,1.16,6295.77
1700301,Aguiarnópolis,TO,1979,1713.98,1363.16,31.59,20.99,77.22,0.78,1.1,6191.78
1700301,Aguiarnópolis,TO,1980,1581.64,1402.21,31.98,21.18,73.42,0.94,1.12,6234.45
1700350,Aliança do Tocantins,TO,1961,1095.21,1557.49,32.91,19.22,67.92,1.1,1.01,7222.11
1700350,Aliança do Tocantins,TO,1962,1366.56,1510.25,33.15,19.72,71.02,1.01,0.95,6935.59
1700350,Aliança do Tocantins,TO,1963,1084.74,1530.67,32.83,19.1,69.46,1.04,0.86,7242.22
1700350,Aliança do Tocantins,TO,1964,1690.88,1429.8,31.92,19.81,73.69,0.89,0.87,6733.83
1700350,Aliança do Tocantins,TO,1965,1490.86,1449.14,32.3,19.44,72.45,0.93,0.85,6843.06
1700350,Aliança do Tocantins,TO,1966,1349.88,1495.31,32.88,19.52,71.94,0.97,0.89,6993.39
1700350,Aliança do Tocantins,TO,1967,1282.65,1473.45,32.68,19.52,71.93,0.96,0.9,6883.9
1700350,Aliança do Tocantins,TO,1968,1633.13,1460.56,32.4,19.7,72.04,0.96,0.89,6864.37
1700350,Aliança do Tocantins,TO,1969,1334.22,1521.15,32.85,20.25,73.03,0.95,0.93,7096.13
1700350,Aliança do Tocantins,TO,1970,1386.22,1526.68,32.67,20.02,72.31,0.96,1.11,6972.03
1700350,Aliança do Tocantins,TO,1971,1410.96,1458.05,31.94,20.1,72.05,0.95,1.18,6606.18
1700350,Aliança do Tocantins,TO,1972,1481.87,1535.94,32.84,20.5,70.93,1.03,1.29,6760.69
1700350,Aliança do Tocantins,TO,1973,1524.91,1517.88,31.23,21.7,75.15,0.87,1.4,6919.41
1700350,Aliança do Tocantins,TO,1974,1674.7,1445.41,29.87,20.84,74.27,0.84,1.33,6763.42
1700350,Aliança do Tocantins,TO,1975,1640.84,1507.23,31.72,19.42,73.09,0.89,1.14,7059.21
1700350,Aliança do Tocantins,TO,1976,1673.01,1432.41,31.72,19.62,74.81,0.83,0.99,6781.11
1700350,Aliança do Tocantins,TO,1977,1538.44,1422.73,31.95,20.52,75.54,0.85,1.02,6632.1
1700350,Aliança do Tocantins,TO,1978,1877.68,1421.76,31.48,20.66,73.45,0.91,1.05,6615.44
1700350,Aliança do Tocantins,TO,1979,1786.58,1392.54,32.11,20.35,72.6,0.94,0.84,6575.23
1700350,Aliança do Tocantins,TO,1980,1712.58,1394.94,32.25,20.41,71.52,0.99,0.9,6439.92
1700400,Almas,TO,1961,936.89,1578.12,33.03,19.15,67.02,1.13,0.99,7318.88
1700400,Almas,TO,1962,1230.36,1500.17,32.64,19.29,70.51,1.0,0.92,7001.09
1700400,Almas,TO,1963,888.31,1535.54,32.75,18.9,69.11,1.05,0.85,7301.44
1700400,Almas,TO,1964,1370.72,1424.78,31.69,19.46,73.23,0.88,0.85,6763.05
1700400,Almas,TO,1965,1325.16,1448.58,32.03,19.02,72.31,0.91,0.88,6853.9
1700400,Almas,TO,1966,1448.54,1484.82,32.62,18.72,71.01,0.97,0.89,7004.23
1700400,Almas,TO,1967,1214.42,1485.22,32.56,19.17,70.21,1.01,0.9,6958.99
1700400,Almas,TO,1968,1688.51,1465.11,32.33,19.17,69.56,1.02,0.86,6894.69
1700400,Almas,TO,1969,1441.09,1532.16,32.77,20.0,70.39,1.03,0.91,7149.54
1700400,Almas,TO,1970,1427.1,1540.3,32.16,19.67,69.56,1.02,1.07,7138.86
1700400,Almas,TO,1971,1385.8,1465.21,31.62,19.87,71.52,0.95,1.18,6685.19
1700400,Almas,TO,1972,1310.59,1508.77,32.47,20.18,70.43,1.03,1.18,6762.11
1700400,Almas,TO,1973,1866.97,1562.56,30.98,21.44,74.34,0.89,1.35,7273.95
1700400,Almas,TO,1974,1794.15,1500.37,30.3,20.26,71.45,0.93,1.28,7017.27
1700400,Almas,TO,1975,1408.57,1542.65,31.6,19.38,69.29,1.01,1.15,7142.47
1700400,Almas,TO,1976,1414.96,1457.13,31.52,19.64,71.6,0.94,0.99,6854.32
1700400,Almas,TO,1977,1698.94,1462.45,31.73,20.4,71.91,0.96,1.08,6738.13
1700400,Almas,TO,1978,1759.16,1415.31,30.73,20.36,71.73,0.94,1.04,6639.95
1700400,Almas,TO,1979,1716.59,1406.1,31.69,20.25,69.99,1.02,0.83,6658.49
1700400,Almas,TO,1980,1957.27,1409.53,31.89,20.02,69.77,1.03,0.93,6510.45
1700707,Alvorada,TO,1961,1116.08,1578.37,33.33,20.02,68.81,1.12,1.05,7203.26
1700707,Alvorada,TO,1962,1468.67,1549.15,33.16,20.03,70.56,1.04,1.14,6926.79
1700707,Alvorada,TO,1963,1049.45,1635.95,33.57,20.02,66.77,1.19,1.18,7267.51
1700707,Alvorada,TO,1964,1645.84,1479.7,32.19,20.4,73.29,0.92,1.12,6744.36
1700707,Alvorada,TO,1965,1484.79,1486.96,32.51,20.15,72.45,0.95,1.09,6792.32
1700707,Alvorada,TO,1966,1493.77,1545.0,33.37,19.21,70.28,1.04,1.13,6961.82
1700707,Alvorada,TO,1967,1224.19,1558.16,33.14,19.76,70.17,1.04,1.26,6865.21
1700707,Alvorada,TO,1968,1704.31,1549.3,32.94,19.97,68.85,1.09,1.18,6888.4
1700707,Alvorada,TO,1969,1412.53,1581.55,33.0,20.76,69.92,1.07,1.14,7141.68
1700707,Alvorada,TO,1970,1360.26,1551.5,32.52,20.38,69.97,1.04,1.23,6987.11
1700707,Alvorada,TO,1971,1363.16,1472.63,32.17,20.36,69.9,1.03,1.2,6537.37
1700707,Alvorada,TO,1972,1342.62,1560.26,32.97,20.35,67.72,1.14,1.3,6759.91
1700707,Alvorada,TO,1973,1490.46,1539.53,31.72,21.66,71.0,1.03,1.35,6850.45
1700707,Alvorada,TO,1974,1373.55,1490.34,30.99,20.51,71.03,0.96,1.31,6782.27
1700707,Alvorada,TO,1975,1399.8,1549.56,31.97,19.61,69.26,1.02,1.18,7071.47
1700707,Alvorada,TO,1976,1392.5,1450.57,31.84,19.62,71.92,0.93,1.03,6745.3
1700707,Alvorada,TO,1977,1656.03,1464.8,32.02,20.52,72.0,0.97,1.15,6651.89
1700707,Alvorada,TO,1978,1798.7,1439.47,31.3,20.64,70.94,0.99,1.15,6567.53
1700707,Alvorada,TO,1979,1472.79,1399.6,32.18,20.31,70.53,1.01,0.88,6523.39
1700707,Alvorada,TO,1980,1904.3,1403.95,32.32,20.39,69.14,1.08,0.92,6386.83
1701002,Ananás,TO,1961,1393.9,1439.11,33.04,19.9,76.41,0.83,0.62,6944.7
1701002,Ananás,TO,1962,1543.99,1406.25,32.78,20.29,77.23,0.8,0.6,6774.57
1701002,Ananás,TO,1963,1457.86,1397.96,32.97,20.03,75.25,0.87,0.51,6809.29
1701002,Ananás,TO,1964,1623.44,1409.43,32.34,20.31,77.97,0.76,0.56,6858.4
1701002,Ananás,TO,1965,1308.64,1433.07,32.63,19.82,76.55,0.81,0.48,7108.54
1701002,Ananás,TO,1966,1565.86,1399.7,32.47,20.09,76.68,0.81,0.39,6983.81
1701002,Ananás,TO,1967,1591.75,1416.59,32.37,19.66,77.19,0.77,0.59,6923.33
1701002,Ananás,TO,1968,1474.64,1407.02,32.25,19.68,76.46,0.8,0.53,6939.46
1701002,Ananás,TO,1969,1290.98,1461.48,33.16,20.57,75.6,0.87,0.53,7119.85
1701002,Ananás,TO,1970,1594.81,1456.92,32.9,20.37,77.03,0.81,0.74,6886.73
1701002,Ananás,TO,1971,1505.8,1428.82,32.48,20.74,78.22,0.77,0.89,6710.95
1701002,Ananás,TO,1972,1491.5,1421.76,33.08,21.14,80.24,0.71,0.76,6731.94
1701002,Ananás,TO,1973,1976.28,1395.86,31.35,21.4,81.81,0.63,0.81,6769.7
1701002,Ananás,TO,1974,2116.87,1331.37,31.78,20.18,81.82,0.61,0.79,6403.22
1701002,Ananás,TO,1975,1669.19,1352.51,31.73,20.55,82.39,0.6,0.77,6531.72
1701002,Ananás,TO,1976,1417.53,1379.79,31.64,20.86,79.6,0.7,0.87,6566.85
1701002,Ananás,TO,1977,1741.15,1308.91,31.45,21.68,78.52,0.76,0.93,6080.88
1701002,Ananás,TO,1978,1492.01,1360.29,31.77,21.49,77.21,0.8,1.03,6204.35
1701002,Ananás,TO,1979,1756.06,1345.24,32.02,21.61,79.03,0.74,1.03,6135.54
1701002,Ananás,TO,1980,1573.31,1385.17,32.45,21.76,74.76,0.92,1.06,6146.01
1701051,Angico,TO,1961,1270.87,1411.52,32.19,18.99,75.13,0.83,0.59,6967.32
1701051,Angico,TO,1962,1523.13,1373.75,31.92,19.35,76.86,0.77,0.51,6801.12
1701051,Angico,TO,1963,1427.26,1381.89,32.1,19.09,75.11,0.83,0.5,6851.86
1701051,Angico,TO,1964,1480.0,1389.72,31.46,19.36,77.6,0.73,0.56,6885.58
1701051,Angico,TO,1965,1301.82,1405.43,31.73,18.75,76.49,0.77,0.47,7106.5
1701051,Angico,TO,1966,1591.45,1377.64,31.62,18.97,76.62,0.76,0.38,7002.03
1701051,Angico,TO,1967,1638.72,1377.39,31.55,18.56,77.08,0.73,0.5,6922.08
1701051,Angico,TO,1968,1721.61,1379.89,31.44,18.56,76.36,0.76,0.51,6939.61
1701051,Angico,TO,1969,1320.03,1430.67,32.29,19.43,75.55,0.82,0.51,7118.12
1701051,Angico,TO,1970,1602.25,1428.16,31.99,19.42,76.12,0.8,0.71,6864.9
1701051,Angico,TO,1971,1503.88,1422.37,31.48,20.0,77.61,0.75,0.98,6714.25
1701051,Angico,TO,1972,1523.95,1397.19,32.0,20.38,80.14,0.68,0.77,6737.91
1701051,Angico,TO,1973,1952.52,1373.5,30.17,21.04,81.74,0.61,0.83,6771.43
1701051,Angico,TO,1974,2079.38,1313.15,30.76,19.57,81.83,0.58,0.81,6420.19
1701051,Angico,TO,1975,1676.55,1354.56,30.87,19.78,82.04,0.59,0.93,6555.75
1701051,Angico,TO,1976,1345.21,1370.63,30.85,19.83,78.51,0.7,0.97,6584.76
1701051,Angico,TO,1977,1709.81,1310.85,30.52,20.91,76.47,0.79,0.93,6174.34
1701051,Angico,TO,1978,1450.79,1357.58,30.99,20.59,75.39,0.83,1.04,6251.63
1701051,Angico,TO,1979,1700.92,1340.07,31.24,20.75,78.3,0.73,1.07,6167.28
1701051,Angico,TO,1980,1616.67,1376.46,31.64,20.92,74.15,0.9,1.08,6203.35
1701101,Aparecida do Rio Negro,TO,1961,1153.85,1518.59,32.52,18.65,68.63,1.04,0.89,7210.8
1701101,Aparecida do Rio Negro,TO,1962,1450.19,1471.35,32.75,19.14,71.74,0.96,0.81,6953.49
1701101,Aparecida do Rio Negro,TO,1963,1466.01,1479.9,32.38,18.51,70.74,0.97,0.75,7172.79
1701101,Aparecida do Rio Negro,TO,1964,1690.24,1409.68,31.51,19.21,74.22,0.84,0.77,6791.17
1701101,Aparecida do Rio Negro,TO,1965,1590.11,1406.25,31.89,18.81,73.38,0.87,0.62,6883.12
1701101,Aparecida do Rio Negro,TO,1966,1319.39,1422.89,32.37,19.07,71.86,0.94,0.59,6974.86
1701101,Aparecida do Rio Negro,TO,1967,1410.24,1405.54,32.13,18.93,72.31,0.92,0.6,6886.58
1701101,Aparecida do Rio Negro,TO,1968,1539.99,1389.21,31.86,18.98,73.18,0.88,0.57,6865.16
1701101,Aparecida do Rio Negro,TO,1969,1282.09,1454.41,32.49,19.59,73.59,0.9,0.63,7082.15
1701101,Aparecida do Rio Negro,TO,1970,1320.0,1503.5,32.4,19.51,72.65,0.92,0.89,7079.64
1701101,Aparecida do Rio Negro,TO,1971,1264.27,1459.17,31.64,19.71,72.59,0.91,1.21,6623.46
1701101,Aparecida do Rio Negro,TO,1972,1446.13,1482.92,32.42,20.22,72.85,0.94,1.14,6722.36
1701101,Aparecida do Rio Negro,TO,1973,1285.0,1506.62,30.65,21.39,75.93,0.82,1.31,7048.53
1701101,Aparecida do Rio Negro,TO,1974,1423.5,1440.85,29.52,20.34,74.38,0.82,1.29,6824.53
1701101,Aparecida do Rio Negro,TO,1975,1853.11,1492.29,31.25,19.21,74.52,0.83,1.18,6987.74
1701101,Aparecida do Rio Negro,TO,1976,1756.25,1437.83,31.31,19.45,75.51,0.8,1.05,6815.52
1701101,Aparecida do Rio Negro,TO,1977,1817.46,1397.7,31.22,20.35,76.82,0.78,0.97,6638.85
1701101,Aparecida do Rio Negro,TO,1978,1713.44,1417.41,31.12,20.55,74.04,0.88,1.06,6630.52
1701101,Aparecida do Rio Negro,TO,1979,2087.88,1400.32,31.38,20.3,72.85,0.91,0.91,6623.93
1701101,Aparecida do Rio Negro,TO,1980,1899.39,1400.16,31.74,20.2,72.22,0.95,1.01,6433.64
1701309,Aragominas,TO,1961,1201.48,1439.78,32.93,18.77,76.32,0.8,0.73,6970.3
1701309,Aragominas,TO,1962,1549.69,1417.67,32.87,19.16,77.17,0.77,0.72,6801.59
1701309,Aragominas,TO,1963,1474.95,1416.33,32.85,18.76,75.17,0.84,0.67,6862.23
1701309,Aragominas,TO,1964,1711.56,1401.34,31.97,19.12,77.93,0.73,0.66,6848.03
1701309,Aragominas,TO,1965,1374.59,1422.99,32.18,18.82,76.66,0.77,0.56,7106.5
1701309,Aragominas,TO,1966,1504.79,1410.04,32.49,19.06,76.6,0.79,0.51,7001.09
1701309,Aragominas,TO,1967,1801.91,1400.01,32.24,18.64,77.21,0.75,0.57,6929.3
1701309,Aragominas,TO,1968,1872.01,1399.34,31.94,18.69,76.52,0.77,0.6,6948.57
1701309,Aragominas,TO,1969,1698.93,1452.16,32.88,19.49,75.51,0.84,0.59,7125.03
1701309,Aragominas,TO,1970,1875.02,1465.62,33.18,19.8,76.2,0.82,0.78,6896.0
1701309,Aragominas,TO,1971,1607.31,1426.93,32.48,20.61,78.03,0.77,0.9,6704.36
1701309,Aragominas,TO,1972,1686.99,1389.0,32.85,21.01,79.92,0.72,0.86,6505.58
1701309,Aragominas,TO,1973,1949.75,1392.38,31.47,21.25,83.38,0.58,0.83,6769.7
1701309,Aragominas,TO,1974,1868.87,1308.6,31.7,19.45,82.81,0.57,0.8,6323.73
1701309,Aragominas,TO,1975,1497.7,1332.7,31.48,20.41,83.31,0.56,0.8,6454.12
1701309,Aragominas,TO,1976,1473.74,1362.34,31.57,20.59,79.84,0.69,0.86,6511.08
1701309,Aragominas,TO,1977,1597.3,1312.59,31.16,21.7,78.93,0.74,0.87,6189.11
1701309,Aragominas,TO,1978,1394.12,1369.76,31.73,21.64,77.53,0.8,0.99,6303.63
1701309,Aragominas,TO,1979,1635.59,1337.52,31.82,21.37,79.2,0.73,0.95,6219.27
1701309,Aragominas,TO,1980,1504.25,1380.51,32.3,21.44,75.55,0.88,1.05,6205.08
1701903,Araguacema,TO,1961,1236.82,1456.97,32.72,17.63,71.88,0.91,0.77,7078.22
1701903,Araguacema,TO,1962,1497.25,1431.69,32.84,17.89,74.71,0.83,0.74,6909.04
1701903,Araguacema,TO,1963,1542.62,1461.37,32.59,17.34,72.36,0.89,0.73,7138.7
1701903,Araguacema,TO,1964,1864.13,1375.9,31.49,17.84,75.7,0.76,0.72,6736.34
1701903,Araguacema,TO,1965,1624.1,1378.26,31.61,17.67,75.91,0.76,0.64,6874.95
1701903,Araguacema,TO,1966,1516.61,1410.6,32.38,17.98,75.11,0.81,0.65,6921.61
1701903,Araguacema,TO,1967,1728.33,1390.54,32.02,17.5,74.8,0.8,0.66,6866.94
1701903,Araguacema,TO,1968,1742.27,1377.64,31.74,17.74,75.28,0.78,0.63,6878.82
1701903,Araguacema,TO,1969,1573.09,1435.78,32.6,18.34,75.37,0.81,0.67,7034.24
1701903,Araguacema,TO,1970,1458.85,1487.68,33.66,19.33,74.62,0.87,0.83,6908.25
1701903,Araguacema,TO,1971,1422.07,1453.54,33.07,19.88,73.99,0.9,0.99,6647.49
1701903,Araguacema,TO,1972,1308.77,1431.69,33.21,20.34,75.08,0.88,0.96,6539.36
1701903,Araguacema,TO,1973,1649.9,1475.91,32.88,19.95,80.8,0.66,1.27,6822.17
1701903,Araguacema,TO,1974,1978.36,1327.69,31.76,17.12,80.44,0.6,1.18,6232.94
1701903,Araguacema,TO,1975,1597.67,1391.61,31.36,19.73,78.68,0.7,1.0,6661.16
1701903,Araguacema,TO,1976,1721.64,1382.66,31.62,19.86,77.86,0.74,0.9,6620.57
1701903,Araguacema,TO,1977,2094.61,1357.73,31.63,20.73,79.49,0.71,0.91,6450.66
1701903,Araguacema,TO,1978,1874.71,1420.07,31.88,21.27,76.82,0.82,1.07,6571.15
1701903,Araguacema,TO,1979,2260.17,1383.22,31.73,20.75,75.98,0.83,0.94,6514.12
1701903,Araguacema,TO,1980,2202.37,1410.86,32.25,20.76,73.8,0.93,1.12,6343.78
1702000,Araguaçu,TO,1961,1250.52,1558.11,33.32,20.12,69.33,1.1,1.01,7143.41
1702000,Araguaçu,TO,1962,1549.29,1539.68,33.09,19.98,71.08,1.01,1.15,6883.12
1702000,Araguaçu,TO,1963,1081.64,1649.0,33.81,20.16,67.0,1.19,1.22,7269.24
1702000,Araguaçu,TO,1964,1905.58,1480.67,32.22,20.42,73.13,0.92,1.14,6734.93
1702000,Araguaçu,TO,1965,1626.28,1486.81,32.54,20.32,72.6,0.95,1.12,6759.34
1702000,Araguaçu,TO,1966,1594.49,1561.33,33.39,19.46,69.92,1.05,1.19,6948.15
1702000,Araguaçu,TO,1967,1273.56,1555.75,33.16,19.9,69.99,1.05,1.24,6861.91
1702000,Araguaçu,TO,1968,1687.54,1547.92,32.77,19.95,68.57,1.09,1.21,6879.29
1702000,Araguaçu,TO,1969,1405.35,1576.84,33.03,20.87,69.68,1.09,1.14,7105.24
1702000,Araguaçu,TO,1970,1376.8,1551.56,32.65,20.58,69.94,1.05,1.21,6965.43
1702000,Araguaçu,TO,1971,1471.05,1475.09,32.16,20.52,69.44,1.05,1.17,6561.09
1702000,Araguaçu,TO,1972,1450.38,1559.28,33.18,20.58,68.06,1.14,1.27,6756.76
1702000,Araguaçu,TO,1973,1524.34,1531.9,31.81,21.82,70.81,1.05,1.3,6817.62
1702000,Araguaçu,TO,1974,1520.38,1504.47,31.44,20.64,70.67,0.99,1.28,6779.29
1702000,Araguaçu,TO,1975,1444.51,1517.21,32.22,19.84,68.79,1.05,1.03,7042.09
1702000,Araguaçu,TO,1976,1522.3,1427.9,31.99,19.97,72.38,0.93,0.9,6705.4
1702000,Araguaçu,TO,1977,1813.78,1443.1,32.23,20.66,72.79,0.95,1.07,6570.2
1702000,Araguaçu,TO,1978,1765.12,1424.68,31.37,20.63,70.74,0.99,1.09,6483.96
1702000,Araguaçu,TO,1979,1651.78,1405.74,32.27,20.44,69.67,1.05,0.97,6459.14
1702000,Araguaçu,TO,1980,2210.0,1420.22,32.43,20.45,69.26,1.08,1.02,6357.14
1702109,Araguaína,TO,1961,1237.63,1405.69,32.02,17.38,74.74,0.79,0.66,6997.01
1702109,Araguaína,TO,1962,1555.34,1377.85,31.96,17.74,76.81,0.73,0.61,6828.61
1702109,Araguaína,TO,1963,1520.86,1384.6,31.85,17.29,75.05,0.78,0.62,6909.35
1702109,Araguaína,TO,1964,1730.1,1366.89,30.9,17.68,77.55,0.69,0.66,6829.18
1702109,Araguaína,TO,1965,1381.74,1383.17,31.07,17.59,76.35,0.73,0.58,7031.57
1702109,Araguaína,TO,1966,1450.24,1381.22,31.54,17.83,75.71,0.77,0.54,6958.99
1702109,Araguaína,TO,1967,1911.38,1369.35,31.27,17.39,75.97,0.74,0.57,6930.4
1702109,Araguaína,TO,1968,1924.27,1362.85,31.05,17.43,76.29,0.73,0.54,6947.0
1702109,Araguaína,TO,1969,1669.6,1429.8,31.92,18.21,75.53,0.79,0.61,7136.34
1702109,Araguaína,TO,1970,1815.15,1460.2,32.36,18.69,75.7,0.79,0.91,6879.51
1702109,Araguaína,TO,1971,1573.99,1423.04,31.54,19.63,77.26,0.75,1.04,6704.2
1702109,Araguaína,TO,1972,1682.26,1383.58,31.9,20.03,78.22,0.74,0.9,6549.41
1702109,Araguaína,TO,1973,1981.05,1390.8,30.6,20.41,80.66,0.64,0.93,6785.41
1702109,Araguaína,TO,1974,2020.13,1306.76,30.79,18.28,80.56,0.6,0.92,6344.16
1702109,Araguaína,TO,1975,1667.51,1353.64,30.6,19.43,80.92,0.61,0.88,6627.07
1702109,Araguaína,TO,1976,1631.73,1359.83,30.63,19.46,78.4,0.69,0.9,6612.72
1702109,Araguaína,TO,1977,1709.26,1294.52,30.21,20.65,78.22,0.72,0.87,6226.03
1702109,Araguaína,TO,1978,1584.98,1352.2,30.85,20.64,76.73,0.78,0.98,6340.7
1702109,Araguaína,TO,1979,2065.79,1324.98,30.87,20.33,78.51,0.71,0.96,6278.81
1702109,Araguaína,TO,1980,1643.71,1365.31,31.37,20.38,75.18,0.85,1.07,6251.73
1702158,Araguanã,TO,1961,1200.62,1408.3,32.65,18.78,76.35,0.79,0.56,6964.8
1702158,Araguanã,TO,1962,1547.44,1380.71,32.54,19.19,77.18,0.77,0.52,6796.88
1702158,Araguanã,TO,1963,1470.19,1381.53,32.57,18.83,75.19,0.83,0.49,6856.57
1702158,Araguanã,TO,1964,1687.43,1378.15,31.77,19.16,77.94,0.72,0.52,6851.65
1702158,Araguanã,TO,1965,1320.25,1403.03,32.0,18.76,76.63,0.77,0.44,7105.24
1702158,Araguanã,TO,1966,1496.82,1384.76,32.19,18.98,76.62,0.78,0.4,6995.91
1702158,Araguanã,TO,1967,1727.34,1396.58,31.97,18.58,77.21,0.74,0.58,6927.1
1702158,Araguanã,TO,1968,1875.63,1396.32,31.72,18.6,76.53,0.76,0.61,6946.06
1702158,Araguanã,TO,1969,1503.99,1449.19,32.63,19.42,75.55,0.83,0.59,7128.33
1702158,Araguanã,TO,1970,1873.46,1454.67,32.75,19.62,76.21,0.81,0.78,6893.64
1702158,Araguanã,TO,1971,1596.61,1416.8,32.09,20.37,78.06,0.75,0.89,6707.65
1702158,Araguanã,TO,1972,1726.72,1378.46,32.53,20.77,79.94,0.71,0.84,6493.33
1702158,Araguanã,TO,1973,1941.46,1381.63,30.94,21.04,82.79,0.58,0.82,6769.23
1702158,Araguanã,TO,1974,1878.84,1307.42,31.42,19.45,81.8,0.6,0.8,6325.3
1702158,Araguanã,TO,1975,1568.85,1327.89,31.26,20.17,82.59,0.58,0.79,6448.46
1702158,Araguanã,TO,1976,1433.75,1364.85,31.21,20.39,79.75,0.68,0.87,6565.43
1702158,Araguanã,TO,1977,1665.54,1306.14,30.83,21.48,78.84,0.73,0.9,6179.53
1702158,Araguanã,TO,1978,1437.95,1360.65,31.38,21.37,77.46,0.78,1.0,6294.83
1702158,Araguanã,TO,1979,1588.43,1329.38,31.52,21.14,79.22,0.72,0.95,6212.83
1702158,Araguanã,TO,1980,1502.52,1375.7,31.99,21.22,75.51,0.87,1.06,6204.76
1702208,Araguatins,TO,1961,1628.48,1437.17,33.08,20.42,78.9,0.75,0.6,6929.46
1702208,Araguatins,TO,1962,1514.2,1399.55,32.82,20.78,79.74,0.72,0.58,6738.29
1702208,Araguatins,TO,1963,1416.2,1397.45,33.09,20.56,78.58,0.76,0.56,6713.31
1702208,Araguatins,TO,1964,1459.45,1434.15,32.55,20.8,79.69,0.72,0.74,6821.33
1702208,Araguatins,TO,1965,1257.81,1467.82,32.87,20.51,76.46,0.83,0.63,7105.56
1702208,Araguatins,TO,1966,1540.74,1396.12,32.49,20.89,77.06,0.81,0.4,6892.23
1702208,Araguatins,TO,1967,1543.19,1446.63,32.48,20.42,77.74,0.77,0.7,6946.11
1702208,Araguatins,TO,1968,1316.59,1429.54,32.38,20.45,78.83,0.74,0.64,6939.46
1702208,Araguatins,TO,1969,1398.75,1482.61,33.35,21.41,77.95,0.81,0.6,7109.95
1702208,Araguatins,TO,1970,1408.53,1467.62,33.06,20.84,78.6,0.77,0.79,6903.38
1702208,Araguatins,TO,1971,1411.53,1442.28,32.9,20.73,82.09,0.64,0.91,6841.18
1702208,Araguatins,TO,1972,1372.89,1420.48,33.62,21.14,83.37,0.61,0.72,6723.93
1702208,Araguatins,TO,1973,1995.38,1385.06,31.68,21.1,81.89,0.63,0.86,6655.34
1702208,Araguatins,TO,1974,2010.2,1335.88,31.82,20.41,82.05,0.61,0.88,6383.27
1702208,Araguatins,TO,1975,1653.41,1366.02,31.79,20.6,82.63,0.59,0.96,6521.82
1702208,Araguatins,TO,1976,1491.68,1394.94,31.75,21.28,79.51,0.71,0.99,6542.81
1702208,Araguatins,TO,1977,1640.83,1330.04,31.65,21.91,78.42,0.77,1.03,6081.51
1702208,Araguatins,TO,1978,1264.68,1361.16,31.82,21.75,77.66,0.79,1.09,6156.75
1702208,Araguatins,TO,1979,1548.66,1340.79,32.12,21.95,80.08,0.72,1.11,6074.91
1702208,Araguatins,TO,1980,1482.17,1408.91,32.53,22.12,74.95,0.92,1.12,6198.95
1702307,Arapoema,TO,1961,1256.33,1437.17,32.65,17.45,74.35,0.82,0.72,7037.69
1702307,Arapoema,TO,1962,1605.38,1420.68,32.76,17.7,76.63,0.76,0.7,6934.17
1702307,Arapoema,TO,1963,1493.9,1427.24,32.53,17.15,74.95,0.8,0.69,7022.46
1702307,Arapoema,TO,1964,1830.0,1379.69,31.41,17.62,77.42,0.7,0.71,6814.73
1702307,Arapoema,TO,1965,1402.82,1393.0,31.51,17.58,76.41,0.74,0.61,7032.82
1702307,Arapoema,TO,1966,1466.96,1395.45,32.26,17.93,75.68,0.79,0.56,6969.2
1702307,Arapoema,TO,1967,1785.63,1384.86,31.9,17.38,75.98,0.75,0.6,6928.52
1702307,Arapoema,TO,1968,1816.36,1376.82,31.6,17.56,76.33,0.74,0.58,6950.45
1702307,Arapoema,TO,1969,1630.19,1438.39,32.54,18.23,75.55,0.8,0.64,7103.67
1702307,Arapoema,TO,1970,1688.14,1495.05,33.63,19.22,75.1,0.85,0.86,6920.98
1702307,Arapoema,TO,1971,1490.73,1446.84,32.99,19.89,76.15,0.83,0.95,6699.33
1702307,Arapoema,TO,1972,1423.25,1416.9,33.14,20.35,76.24,0.84,0.87,6560.72
1702307,Arapoema,TO,1973,1778.65,1440.13,32.86,19.93,80.63,0.67,0.96,6783.37
1702307,Arapoema,TO,1974,1895.07,1322.88,31.94,17.04,80.53,0.6,0.95,6327.03
1702307,Arapoema,TO,1975,1888.16,1370.27,31.3,19.78,80.91,0.63,0.9,6634.77
1702307,Arapoema,TO,1976,1695.81,1378.87,31.47,19.91,78.52,0.72,0.89,6625.13
1702307,Arapoema,TO,1977,1782.48,1312.85,31.43,20.78,78.52,0.74,0.83,6227.13
1702307,Arapoema,TO,1978,1739.53,1371.91,31.82,21.27,76.98,0.81,0.95,6338.97
1702307,Arapoema,TO,1979,2348.36,1342.68,31.62,20.76,77.97,0.75,0.95,6290.12
1702307,Arapoema,TO,1980,1934.01,1385.68,32.15,20.79,75.09,0.88,1.1,6239.48
1702406,Arraias,TO,1961,820.61,1610.98,32.51,19.2,65.0,1.2,1.2,7284.0
1702406,Arraias,TO,1962,1145.13,1506.72,31.63,18.97,68.88,1.02,1.13,6948.78
1702406,Arraias,TO,1963,746.32,1594.85,32.21,19.12,63.5,1.23,1.08,7344.33
1702406,Arraias,TO,1964,1572.03,1443.87,31.0,19.37,71.83,0.91,1.11,6730.22
1702406,Arraias,TO,1965,1231.61,1464.75,31.21,18.82,71.06,0.92,1.1,6828.3
1702406,Arraias,TO,1966,1400.01,1501.7,31.86,18.38,70.61,0.96,1.16,6963.39
1702406,Arraias,TO,1967,1109.76,1535.07,31.89,18.78,69.45,1.0,1.27,6944.38
1702406,Arraias,TO,1968,1655.0,1519.31,31.7,18.65,69.29,1.0,1.25,6882.75
1702406,Arraias,TO,1969,1288.91,1580.11,32.11,19.74,69.82,1.03,1.28,7129.75
1702406,Arraias,TO,1970,1241.23,1552.53,31.24,19.34,70.14,0.97,1.35,7123.46
1702406,Arraias,TO,1971,1537.47,1453.95,30.97,19.25,68.86,1.0,1.16,6683.78
1702406,Arraias,TO,1972,1416.23,1513.58,31.83,19.51,67.4,1.09,1.23,6753.62
1702406,Arraias,TO,1973,1729.8,1550.89,30.26,20.9,70.04,1.0,1.38,7123.62
1702406,Arraias,TO,1974,1719.5,1473.71,30.23,19.34,71.77,0.89,1.12,7049.16
1702406,Arraias,TO,1975,1496.86,1538.4,31.0,18.99,68.7,1.0,1.09,7254.79
1702406,Arraias,TO,1976,1662.59,1441.77,30.84,19.28,71.91,0.9,1.03,6806.4
1702406,Arraias,TO,1977,1443.49,1455.18,30.76,20.14,69.36,1.02,1.14,6726.5
1702406,Arraias,TO,1978,1686.78,1372.63,29.53,20.05,71.44,0.91,1.06,6508.0
1702406,Arraias,TO,1979,1772.75,1357.27,30.79,19.96,69.74,1.0,0.84,6418.62
1702406,Arraias,TO,1980,1758.34,1368.07,31.04,19.53,68.91,1.02,0.87,6414.47
1702554,Augustinópolis,TO,1961,1641.11,1442.39,32.88,20.33,79.06,0.74,0.64,6942.97
1702554,Augustinópolis,TO,1962,1463.58,1402.72,32.61,20.7,79.93,0.71,0.63,6746.14
1702554,Augustinópolis,TO,1963,1367.98,1403.8,32.9,20.48,78.78,0.75,0.59,6740.64
1702554,Augustinópolis,TO,1964,1420.64,1442.69,32.39,20.72,79.77,0.71,0.76,6877.56
1702554,Augustinópolis,TO,1965,1205.41,1474.68,32.73,20.5,76.41,0.83,0.67,7123.3
1702554,Augustinópolis,TO,1966,1536.98,1406.56,32.3,20.95,76.82,0.82,0.48,6894.12
1702554,Augustinópolis,TO,1967,1548.01,1443.72,32.3,20.46,77.8,0.77,0.69,6956.95
1702554,Augustinópolis,TO,1968,1315.59,1431.18,32.22,20.49,78.83,0.74,0.65,6938.51
1702554,Augustinópolis,TO,1969,1334.54,1494.39,33.21,21.48,78.05,0.8,0.65,7143.41
1702554,Augustinópolis,TO,1970,1265.6,1469.97,32.89,20.79,78.63,0.76,0.8,6915.64
1702554,Augustinópolis,TO,1971,1341.64,1444.48,32.8,20.49,82.17,0.63,0.98,6841.65
1702554,Augustinópolis,TO,1972,1236.69,1423.14,33.57,20.91,83.41,0.6,0.77,6720.79
1702554,Augustinópolis,TO,1973,1717.23,1381.48,31.4,21.16,81.87,0.63,0.86,6655.03
1702554,Augustinópolis,TO,1974,2029.45,1352.77,31.57,20.48,82.02,0.61,0.9,6494.33
1702554,Augustinópolis,TO,1975,1799.85,1372.68,31.79,20.37,82.01,0.61,0.98,6527.32
1702554,Augustinópolis,TO,1976,1520.53,1394.48,31.64,21.0,79.08,0.72,1.01,6535.43
1702554,Augustinópolis,TO,1977,1644.9,1331.32,31.65,21.71,78.52,0.76,1.04,6080.72
1702554,Augustinópolis,TO,1978,1307.27,1360.7,31.71,21.54,77.79,0.78,1.12,6154.71
1702554,Augustinópolis,TO,1979,1531.16,1342.79,32.0,21.8,80.17,0.71,1.16,6076.32
1702554,Augustinópolis,TO,1980,1593.9,1404.82,32.41,22.0,75.25,0.91,1.13,6194.24
1702703,Aurora do Tocantins,TO,1961,805.45,1606.57,32.59,19.53,64.85,1.22,1.09,7344.17
1702703,Aurora do Tocantins,TO,1962,1134.06,1495.61,31.66,19.3,69.01,1.03,1.01,6989.62
1702703,Aurora do Tocantins,TO,1963,766.48,1562.1,32.23,19.43,65.97,1.17,0.94,7344.17
1702703,Aurora do Tocantins,TO,1964,1527.42,1426.01,31.12,19.62,71.86,0.92,0.94,6722.05
1702703,Aurora do Tocantins,TO,1965,1208.25,1454.06,31.32,18.88,70.93,0.93,0.98,6837.88
1702703,Aurora do Tocantins,TO,1966,1470.77,1481.59,31.38,19.49,69.84,1.0,0.99,6965.12
1702703,Aurora do Tocantins,TO,1967,1124.68,1490.75,31.64,19.54,69.5,1.02,1.01,6955.54
1702703,Aurora do Tocantins,TO,1968,1514.66,1461.58,31.59,18.54,69.21,0.99,0.96,6875.36
1702703,Aurora do Tocantins,TO,1969,1277.33,1556.83,32.83,20.4,70.3,1.06,1.0,7141.06
1702703,Aurora do Tocantins,TO,1970,1289.59,1528.88,31.36,20.06,69.53,1.02,1.11,7135.09
1702703,Aurora do Tocantins,TO,1971,1458.93,1447.15,31.09,19.73,68.64,1.03,1.09,6687.7
1702703,Aurora do Tocantins,TO,1972,1382.0,1510.61,32.12,20.6,67.42,1.14,1.12,6776.4
1702703,Aurora do Tocantins,TO,1973,1574.93,1553.35,29.63,22.12,69.39,1.04,1.26,7236.25
1702703,Aurora do Tocantins,TO,1974,1978.84,1497.87,30.79,20.15,71.71,0.94,1.07,7103.2
1702703,Aurora do Tocantins,TO,1975,1275.63,1563.07,31.32,19.92,68.67,1.05,1.09,7291.54
1702703,Aurora do Tocantins,TO,1976,1672.33,1460.15,31.11,20.17,71.62,0.95,1.02,6827.92
1702703,Aurora do Tocantins,TO,1977,1448.06,1514.24,31.23,20.84,67.81,1.11,1.21,6838.82
1702703,Aurora do Tocantins,TO,1978,1823.4,1421.71,30.32,20.56,71.18,0.96,1.07,6636.18
1702703,Aurora do Tocantins,TO,1979,2112.78,1402.98,31.07,20.67,69.51,1.04,0.88,6596.75
1702703,Aurora do Tocantins,TO,1980,1925.43,1420.53,31.33,20.07,68.13,1.07,0.96,6559.31
1702901,Axixá do Tocantins,TO,1961,1537.36,1428.41,32.45,19.92,78.0,0.76,0.6,6969.36
1702901,Axixá do Tocantins,TO,1962,1475.08,1390.18,32.13,20.3,78.43,0.74,0.57,6774.73
1702901,Axixá do Tocantins,TO,1963,1380.74,1392.64,32.44,20.09,78.21,0.75,0.56,6765.15
1702901,Axixá do Tocantins,TO,1964,1434.67,1434.04,31.94,20.34,79.58,0.7,0.7,6958.15
1702901,Axixá do Tocantins,TO,1965,1205.68,1449.4,32.28,20.15,76.39,0.81,0.56,7126.13
1702901,Axixá do Tocantins,TO,1966,1540.12,1406.51,31.79,20.64,76.84,0.8,0.44,6978.47
1702901,Axixá do Tocantins,TO,1967,1538.44,1426.62,31.82,20.14,77.66,0.75,0.63,6962.76
1702901,Axixá do Tocantins,TO,1968,1314.97,1413.47,31.75,20.15,78.56,0.73,0.6,6936.47
1702901,Axixá do Tocantins,TO,1969,1344.27,1478.52,32.76,21.17,77.78,0.8,0.61,7145.3
1702901,Axixá do Tocantins,TO,1970,1233.4,1448.73,32.45,20.44,78.48,0.75,0.73,6896.32
1702901,Axixá do Tocantins,TO,1971,1358.93,1447.5,32.4,20.06,80.44,0.67,1.02,6834.58
1702901,Axixá do Tocantins,TO,1972,1237.89,1413.32,33.16,20.48,83.4,0.59,0.77,6727.23
1702901,Axixá do Tocantins,TO,1973,1642.04,1379.23,31.21,20.91,81.8,0.62,0.88,6663.04
1702901,Axixá do Tocantins,TO,1974,2025.76,1348.06,31.34,20.02,81.91,0.6,0.91,6501.08
1702901,Axixá do Tocantins,TO,1975,1779.49,1370.94,31.58,19.93,81.85,0.6,1.0,6535.64
1702901,Axixá do Tocantins,TO,1976,1602.67,1386.29,31.35,20.36,78.73,0.71,1.02,6532.44
1702901,Axixá do Tocantins,TO,1977,1669.11,1318.32,31.35,21.28,77.56,0.78,1.01,6053.23
1702901,Axixá do Tocantins,TO,1978,1281.44,1355.79,31.3,21.11,77.09,0.79,1.13,6152.51
1702901,Axixá do Tocantins,TO,1979,1509.28,1354.82,31.64,21.36,78.41,0.75,1.19,6096.74
1702901,Axixá do Tocantins,TO,1980,1626.81,1397.45,32.01,21.6,74.35,0.92,1.12,6190.62
1703008,Babaçulândia,TO,1961,1193.49,1413.37,32.39,18.53,75.01,0.82,0.52,7096.29
1703008,Babaçulândia,TO,1962,1559.12,1399.24,32.13,18.86,76.77,0.76,0.4,7087.02
1703008,Babaçulândia,TO,1963,1513.36,1401.75,32.18,18.52,74.94,0.82,0.45,7087.65
1703008,Babaçulândia,TO,1964,1656.18,1378.2,31.4,18.84,77.5,0.72,0.52,6903.01
1703008,Babaçulândia,TO,1965,1270.8,1384.4,31.63,18.08,76.41,0.75,0.43,7077.44
1703008,Babaçulândia,TO,1966,1412.01,1367.66,31.8,18.16,76.41,0.76,0.37,7002.66
1703008,Babaçulândia,TO,1967,1635.53,1351.28,31.64,17.86,76.9,0.73,0.4,6905.74
1703008,Babaçulândia,TO,1968,1929.02,1349.08,31.48,17.76,76.24,0.75,0.38,6930.5
1703008,Babaçulândia,TO,1969,1724.74,1411.83,32.27,18.62,75.35,0.81,0.44,7120.64
1703008,Babaçulândia,TO,1970,1785.42,1439.57,32.0,19.04,75.14,0.82,0.69,6934.64
1703008,Babaçulândia,TO,1971,1540.5,1439.57,30.99,20.5,74.97,0.84,1.08,6711.42
1703008,Babaçulândia,TO,1972,1847.8,1409.83,31.38,20.84,78.02,0.75,0.89,6747.18
1703008,Babaçulândia,TO,1973,1968.59,1377.54,29.1,22.2,81.48,0.62,0.93,6798.29
1703008,Babaçulândia,TO,1974,1930.36,1363.87,30.78,20.17,80.7,0.63,0.93,6589.84
1703008,Babaçulândia,TO,1975,1743.76,1359.63,30.86,20.17,81.23,0.62,0.88,6587.48
1703008,Babaçulândia,TO,1976,1597.6,1380.35,30.79,19.91,78.44,0.7,0.91,6687.49
1703008,Babaçulândia,TO,1977,1829.76,1337.31,29.98,21.52,76.88,0.79,0.91,6412.17
1703008,Babaçulândia,TO,1978,1625.59,1410.55,31.2,20.93,75.35,0.85,1.02,6557.01
1703008,Babaçulândia,TO,1979,1751.28,1377.03,31.28,20.81,77.34,0.77,1.04,6413.43
1703008,Babaçulândia,TO,1980,1696.2,1409.58,31.76,20.93,73.24,0.94,1.06,6391.07
1703057,Bandeirantes do Tocantins,TO,1961,1243.48,1411.57,31.49,16.37,74.18,0.77,0.72,7077.28
1703057,Bandeirantes do Tocantins,TO,1962,1603.32,1407.99,31.58,16.63,76.55,0.71,0.7,7055.44
1703057,Bandeirantes do Tocantins,TO,1963,1471.38,1402.93,31.36,16.09,74.83,0.75,0.69,7073.67
1703057,Bandeirantes do Tocantins,TO,1964,1835.23,1353.89,30.26,16.55,77.31,0.66,0.71,6842.69
1703057,Bandeirantes do Tocantins,TO,1965,1390.23,1363.57,30.38,16.55,76.3,0.7,0.61,7030.94
1703057,Bandeirantes do Tocantins,TO,1966,1463.87,1368.28,31.09,16.88,75.53,0.74,0.56,6981.46
1703057,Bandeirantes do Tocantins,TO,1967,1776.85,1352.72,30.74,16.35,75.84,0.71,0.6,6911.55
1703057,Bandeirantes do Tocantins,TO,1968,1818.44,1347.19,30.46,16.49,76.21,0.7,0.58,6943.54
1703057,Bandeirantes do Tocantins,TO,1969,1661.31,1409.27,31.38,17.19,75.39,0.75,0.64,7112.47
1703057,Bandeirantes do Tocantins,TO,1970,1677.73,1459.17,32.36,18.08,74.97,0.8,0.86,6930.25
1703057,Bandeirantes do Tocantins,TO,1971,1477.21,1414.34,31.66,18.83,75.77,0.78,0.97,6690.69
1703057,Bandeirantes do Tocantins,TO,1972,1420.71,1389.52,31.83,19.29,75.69,0.8,0.87,6591.82
1703057,Bandeirantes do Tocantins,TO,1973,1734.6,1414.24,31.36,19.04,80.34,0.63,1.08,6793.58
1703057,Bandeirantes do Tocantins,TO,1974,1978.0,1309.11,30.67,16.28,80.12,0.57,1.04,6363.48
1703057,Bandeirantes do Tocantins,TO,1975,1868.45,1351.44,30.14,18.68,80.42,0.6,0.97,6653.77
1703057,Bandeirantes do Tocantins,TO,1976,1771.92,1352.15,30.29,18.77,78.22,0.68,0.89,6643.66
1703057,Bandeirantes do Tocantins,TO,1977,1808.65,1295.19,30.15,19.75,78.29,0.7,0.82,6318.39
1703057,Bandeirantes do Tocantins,TO,1978,1794.43,1343.45,30.57,20.14,76.73,0.76,0.95,6369.76
1703057,Bandeirantes do Tocantins,TO,1979,2532.99,1327.13,30.44,19.66,77.1,0.73,0.95,6366.78
1703057,Bandeirantes do Tocantins,TO,1980,1999.1,1354.0,30.97,19.69,74.84,0.83,1.07,6266.34
1703073,Barra do Ouro,TO,1961,1214.36,1444.13,33.0,18.84,74.37,0.87,0.61,7092.99
1703073,Barra do Ouro,TO,1962,1523.16,1426.21,32.8,19.19,76.66,0.79,0.49,7065.18
1703073,Barra do Ouro,TO,1963,1460.06,1427.13,32.77,18.82,74.76,0.85,0.52,7078.85
1703073,Barra do Ouro,TO,1964,1660.26,1399.24,31.94,19.16,77.31,0.75,0.58,6891.07
1703073,Barra do Ouro,TO,1965,1147.11,1398.17,32.18,18.59,76.04,0.79,0.47,7029.05
1703073,Barra do Ouro,TO,1966,1362.27,1372.22,32.45,18.68,75.27,0.82,0.35,6967.63
1703073,Barra do Ouro,TO,1967,1619.98,1368.02,32.25,18.37,75.48,0.8,0.41,6907.0
1703073,Barra do Ouro,TO,1968,1893.24,1363.16,32.11,18.27,75.8,0.79,0.38,6934.74
1703073,Barra do Ouro,TO,1969,1519.9,1425.8,32.88,19.12,75.04,0.85,0.43,7124.56
1703073,Barra do Ouro,TO,1970,1756.49,1460.96,32.64,19.53,74.08,0.88,0.7,6956.01
1703073,Barra do Ouro,TO,1971,1547.64,1440.03,31.54,21.08,74.28,0.89,0.98,6683.62
1703073,Barra do Ouro,TO,1972,1616.62,1434.71,31.92,21.43,75.82,0.85,0.85,6794.62
1703073,Barra do Ouro,TO,1973,1799.99,1425.34,29.64,22.84,79.9,0.7,1.17,6838.66
1703073,Barra do Ouro,TO,1974,1730.12,1407.48,31.36,20.78,79.3,0.7,1.16,6580.73
1703073,Barra do Ouro,TO,1975,1499.36,1421.76,31.44,20.76,79.61,0.7,1.11,6676.71
1703073,Barra do Ouro,TO,1976,1458.56,1420.79,31.37,20.47,77.16,0.77,0.99,6753.15
1703073,Barra do Ouro,TO,1977,1624.34,1382.86,30.58,22.11,76.21,0.84,0.95,6552.14
1703073,Barra do Ouro,TO,1978,1521.47,1440.29,31.8,21.53,74.51,0.91,1.05,6587.01
1703073,Barra do Ouro,TO,1979,1672.51,1413.37,31.84,21.37,76.47,0.83,1.05,6499.2
1703073,Barra do Ouro,TO,1980,1603.26,1435.68,32.36,21.45,72.21,1.01,1.05,6465.37
1703107,Barrolândia,TO,1961,1187.62,1503.96,32.21,18.25,69.26,1.0,0.92,7161.16
1703107,Barrolândia,TO,1962,1487.46,1466.44,32.5,18.71,72.17,0.92,0.85,6943.28
1703107,Barrolândia,TO,1963,1348.57,1475.09,32.09,18.09,71.05,0.94,0.78,7169.96
1703107,Barrolândia,TO,1964,1838.26,1398.22,31.23,18.78,74.58,0.81,0.79,6771.06
1703107,Barrolândia,TO,1965,1502.38,1391.92,31.56,18.39,73.71,0.84,0.63,6865.53
1703107,Barrolândia,TO,1966,1419.29,1411.06,32.11,18.67,72.25,0.91,0.59,6946.58
1703107,Barrolândia,TO,1967,1583.34,1392.23,31.85,18.48,72.72,0.88,0.61,6861.28
1703107,Barrolândia,TO,1968,1587.6,1379.33,31.58,18.57,73.54,0.85,0.58,6849.45
1703107,Barrolândia,TO,1969,1506.07,1441.77,32.24,19.15,73.89,0.87,0.64,7052.3
1703107,Barrolândia,TO,1970,1342.78,1483.18,32.28,19.2,73.06,0.9,0.91,6973.6
1703107,Barrolândia,TO,1971,1326.08,1449.65,31.57,19.45,73.01,0.89,1.2,6606.49
1703107,Barrolândia,TO,1972,1432.19,1465.37,32.24,19.95,73.35,0.91,1.1,6722.99
1703107,Barrolândia,TO,1973,1539.65,1496.54,30.65,20.95,76.33,0.8,1.33,7013.97
1703107,Barrolândia,TO,1974,1984.14,1407.48,29.5,19.69,74.77,0.79,1.31,6652.67
1703107,Barrolândia,TO,1975,1892.4,1476.73,31.0,19.0,74.89,0.8,1.18,6961.66
1703107,Barrolândia,TO,1976,2083.28,1423.14,31.06,19.24,75.98,0.77,1.05,6783.0
1703107,Barrolândia,TO,1977,1932.41,1373.5,30.92,20.21,77.23,0.76,0.97,6551.2
1703107,Barrolândia,TO,1978,1946.7,1410.3,30.88,20.43,74.26,0.86,1.07,6613.09
1703107,Barrolândia,TO,1979,2349.72,1386.04,31.16,20.08,73.39,0.88,0.9,6595.34
1703107,Barrolândia,TO,1980,2373.28,1388.08,31.48,20.04,72.62,0.93,1.03,6388.4
1703206,Bernardo Sayão,TO,1961,1259.4,1434.86,32.64,17.32,74.29,0.82,0.73,7031.41
1703206,Bernardo Sayão,TO,1962,1602.59,1420.89,32.76,17.55,76.6,0.76,0.7,6941.24
1703206,Bernardo Sayão,TO,1963,1515.03,1425.39,32.52,16.99,74.91,0.79,0.69,7026.54
1703206,Bernardo Sayão,TO,1964,1851.12,1376.98,31.37,17.46,77.4,0.7,0.71,6814.73
1703206,Bernardo Sayão,TO,1965,1406.13,1390.33,31.46,17.41,76.38,0.74,0.61,7032.35
1703206,Bernardo Sayão,TO,1966,1471.79,1395.15,32.25,17.76,75.63,0.78,0.57,6974.7
1703206,Bernardo Sayão,TO,1967,1787.35,1382.96,31.87,17.19,75.96,0.75,0.6,6929.62
1703206,Bernardo Sayão,TO,1968,1808.49,1374.88,31.56,17.4,76.33,0.74,0.58,6953.28
1703206,Bernardo Sayão,TO,1969,1635.61,1437.37,32.52,18.05,75.52,0.8,0.65,7106.65
1703206,Bernardo Sayão,TO,1970,1676.66,1498.48,33.74,19.18,75.09,0.85,0.87,6927.26
1703206,Bernardo Sayão,TO,1971,1476.61,1450.63,33.13,19.81,76.0,0.83,0.96,6695.72
1703206,Bernardo Sayão,TO,1972,1397.52,1423.91,33.23,20.28,76.01,0.85,0.88,6579.89
1703206,Bernardo Sayão,TO,1973,1755.89,1444.64,33.13,19.68,81.36,0.64,0.98,6788.24
1703206,Bernardo Sayão,TO,1974,1812.61,1324.77,32.02,16.59,81.08,0.57,0.97,6343.84
1703206,Bernardo Sayão,TO,1975,1667.34,1358.45,31.26,19.71,81.05,0.62,0.94,6538.31
1703206,Bernardo Sayão,TO,1976,1514.35,1366.18,31.5,19.85,78.73,0.71,0.88,6551.45
1703206,Bernardo Sayão,TO,1977,1720.77,1328.76,31.57,20.64,79.06,0.72,0.88,6272.37
1703206,Bernardo Sayão,TO,1978,1679.85,1388.13,31.92,21.24,76.38,0.83,1.02,6358.29
1703206,Bernardo Sayão,TO,1979,2360.92,1352.46,31.64,20.69,77.73,0.76,0.95,6350.6
1703206,Bernardo Sayão,TO,1980,2035.82,1388.13,32.19,20.71,74.66,0.89,1.1,6240.42
1703305,Bom Jesus do Tocantins,TO,1961,1101.27,1486.3,32.62,18.34,71.67,0.93,0.8,7209.23
1703305,Bom Jesus do Tocantins,TO,1962,1474.28,1459.58,32.6,18.7,74.61,0.85,0.71,7091.89
1703305,Bom Jesus do Tocantins,TO,1963,1538.25,1458.61,32.39,18.22,72.25,0.91,0.71,7122.99
1703305,Bom Jesus do Tocantins,TO,1964,1809.68,1401.18,31.46,18.74,75.59,0.79,0.7,6867.67
1703305,Bom Jesus do Tocantins,TO,1965,1437.31,1410.14,31.71,18.25,75.79,0.78,0.62,7022.46
1703305,Bom Jesus do Tocantins,TO,1966,1097.55,1422.78,32.28,18.38,75.04,0.82,0.63,6996.69
1703305,Bom Jesus do Tocantins,TO,1967,1321.76,1403.9,32.0,18.1,74.52,0.82,0.63,6922.71
1703305,Bom Jesus do Tocantins,TO,1968,1349.84,1385.52,31.75,18.24,75.05,0.8,0.6,6897.83
1703305,Bom Jesus do Tocantins,TO,1969,1139.89,1444.02,32.41,18.88,75.17,0.82,0.64,7084.19
1703305,Bom Jesus do Tocantins,TO,1970,1289.13,1487.27,32.71,19.31,74.36,0.86,0.83,7035.97
1703305,Bom Jesus do Tocantins,TO,1971,1231.84,1478.21,31.98,19.96,73.18,0.91,1.16,6698.23
1703305,Bom Jesus do Tocantins,TO,1972,1370.45,1451.34,32.46,20.28,74.33,0.89,0.98,6733.83
1703305,Bom Jesus do Tocantins,TO,1973,1492.57,1490.39,31.02,21.09,77.8,0.76,1.3,7002.19
1703305,Bom Jesus do Tocantins,TO,1974,2021.6,1448.83,30.53,19.19,74.37,0.81,1.3,6756.51
1703305,Bom Jesus do Tocantins,TO,1975,1798.93,1501.19,31.23,19.68,73.43,0.87,1.24,6939.67
1703305,Bom Jesus do Tocantins,TO,1976,1739.14,1462.24,31.39,19.66,74.72,0.83,1.1,6894.53
1703305,Bom Jesus do Tocantins,TO,1977,1688.49,1379.54,30.76,20.8,76.57,0.79,0.93,6582.61
1703305,Bom Jesus do Tocantins,TO,1978,1646.41,1423.6,30.83,21.01,73.52,0.9,1.06,6634.45
1703305,Bom Jesus do Tocantins,TO,1979,2173.73,1404.82,31.1,20.66,72.67,0.92,0.97,6608.53
1703305,Bom Jesus do Tocantins,TO,1980,1877.79,1409.94,31.66,20.54,71.98,0.97,1.02,6473.54
1703602,Brasilândia do Tocantins,TO,1961,1236.79,1442.69,32.45,17.46,73.91,0.83,0.73,7093.14
1703602,Brasilândia do Tocantins,TO,1962,1597.43,1436.91,32.54,17.72,76.44,0.76,0.71,7057.96
1703602,Brasilândia do Tocantins,TO,1963,1494.58,1432.87,32.32,17.19,74.62,0.8,0.69,7080.11
1703602,Brasilândia do Tocantins,TO,1964,1817.1,1383.99,31.25,17.66,77.15,0.71,0.71,6856.2
1703602,Brasilândia do Tocantins,TO,1965,1342.8,1391.05,31.38,17.63,76.18,0.75,0.61,7030.62
1703602,Brasilândia do Tocantins,TO,1966,1456.33,1397.04,32.06,17.95,75.34,0.79,0.57,6986.95
1703602,Brasilândia do Tocantins,TO,1967,1767.75,1379.54,31.73,17.45,75.65,0.76,0.6,6913.28
1703602,Brasilândia do Tocantins,TO,1968,1817.43,1374.16,31.48,17.57,76.0,0.75,0.58,6944.33
1703602,Brasilândia do Tocantins,TO,1969,1602.09,1437.11,32.35,18.27,75.16,0.81,0.64,7110.58
1703602,Brasilândia do Tocantins,TO,1970,1457.43,1491.26,33.22,19.08,74.6,0.86,0.88,6950.82
1703602,Brasilândia do Tocantins,TO,1971,1373.29,1457.18,32.48,19.87,73.93,0.89,1.0,6733.1
1703602,Brasilândia do Tocantins,TO,1972,1377.18,1420.94,32.69,20.31,75.19,0.87,0.9,6606.28
1703602,Brasilândia do Tocantins,TO,1973,1722.65,1450.83,32.05,20.22,80.0,0.68,1.16,6811.8
1703602,Brasilândia do Tocantins,TO,1974,1900.92,1352.67,31.5,17.6,79.74,0.63,1.14,6391.6
1703602,Brasilândia do Tocantins,TO,1975,1910.13,1391.92,31.12,19.68,79.62,0.67,1.02,6690.69
1703602,Brasilândia do Tocantins,TO,1976,1806.37,1402.77,31.29,19.73,77.41,0.75,0.95,6732.89
1703602,Brasilândia do Tocantins,TO,1977,1706.32,1372.01,31.09,20.82,77.07,0.78,0.94,6498.89
1703602,Brasilândia do Tocantins,TO,1978,1733.32,1429.95,31.42,21.13,74.15,0.9,1.07,6584.03
1703602,Brasilândia do Tocantins,TO,1979,2424.93,1386.91,31.41,20.71,75.86,0.82,0.96,6551.35
1703602,Brasilândia do Tocantins,TO,1980,2077.12,1413.37,31.95,20.71,72.28,0.97,1.09,6388.71
1703701,Brejinho de Nazaré,TO,1961,1098.23,1557.65,33.1,19.57,67.93,1.12,0.99,7196.04
1703701,Brejinho de Nazaré,TO,1962,1371.42,1515.37,33.47,20.16,71.03,1.04,0.93,6919.72
1703701,Brejinho de Nazaré,TO,1963,1098.27,1532.62,33.05,19.51,69.49,1.06,0.84,7223.37
1703701,Brejinho de Nazaré,TO,1964,1684.85,1439.47,32.2,20.25,73.7,0.91,0.85,6747.65
1703701,Brejinho de Nazaré,TO,1965,1503.86,1456.15,32.61,19.86,72.44,0.95,0.83,6835.68
1703701,Brejinho de Nazaré,TO,1966,1341.44,1499.91,33.04,20.24,71.91,1.0,0.87,6981.93
1703701,Brejinho de Nazaré,TO,1967,1171.37,1477.39,32.82,20.0,71.92,0.98,0.87,6891.29
1703701,Brejinho de Nazaré,TO,1968,1611.92,1464.14,32.54,20.07,72.02,0.97,0.86,6871.28
1703701,Brejinho de Nazaré,TO,1969,1350.79,1527.76,33.12,20.62,72.97,0.97,0.91,7101.31
1703701,Brejinho de Nazaré,TO,1970,1430.11,1544.9,33.02,20.36,72.24,0.98,1.1,7018.69
1703701,Brejinho de Nazaré,TO,1971,1344.98,1478.93,32.24,20.38,72.11,0.97,1.23,6611.67
1703701,Brejinho de Nazaré,TO,1972,1478.08,1547.31,33.16,20.94,70.93,1.05,1.28,6760.85
1703701,Brejinho de Nazaré,TO,1973,1476.79,1528.93,31.2,22.24,75.13,0.89,1.39,6968.89
1703701,Brejinho de Nazaré,TO,1974,1657.76,1458.56,29.68,21.65,74.27,0.86,1.34,6827.2
1703701,Brejinho de Nazaré,TO,1975,1708.53,1520.23,32.02,19.83,73.0,0.91,1.16,7048.22
1703701,Brejinho de Nazaré,TO,1976,1667.12,1443.41,32.05,20.17,74.73,0.86,0.99,6771.22
1703701,Brejinho de Nazaré,TO,1977,1578.9,1436.81,32.33,21.07,75.49,0.87,1.0,6631.0
1703701,Brejinho de Nazaré,TO,1978,1838.54,1442.49,32.04,21.22,73.42,0.94,1.06,6619.21
1703701,Brejinho de Nazaré,TO,1979,1729.94,1411.32,32.49,20.91,72.53,0.97,0.85,6582.46
1703701,Brejinho de Nazaré,TO,1980,1707.49,1408.5,32.6,20.91,71.49,1.02,0.9,6439.29
1703800,Buriti do Tocantins,TO,1961,1668.15,1456.97,32.92,20.35,79.16,0.74,0.78,6946.11
1703800,Buriti do Tocantins,TO,1962,1461.33,1421.61,32.69,20.69,80.04,0.7,0.72,6783.53
1703800,Buriti do Tocantins,TO,1963,1365.67,1426.83,32.96,20.47,78.91,0.75,0.72,6769.08
1703800,Buriti do Tocantins,TO,1964,1428.4,1446.74,32.41,20.71,80.01,0.7,0.81,6874.58
1703800,Buriti do Tocantins,TO,1965,1243.4,1476.01,32.74,20.45,76.94,0.81,0.69,7124.4
1703800,Buriti do Tocantins,TO,1966,1538.19,1407.53,32.37,20.83,77.25,0.8,0.49,6892.54
1703800,Buriti do Tocantins,TO,1967,1550.22,1456.56,32.35,20.35,77.85,0.76,0.78,6958.99
1703800,Buriti do Tocantins,TO,1968,1314.53,1441.0,32.25,20.39,79.01,0.73,0.74,6941.18
1703800,Buriti do Tocantins,TO,1969,1310.61,1500.63,33.23,21.36,78.16,0.8,0.73,7128.33
1703800,Buriti do Tocantins,TO,1970,1271.64,1468.59,32.93,20.74,78.71,0.76,0.82,6910.92
1703800,Buriti do Tocantins,TO,1971,1390.48,1439.62,32.81,20.54,82.16,0.63,0.91,6845.73
1703800,Buriti do Tocantins,TO,1972,1202.59,1417.41,33.59,20.95,83.41,0.6,0.72,6718.12
1703800,Buriti do Tocantins,TO,1973,1802.44,1374.16,31.27,21.05,81.92,0.62,0.85,6651.42
1703800,Buriti do Tocantins,TO,1974,1943.17,1348.52,31.46,20.55,82.11,0.61,0.89,6491.5
1703800,Buriti do Tocantins,TO,1975,1921.2,1364.64,31.62,20.42,82.12,0.6,0.96,6520.09
1703800,Buriti do Tocantins,TO,1976,1716.89,1390.8,31.55,21.22,79.16,0.72,1.0,6527.26
1703800,Buriti do Tocantins,TO,1977,1793.15,1326.41,31.5,21.79,78.62,0.75,1.03,6075.38
1703800,Buriti do Tocantins,TO,1978,1535.8,1355.43,31.67,21.64,77.93,0.78,1.11,6139.79
1703800,Buriti do Tocantins,TO,1979,1450.62,1336.7,31.95,21.82,80.35,0.7,1.15,6065.64
1703800,Buriti do Tocantins,TO,1980,1610.82,1400.62,32.37,22.0,75.41,0.9,1.12,6188.43
1703826,Cachoeirinha,TO,1961,1411.04,1418.89,32.42,19.68,76.88,0.79,0.59,6941.4
1703826,Cachoeirinha,TO,1962,1521.61,1382.86,32.12,20.03,77.7,0.76,0.53,6773.32
1703826,Cachoeirinha,TO,1963,1424.64,1385.88,32.41,19.81,76.04,0.82,0.5,6803.95
1703826,Cachoeirinha,TO,1964,1435.02,1403.54,31.86,20.05,78.32,0.73,0.57,6887.93
1703826,Cachoeirinha,TO,1965,1232.15,1427.24,32.17,19.7,76.38,0.8,0.48,7107.91
1703826,Cachoeirinha,TO,1966,1593.29,1392.74,31.84,20.04,76.79,0.79,0.39,6990.72
1703826,Cachoeirinha,TO,1967,1594.44,1403.49,31.82,19.58,76.78,0.77,0.57,6919.25
1703826,Cachoeirinha,TO,1968,1377.89,1398.06,31.73,19.61,76.87,0.77,0.53,6936.63
1703826,Cachoeirinha,TO,1969,1328.94,1451.19,32.66,20.55,76.22,0.83,0.52,7114.04
1703826,Cachoeirinha,TO,1970,1437.03,1437.98,32.36,20.11,77.88,0.76,0.69,6894.43
1703826,Cachoeirinha,TO,1971,1475.34,1428.36,32.1,20.14,80.06,0.68,0.9,6830.97
1703826,Cachoeirinha,TO,1972,1392.46,1411.06,32.78,20.54,81.32,0.66,0.77,6732.73
1703826,Cachoeirinha,TO,1973,1883.54,1388.95,31.03,20.98,81.81,0.62,0.81,6775.67
1703826,Cachoeirinha,TO,1974,1985.73,1319.35,31.16,19.84,82.0,0.59,0.79,6415.79
1703826,Cachoeirinha,TO,1975,1681.15,1361.62,31.32,19.98,82.18,0.59,0.92,6546.64
1703826,Cachoeirinha,TO,1976,1487.29,1384.91,31.28,20.21,78.59,0.71,0.99,6569.2
1703826,Cachoeirinha,TO,1977,1701.05,1333.57,31.15,21.13,76.56,0.8,1.01,6153.61
1703826,Cachoeirinha,TO,1978,1382.66,1377.8,31.27,20.92,75.53,0.84,1.14,6238.28
1703826,Cachoeirinha,TO,1979,1610.14,1350.31,31.59,21.17,78.4,0.75,1.11,6138.53
1703826,Cachoeirinha,TO,1980,1509.7,1401.54,31.97,21.38,73.91,0.93,1.15,6192.04
1703842,Campos Lindos,TO,1961,1174.23,1427.29,32.05,17.94,74.01,0.83,0.59,7158.02
1703842,Campos Lindos,TO,1962,1324.34,1399.55,31.77,18.29,76.54,0.75,0.46,7095.97
1703842,Campos Lindos,TO,1963,1374.07,1402.16,31.76,17.94,74.54,0.81,0.49,7103.36
1703842,Campos Lindos,TO,1964,1546.77,1374.98,30.94,18.26,77.14,0.71,0.56,6917.78
1703842,Campos Lindos,TO,1965,1272.49,1377.44,31.24,17.74,76.02,0.75,0.47,7036.44
1703842,Campos Lindos,TO,1966,1146.43,1347.19,31.46,17.88,75.21,0.78,0.34,6962.45
1703842,Campos Lindos,TO,1967,1366.45,1344.32,31.29,17.5,75.41,0.76,0.4,6916.89
1703842,Campos Lindos,TO,1968,1464.51,1343.45,31.21,17.47,75.56,0.76,0.38,6950.77
1703842,Campos Lindos,TO,1969,1291.37,1398.22,31.91,18.28,74.89,0.81,0.43,7101.31
1703842,Campos Lindos,TO,1970,1367.92,1438.96,31.64,18.6,73.66,0.85,0.7,6997.16
1703842,Campos Lindos,TO,1971,1290.79,1487.17,30.88,19.72,71.6,0.93,1.2,6794.05
1703842,Campos Lindos,TO,1972,1047.01,1422.99,31.3,20.07,73.66,0.88,0.87,6800.75
1703842,Campos Lindos,TO,1973,1240.13,1431.07,29.54,21.25,78.79,0.7,1.22,6899.3
1703842,Campos Lindos,TO,1974,1425.0,1416.44,30.16,19.43,75.71,0.77,1.22,6708.13
1703842,Campos Lindos,TO,1975,1178.71,1469.61,30.7,19.47,74.7,0.82,1.23,6899.46
1703842,Campos Lindos,TO,1976,1158.94,1457.48,30.77,19.17,75.15,0.79,1.19,6911.18
1703842,Campos Lindos,TO,1977,1511.74,1382.09,30.36,20.27,75.74,0.79,0.99,6613.72
1703842,Campos Lindos,TO,1978,1385.06,1418.28,30.92,20.06,74.17,0.85,1.1,6585.28
1703842,Campos Lindos,TO,1979,1348.02,1419.76,30.9,20.16,73.31,0.88,1.13,6540.36
1703842,Campos Lindos,TO,1980,1431.42,1421.71,31.43,20.18,71.93,0.95,1.08,6495.37
1703867,Cariri do Tocantins,TO,1961,1135.28,1550.99,32.98,19.51,70.73,1.02,1.03,7195.72
1703867,Cariri do Tocantins,TO,1962,1413.87,1528.01,32.96,19.66,72.05,0.97,1.1,6929.62
1703867,Cariri do Tocantins,TO,1963,1061.76,1601.46,33.01,19.44,66.99,1.14,1.12,7258.09
1703867,Cariri do Tocantins,TO,1964,1692.86,1463.06,31.9,19.95,73.51,0.89,1.07,6739.64
1703867,Cariri do Tocantins,TO,1965,1499.39,1461.89,32.18,19.75,73.81,0.89,1.04,6784.31
1703867,Cariri do Tocantins,TO,1966,1398.97,1522.38,33.11,19.18,72.02,0.97,1.08,6975.64
1703867,Cariri do Tocantins,TO,1967,1197.73,1526.63,32.91,19.52,72.33,0.95,1.18,6880.61
1703867,Cariri do Tocantins,TO,1968,1698.3,1509.28,32.6,19.76,71.85,0.97,1.12,6883.85
1703867,Cariri do Tocantins,TO,1969,1434.3,1551.4,32.84,20.43,72.43,0.97,1.1,7129.27
1703867,Cariri do Tocantins,TO,1970,1368.22,1539.27,32.6,20.15,72.37,0.95,1.21,6996.85
1703867,Cariri do Tocantins,TO,1971,1464.53,1454.11,32.09,20.16,71.82,0.96,1.18,6532.19
1703867,Cariri do Tocantins,TO,1972,1399.19,1538.66,32.93,20.34,70.7,1.03,1.29,6758.02
1703867,Cariri do Tocantins,TO,1973,1523.89,1513.63,31.48,21.58,73.87,0.92,1.36,6848.25
1703867,Cariri do Tocantins,TO,1974,1519.92,1467.93,30.72,20.31,73.08,0.88,1.32,6767.03
1703867,Cariri do Tocantins,TO,1975,1532.74,1525.45,31.81,19.44,72.25,0.92,1.18,7071.47
1703867,Cariri do Tocantins,TO,1976,1423.23,1433.94,31.74,19.5,74.32,0.85,1.02,6757.86
1703867,Cariri do Tocantins,TO,1977,1565.68,1438.24,31.97,20.4,72.7,0.94,1.02,6675.14
1703867,Cariri do Tocantins,TO,1978,1750.65,1420.89,31.37,20.52,71.42,0.97,1.04,6609.95
1703867,Cariri do Tocantins,TO,1979,1628.87,1393.66,32.12,20.24,72.13,0.95,0.82,6608.38
1703867,Cariri do Tocantins,TO,1980,1786.31,1383.78,32.27,20.32,71.02,1.01,0.85,6429.24
1703883,Carmolândia,TO,1961,1202.53,1404.36,32.66,18.64,75.1,0.83,0.54,6993.71
1703883,Carmolândia,TO,1962,1546.5,1369.86,32.57,19.0,76.83,0.78,0.41,6837.25
1703883,Carmolândia,TO,1963,1474.39,1378.61,32.58,18.62,75.04,0.83,0.46,6894.12
1703883,Carmolândia,TO,1964,1703.83,1376.98,31.74,18.97,77.58,0.73,0.52,6854.47
1703883,Carmolândia,TO,1965,1333.09,1395.76,31.95,18.57,76.59,0.77,0.44,7079.32
1703883,Carmolândia,TO,1966,1407.79,1378.31,32.22,18.76,76.55,0.78,0.38,6992.14
1703883,Carmolândia,TO,1967,1647.21,1371.81,32.02,18.38,77.1,0.74,0.44,6925.06
1703883,Carmolândia,TO,1968,1918.66,1372.01,31.8,18.38,76.37,0.76,0.47,6929.4
1703883,Carmolândia,TO,1969,1678.58,1435.68,32.68,19.2,75.46,0.83,0.5,7133.99
1703883,Carmolândia,TO,1970,1866.74,1445.25,32.74,19.52,76.07,0.81,0.73,6871.81
1703883,Carmolândia,TO,1971,1576.44,1436.19,31.93,20.53,77.53,0.77,1.01,6707.03
1703883,Carmolândia,TO,1972,1774.93,1399.04,32.32,20.91,79.45,0.72,0.95,6536.06
1703883,Carmolândia,TO,1973,2001.43,1388.44,30.6,21.58,81.79,0.62,0.84,6785.41
1703883,Carmolândia,TO,1974,1814.82,1322.32,31.3,19.7,81.76,0.6,0.82,6409.35
1703883,Carmolândia,TO,1975,1562.67,1353.59,31.26,20.29,82.07,0.6,0.82,6565.65
1703883,Carmolândia,TO,1976,1517.53,1372.42,31.26,20.28,79.14,0.7,0.88,6591.51
1703883,Carmolândia,TO,1977,1730.32,1309.88,30.73,21.59,78.77,0.73,0.89,6209.38
1703883,Carmolândia,TO,1978,1475.32,1369.91,31.49,21.37,77.35,0.79,1.0,6330.33
1703883,Carmolândia,TO,1979,1808.38,1342.43,31.59,21.14,78.55,0.74,0.98,6246.92
1703883,Carmolândia,TO,1980,1589.41,1382.2,32.08,21.21,75.35,0.88,1.07,6229.42
1703891,Carrasco Bonito,TO,1961,1661.21,1457.74,32.94,20.38,79.16,0.74,0.78,6947.37
1703891,Carrasco Bonito,TO,1962,1460.4,1422.32,32.69,20.73,80.03,0.71,0.72,6785.57
1703891,Carrasco Bonito,TO,1963,1363.96,1425.85,32.97,20.52,78.9,0.75,0.7,6770.33
1703891,Carrasco Bonito,TO,1964,1415.6,1443.0,32.44,20.76,80.0,0.7,0.76,6876.78
1703891,Carrasco Bonito,TO,1965,1208.94,1476.47,32.77,20.52,76.93,0.81,0.68,7123.62
1703891,Carrasco Bonito,TO,1966,1537.13,1408.71,32.37,20.93,77.1,0.81,0.49,6892.39
1703891,Carrasco Bonito,TO,1967,1550.38,1455.8,32.36,20.44,77.85,0.77,0.77,6958.21
1703891,Carrasco Bonito,TO,1968,1315.0,1442.49,32.26,20.48,79.01,0.73,0.74,6940.71
1703891,Carrasco Bonito,TO,1969,1316.09,1502.68,33.25,21.45,78.16,0.8,0.74,7126.76
1703891,Carrasco Bonito,TO,1970,1265.65,1475.24,32.94,20.8,78.69,0.76,0.87,6908.88
1703891,Carrasco Bonito,TO,1971,1334.1,1445.61,32.85,20.55,82.17,0.63,0.98,6843.38
1703891,Carrasco Bonito,TO,1972,1218.62,1423.81,33.63,20.96,83.42,0.61,0.76,6719.54
1703891,Carrasco Bonito,TO,1973,1796.59,1378.82,31.37,21.13,81.89,0.62,0.86,6653.3
1703891,Carrasco Bonito,TO,1974,2008.31,1351.18,31.55,20.55,82.07,0.61,0.89,6492.92
1703891,Carrasco Bonito,TO,1975,1922.29,1369.3,31.74,20.43,82.08,0.61,0.98,6523.71
1703891,Carrasco Bonito,TO,1976,1620.33,1393.76,31.63,21.16,79.14,0.72,1.01,6532.6
1703891,Carrasco Bonito,TO,1977,1642.36,1329.53,31.61,21.78,78.59,0.76,1.04,6078.84
1703891,Carrasco Bonito,TO,1978,1297.51,1358.55,31.73,21.62,77.9,0.78,1.12,6144.81
1703891,Carrasco Bonito,TO,1979,1501.62,1339.56,32.02,21.85,80.3,0.7,1.15,6068.0
1703891,Carrasco Bonito,TO,1980,1628.44,1403.39,32.43,22.04,75.37,0.9,1.13,6191.41
1703909,Caseara,TO,1961,1208.73,1489.63,32.96,18.38,71.69,0.94,0.87,7129.75
1703909,Caseara,TO,1962,1504.27,1451.04,33.07,18.71,74.58,0.86,0.78,6907.94
1703909,Caseara,TO,1963,1360.17,1482.82,32.8,18.18,72.21,0.92,0.76,7172.94
1703909,Caseara,TO,1964,1881.57,1379.59,31.82,18.71,75.59,0.79,0.74,6654.5
1703909,Caseara,TO,1965,1511.51,1394.99,32.01,18.43,74.79,0.82,0.67,6831.75
1703909,Caseara,TO,1966,1443.75,1427.95,32.73,18.68,73.9,0.87,0.68,6906.84
1703909,Caseara,TO,1967,1657.69,1413.72,32.42,18.34,73.14,0.88,0.69,6855.0
1703909,Caseara,TO,1968,1626.4,1393.2,32.16,18.56,73.85,0.86,0.66,6827.3
1703909,Caseara,TO,1969,1562.02,1451.29,32.93,19.15,74.05,0.88,0.7,6986.95
1703909,Caseara,TO,1970,1475.97,1503.91,33.5,19.77,73.75,0.92,0.89,6953.65
1703909,Caseara,TO,1971,1451.46,1453.44,32.9,20.22,73.81,0.92,1.0,6632.25
1703909,Caseara,TO,1972,1342.76,1466.29,33.21,20.67,74.7,0.91,0.96,6751.42
1703909,Caseara,TO,1973,1703.99,1504.06,32.43,20.72,79.48,0.72,1.31,6967.79
1703909,Caseara,TO,1974,1973.77,1339.26,31.38,18.54,78.36,0.69,1.21,6225.24
1703909,Caseara,TO,1975,1563.95,1420.33,31.62,19.92,77.7,0.74,1.1,6667.6
1703909,Caseara,TO,1976,1871.37,1397.14,31.81,20.07,77.71,0.75,0.99,6610.36
1703909,Caseara,TO,1977,1969.6,1367.92,31.77,21.0,79.44,0.72,0.93,6465.74
1703909,Caseara,TO,1978,1924.77,1425.04,31.93,21.37,76.78,0.82,1.09,6579.16
1703909,Caseara,TO,1979,2331.8,1385.73,31.97,20.92,75.34,0.86,0.88,6515.07
1703909,Caseara,TO,1980,2215.79,1415.36,32.41,20.94,73.53,0.95,1.1,6349.75
1704105,Centenário,TO,1961,1069.11,1497.87,32.97,18.51,70.78,0.98,0.79,7221.8
1704105,Centenário,TO,1962,1452.03,1467.67,32.94,18.81,73.97,0.88,0.7,7096.44
1704105,Centenário,TO,1963,1454.93,1466.13,32.73,18.28,72.6,0.91,0.7,7129.43
1704105,Centenário,TO,1964,1582.66,1407.43,31.78,18.84,75.02,0.81,0.69,6859.34
1704105,Centenário,TO,1965,1265.8,1400.83,32.03,18.34,75.19,0.8,0.51,7021.51
1704105,Centenário,TO,1966,1081.69,1389.36,32.51,18.43,73.0,0.89,0.42,6993.55
1704105,Centenário,TO,1967,1338.98,1376.16,32.23,18.13,73.66,0.85,0.44,6924.12
1704105,Centenário,TO,1968,1309.46,1354.0,32.02,18.14,73.99,0.84,0.39,6900.66
1704105,Centenário,TO,1969,1138.97,1415.52,32.83,18.81,73.13,0.9,0.43,7085.29
1704105,Centenário,TO,1970,999.31,1486.96,32.89,19.27,72.32,0.94,0.76,7040.21
1704105,Centenário,TO,1971,1183.86,1490.19,32.04,20.19,72.99,0.92,1.19,6721.16
1704105,Centenário,TO,1972,1287.24,1456.2,32.55,20.65,74.17,0.91,0.97,6734.3
1704105,Centenário,TO,1973,1525.31,1490.96,30.95,21.48,78.25,0.75,1.29,7022.14
1704105,Centenário,TO,1974,1946.64,1455.69,30.63,19.72,75.61,0.79,1.3,6814.0
1704105,Centenário,TO,1975,1690.39,1514.04,31.42,19.92,73.65,0.88,1.25,6957.26
1704105,Centenário,TO,1976,1591.21,1480.16,31.59,19.82,74.61,0.84,1.1,6941.5
1704105,Centenário,TO,1977,1603.87,1392.23,31.01,20.88,76.23,0.81,0.95,6600.68
1704105,Centenário,TO,1978,1551.8,1436.96,31.26,20.99,73.18,0.92,1.08,6635.55
1704105,Centenário,TO,1979,1833.53,1430.26,31.35,20.79,72.87,0.93,1.05,6630.52
1704105,Centenário,TO,1980,1864.03,1428.98,31.97,20.64,71.59,0.99,1.06,6485.79
1704600,Chapada de Areia,TO,1961,1180.66,1538.56,33.06,19.18,69.18,1.06,0.95,7176.4
1704600,Chapada de Areia,TO,1962,1491.43,1493.26,33.36,19.67,72.08,0.98,0.88,6903.38
1704600,Chapada de Areia,TO,1963,1330.56,1504.57,32.95,19.04,70.9,0.99,0.81,7151.27
1704600,Chapada de Areia,TO,1964,1844.78,1425.7,32.1,19.74,74.52,0.86,0.81,6755.04
1704600,Chapada de Areia,TO,1965,1493.57,1431.43,32.44,19.37,73.41,0.9,0.73,6852.96
1704600,Chapada de Areia,TO,1966,1431.78,1463.42,32.96,19.66,72.57,0.95,0.74,6951.92
1704600,Chapada de Areia,TO,1967,1564.13,1441.41,32.74,19.46,72.68,0.94,0.75,6862.23
1704600,Chapada de Areia,TO,1968,1588.63,1431.59,32.46,19.56,73.44,0.9,0.74,6856.04
1704600,Chapada de Areia,TO,1969,1516.39,1490.5,33.09,20.12,73.97,0.92,0.78,7048.22
1704600,Chapada de Areia,TO,1970,1329.89,1511.43,33.07,20.11,73.2,0.94,1.0,6922.86
1704600,Chapada de Areia,TO,1971,1382.18,1478.37,32.39,20.3,72.94,0.94,1.23,6610.26
1704600,Chapada de Areia,TO,1972,1433.59,1510.66,33.09,20.8,73.2,0.96,1.19,6729.28
1704600,Chapada de Areia,TO,1973,1487.5,1502.73,31.44,21.87,78.32,0.77,1.28,7015.07
1704600,Chapada de Areia,TO,1974,2065.74,1400.93,30.24,20.72,74.91,0.82,1.25,6507.06
1704600,Chapada de Areia,TO,1975,1791.95,1488.35,31.88,19.82,74.83,0.85,1.17,6871.97
1704600,Chapada de Areia,TO,1976,2014.38,1446.68,31.93,20.07,75.99,0.81,1.04,6789.6
1704600,Chapada de Areia,TO,1977,1878.27,1407.63,32.0,20.97,77.19,0.8,0.99,6569.89
1704600,Chapada de Areia,TO,1978,1973.77,1435.37,31.78,21.19,74.28,0.9,1.09,6595.65
1704600,Chapada de Areia,TO,1979,2278.09,1404.87,32.15,20.86,73.66,0.92,0.88,6588.42
1704600,Chapada de Areia,TO,1980,2298.54,1410.7,32.43,20.83,72.52,0.98,1.02,6383.37
1705102,Chapada da Natividade,TO,1961,976.84,1568.65,33.02,19.25,67.19,1.13,1.01,7249.45
1705102,Chapada da Natividade,TO,1962,1260.99,1508.67,32.98,19.59,70.61,1.02,0.95,6954.75
1705102,Chapada da Natividade,TO,1963,976.73,1541.06,32.86,19.08,69.04,1.06,0.87,7295.16
1705102,Chapada da Natividade,TO,1964,1552.8,1435.58,31.88,19.72,73.27,0.9,0.87,6774.83
1705102,Chapada da Natividade,TO,1965,1486.39,1454.67,32.24,19.33,72.36,0.93,0.88,6850.45
1705102,Chapada da Natividade,TO,1966,1463.42,1499.3,33.04,18.85,71.1,0.99,0.9,7015.07
1705102,Chapada da Natividade,TO,1967,1219.53,1493.62,32.88,19.34,70.39,1.01,0.91,6949.72
1705102,Chapada da Natividade,TO,1968,1672.23,1477.44,32.6,19.6,69.71,1.04,0.89,6891.07
1705102,Chapada da Natividade,TO,1969,1404.96,1533.9,32.81,20.22,70.68,1.03,0.94,7123.78
1705102,Chapada da Natividade,TO,1970,1349.15,1541.68,32.4,19.86,69.78,1.03,1.12,7051.36
1705102,Chapada da Natividade,TO,1971,1361.32,1469.51,31.83,19.98,71.65,0.96,1.21,6640.26
1705102,Chapada da Natividade,TO,1972,1356.57,1523.82,32.67,20.16,70.33,1.03,1.24,6759.59
1705102,Chapada da Natividade,TO,1973,1631.91,1532.36,31.31,21.47,74.54,0.89,1.37,7006.75
1705102,Chapada da Natividade,TO,1974,1827.05,1460.86,30.39,20.26,73.65,0.86,1.26,6871.65
1705102,Chapada da Natividade,TO,1975,1376.07,1532.16,31.69,19.36,70.07,0.98,1.13,7116.24
1705102,Chapada da Natividade,TO,1976,1636.61,1454.67,31.66,19.56,72.01,0.92,0.99,6847.72
1705102,Chapada da Natividade,TO,1977,1621.79,1439.47,31.82,20.42,72.35,0.95,1.0,6692.57
1705102,Chapada da Natividade,TO,1978,1860.1,1408.35,30.99,20.5,71.66,0.95,1.0,6609.48
1705102,Chapada da Natividade,TO,1979,1619.94,1402.67,31.94,20.22,70.55,1.01,0.82,6640.42
1705102,Chapada da Natividade,TO,1980,1960.74,1386.09,32.08,20.18,70.8,1.0,0.86,6448.4
1705508,Colinas do Tocantins,TO,1961,1240.94,1428.67,32.04,16.98,74.07,0.8,0.73,7079.95
1705508,Colinas do Tocantins,TO,1962,1594.56,1424.32,32.13,17.24,76.5,0.74,0.7,7057.49
1705508,Colinas do Tocantins,TO,1963,1470.97,1420.38,31.91,16.71,74.75,0.78,0.69,7077.91
1705508,Colinas do Tocantins,TO,1964,1821.2,1370.22,30.83,17.17,77.26,0.69,0.71,6845.68
1705508,Colinas do Tocantins,TO,1965,1327.45,1379.28,30.95,17.17,76.25,0.72,0.61,7030.78
1705508,Colinas do Tocantins,TO,1966,1461.07,1383.94,31.65,17.49,75.46,0.77,0.56,6983.18
1705508,Colinas do Tocantins,TO,1967,1772.79,1367.46,31.3,16.98,75.77,0.74,0.6,6911.87
1705508,Colinas do Tocantins,TO,1968,1818.77,1362.44,31.04,17.1,76.13,0.72,0.58,6943.86
1705508,Colinas do Tocantins,TO,1969,1659.08,1424.57,31.94,17.81,75.3,0.78,0.64,7106.97
1705508,Colinas do Tocantins,TO,1970,1676.5,1475.7,32.86,18.65,74.91,0.83,0.87,6933.23
1705508,Colinas do Tocantins,TO,1971,1488.44,1429.03,32.13,19.43,75.64,0.81,0.98,6683.78
1705508,Colinas do Tocantins,TO,1972,1399.21,1406.66,32.32,19.89,75.5,0.84,0.88,6600.15
1705508,Colinas do Tocantins,TO,1973,1733.06,1430.41,31.76,19.73,80.2,0.66,1.09,6798.29
1705508,Colinas do Tocantins,TO,1974,1926.21,1328.3,31.16,17.03,79.96,0.6,1.06,6369.13
1705508,Colinas do Tocantins,TO,1975,1842.79,1370.22,30.7,19.26,80.23,0.63,0.98,6661.31
1705508,Colinas do Tocantins,TO,1976,1757.36,1377.39,30.85,19.34,77.88,0.71,0.9,6689.53
1705508,Colinas do Tocantins,TO,1977,1707.64,1352.77,30.73,20.37,77.33,0.76,0.91,6475.95
1705508,Colinas do Tocantins,TO,1978,1711.5,1416.95,31.13,20.71,74.47,0.87,1.06,6574.6
1705508,Colinas do Tocantins,TO,1979,2559.12,1370.73,31.04,20.26,76.39,0.78,0.95,6529.83
1705508,Colinas do Tocantins,TO,1980,2004.26,1397.81,31.57,20.28,73.05,0.92,1.09,6377.72
1705557,Combinado,TO,1961,809.36,1614.56,32.7,19.47,64.95,1.22,1.12,7361.76
1705557,Combinado,TO,1962,1140.62,1494.54,31.79,19.24,69.12,1.03,1.0,6998.74
1705557,Combinado,TO,1963,761.11,1569.57,32.36,19.31,65.9,1.17,0.95,7344.17
1705557,Combinado,TO,1964,1527.39,1428.16,31.21,19.55,71.88,0.92,0.96,6713.72
1705557,Combinado,TO,1965,1233.5,1454.87,31.41,18.91,70.97,0.93,0.99,6831.6
1705557,Combinado,TO,1966,1418.85,1485.68,31.56,19.24,69.9,0.99,1.02,6958.52
1705557,Combinado,TO,1967,1133.1,1518.59,31.78,19.38,69.06,1.03,1.13,6953.34
1705557,Combinado,TO,1968,1570.83,1468.44,31.71,18.62,69.24,1.0,0.98,6883.85
1705557,Combinado,TO,1969,1279.84,1557.18,32.77,20.22,70.41,1.05,1.02,7153.15
1705557,Combinado,TO,1970,1282.62,1531.18,31.48,19.88,69.59,1.02,1.13,7126.92
1705557,Combinado,TO,1971,1454.37,1458.87,31.19,19.73,68.65,1.03,1.12,6714.72
1705557,Combinado,TO,1972,1350.56,1514.7,32.17,20.45,67.4,1.14,1.15,6756.76
1705557,Combinado,TO,1973,1487.18,1555.75,29.94,21.86,69.33,1.04,1.29,7202.16
1705557,Combinado,TO,1974,2065.38,1487.17,30.65,20.07,71.69,0.93,1.07,7070.68
1705557,Combinado,TO,1975,1483.13,1549.76,31.33,19.75,68.48,1.05,1.04,7281.02
1705557,Combinado,TO,1976,1755.06,1463.63,31.16,20.02,71.23,0.96,1.02,6847.56
1705557,Combinado,TO,1977,1438.79,1508.2,31.06,20.75,67.88,1.1,1.22,6839.45
1705557,Combinado,TO,1978,1729.4,1418.23,30.18,20.54,71.19,0.95,1.08,6635.24
1705557,Combinado,TO,1979,1915.68,1396.02,31.02,20.47,69.43,1.04,0.87,6592.82
1705557,Combinado,TO,1980,1869.7,1415.16,31.33,20.01,68.13,1.07,0.95,6554.6
1705607,Conceição do Tocantins,TO,1961,935.24,1604.37,33.11,19.61,65.53,1.21,1.1,7267.35
1705607,Conceição do Tocantins,TO,1962,1245.41,1515.17,32.47,19.53,69.64,1.04,1.04,6954.59
1705607,Conceição do Tocantins,TO,1963,850.45,1573.05,32.84,19.41,66.68,1.15,0.96,7321.86
1705607,Conceição do Tocantins,TO,1964,1605.27,1444.74,31.7,19.81,72.06,0.93,0.94,6758.65
1705607,Conceição do Tocantins,TO,1965,1285.22,1470.43,31.97,19.32,71.42,0.95,0.98,6851.23
1705607,Conceição do Tocantins,TO,1966,1420.9,1514.24,32.93,18.3,70.06,1.01,1.01,6989.47
1705607,Conceição do Tocantins,TO,1967,1155.23,1514.86,32.83,18.99,69.78,1.03,1.03,6944.7
1705607,Conceição do Tocantins,TO,1968,1733.77,1496.59,32.53,19.31,69.48,1.04,0.98,6898.93
1705607,Conceição do Tocantins,TO,1969,1278.96,1545.26,32.54,20.07,70.87,1.01,1.04,7130.37
1705607,Conceição do Tocantins,TO,1970,1358.53,1541.06,31.87,19.62,69.87,1.0,1.17,7106.65
1705607,Conceição do Tocantins,TO,1971,1559.36,1469.36,31.53,19.69,70.41,0.98,1.22,6657.39
1705607,Conceição do Tocantins,TO,1972,1341.93,1522.64,32.34,19.65,68.22,1.08,1.23,6751.58
1705607,Conceição do Tocantins,TO,1973,1814.85,1580.06,31.25,20.98,70.54,1.02,1.39,7163.05
1705607,Conceição do Tocantins,TO,1974,1595.81,1489.32,30.77,19.57,71.79,0.91,1.2,6991.2
1705607,Conceição do Tocantins,TO,1975,1419.05,1547.26,31.49,19.24,69.29,1.0,1.11,7225.25
1705607,Conceição do Tocantins,TO,1976,1469.56,1447.61,31.38,19.52,71.51,0.93,0.98,6825.1
1705607,Conceição do Tocantins,TO,1977,1397.62,1451.7,31.44,20.37,71.3,0.98,1.11,6667.28
1705607,Conceição do Tocantins,TO,1978,1719.75,1396.02,29.97,20.36,70.85,0.94,1.07,6572.56
1705607,Conceição do Tocantins,TO,1979,1576.01,1385.63,31.5,20.24,69.76,1.03,0.78,6607.59
1705607,Conceição do Tocantins,TO,1980,1809.77,1382.61,31.67,19.84,68.82,1.05,0.88,6415.57
1706001,Couto Magalhães,TO,1961,1232.44,1442.69,32.56,17.13,72.58,0.87,0.75,7057.64
1706001,Couto Magalhães,TO,1962,1598.02,1425.44,32.7,17.34,75.01,0.8,0.73,6945.33
1706001,Couto Magalhães,TO,1963,1498.58,1428.26,32.45,16.77,72.64,0.86,0.7,7034.86
1706001,Couto Magalhães,TO,1964,1859.61,1377.95,31.27,17.26,75.97,0.74,0.72,6816.46
1706001,Couto Magalhães,TO,1965,1398.26,1384.86,31.35,17.16,76.2,0.73,0.61,7024.5
1706001,Couto Magalhães,TO,1966,1464.5,1407.53,32.18,17.53,75.27,0.79,0.62,6988.37
1706001,Couto Magalhães,TO,1967,1788.31,1385.73,31.79,16.93,75.63,0.75,0.63,6934.8
1706001,Couto Magalhães,TO,1968,1788.09,1373.14,31.48,17.18,75.93,0.74,0.6,6958.15
1706001,Couto Magalhães,TO,1969,1616.69,1433.48,32.44,17.8,75.03,0.8,0.65,7098.49
1706001,Couto Magalhães,TO,1970,1458.47,1500.48,33.77,19.07,74.8,0.86,0.85,6949.25
1706001,Couto Magalhães,TO,1971,1381.1,1455.85,33.21,19.66,75.14,0.86,0.97,6695.24
1706001,Couto Magalhães,TO,1972,1285.2,1432.82,33.25,20.14,75.08,0.88,0.92,6580.36
1706001,Couto Magalhães,TO,1973,1641.9,1484.92,33.43,19.35,80.67,0.67,1.23,6811.96
1706001,Couto Magalhães,TO,1974,1870.94,1347.65,32.09,16.05,80.39,0.59,1.15,6332.53
1706001,Couto Magalhães,TO,1975,1575.03,1368.74,31.2,19.58,80.17,0.65,0.99,6580.1
1706001,Couto Magalhães,TO,1976,1580.7,1368.58,31.47,19.69,78.16,0.73,0.87,6570.3
1706001,Couto Magalhães,TO,1977,1911.62,1339.67,31.63,20.4,78.46,0.74,0.86,6336.62
1706001,Couto Magalhães,TO,1978,1701.5,1403.49,31.94,21.13,75.47,0.86,1.01,6435.58
1706001,Couto Magalhães,TO,1979,2274.31,1363.72,31.58,20.52,76.25,0.81,0.94,6410.29
1706001,Couto Magalhães,TO,1980,2067.55,1387.11,32.14,20.55,74.46,0.9,1.09,6270.11
1706100,Cristalândia,TO,1961,1155.6,1551.3,33.26,19.47,68.76,1.09,0.98,7164.3
1706100,Cristalândia,TO,1962,1465.39,1509.02,33.54,19.96,71.66,1.01,0.92,6905.43
1706100,Cristalândia,TO,1963,1224.04,1529.29,33.17,19.34,70.2,1.03,0.84,7210.65
1706100,Cristalândia,TO,1964,1822.96,1434.15,32.29,20.05,74.23,0.88,0.85,6728.96
1706100,Cristalândia,TO,1965,1512.48,1442.8,32.65,19.67,72.95,0.93,0.78,6829.71
1706100,Cristalândia,TO,1966,1387.38,1484.41,33.17,19.91,72.38,0.97,0.81,6961.82
1706100,Cristalândia,TO,1967,1487.52,1464.8,32.96,19.77,72.45,0.96,0.82,6878.25
1706100,Cristalândia,TO,1968,1586.47,1450.37,32.68,19.88,73.16,0.93,0.81,6856.99
1706100,Cristalândia,TO,1969,1511.61,1508.56,33.25,20.45,73.97,0.93,0.85,7057.01
1706100,Cristalândia,TO,1970,1325.25,1522.79,33.16,20.34,73.04,0.95,1.05,6924.59
1706100,Cristalândia,TO,1971,1287.85,1478.98,32.46,20.48,72.67,0.95,1.23,6582.46
1706100,Cristalândia,TO,1972,1472.52,1524.17,33.25,20.97,72.68,0.99,1.24,6722.05
1706100,Cristalândia,TO,1973,1527.22,1520.44,31.51,22.13,76.08,0.86,1.36,6935.43
1706100,Cristalândia,TO,1974,1809.0,1422.83,30.31,21.12,74.47,0.85,1.31,6558.42
1706100,Cristalândia,TO,1975,1660.85,1501.24,32.1,19.96,74.14,0.88,1.16,6919.41
1706100,Cristalândia,TO,1976,1571.32,1451.65,32.16,20.24,75.35,0.84,1.02,6783.78
1706100,Cristalândia,TO,1977,1550.49,1416.74,32.29,21.07,76.12,0.85,0.95,6588.42
1706100,Cristalândia,TO,1978,1927.43,1424.98,31.95,21.27,74.05,0.92,1.01,6581.67
1706100,Cristalândia,TO,1979,2163.53,1404.05,32.44,20.98,73.23,0.95,0.84,6572.56
1706100,Cristalândia,TO,1980,1969.88,1409.83,32.62,20.94,72.41,0.99,0.99,6364.21
1706258,Crixás do Tocantins,TO,1961,1104.78,1556.57,33.08,19.41,68.14,1.1,1.0,7192.11
1706258,Crixás do Tocantins,TO,1962,1377.62,1511.53,33.36,19.93,71.19,1.02,0.95,6911.4
1706258,Crixás do Tocantins,TO,1963,1172.4,1532.06,33.01,19.3,69.66,1.05,0.86,7226.04
1706258,Crixás do Tocantins,TO,1964,1794.99,1435.68,32.12,20.02,73.85,0.89,0.87,6740.43
1706258,Crixás do Tocantins,TO,1965,1489.33,1449.14,32.5,19.65,72.59,0.93,0.83,6827.67
1706258,Crixás do Tocantins,TO,1966,1454.21,1493.98,33.03,19.85,72.07,0.98,0.87,6973.29
1706258,Crixás do Tocantins,TO,1967,1384.92,1475.04,32.82,19.75,72.11,0.97,0.88,6888.93
1706258,Crixás do Tocantins,TO,1968,1624.57,1461.12,32.54,19.89,72.23,0.96,0.86,6864.21
1706258,Crixás do Tocantins,TO,1969,1284.17,1522.54,33.06,20.44,73.16,0.95,0.91,7093.3
1706258,Crixás do Tocantins,TO,1970,1423.34,1532.46,32.92,20.23,72.45,0.97,1.1,6971.25
1706258,Crixás do Tocantins,TO,1971,1396.91,1462.76,32.15,20.31,72.2,0.95,1.17,6608.69
1706258,Crixás do Tocantins,TO,1972,1488.34,1541.32,33.06,20.76,71.18,1.04,1.28,6761.32
1706258,Crixás do Tocantins,TO,1973,1570.3,1521.31,31.36,21.96,75.32,0.88,1.39,6918.15
1706258,Crixás do Tocantins,TO,1974,1594.72,1447.76,29.95,21.16,74.46,0.85,1.32,6757.76
1706258,Crixás do Tocantins,TO,1975,1774.22,1511.84,31.93,19.69,73.33,0.89,1.14,7044.29
1706258,Crixás do Tocantins,TO,1976,1568.15,1440.18,31.95,19.94,74.96,0.84,0.99,6781.58
1706258,Crixás do Tocantins,TO,1977,1611.04,1428.31,32.18,20.85,75.7,0.86,1.01,6629.9
1706258,Crixás do Tocantins,TO,1978,1864.88,1429.8,31.76,20.99,73.63,0.92,1.04,6617.64
1706258,Crixás do Tocantins,TO,1979,1818.71,1400.11,32.33,20.68,72.72,0.95,0.84,6573.34
1706258,Crixás do Tocantins,TO,1980,1743.08,1401.9,32.48,20.71,71.63,1.01,0.89,6440.86
1706506,Darcinópolis,TO,1961,1266.03,1419.97,31.95,18.6,75.07,0.81,0.58,7077.12
1706506,Darcinópolis,TO,1962,1515.52,1398.22,31.7,18.92,76.82,0.75,0.5,7020.26
1706506,Darcinópolis,TO,1963,1429.74,1400.37,31.84,18.64,75.02,0.81,0.53,7004.86
1706506,Darcinópolis,TO,1964,1482.56,1389.57,31.16,18.92,77.55,0.72,0.6,6903.8
1706506,Darcinópolis,TO,1965,1261.83,1386.75,31.42,18.08,76.37,0.75,0.45,7077.28
1706506,Darcinópolis,TO,1966,1497.15,1362.29,31.42,18.2,76.5,0.75,0.37,6994.81
1706506,Darcinópolis,TO,1967,1732.03,1355.74,31.31,17.84,76.94,0.72,0.43,6917.36
1706506,Darcinópolis,TO,1968,1923.13,1348.32,31.21,17.79,76.26,0.74,0.4,6922.81
1706506,Darcinópolis,TO,1969,1611.24,1410.09,32.0,18.65,75.46,0.8,0.45,7124.88
1706506,Darcinópolis,TO,1970,1778.66,1414.65,31.63,18.93,75.54,0.8,0.68,6868.67
1706506,Darcinópolis,TO,1971,1538.26,1428.57,30.88,19.97,75.18,0.82,1.01,6715.82
1706506,Darcinópolis,TO,1972,1795.19,1385.47,31.34,20.33,80.01,0.67,0.77,6744.98
1706506,Darcinópolis,TO,1973,1911.65,1368.79,29.27,21.42,81.51,0.61,0.9,6782.27
1706506,Darcinópolis,TO,1974,2041.83,1346.17,30.49,19.62,81.27,0.6,0.89,6585.91
1706506,Darcinópolis,TO,1975,1698.51,1343.66,30.6,19.7,81.71,0.59,0.86,6570.67
1706506,Darcinópolis,TO,1976,1385.31,1366.74,30.54,19.54,78.32,0.69,0.93,6609.89
1706506,Darcinópolis,TO,1977,1738.12,1305.68,29.95,20.91,76.27,0.79,0.93,6204.51
1706506,Darcinópolis,TO,1978,1503.65,1362.08,30.82,20.42,75.11,0.83,1.05,6290.12
1706506,Darcinópolis,TO,1979,1750.78,1337.52,30.99,20.47,77.43,0.75,1.05,6201.21
1706506,Darcinópolis,TO,1980,1682.7,1376.62,31.43,20.62,73.87,0.9,1.08,6230.37
1707009,Dianópolis,TO,1961,802.77,1560.05,32.1,18.43,65.69,1.13,1.0,7336.94
1707009,Dianópolis,TO,1962,1128.68,1468.74,31.37,18.34,69.74,0.96,0.92,7013.82
1707009,Dianópolis,TO,1963,648.01,1515.98,31.77,18.15,67.7,1.04,0.85,7317.62
1707009,Dianópolis,TO,1964,1194.3,1397.76,30.61,18.57,72.72,0.85,0.86,6753.62
1707009,Dianópolis,TO,1965,1024.73,1426.83,30.92,18.02,71.85,0.87,0.9,6847.3
1707009,Dianópolis,TO,1966,1327.66,1453.34,31.21,18.02,70.31,0.93,0.89,7004.39
1707009,Dianópolis,TO,1967,1203.82,1457.74,31.32,18.3,69.78,0.96,0.91,6966.22
1707009,Dianópolis,TO,1968,1477.05,1434.09,31.14,17.86,69.4,0.95,0.87,6909.92
1707009,Dianópolis,TO,1969,1313.43,1508.87,31.95,19.08,70.17,0.99,0.91,7152.99
1707009,Dianópolis,TO,1970,1320.85,1503.29,30.99,18.76,69.29,0.97,1.05,7149.85
1707009,Dianópolis,TO,1971,1302.33,1433.68,30.54,18.97,71.34,0.9,1.15,6712.05
1707009,Dianópolis,TO,1972,1248.76,1471.97,31.49,19.51,70.37,0.98,1.13,6760.54
1707009,Dianópolis,TO,1973,1605.09,1527.09,29.65,20.69,71.81,0.92,1.31,7217.71
1707009,Dianópolis,TO,1974,1858.55,1478.21,29.57,19.28,70.87,0.9,1.25,7018.84
1707009,Dianópolis,TO,1975,1371.18,1529.39,30.62,18.66,69.08,0.97,1.15,7228.71
1707009,Dianópolis,TO,1976,1746.03,1435.68,30.5,18.94,71.35,0.9,0.99,6877.72
1707009,Dianópolis,TO,1977,1391.67,1444.33,30.72,19.59,71.46,0.93,1.1,6763.89
1707009,Dianópolis,TO,1978,1787.1,1387.93,29.67,19.38,71.8,0.88,1.04,6650.0
1707009,Dianópolis,TO,1979,1927.83,1402.93,30.59,19.35,69.45,0.98,0.88,6724.93
1707009,Dianópolis,TO,1980,1880.72,1391.87,30.77,18.92,69.47,0.97,0.96,6536.06
1707108,Divinópolis do Tocantins,TO,1961,1199.22,1497.2,32.91,18.63,71.65,0.95,0.86,7164.93
1707108,Divinópolis do Tocantins,TO,1962,1501.64,1459.58,33.08,19.01,74.52,0.87,0.78,6935.9
1707108,Divinópolis do Tocantins,TO,1963,1356.53,1484.41,32.76,18.47,72.14,0.93,0.75,7172.16
1707108,Divinópolis do Tocantins,TO,1964,1868.47,1401.65,31.84,19.04,75.55,0.8,0.74,6763.05
1707108,Divinópolis do Tocantins,TO,1965,1508.55,1403.23,32.09,18.7,74.76,0.83,0.67,6854.53
1707108,Divinópolis do Tocantins,TO,1966,1435.98,1434.96,32.75,18.96,73.83,0.88,0.67,6934.49
1707108,Divinópolis do Tocantins,TO,1967,1626.31,1417.51,32.46,18.67,73.14,0.89,0.68,6857.2
1707108,Divinópolis do Tocantins,TO,1968,1620.22,1400.26,32.2,18.85,73.84,0.86,0.65,6842.22
1707108,Divinópolis do Tocantins,TO,1969,1555.84,1463.73,32.93,19.43,74.05,0.89,0.7,7044.29
1707108,Divinópolis do Tocantins,TO,1970,1477.83,1501.96,33.28,19.84,73.74,0.91,0.91,6960.25
1707108,Divinópolis do Tocantins,TO,1971,1453.29,1455.64,32.67,20.19,73.8,0.91,1.08,6620.94
1707108,Divinópolis do Tocantins,TO,1972,1348.54,1475.7,33.12,20.67,74.5,0.91,1.04,6721.74
1707108,Divinópolis do Tocantins,TO,1973,1696.04,1501.65,32.02,21.2,78.62,0.75,1.25,6986.48
1707108,Divinópolis do Tocantins,TO,1974,2165.4,1381.53,31.01,19.28,75.15,0.8,1.23,6351.54
1707108,Divinópolis do Tocantins,TO,1975,1741.71,1473.71,31.72,19.84,75.06,0.83,1.17,6805.68
1707108,Divinópolis do Tocantins,TO,1976,2000.36,1443.67,31.83,20.01,76.12,0.8,1.05,6788.03
1707108,Divinópolis do Tocantins,TO,1977,2024.67,1393.05,31.7,20.99,77.34,0.79,0.98,6534.23
1707108,Divinópolis do Tocantins,TO,1978,1917.44,1435.37,31.76,21.28,74.43,0.9,1.09,6591.41
1707108,Divinópolis do Tocantins,TO,1979,2396.66,1397.4,31.93,20.87,74.26,0.89,0.89,6576.17
1707108,Divinópolis do Tocantins,TO,1980,2199.76,1415.72,32.32,20.86,72.61,0.97,1.07,6370.18
1707207,Dois Irmãos do Tocantins,TO,1961,1214.17,1477.6,32.64,17.95,71.8,0.92,0.84,7154.88
1707207,Dois Irmãos do Tocantins,TO,1962,1490.07,1439.72,32.77,18.27,74.65,0.84,0.75,6933.86
1707207,Dois Irmãos do Tocantins,TO,1963,1538.76,1462.91,32.49,17.73,72.28,0.9,0.73,7138.07
1707207,Dois Irmãos do Tocantins,TO,1964,1861.14,1381.43,31.49,18.26,75.66,0.77,0.73,6744.04
1707207,Dois Irmãos do Tocantins,TO,1965,1555.14,1388.24,31.67,18.01,74.81,0.8,0.64,6881.24
1707207,Dois Irmãos do Tocantins,TO,1966,1426.04,1416.44,32.38,18.3,73.89,0.86,0.65,6930.4
1707207,Dois Irmãos do Tocantins,TO,1967,1625.68,1395.09,32.06,17.87,74.63,0.81,0.65,6868.2
1707207,Dois Irmãos do Tocantins,TO,1968,1599.58,1383.99,31.79,18.09,74.99,0.8,0.63,6884.95
1707207,Dois Irmãos do Tocantins,TO,1969,1491.16,1439.78,32.6,18.67,75.32,0.82,0.67,7033.14
1707207,Dois Irmãos do Tocantins,TO,1970,1451.74,1494.59,33.28,19.41,74.25,0.88,0.88,6957.89
1707207,Dois Irmãos do Tocantins,TO,1971,1412.91,1451.29,32.66,19.9,73.88,0.9,1.03,6639.95
1707207,Dois Irmãos do Tocantins,TO,1972,1376.73,1462.81,32.94,20.37,74.6,0.9,1.0,6725.19
1707207,Dois Irmãos do Tocantins,TO,1973,1609.15,1507.13,32.22,20.35,78.21,0.75,1.32,6972.34
1707207,Dois Irmãos do Tocantins,TO,1974,2166.01,1353.38,31.18,18.02,77.88,0.69,1.23,6315.1
1707207,Dois Irmãos do Tocantins,TO,1975,1894.96,1439.11,31.35,19.64,75.97,0.79,1.06,6828.14
1707207,Dois Irmãos do Tocantins,TO,1976,2122.73,1427.85,31.56,19.75,76.11,0.79,0.97,6816.62
1707207,Dois Irmãos do Tocantins,TO,1977,2219.67,1383.73,31.36,20.79,77.35,0.78,1.0,6507.21
1707207,Dois Irmãos do Tocantins,TO,1978,1935.64,1437.83,31.51,21.16,74.41,0.89,1.14,6589.37
1707207,Dois Irmãos do Tocantins,TO,1979,2393.81,1390.33,31.57,20.72,75.18,0.85,0.93,6568.32
1707207,Dois Irmãos do Tocantins,TO,1980,2283.91,1414.29,32.06,20.69,72.47,0.97,1.1,6375.83
1707306,Dueré,TO,1961,1099.62,1571.06,33.08,19.49,68.48,1.1,1.09,7192.27
1707306,Dueré,TO,1962,1371.45,1524.38,33.25,19.84,71.1,1.02,1.03,6928.99
1707306,Dueré,TO,1963,1160.63,1563.48,33.07,19.34,67.23,1.13,0.96,7243.79
1707306,Dueré,TO,1964,1803.41,1449.04,32.07,20.0,73.66,0.9,1.0,6727.39
1707306,Dueré,TO,1965,1526.68,1449.65,32.4,19.62,72.37,0.94,0.87,6808.82
1707306,Dueré,TO,1966,1468.96,1497.0,33.14,19.49,72.03,0.97,0.89,6979.41
1707306,Dueré,TO,1967,1421.57,1478.62,32.95,19.61,72.05,0.97,0.91,6876.68
1707306,Dueré,TO,1968,1728.7,1464.34,32.67,19.83,72.15,0.96,0.88,6853.69
1707306,Dueré,TO,1969,1281.22,1527.96,33.07,20.39,73.1,0.95,0.95,7104.77
1707306,Dueré,TO,1970,1308.53,1550.63,32.89,20.2,72.43,0.96,1.21,6961.03
1707306,Dueré,TO,1971,1431.29,1454.93,32.18,20.32,72.1,0.96,1.17,6548.84
1707306,Dueré,TO,1972,1423.54,1539.78,33.05,20.66,71.07,1.03,1.28,6759.75
1707306,Dueré,TO,1973,1573.16,1514.04,31.63,21.77,75.27,0.88,1.39,6840.08
1707306,Dueré,TO,1974,1658.46,1452.57,30.36,20.75,74.38,0.85,1.31,6753.21
1707306,Dueré,TO,1975,1683.68,1511.94,31.96,19.65,73.26,0.89,1.14,7051.52
1707306,Dueré,TO,1976,1599.05,1437.37,31.95,19.84,74.87,0.84,0.98,6778.44
1707306,Dueré,TO,1977,1596.33,1424.32,32.16,20.73,75.65,0.85,1.0,6627.85
1707306,Dueré,TO,1978,1879.98,1422.27,31.63,20.87,73.65,0.91,1.04,6612.3
1707306,Dueré,TO,1979,1776.96,1396.58,32.3,20.56,72.46,0.96,0.83,6572.4
1707306,Dueré,TO,1980,1769.35,1398.73,32.47,20.62,71.57,1.0,0.89,6438.19
1707405,Esperantina,TO,1961,1695.08,1476.06,33.02,20.33,79.3,0.73,0.93,6930.09
1707405,Esperantina,TO,1962,1540.1,1434.61,32.87,20.7,80.05,0.71,0.81,6772.69
1707405,Esperantina,TO,1963,1440.34,1434.45,33.1,20.48,78.93,0.75,0.8,6737.81
1707405,Esperantina,TO,1964,1599.07,1440.03,32.51,20.71,80.05,0.7,0.83,6818.03
1707405,Esperantina,TO,1965,1262.82,1473.09,32.83,20.38,76.96,0.81,0.7,7110.58
1707405,Esperantina,TO,1966,1540.85,1405.79,32.56,20.68,77.26,0.8,0.49,6879.35
1707405,Esperantina,TO,1967,1550.86,1457.33,32.49,20.22,77.88,0.76,0.79,6954.44
1707405,Esperantina,TO,1968,1315.41,1442.13,32.35,20.29,79.1,0.72,0.76,6945.74
1707405,Esperantina,TO,1969,1377.49,1501.7,33.31,21.2,78.22,0.79,0.74,7132.89
1707405,Esperantina,TO,1970,1394.34,1469.77,33.11,20.74,78.9,0.75,0.82,6916.11
1707405,Esperantina,TO,1971,1399.56,1445.46,32.95,20.79,82.1,0.64,0.91,6848.88
1707405,Esperantina,TO,1972,1370.17,1421.04,33.71,21.1,83.39,0.61,0.72,6719.38
1707405,Esperantina,TO,1973,1992.59,1366.64,31.36,20.8,82.47,0.6,0.82,6647.96
1707405,Esperantina,TO,1974,1947.67,1320.27,31.38,20.67,82.23,0.61,0.85,6354.21
1707405,Esperantina,TO,1975,1917.52,1341.35,31.36,20.69,82.91,0.58,0.84,6503.44
1707405,Esperantina,TO,1976,1696.77,1370.27,31.42,21.63,79.91,0.7,0.83,6524.43
1707405,Esperantina,TO,1977,1713.0,1313.67,31.27,22.04,78.87,0.75,1.0,6060.61
1707405,Esperantina,TO,1978,1586.3,1344.02,31.54,22.01,78.16,0.78,1.07,6120.94
1707405,Esperantina,TO,1979,1426.27,1319.3,31.81,21.91,81.27,0.67,1.08,6053.39
1707405,Esperantina,TO,1980,1619.89,1371.65,32.21,22.03,77.85,0.81,1.09,6161.41
1707553,Fátima,TO,1961,1115.56,1546.95,32.83,19.3,68.43,1.08,0.99,7186.14
1707553,Fátima,TO,1962,1386.13,1504.16,33.21,19.88,71.41,1.01,0.93,6904.64
1707553,Fátima,TO,1963,1195.62,1522.43,32.78,19.23,69.93,1.03,0.84,7214.26
1707553,Fátima,TO,1964,1794.11,1431.84,31.95,19.97,74.04,0.88,0.85,6747.5
1707553,Fátima,TO,1965,1498.32,1443.56,32.35,19.58,72.75,0.92,0.8,6835.99
1707553,Fátima,TO,1966,1369.18,1486.25,32.78,19.97,72.18,0.97,0.84,6972.66
1707553,Fátima,TO,1967,1441.6,1463.78,32.56,19.72,72.23,0.95,0.85,6886.26
1707553,Fátima,TO,1968,1595.35,1448.27,32.28,19.78,72.89,0.93,0.84,6863.11
1707553,Fátima,TO,1969,1519.65,1506.16,32.87,20.33,73.89,0.92,0.88,7063.77
1707553,Fátima,TO,1970,1430.62,1519.26,32.77,20.09,72.86,0.94,1.08,6937.0
1707553,Fátima,TO,1971,1303.05,1464.55,32.0,20.13,72.43,0.94,1.23,6570.05
1707553,Fátima,TO,1972,1441.11,1526.83,32.91,20.69,71.5,1.02,1.27,6717.96
1707553,Fátima,TO,1973,1554.43,1512.91,30.91,22.0,75.74,0.85,1.38,6958.99
1707553,Fátima,TO,1974,1750.62,1449.14,29.46,21.37,74.18,0.85,1.33,6811.17
1707553,Fátima,TO,1975,1708.29,1507.18,31.76,19.6,73.68,0.88,1.16,7017.27
1707553,Fátima,TO,1976,1590.6,1440.49,31.8,19.94,75.07,0.84,1.01,6777.19
1707553,Fátima,TO,1977,1580.99,1418.74,32.05,20.81,75.84,0.85,0.98,6603.03
1707553,Fátima,TO,1978,1846.16,1427.44,31.79,20.98,73.73,0.92,1.04,6592.51
1707553,Fátima,TO,1979,1963.26,1403.13,32.22,20.68,72.75,0.95,0.85,6581.83
1707553,Fátima,TO,1980,1825.04,1400.78,32.33,20.66,72.2,0.98,0.98,6374.26
1707652,Figueirópolis,TO,1961,1192.0,1564.56,33.22,19.82,70.47,1.05,1.04,7202.01
1707652,Figueirópolis,TO,1962,1450.76,1538.66,33.12,19.94,71.83,0.99,1.12,6926.48
1707652,Figueirópolis,TO,1963,1012.12,1621.06,33.41,19.91,67.62,1.15,1.16,7266.41
1707652,Figueirópolis,TO,1964,1672.2,1471.92,32.1,20.24,74.0,0.89,1.1,6748.6
1707652,Figueirópolis,TO,1965,1495.53,1477.09,32.43,20.05,73.52,0.91,1.07,6799.08
1707652,Figueirópolis,TO,1966,1492.53,1538.09,33.32,19.31,70.86,1.02,1.11,6965.28
1707652,Figueirópolis,TO,1967,1225.0,1551.04,33.1,19.81,70.28,1.04,1.22,6868.2
1707652,Figueirópolis,TO,1968,1711.61,1540.55,32.86,19.94,69.08,1.08,1.16,6888.09
1707652,Figueirópolis,TO,1969,1421.24,1578.53,33.01,20.78,69.93,1.07,1.12,7144.04
1707652,Figueirópolis,TO,1970,1430.07,1552.22,32.58,20.42,69.98,1.04,1.21,6991.51
1707652,Figueirópolis,TO,1971,1511.16,1472.12,32.2,20.39,69.94,1.03,1.19,6535.64
1707652,Figueirópolis,TO,1972,1347.54,1559.9,33.01,20.44,67.74,1.14,1.29,6758.02
1707652,Figueirópolis,TO,1973,1500.56,1524.79,31.66,21.76,72.88,0.96,1.35,6847.3
1707652,Figueirópolis,TO,1974,1452.55,1488.65,30.89,20.66,71.06,0.97,1.32,6774.1
1707652,Figueirópolis,TO,1975,1499.8,1546.59,31.99,19.62,69.34,1.02,1.18,7057.17
1707652,Figueirópolis,TO,1976,1439.4,1448.99,31.86,19.63,71.98,0.93,1.02,6742.16
1707652,Figueirópolis,TO,1977,1586.39,1465.16,32.05,20.53,72.14,0.97,1.13,6683.93
1707652,Figueirópolis,TO,1978,1784.37,1443.41,31.39,20.66,70.95,0.99,1.14,6597.06
1707652,Figueirópolis,TO,1979,1516.08,1389.98,32.2,20.34,70.62,1.01,0.8,6570.52
1707652,Figueirópolis,TO,1980,1894.17,1396.78,32.38,20.42,69.48,1.07,0.89,6417.77
1707702,Filadélfia,TO,1961,1190.26,1418.54,32.76,18.66,74.54,0.85,0.52,7081.52
1707702,Filadélfia,TO,1962,1544.86,1403.18,32.54,19.03,76.74,0.78,0.4,7062.51
1707702,Filadélfia,TO,1963,1512.95,1404.05,32.55,18.67,74.89,0.83,0.44,7071.31
1707702,Filadélfia,TO,1964,1675.53,1380.41,31.73,19.0,77.41,0.74,0.51,6885.1
1707702,Filadélfia,TO,1965,1272.59,1386.65,31.96,18.36,76.43,0.77,0.44,7028.11
1707702,Filadélfia,TO,1966,1358.73,1370.37,32.2,18.43,76.34,0.78,0.37,6965.43
1707702,Filadélfia,TO,1967,1644.41,1355.99,32.01,18.14,76.9,0.75,0.38,6903.86
1707702,Filadélfia,TO,1968,1924.92,1353.79,31.85,18.03,76.03,0.77,0.37,6932.23
1707702,Filadélfia,TO,1969,1521.45,1418.43,32.65,18.89,75.14,0.84,0.43,7125.19
1707702,Filadélfia,TO,1970,1762.08,1456.87,32.39,19.32,74.94,0.84,0.73,6945.64
1707702,Filadélfia,TO,1971,1546.03,1461.07,31.26,20.93,74.49,0.87,1.11,6699.96
1707702,Filadélfia,TO,1972,1776.45,1420.63,31.64,21.27,75.57,0.85,0.83,6752.84
1707702,Filadélfia,TO,1973,2007.12,1398.73,29.24,22.76,81.47,0.63,1.11,6809.6
1707702,Filadélfia,TO,1974,1951.11,1391.36,31.12,20.68,80.26,0.67,1.08,6591.72
1707702,Filadélfia,TO,1975,1654.42,1388.03,31.21,20.6,81.08,0.65,1.04,6604.45
1707702,Filadélfia,TO,1976,1563.68,1400.78,31.12,20.3,78.29,0.72,0.94,6732.26
1707702,Filadélfia,TO,1977,1748.67,1354.2,30.23,22.0,76.98,0.8,0.94,6431.97
1707702,Filadélfia,TO,1978,1563.32,1427.13,31.57,21.34,75.39,0.87,1.05,6559.99
1707702,Filadélfia,TO,1979,1746.76,1395.96,31.63,21.19,76.99,0.8,1.05,6443.43
1707702,Filadélfia,TO,1980,1693.07,1420.68,32.13,21.3,73.36,0.96,1.07,6400.81
1708205,Formoso do Araguaia,TO,1961,1291.85,1560.51,33.55,20.02,71.74,1.02,0.99,7210.8
1708205,Formoso do Araguaia,TO,1962,1529.73,1546.8,33.64,20.18,72.54,0.98,1.1,6920.98
1708205,Formoso do Araguaia,TO,1963,1143.62,1618.7,33.8,20.01,69.72,1.09,1.14,7267.35
1708205,Formoso do Araguaia,TO,1964,1941.52,1478.01,32.57,20.45,74.79,0.88,1.07,6765.88
1708205,Formoso do Araguaia,TO,1965,1661.86,1481.13,32.85,20.22,74.26,0.9,1.06,6791.22
1708205,Formoso do Araguaia,TO,1966,1525.46,1551.09,33.73,19.75,71.63,1.01,1.11,6954.59
1708205,Formoso do Araguaia,TO,1967,1394.5,1540.09,33.46,19.95,71.81,1.0,1.15,6877.31
1708205,Formoso do Araguaia,TO,1968,1670.43,1525.56,33.08,20.1,70.85,1.03,1.12,6872.22
1708205,Formoso do Araguaia,TO,1969,1286.19,1561.94,33.47,20.9,72.31,1.01,1.09,7071.0
1708205,Formoso do Araguaia,TO,1970,1299.31,1557.08,33.29,20.77,71.93,1.01,1.18,6956.79
1708205,Formoso do Araguaia,TO,1971,1456.85,1474.68,32.73,20.79,71.66,1.0,1.14,6559.68
1708205,Formoso do Araguaia,TO,1972,1505.28,1555.29,33.6,20.99,70.74,1.07,1.25,6759.75
1708205,Formoso do Araguaia,TO,1973,1511.74,1521.56,32.39,22.01,73.97,0.95,1.32,6759.49
1708205,Formoso do Araguaia,TO,1974,1634.23,1472.12,31.48,20.78,73.45,0.91,1.3,6666.03
1708205,Formoso do Araguaia,TO,1975,1532.09,1507.08,32.41,20.12,72.97,0.93,1.07,7015.54
1708205,Formoso do Araguaia,TO,1976,1740.53,1438.04,32.34,20.27,74.81,0.87,0.92,6761.16
1708205,Formoso do Araguaia,TO,1977,1795.09,1434.45,32.51,21.12,75.3,0.88,0.98,6638.54
1708205,Formoso do Araguaia,TO,1978,1855.86,1423.4,31.84,21.26,73.41,0.93,1.01,6603.35
1708205,Formoso do Araguaia,TO,1979,1623.33,1407.94,32.62,20.95,71.94,0.99,0.83,6571.93
1708205,Formoso do Araguaia,TO,1980,2174.78,1405.48,32.82,20.99,71.34,1.03,0.88,6431.12
1708254,Tabocão,TO,1961,1187.45,1477.6,32.52,17.85,71.88,0.91,0.82,7197.76
1708254,Tabocão,TO,1962,1480.3,1443.72,32.61,18.17,74.72,0.83,0.73,7011.62
1708254,Tabocão,TO,1963,1540.74,1455.33,32.35,17.65,72.38,0.89,0.72,7128.49
1708254,Tabocão,TO,1964,1851.54,1389.67,31.35,18.16,75.72,0.77,0.71,6834.84
1708254,Tabocão,TO,1965,1540.49,1392.33,31.54,17.88,75.86,0.76,0.63,6953.02
1708254,Tabocão,TO,1966,1409.68,1412.65,32.21,18.13,75.07,0.81,0.63,6967.48
1708254,Tabocão,TO,1967,1662.2,1391.31,31.89,17.75,74.69,0.8,0.63,6884.85
1708254,Tabocão,TO,1968,1568.32,1377.49,31.62,17.94,75.21,0.78,0.61,6886.36
1708254,Tabocão,TO,1969,1469.83,1439.52,32.39,18.55,75.25,0.81,0.65,7084.35
1708254,Tabocão,TO,1970,1432.98,1497.15,33.08,19.22,74.45,0.86,0.86,7030.0
1708254,Tabocão,TO,1971,1366.05,1450.98,32.41,19.75,73.81,0.89,1.04,6669.8
1708254,Tabocão,TO,1972,1315.03,1455.74,32.75,20.19,74.55,0.89,0.98,6732.26
1708254,Tabocão,TO,1973,1529.56,1481.08,31.86,20.33,78.19,0.74,1.16,6966.38
1708254,Tabocão,TO,1974,1934.46,1371.04,31.02,18.03,77.74,0.69,1.15,6507.37
1708254,Tabocão,TO,1975,1861.09,1441.72,31.18,19.52,75.87,0.79,1.05,6861.91
1708254,Tabocão,TO,1976,1917.63,1429.69,31.39,19.62,75.83,0.8,0.99,6836.88
1708254,Tabocão,TO,1977,1912.57,1377.69,30.93,20.82,76.99,0.78,0.96,6527.32
1708254,Tabocão,TO,1978,1797.77,1426.88,31.0,21.13,73.87,0.89,1.1,6605.7
1708254,Tabocão,TO,1979,2329.83,1387.01,31.23,20.71,74.58,0.86,0.93,6578.06
1708254,Tabocão,TO,1980,2189.4,1412.09,31.79,20.64,72.12,0.97,1.08,6409.45
1708304,Goianorte,TO,1961,1224.2,1457.18,32.52,17.37,71.99,0.89,0.76,7139.64
1708304,Goianorte,TO,1962,1553.98,1436.96,32.64,17.62,74.78,0.81,0.72,7006.43
1708304,Goianorte,TO,1963,1544.2,1450.37,32.39,17.07,72.46,0.87,0.72,7125.35
1708304,Goianorte,TO,1964,1866.09,1381.38,31.28,17.56,75.79,0.75,0.71,6830.12
1708304,Goianorte,TO,1965,1620.16,1380.35,31.39,17.42,75.94,0.75,0.63,6948.47
1708304,Goianorte,TO,1966,1487.86,1406.46,32.17,17.74,75.13,0.8,0.63,6963.23
1708304,Goianorte,TO,1967,1640.97,1384.09,31.8,17.23,74.85,0.78,0.64,6881.71
1708304,Goianorte,TO,1968,1658.48,1368.74,31.51,17.47,75.37,0.76,0.61,6881.81
1708304,Goianorte,TO,1969,1527.61,1430.2,32.4,18.08,75.37,0.8,0.65,7055.92
1708304,Goianorte,TO,1970,1453.38,1489.52,33.5,19.11,74.55,0.87,0.84,6941.24
1708304,Goianorte,TO,1971,1386.13,1454.52,32.9,19.69,74.03,0.89,1.01,6666.34
1708304,Goianorte,TO,1972,1297.81,1436.09,33.03,20.15,74.92,0.88,0.96,6601.88
1708304,Goianorte,TO,1973,1595.44,1477.34,32.78,19.71,80.4,0.67,1.28,6825.16
1708304,Goianorte,TO,1974,1852.64,1343.09,31.65,16.8,80.01,0.6,1.19,6320.59
1708304,Goianorte,TO,1975,1601.81,1400.11,31.15,19.55,78.53,0.7,1.02,6731.84
1708304,Goianorte,TO,1976,1754.81,1406.82,31.42,19.68,76.8,0.77,0.93,6751.58
1708304,Goianorte,TO,1977,2012.08,1383.37,31.37,20.6,77.46,0.77,0.99,6515.22
1708304,Goianorte,TO,1978,1796.32,1439.72,31.63,21.12,74.55,0.89,1.14,6584.03
1708304,Goianorte,TO,1979,2337.28,1387.78,31.5,20.62,75.43,0.84,0.95,6555.75
1708304,Goianorte,TO,1980,2220.25,1421.25,32.06,20.61,72.37,0.97,1.13,6381.96
1709005,Goiatins,TO,1961,1205.35,1433.79,32.6,18.36,74.23,0.85,0.62,7101.63
1709005,Goiatins,TO,1962,1467.73,1415.31,32.42,18.71,76.61,0.77,0.49,7070.37
1709005,Goiatins,TO,1963,1344.34,1414.13,32.37,18.33,74.67,0.83,0.51,7086.7
1709005,Goiatins,TO,1964,1516.3,1385.11,31.51,18.68,77.24,0.73,0.58,6889.97
1709005,Goiatins,TO,1965,1076.82,1388.34,31.76,18.22,76.04,0.77,0.47,7037.85
1709005,Goiatins,TO,1966,1363.4,1361.16,32.07,18.35,75.21,0.81,0.35,6965.43
1709005,Goiatins,TO,1967,1614.87,1358.76,31.86,18.0,75.43,0.79,0.41,6912.65
1709005,Goiatins,TO,1968,1839.4,1353.79,31.72,17.94,75.7,0.77,0.38,6937.73
1709005,Goiatins,TO,1969,1444.65,1409.99,32.48,18.76,74.95,0.83,0.43,7092.36
1709005,Goiatins,TO,1970,1823.59,1462.09,32.34,19.16,73.86,0.87,0.74,6984.44
1709005,Goiatins,TO,1971,1543.63,1482.41,31.35,20.51,73.19,0.91,1.16,6764.68
1709005,Goiatins,TO,1972,1440.21,1432.66,31.74,20.86,74.91,0.87,0.87,6795.72
1709005,Goiatins,TO,1973,1742.06,1424.52,29.74,22.01,79.75,0.69,1.2,6858.61
1709005,Goiatins,TO,1974,2235.56,1410.09,30.98,20.01,79.15,0.69,1.18,6673.72
1709005,Goiatins,TO,1975,1759.49,1418.89,31.08,20.22,79.01,0.7,1.14,6704.67
1709005,Goiatins,TO,1976,1681.31,1421.09,31.09,19.95,76.51,0.77,1.04,6762.89
1709005,Goiatins,TO,1977,1776.36,1374.88,30.51,21.31,76.3,0.81,0.94,6564.08
1709005,Goiatins,TO,1978,1562.85,1424.83,31.39,20.97,74.7,0.87,1.06,6577.43
1709005,Goiatins,TO,1979,1786.34,1411.01,31.43,20.87,75.17,0.85,1.06,6519.46
1709005,Goiatins,TO,1980,1689.83,1423.24,31.96,20.91,72.45,0.97,1.05,6472.91
1709302,Guaraí,TO,1961,1205.31,1455.33,32.41,17.57,72.08,0.89,0.74,7141.84
1709302,Guaraí,TO,1962,1547.95,1445.56,32.48,17.86,74.86,0.81,0.71,7083.25
1709302,Guaraí,TO,1963,1547.33,1447.3,32.25,17.34,72.58,0.87,0.71,7115.61
1709302,Guaraí,TO,1964,1881.4,1386.96,31.21,17.83,75.86,0.75,0.7,6863.27
1709302,Guaraí,TO,1965,1456.9,1393.2,31.36,17.64,75.93,0.75,0.61,7024.5
1709302,Guaraí,TO,1966,1387.29,1411.52,32.06,17.96,75.16,0.8,0.62,6995.75
1709302,Guaraí,TO,1967,1648.78,1386.8,31.72,17.46,75.46,0.77,0.62,6918.94
1709302,Guaraí,TO,1968,1571.52,1369.96,31.45,17.6,75.72,0.76,0.59,6894.69
1709302,Guaraí,TO,1969,1477.62,1432.05,32.27,18.26,74.86,0.82,0.63,7076.02
1709302,Guaraí,TO,1970,1433.55,1480.77,33.07,19.04,74.54,0.86,0.83,6967.0
1709302,Guaraí,TO,1971,1354.42,1452.72,32.39,19.68,73.85,0.89,1.03,6697.13
1709302,Guaraí,TO,1972,1310.12,1431.13,32.66,20.12,74.79,0.87,0.94,6633.61
1709302,Guaraí,TO,1973,1527.25,1471.71,31.93,20.11,79.5,0.69,1.34,6831.28
1709302,Guaraí,TO,1974,2149.73,1380.82,31.2,17.63,79.07,0.64,1.29,6505.96
1709302,Guaraí,TO,1975,1993.74,1411.52,31.0,19.5,78.26,0.7,1.07,6765.3
1709302,Guaraí,TO,1976,1946.49,1415.72,31.21,19.59,76.46,0.77,0.99,6776.4
1709302,Guaraí,TO,1977,1710.22,1372.98,30.85,20.78,76.97,0.78,0.94,6519.62
1709302,Guaraí,TO,1978,1725.56,1422.94,30.95,21.1,73.95,0.89,1.09,6594.24
1709302,Guaraí,TO,1979,2234.67,1387.98,31.17,20.67,74.89,0.85,0.96,6573.19
1709302,Guaraí,TO,1980,2082.73,1415.57,31.74,20.6,72.18,0.97,1.1,6410.39
1709500,Gurupi,TO,1961,1084.11,1565.53,32.77,19.25,68.04,1.1,1.09,7199.65
1709500,Gurupi,TO,1962,1357.21,1517.42,32.93,19.6,70.84,1.01,1.03,6932.44
1709500,Gurupi,TO,1963,1053.53,1555.5,32.76,19.1,66.84,1.13,0.96,7244.89
1709500,Gurupi,TO,1964,1598.88,1441.26,31.77,19.77,73.42,0.89,0.99,6733.67
1709500,Gurupi,TO,1965,1499.34,1459.63,32.11,19.44,72.81,0.91,0.98,6809.76
1709500,Gurupi,TO,1966,1399.17,1503.55,32.91,19.13,71.98,0.96,1.01,6980.98
1709500,Gurupi,TO,1967,1165.31,1502.06,32.73,19.34,71.87,0.96,1.08,6879.19
1709500,Gurupi,TO,1968,1743.8,1497.51,32.43,19.6,71.8,0.96,1.1,6858.56
1709500,Gurupi,TO,1969,1334.04,1554.78,32.73,20.17,72.9,0.94,1.15,7110.27
1709500,Gurupi,TO,1970,1339.4,1550.43,32.5,19.89,72.21,0.95,1.3,6972.66
1709500,Gurupi,TO,1971,1424.56,1449.65,31.9,19.99,71.87,0.95,1.18,6548.84
1709500,Gurupi,TO,1972,1430.31,1534.46,32.77,20.25,70.67,1.03,1.29,6760.22
1709500,Gurupi,TO,1973,1522.33,1523.41,31.32,21.41,74.13,0.9,1.48,6854.22
1709500,Gurupi,TO,1974,1596.91,1440.8,30.12,20.41,73.98,0.84,1.27,6767.35
1709500,Gurupi,TO,1975,1584.39,1507.39,31.6,19.2,72.88,0.88,1.13,7086.86
1709500,Gurupi,TO,1976,1575.01,1423.35,31.56,19.27,74.61,0.83,0.98,6774.04
1709500,Gurupi,TO,1977,1594.85,1416.9,31.81,20.17,75.42,0.84,1.02,6633.35
1709500,Gurupi,TO,1978,1830.49,1414.8,31.32,20.31,73.35,0.9,1.06,6611.52
1709500,Gurupi,TO,1979,1496.82,1385.83,31.98,20.0,72.14,0.94,0.83,6573.97
1709500,Gurupi,TO,1980,1719.82,1388.65,32.12,20.14,71.39,0.99,0.89,6435.68
1709807,Ipueiras,TO,1961,1087.79,1554.42,32.99,19.45,67.65,1.12,0.98,7203.42
1709807,Ipueiras,TO,1962,1362.68,1510.51,33.34,20.02,70.86,1.03,0.92,6921.76
1709807,Ipueiras,TO,1963,1079.64,1527.7,32.94,19.38,69.26,1.06,0.83,7226.2
1709807,Ipueiras,TO,1964,1584.12,1435.89,32.08,20.12,73.49,0.91,0.84,6753.0
1709807,Ipueiras,TO,1965,1507.81,1453.49,32.49,19.73,72.61,0.94,0.84,6837.41
1709807,Ipueiras,TO,1966,1349.11,1494.39,32.94,20.05,71.33,1.01,0.86,6984.6
1709807,Ipueiras,TO,1967,1178.68,1471.2,32.72,19.86,71.63,0.98,0.86,6894.74
1709807,Ipueiras,TO,1968,1596.29,1457.69,32.44,19.94,71.71,0.98,0.85,6874.89
1709807,Ipueiras,TO,1969,1364.97,1524.43,32.99,20.5,72.68,0.97,0.91,7108.7
1709807,Ipueiras,TO,1970,1383.04,1545.0,32.9,20.22,72.01,0.98,1.11,7031.41
1709807,Ipueiras,TO,1971,1334.27,1474.63,32.11,20.26,71.9,0.97,1.22,6613.4
1709807,Ipueiras,TO,1972,1432.13,1543.62,33.03,20.79,70.64,1.06,1.28,6761.48
1709807,Ipueiras,TO,1973,1521.91,1528.47,31.11,22.08,74.87,0.89,1.39,6979.41
1709807,Ipueiras,TO,1974,1743.91,1458.05,29.62,21.47,74.03,0.86,1.33,6834.42
1709807,Ipueiras,TO,1975,1639.46,1520.28,31.89,19.69,72.69,0.92,1.16,7066.91
1709807,Ipueiras,TO,1976,1639.92,1440.13,31.92,20.01,74.48,0.86,0.99,6767.76
1709807,Ipueiras,TO,1977,1598.55,1434.5,32.19,20.9,75.23,0.88,1.01,6632.72
1709807,Ipueiras,TO,1978,1857.38,1438.04,31.86,21.05,73.18,0.94,1.06,6616.54
1709807,Ipueiras,TO,1979,1890.88,1407.58,32.36,20.74,72.24,0.98,0.84,6585.91
1709807,Ipueiras,TO,1980,1816.38,1405.28,32.46,20.75,71.32,1.02,0.9,6436.78
1710508,Itacajá,TO,1961,1149.81,1451.29,32.67,18.24,74.06,0.85,0.67,7152.52
1710508,Itacajá,TO,1962,1511.32,1438.19,32.6,18.6,76.53,0.78,0.62,7093.3
1710508,Itacajá,TO,1963,1485.14,1433.89,32.45,18.15,74.52,0.83,0.61,7120.16
1710508,Itacajá,TO,1964,1807.26,1388.95,31.54,18.57,77.13,0.73,0.65,6859.03
1710508,Itacajá,TO,1965,1339.81,1391.72,31.79,18.29,75.98,0.78,0.5,7022.93
1710508,Itacajá,TO,1966,1199.79,1367.41,32.2,18.51,75.12,0.82,0.36,6983.66
1710508,Itacajá,TO,1967,1347.2,1364.44,31.96,18.1,75.36,0.79,0.44,6917.99
1710508,Itacajá,TO,1968,1391.96,1380.92,31.8,18.11,75.6,0.78,0.54,6944.64
1710508,Itacajá,TO,1969,1247.1,1440.75,32.57,18.88,74.8,0.84,0.61,7087.49
1710508,Itacajá,TO,1970,1260.05,1483.02,32.72,19.29,73.68,0.89,0.8,6997.64
1710508,Itacajá,TO,1971,1268.62,1485.33,31.86,20.29,73.2,0.91,1.16,6735.93
1710508,Itacajá,TO,1972,1382.29,1447.09,32.26,20.68,74.67,0.88,0.91,6791.32
1710508,Itacajá,TO,1973,1642.68,1447.66,30.79,21.5,79.51,0.7,1.22,6861.91
1710508,Itacajá,TO,1974,2153.18,1427.34,30.99,19.5,76.18,0.77,1.22,6675.92
1710508,Itacajá,TO,1975,1830.05,1461.32,31.36,20.03,75.77,0.81,1.13,6841.81
1710508,Itacajá,TO,1976,1708.47,1443.26,31.45,19.89,75.8,0.8,1.04,6838.14
1710508,Itacajá,TO,1977,1628.61,1384.55,30.9,21.07,76.52,0.8,0.94,6585.28
1710508,Itacajá,TO,1978,1528.61,1428.06,31.26,21.11,73.6,0.91,1.06,6594.39
1710508,Itacajá,TO,1979,1906.8,1414.8,31.4,20.88,74.39,0.88,1.03,6581.36
1710508,Itacajá,TO,1980,1956.42,1422.12,31.96,20.79,72.01,0.98,1.04,6479.35
1710706,Itaguatins,TO,1961,1415.73,1449.19,32.67,20.11,76.87,0.81,0.71,6964.18
1710706,Itaguatins,TO,1962,1501.22,1403.49,32.33,20.45,77.73,0.77,0.59,6795.31
1710706,Itaguatins,TO,1963,1416.23,1399.14,32.64,20.24,76.07,0.83,0.56,6769.39
1710706,Itaguatins,TO,1964,1380.32,1424.68,32.13,20.49,78.26,0.75,0.61,6920.92
1710706,Itaguatins,TO,1965,1238.93,1444.59,32.46,20.28,76.34,0.82,0.52,7106.18
1710706,Itaguatins,TO,1966,1476.01,1412.24,32.0,20.74,76.86,0.8,0.45,6985.7
1710706,Itaguatins,TO,1967,1466.95,1415.77,32.03,20.25,76.81,0.79,0.58,6906.06
1710706,Itaguatins,TO,1968,1266.78,1407.58,31.95,20.27,76.76,0.8,0.52,6931.29
1710706,Itaguatins,TO,1969,1250.84,1470.18,32.95,21.27,76.19,0.86,0.52,7139.96
1710706,Itaguatins,TO,1970,1362.81,1459.43,32.69,20.62,77.83,0.78,0.73,6896.32
1710706,Itaguatins,TO,1971,1413.87,1459.84,32.64,20.25,79.98,0.7,0.97,6865.68
1710706,Itaguatins,TO,1972,1218.79,1425.44,33.4,20.66,81.36,0.67,0.77,6730.22
1710706,Itaguatins,TO,1973,1652.99,1399.04,31.85,21.15,81.75,0.64,0.89,6668.38
1710706,Itaguatins,TO,1974,2034.96,1342.38,31.7,20.05,81.98,0.6,0.92,6423.01
1710706,Itaguatins,TO,1975,1771.96,1381.94,31.91,20.13,82.11,0.61,1.02,6546.48
1710706,Itaguatins,TO,1976,1538.15,1408.04,31.72,20.31,78.4,0.73,1.05,6585.38
1710706,Itaguatins,TO,1977,1602.76,1349.39,31.56,21.41,76.31,0.83,1.03,6170.1
1710706,Itaguatins,TO,1978,1180.64,1393.35,31.52,21.23,75.3,0.86,1.15,6269.07
1710706,Itaguatins,TO,1979,1442.62,1371.09,31.88,21.51,77.8,0.78,1.15,6157.54
1710706,Itaguatins,TO,1980,1670.95,1417.92,32.23,21.75,73.52,0.96,1.15,6228.8
1710904,Itapiratins,TO,1961,1174.79,1454.87,32.64,18.05,73.73,0.86,0.73,7103.67
1710904,Itapiratins,TO,1962,1592.02,1446.28,32.67,18.34,76.37,0.78,0.7,7064.08
1710904,Itapiratins,TO,1963,1412.06,1442.69,32.49,17.83,74.52,0.83,0.68,7085.6
1710904,Itapiratins,TO,1964,1843.56,1392.48,31.52,18.29,77.04,0.73,0.71,6840.81
1710904,Itapiratins,TO,1965,1447.86,1401.49,31.7,18.16,76.06,0.77,0.6,7023.08
1710904,Itapiratins,TO,1966,1481.17,1403.64,32.23,18.41,75.22,0.81,0.57,6979.88
1710904,Itapiratins,TO,1967,1744.69,1388.9,31.96,17.98,75.48,0.78,0.6,6914.69
1710904,Itapiratins,TO,1968,1808.85,1385.06,31.77,18.02,75.8,0.77,0.58,6945.43
1710904,Itapiratins,TO,1969,1663.77,1442.44,32.56,18.77,74.97,0.83,0.64,7082.93
1710904,Itapiratins,TO,1970,1543.08,1490.14,33.01,19.32,74.44,0.87,0.88,6957.11
1710904,Itapiratins,TO,1971,1442.26,1458.05,32.16,20.28,73.75,0.9,1.02,6732.94
1710904,Itapiratins,TO,1972,1391.9,1422.02,32.49,20.69,74.95,0.88,0.9,6612.87
1710904,Itapiratins,TO,1973,1670.07,1446.63,31.26,21.13,79.74,0.7,1.19,6834.74
1710904,Itapiratins,TO,1974,2293.89,1404.87,31.34,18.9,79.22,0.67,1.19,6651.73
1710904,Itapiratins,TO,1975,1939.45,1412.91,31.29,20.01,79.28,0.69,1.09,6701.37
1710904,Itapiratins,TO,1976,1772.51,1416.49,31.39,19.98,77.15,0.76,1.0,6737.29
1710904,Itapiratins,TO,1977,1810.79,1379.84,31.0,21.15,76.81,0.8,0.93,6549.62
1710904,Itapiratins,TO,1978,1708.63,1428.11,31.37,21.28,73.86,0.91,1.06,6577.12
1710904,Itapiratins,TO,1979,2213.18,1406.87,31.49,20.96,75.15,0.86,1.0,6563.61
1710904,Itapiratins,TO,1980,1989.57,1423.3,32.05,20.9,72.1,0.99,1.06,6451.55
1711100,Itaporã do Tocantins,TO,1961,1218.31,1433.28,31.96,16.74,72.76,0.84,0.74,7100.21
1711100,Itaporã do Tocantins,TO,1962,1600.38,1425.65,32.09,16.98,75.17,0.77,0.72,7057.64
1711100,Itaporã do Tocantins,TO,1963,1494.37,1420.84,31.84,16.42,72.82,0.83,0.7,7084.66
1711100,Itaporã do Tocantins,TO,1964,1836.19,1365.26,30.71,16.91,76.08,0.71,0.72,6821.33
1711100,Itaporã do Tocantins,TO,1965,1373.23,1372.57,30.81,16.82,76.2,0.71,0.61,7024.66
1711100,Itaporã do Tocantins,TO,1966,1462.74,1392.84,31.6,17.17,75.33,0.76,0.61,6986.33
1711100,Itaporã do Tocantins,TO,1967,1775.29,1369.3,31.22,16.61,75.64,0.73,0.62,6915.48
1711100,Itaporã do Tocantins,TO,1968,1802.65,1358.91,30.93,16.81,75.97,0.72,0.59,6949.51
1711100,Itaporã do Tocantins,TO,1969,1607.24,1418.38,31.85,17.46,75.12,0.78,0.64,7096.91
1711100,Itaporã do Tocantins,TO,1970,1453.9,1478.37,33.0,18.53,74.81,0.83,0.84,6948.78
1711100,Itaporã do Tocantins,TO,1971,1372.85,1446.33,32.38,19.16,74.04,0.87,1.0,6714.72
1711100,Itaporã do Tocantins,TO,1972,1289.01,1416.33,32.5,19.62,75.07,0.85,0.92,6608.95
1711100,Itaporã do Tocantins,TO,1973,1636.09,1462.19,32.33,19.13,79.86,0.67,1.24,6814.0
1711100,Itaporã do Tocantins,TO,1974,1887.14,1342.02,31.26,16.15,79.65,0.6,1.18,6376.99
1711100,Itaporã do Tocantins,TO,1975,1691.97,1377.33,30.62,19.04,79.53,0.65,1.01,6702.16
1711100,Itaporã do Tocantins,TO,1976,1577.11,1375.65,30.84,19.14,77.71,0.72,0.9,6690.79
1711100,Itaporã do Tocantins,TO,1977,1753.21,1359.01,30.81,20.09,77.37,0.75,0.93,6485.69
1711100,Itaporã do Tocantins,TO,1978,1737.42,1414.59,31.09,20.61,74.45,0.86,1.07,6572.56
1711100,Itaporã do Tocantins,TO,1979,2324.63,1368.79,30.95,20.1,75.83,0.8,0.95,6537.22
1711100,Itaporã do Tocantins,TO,1980,2129.59,1393.51,31.5,20.11,72.75,0.93,1.1,6367.66
1711506,Jaú do Tocantins,TO,1961,1096.57,1561.69,32.52,19.25,68.46,1.08,1.08,7215.99
1711506,Jaú do Tocantins,TO,1962,1472.56,1524.74,32.16,19.09,70.38,0.98,1.18,6925.38
1711506,Jaú do Tocantins,TO,1963,987.25,1620.24,32.72,19.25,66.35,1.15,1.23,7274.58
1711506,Jaú do Tocantins,TO,1964,1653.83,1457.28,31.27,19.54,73.16,0.88,1.16,6738.39
1711506,Jaú do Tocantins,TO,1965,1438.47,1465.21,31.57,19.31,72.05,0.92,1.13,6784.63
1711506,Jaú do Tocantins,TO,1966,1485.27,1528.32,32.72,17.88,70.28,0.98,1.18,6953.49
1711506,Jaú do Tocantins,TO,1967,1183.52,1546.74,32.49,18.63,70.08,0.99,1.32,6865.06
1711506,Jaú do Tocantins,TO,1968,1666.99,1537.58,32.22,19.12,68.84,1.04,1.24,6885.42
1711506,Jaú do Tocantins,TO,1969,1389.96,1558.62,32.02,19.75,69.94,1.01,1.2,7137.29
1711506,Jaú do Tocantins,TO,1970,1333.83,1523.71,31.51,19.32,70.03,0.98,1.27,6987.58
1711506,Jaú do Tocantins,TO,1971,1401.66,1449.91,31.19,19.32,69.5,0.98,1.23,6533.76
1711506,Jaú do Tocantins,TO,1972,1236.92,1529.6,31.99,19.12,67.67,1.07,1.32,6748.28
1711506,Jaú do Tocantins,TO,1973,1319.81,1518.54,31.06,20.43,70.95,0.98,1.36,6869.3
1711506,Jaú do Tocantins,TO,1974,1520.88,1467.98,30.36,19.15,70.97,0.91,1.3,6798.29
1711506,Jaú do Tocantins,TO,1975,1323.57,1502.22,31.06,18.68,69.33,0.97,1.08,7131.16
1711506,Jaú do Tocantins,TO,1976,1394.95,1419.41,30.94,18.75,71.77,0.89,0.99,6745.77
1711506,Jaú do Tocantins,TO,1977,1734.63,1436.04,31.07,19.64,71.6,0.93,1.14,6653.62
1711506,Jaú do Tocantins,TO,1978,1667.51,1397.55,29.99,19.75,71.04,0.92,1.14,6550.41
1711506,Jaú do Tocantins,TO,1979,1359.04,1367.56,31.18,19.37,69.75,0.98,0.88,6461.81
1711506,Jaú do Tocantins,TO,1980,1992.14,1367.71,31.34,19.4,69.12,1.02,0.9,6371.43
1711803,Juarina,TO,1961,1262.15,1437.83,32.68,17.23,74.29,0.82,0.74,7041.93
1711803,Juarina,TO,1962,1601.64,1421.76,32.82,17.43,76.6,0.75,0.71,6938.73
1711803,Juarina,TO,1963,1515.42,1426.42,32.56,16.86,74.9,0.79,0.7,7029.68
1711803,Juarina,TO,1964,1869.11,1375.7,31.38,17.34,77.41,0.7,0.72,6812.37
1711803,Juarina,TO,1965,1421.98,1388.7,31.45,17.25,76.42,0.73,0.62,7033.14
1711803,Juarina,TO,1966,1479.92,1396.12,32.3,17.62,75.64,0.78,0.58,6979.26
1711803,Juarina,TO,1967,1795.41,1382.15,31.9,17.02,76.01,0.74,0.61,6932.6
1711803,Juarina,TO,1968,1794.97,1374.57,31.58,17.27,76.37,0.73,0.59,6955.79
1711803,Juarina,TO,1969,1604.77,1436.91,32.55,17.89,75.58,0.79,0.65,7109.32
1711803,Juarina,TO,1970,1467.23,1504.52,33.9,19.18,75.21,0.85,0.88,6932.13
1711803,Juarina,TO,1971,1382.78,1453.39,33.34,19.77,76.0,0.84,0.95,6693.67
1711803,Juarina,TO,1972,1377.44,1430.51,33.38,20.25,76.07,0.85,0.9,6584.44
1711803,Juarina,TO,1973,1752.05,1454.98,33.59,19.44,81.37,0.65,1.0,6783.06
1711803,Juarina,TO,1974,1761.48,1329.89,32.23,16.1,81.11,0.57,1.0,6338.5
1711803,Juarina,TO,1975,1652.16,1359.22,31.32,19.69,81.09,0.62,0.95,6540.51
1711803,Juarina,TO,1976,1523.22,1366.89,31.58,19.81,78.82,0.71,0.88,6554.28
1711803,Juarina,TO,1977,1842.49,1331.83,31.76,20.49,79.15,0.72,0.88,6275.82
1711803,Juarina,TO,1978,1696.4,1393.35,32.08,21.23,76.46,0.84,1.02,6365.99
1711803,Juarina,TO,1979,2427.81,1351.44,31.7,20.63,77.69,0.76,0.94,6352.17
1711803,Juarina,TO,1980,2044.52,1390.54,32.26,20.65,74.73,0.89,1.12,6235.71
1711902,Lagoa da Confusão,TO,1961,1142.85,1564.91,33.55,19.67,71.19,1.02,1.04,7186.77
1711902,Lagoa da Confusão,TO,1962,1453.45,1500.68,33.7,19.98,74.82,0.9,0.94,6900.56
1711902,Lagoa da Confusão,TO,1963,1201.89,1539.27,33.6,19.38,72.72,0.96,0.87,7229.5
1711902,Lagoa da Confusão,TO,1964,1827.43,1427.54,32.6,19.96,76.44,0.81,0.84,6729.9
1711902,Lagoa da Confusão,TO,1965,1549.58,1425.8,32.93,19.54,75.66,0.84,0.74,6803.32
1711902,Lagoa da Confusão,TO,1966,1382.66,1481.39,33.52,19.62,72.86,0.96,0.79,6936.69
1711902,Lagoa da Confusão,TO,1967,1476.92,1472.12,33.28,19.67,72.36,0.97,0.83,6880.14
1711902,Lagoa da Confusão,TO,1968,1595.95,1454.82,32.99,19.81,72.78,0.95,0.82,6834.21
1711902,Lagoa da Confusão,TO,1969,1571.4,1495.46,33.45,20.49,73.9,0.94,0.78,7034.24
1711902,Lagoa da Confusão,TO,1970,1277.24,1525.96,33.34,20.53,72.74,0.97,1.02,6914.69
1711902,Lagoa da Confusão,TO,1971,1336.53,1470.84,32.74,20.68,72.14,0.98,1.13,6567.53
1711902,Lagoa da Confusão,TO,1972,1546.69,1515.17,33.41,21.05,72.24,1.01,1.15,6753.94
1711902,Lagoa da Confusão,TO,1973,1492.98,1479.24,31.95,22.08,78.38,0.78,1.3,6782.43
1711902,Lagoa da Confusão,TO,1974,1637.66,1416.74,31.05,20.68,74.52,0.85,1.24,6484.75
1711902,Lagoa da Confusão,TO,1975,1569.78,1499.2,32.28,20.14,73.83,0.9,1.15,6880.14
1711902,Lagoa da Confusão,TO,1976,1731.07,1454.93,32.33,20.35,75.17,0.86,1.01,6780.64
1711902,Lagoa da Confusão,TO,1977,1768.89,1422.63,32.42,21.13,75.88,0.86,0.98,6591.1
1711902,Lagoa da Confusão,TO,1978,1876.23,1425.39,31.96,21.35,73.86,0.93,1.02,6576.02
1711902,Lagoa da Confusão,TO,1979,1723.41,1403.69,32.56,21.07,73.14,0.95,0.83,6561.41
1711902,Lagoa da Confusão,TO,1980,1948.54,1411.98,32.77,21.03,72.03,1.01,0.99,6362.48
1711951,Lagoa do Tocantins,TO,1961,956.53,1539.22,32.95,18.94,67.85,1.09,0.9,7237.82
1711951,Lagoa do Tocantins,TO,1962,1213.32,1479.49,32.98,19.35,71.18,0.99,0.82,6956.16
1711951,Lagoa do Tocantins,TO,1963,1379.79,1496.28,32.74,18.74,70.25,1.0,0.75,7204.83
1711951,Lagoa do Tocantins,TO,1964,1365.36,1417.2,31.8,19.44,73.74,0.87,0.77,6785.51
1711951,Lagoa do Tocantins,TO,1965,1544.4,1439.16,32.2,19.12,73.04,0.9,0.79,6876.05
1711951,Lagoa do Tocantins,TO,1966,1321.94,1464.55,32.67,19.18,71.41,0.97,0.79,6977.06
1711951,Lagoa do Tocantins,TO,1967,1401.23,1444.07,32.45,19.24,72.14,0.94,0.76,6902.28
1711951,Lagoa do Tocantins,TO,1968,1543.39,1433.17,32.2,19.24,72.08,0.94,0.77,6872.54
1711951,Lagoa do Tocantins,TO,1969,1289.12,1498.79,32.81,19.92,72.6,0.95,0.82,7097.86
1711951,Lagoa do Tocantins,TO,1970,1242.91,1536.82,32.64,19.74,71.52,0.97,1.01,7153.62
1711951,Lagoa do Tocantins,TO,1971,1224.94,1469.97,31.81,19.98,72.04,0.94,1.19,6660.53
1711951,Lagoa do Tocantins,TO,1972,1259.35,1498.58,32.63,20.45,71.43,1.0,1.16,6717.81
1711951,Lagoa do Tocantins,TO,1973,1366.32,1528.11,30.98,21.63,74.99,0.87,1.29,7098.01
1711951,Lagoa do Tocantins,TO,1974,1455.77,1452.57,29.82,20.58,74.43,0.83,1.27,6874.48
1711951,Lagoa do Tocantins,TO,1975,1679.59,1508.82,31.63,19.5,73.13,0.89,1.16,7030.47
1711951,Lagoa do Tocantins,TO,1976,1586.67,1444.02,31.66,19.76,74.04,0.86,1.0,6797.14
1711951,Lagoa do Tocantins,TO,1977,1729.44,1441.98,31.63,20.51,73.71,0.9,1.03,6742.06
1711951,Lagoa do Tocantins,TO,1978,1764.68,1437.27,31.32,20.64,71.92,0.96,1.08,6649.85
1711951,Lagoa do Tocantins,TO,1979,2040.0,1414.08,31.76,20.56,71.93,0.96,0.91,6605.23
1711951,Lagoa do Tocantins,TO,1980,2023.92,1402.87,32.07,20.36,71.04,1.0,0.9,6507.94
1712009,Lajeado,TO,1961,1168.79,1485.22,31.59,17.69,68.94,0.98,0.9,7174.36
1712009,Lajeado,TO,1962,1459.07,1443.51,31.85,18.17,71.94,0.9,0.82,6940.46
1712009,Lajeado,TO,1963,1471.22,1454.06,31.46,17.54,70.91,0.91,0.75,7171.69
1712009,Lajeado,TO,1964,1714.02,1382.61,30.6,18.24,74.37,0.79,0.77,6784.88
1712009,Lajeado,TO,1965,1582.78,1377.39,30.96,17.83,73.49,0.82,0.62,6872.28
1712009,Lajeado,TO,1966,1370.8,1393.05,31.47,18.1,72.01,0.89,0.58,6949.25
1712009,Lajeado,TO,1967,1533.02,1375.59,31.22,17.95,72.46,0.86,0.59,6863.8
1712009,Lajeado,TO,1968,1551.56,1362.8,30.95,18.01,73.33,0.83,0.57,6854.47
1712009,Lajeado,TO,1969,1404.98,1426.37,31.6,18.61,73.71,0.85,0.62,7075.08
1712009,Lajeado,TO,1970,1359.35,1475.19,31.55,18.58,72.8,0.87,0.89,7068.95
1712009,Lajeado,TO,1971,1298.69,1432.56,30.8,18.81,72.77,0.86,1.21,6619.37
1712009,Lajeado,TO,1972,1432.49,1444.43,31.53,19.32,73.08,0.88,1.09,6721.26
1712009,Lajeado,TO,1973,1443.17,1476.57,29.83,20.42,76.08,0.77,1.32,7034.08
1712009,Lajeado,TO,1974,1709.08,1415.52,28.71,19.29,74.5,0.77,1.33,6816.2
1712009,Lajeado,TO,1975,1738.63,1463.73,30.35,18.33,74.66,0.78,1.2,6983.81
1712009,Lajeado,TO,1976,1736.03,1412.04,30.41,18.57,75.56,0.75,1.05,6809.7
1712009,Lajeado,TO,1977,1762.65,1372.32,30.25,19.48,76.91,0.74,1.01,6609.79
1712009,Lajeado,TO,1978,1722.34,1403.33,30.19,19.7,73.92,0.84,1.13,6628.95
1712009,Lajeado,TO,1979,2152.25,1372.83,30.42,19.43,72.92,0.86,0.91,6612.46
1712009,Lajeado,TO,1980,1904.3,1376.26,30.81,19.33,72.32,0.9,1.03,6434.27
1712157,Lavandeira,TO,1961,804.99,1601.92,32.41,19.18,64.88,1.2,1.11,7347.62
1712157,Lavandeira,TO,1962,1137.97,1481.9,31.5,18.95,69.03,1.01,0.98,6984.6
1712157,Lavandeira,TO,1963,766.16,1558.21,32.07,19.01,65.89,1.15,0.94,7348.72
1712157,Lavandeira,TO,1964,1522.04,1418.33,30.92,19.26,71.86,0.9,0.95,6714.82
1712157,Lavandeira,TO,1965,1226.17,1446.53,31.13,18.61,70.93,0.92,0.98,6832.7
1712157,Lavandeira,TO,1966,1424.63,1474.48,31.24,18.98,69.87,0.98,1.01,6959.94
1712157,Lavandeira,TO,1967,1139.57,1506.77,31.47,19.11,69.04,1.01,1.12,6956.16
1712157,Lavandeira,TO,1968,1574.42,1455.54,31.41,18.29,69.22,0.98,0.97,6869.4
1712157,Lavandeira,TO,1969,1278.18,1544.18,32.52,19.94,70.3,1.03,1.0,7135.72
1712157,Lavandeira,TO,1970,1276.27,1520.39,31.2,19.6,69.51,1.0,1.12,7128.33
1712157,Lavandeira,TO,1971,1448.74,1450.52,30.9,19.46,68.58,1.02,1.11,6722.11
1712157,Lavandeira,TO,1972,1356.68,1504.01,31.89,20.21,67.4,1.12,1.14,6757.24
1712157,Lavandeira,TO,1973,1487.02,1546.44,29.63,21.6,69.28,1.03,1.28,7217.71
1712157,Lavandeira,TO,1974,2064.06,1479.08,30.36,19.81,71.71,0.92,1.06,7072.72
1712157,Lavandeira,TO,1975,1481.32,1541.73,31.05,19.49,68.46,1.03,1.05,7281.96
1712157,Lavandeira,TO,1976,1753.22,1450.27,30.89,19.76,71.51,0.94,1.04,6811.59
1712157,Lavandeira,TO,1977,1434.02,1499.15,30.77,20.5,67.87,1.08,1.23,6813.06
1712157,Lavandeira,TO,1978,1722.92,1404.92,29.92,20.25,71.17,0.94,1.09,6577.74
1712157,Lavandeira,TO,1979,1905.32,1370.68,30.73,20.19,69.41,1.02,0.88,6438.41
1712157,Lavandeira,TO,1980,1875.83,1398.63,31.03,19.74,68.35,1.04,0.96,6466.16
1712405,Lizarda,TO,1961,905.72,1533.74,33.09,18.42,68.07,1.07,0.87,7248.97
1712405,Lizarda,TO,1962,1316.35,1476.88,32.86,18.7,71.35,0.96,0.79,7040.21
1712405,Lizarda,TO,1963,1359.64,1477.14,32.74,18.07,70.7,0.96,0.73,7153.47
1712405,Lizarda,TO,1964,1318.74,1417.72,31.7,18.77,73.98,0.84,0.76,6876.46
1712405,Lizarda,TO,1965,1345.1,1421.3,32.07,18.34,73.05,0.87,0.6,7026.85
1712405,Lizarda,TO,1966,1175.14,1419.1,32.55,18.5,71.44,0.94,0.55,7004.86
1712405,Lizarda,TO,1967,1358.47,1404.15,32.33,18.37,72.04,0.91,0.57,6936.37
1712405,Lizarda,TO,1968,1340.3,1386.29,32.07,18.19,72.6,0.88,0.53,6924.06
1712405,Lizarda,TO,1969,1133.66,1452.57,32.75,19.01,71.57,0.96,0.58,7114.67
1712405,Lizarda,TO,1970,1112.72,1493.57,32.51,19.13,71.6,0.95,0.84,7072.41
1712405,Lizarda,TO,1971,1194.12,1487.83,31.7,20.08,72.42,0.93,1.21,6733.42
1712405,Lizarda,TO,1972,1144.05,1465.67,32.28,20.34,72.48,0.95,1.05,6727.23
1712405,Lizarda,TO,1973,1226.07,1505.39,30.37,21.58,75.58,0.83,1.29,7082.15
1712405,Lizarda,TO,1974,1566.28,1465.67,30.0,20.18,73.12,0.87,1.3,6861.28
1712405,Lizarda,TO,1975,1586.16,1538.35,31.35,19.86,71.53,0.95,1.26,7040.52
1712405,Lizarda,TO,1976,1386.07,1492.49,31.57,19.74,72.45,0.91,1.11,6950.3
1712405,Lizarda,TO,1977,1427.11,1425.7,31.06,20.41,73.14,0.9,1.0,6718.96
1712405,Lizarda,TO,1978,1316.82,1460.96,31.36,20.37,70.8,0.99,1.12,6698.07
1712405,Lizarda,TO,1979,1370.52,1442.54,31.3,20.54,71.78,0.95,1.04,6756.19
1712405,Lizarda,TO,1980,1682.09,1440.59,31.98,20.26,70.6,1.01,1.06,6568.58
1712454,Luzinópolis,TO,1961,1268.16,1424.68,32.6,19.59,75.15,0.85,0.59,6961.98
1712454,Luzinópolis,TO,1962,1522.48,1383.43,32.28,19.95,76.87,0.79,0.5,6791.85
1712454,Luzinópolis,TO,1963,1425.35,1394.94,32.5,19.71,75.16,0.85,0.51,6844.95
1712454,Luzinópolis,TO,1964,1468.33,1406.46,31.91,19.97,77.61,0.75,0.56,6898.46
1712454,Luzinópolis,TO,1965,1307.87,1423.55,32.2,19.49,76.48,0.79,0.48,7106.18
1712454,Luzinópolis,TO,1966,1579.13,1391.82,31.98,19.77,76.65,0.79,0.39,6996.38
1712454,Luzinópolis,TO,1967,1599.24,1392.89,31.94,19.33,77.11,0.76,0.5,6919.25
1712454,Luzinópolis,TO,1968,1409.47,1394.17,31.85,19.34,76.36,0.79,0.51,6934.9
1712454,Luzinópolis,TO,1969,1411.0,1447.86,32.73,20.25,75.57,0.85,0.51,7114.51
1712454,Luzinópolis,TO,1970,1579.22,1438.04,32.41,20.01,76.91,0.79,0.71,6860.03
1712454,Luzinópolis,TO,1971,1480.4,1453.8,32.03,20.3,77.65,0.77,0.99,6819.19
1712454,Luzinópolis,TO,1972,1412.21,1414.44,32.64,20.7,80.2,0.7,0.78,6737.44
1712454,Luzinópolis,TO,1973,1881.11,1389.82,30.88,21.26,81.75,0.62,0.82,6778.34
1712454,Luzinópolis,TO,1974,2015.32,1324.72,31.23,19.95,81.9,0.6,0.81,6421.6
1712454,Luzinópolis,TO,1975,1820.6,1366.28,31.37,20.12,82.07,0.6,0.93,6552.77
1712454,Luzinópolis,TO,1976,1564.76,1383.63,31.33,20.24,78.51,0.72,0.97,6580.04
1712454,Luzinópolis,TO,1977,1840.18,1335.57,31.11,21.22,76.48,0.81,1.01,6169.0
1712454,Luzinópolis,TO,1978,1525.51,1383.99,31.38,20.97,75.4,0.84,1.14,6253.52
1712454,Luzinópolis,TO,1979,1739.64,1351.54,31.67,21.19,78.26,0.75,1.08,6156.59
1712454,Luzinópolis,TO,1980,1577.05,1397.55,32.06,21.38,73.77,0.93,1.12,6201.94
1712504,Marianópolis do Tocantins,TO,1961,1194.2,1530.93,33.01,18.76,71.41,0.97,0.97,7165.88
1712504,Marianópolis do Tocantins,TO,1962,1493.22,1488.76,33.16,19.12,74.52,0.87,0.93,6932.92
1712504,Marianópolis do Tocantins,TO,1963,1346.99,1512.4,32.87,18.59,71.93,0.94,0.87,7182.06
1712504,Marianópolis do Tocantins,TO,1964,1870.5,1422.58,31.95,19.14,75.51,0.81,0.86,6747.97
1712504,Marianópolis do Tocantins,TO,1965,1514.72,1409.48,32.18,18.8,74.53,0.84,0.7,6847.78
1712504,Marianópolis do Tocantins,TO,1966,1440.37,1441.77,32.86,19.03,73.81,0.89,0.7,6933.23
1712504,Marianópolis do Tocantins,TO,1967,1634.9,1426.78,32.58,18.76,73.1,0.9,0.72,6858.14
1712504,Marianópolis do Tocantins,TO,1968,1622.94,1406.61,32.33,18.96,73.76,0.87,0.67,6840.18
1712504,Marianópolis do Tocantins,TO,1969,1563.49,1469.26,33.04,19.55,74.04,0.9,0.73,7029.21
1712504,Marianópolis do Tocantins,TO,1970,1470.35,1513.68,33.38,19.95,73.75,0.92,0.95,6959.62
1712504,Marianópolis do Tocantins,TO,1971,1451.27,1453.08,32.78,20.31,73.75,0.92,1.02,6621.41
1712504,Marianópolis do Tocantins,TO,1972,1349.53,1471.87,33.19,20.77,74.47,0.92,0.99,6751.27
1712504,Marianópolis do Tocantins,TO,1973,1678.49,1500.12,32.15,21.3,79.26,0.73,1.25,6983.66
1712504,Marianópolis do Tocantins,TO,1974,2160.11,1355.28,31.08,19.35,77.96,0.71,1.21,6315.41
1712504,Marianópolis do Tocantins,TO,1975,1757.07,1457.23,31.79,19.94,75.63,0.82,1.12,6793.11
1712504,Marianópolis do Tocantins,TO,1976,2015.06,1439.16,31.93,20.09,76.37,0.8,1.02,6789.44
1712504,Marianópolis do Tocantins,TO,1977,1969.48,1397.14,31.85,21.07,77.32,0.8,0.98,6531.56
1712504,Marianópolis do Tocantins,TO,1978,1948.55,1438.29,31.92,21.37,74.69,0.9,1.09,6591.88
1712504,Marianópolis do Tocantins,TO,1979,2299.15,1395.61,32.07,20.95,74.56,0.89,0.89,6556.85
1712504,Marianópolis do Tocantins,TO,1980,2250.82,1419.2,32.45,20.96,72.56,0.98,1.07,6369.08
1712702,Mateiros,TO,1961,673.79,1500.22,31.34,16.6,66.95,0.99,0.91,7299.08
1712702,Mateiros,TO,1962,934.59,1429.8,30.83,16.78,70.62,0.87,0.82,7049.16
1712702,Mateiros,TO,1963,935.16,1449.5,30.92,16.18,69.78,0.89,0.76,7256.51
1712702,Mateiros,TO,1964,1029.81,1360.24,29.76,16.87,73.52,0.76,0.79,6800.28
1712702,Mateiros,TO,1965,902.95,1394.12,30.18,16.67,71.54,0.82,0.81,6910.3
1712702,Mateiros,TO,1966,877.7,1405.13,30.53,16.44,70.07,0.88,0.8,6975.96
1712702,Mateiros,TO,1967,1232.92,1401.65,30.51,16.86,69.9,0.89,0.78,6934.02
1712702,Mateiros,TO,1968,1048.05,1385.83,30.26,16.68,69.49,0.89,0.78,6869.24
1712702,Mateiros,TO,1969,908.04,1453.03,30.97,17.44,69.92,0.92,0.82,7114.67
1712702,Mateiros,TO,1970,972.81,1475.55,30.44,17.22,69.11,0.92,0.99,7182.06
1712702,Mateiros,TO,1971,1135.62,1421.25,29.65,18.04,71.93,0.84,1.19,6741.58
1712702,Mateiros,TO,1972,1004.99,1430.36,30.42,18.35,71.1,0.89,1.14,6714.98
1712702,Mateiros,TO,1973,1055.54,1497.35,29.01,19.42,74.45,0.78,1.35,7273.17
1712702,Mateiros,TO,1974,1418.65,1434.76,27.81,18.61,71.12,0.83,1.29,7029.84
1712702,Mateiros,TO,1975,1292.9,1487.43,29.71,17.43,69.16,0.9,1.17,7137.29
1712702,Mateiros,TO,1976,1299.76,1423.24,29.75,17.66,71.14,0.85,1.01,6931.76
1712702,Mateiros,TO,1977,1365.23,1449.3,29.9,17.9,71.22,0.86,1.18,6880.76
1712702,Mateiros,TO,1978,1305.36,1404.31,29.46,17.71,71.62,0.83,1.12,6756.66
1712702,Mateiros,TO,1979,1435.82,1402.16,29.68,17.96,69.38,0.91,1.0,6780.86
1712702,Mateiros,TO,1980,1511.02,1413.21,30.19,17.68,68.74,0.94,1.09,6670.21
1712801,Maurilândia do Tocantins,TO,1961,1368.99,1431.69,32.75,20.06,76.11,0.83,0.58,6961.03
1712801,Maurilândia do Tocantins,TO,1962,1501.09,1392.13,32.42,20.38,77.02,0.8,0.52,6786.98
1712801,Maurilândia do Tocantins,TO,1963,1418.55,1401.95,32.71,20.16,75.96,0.84,0.51,6840.08
1712801,Maurilândia do Tocantins,TO,1964,1393.21,1419.0,32.17,20.41,78.24,0.75,0.57,6919.35
1712801,Maurilândia do Tocantins,TO,1965,1245.23,1437.11,32.48,20.1,76.29,0.82,0.48,7105.08
1712801,Maurilândia do Tocantins,TO,1966,1580.36,1401.9,32.13,20.45,76.79,0.8,0.39,6986.95
1712801,Maurilândia do Tocantins,TO,1967,1587.83,1408.66,32.12,19.98,76.73,0.79,0.54,6916.11
1712801,Maurilândia do Tocantins,TO,1968,1350.48,1404.36,32.05,20.01,76.72,0.8,0.51,6931.76
1712801,Maurilândia do Tocantins,TO,1969,1334.08,1465.52,32.98,20.96,76.14,0.85,0.51,7143.41
1712801,Maurilândia do Tocantins,TO,1970,1434.12,1449.96,32.71,20.49,77.76,0.78,0.71,6878.41
1712801,Maurilândia do Tocantins,TO,1971,1417.37,1468.18,32.54,20.37,77.13,0.8,0.98,6816.83
1712801,Maurilândia do Tocantins,TO,1972,1282.79,1423.55,33.27,20.77,81.3,0.67,0.78,6733.36
1712801,Maurilândia do Tocantins,TO,1973,1650.99,1416.23,31.68,21.34,81.69,0.64,0.9,6784.16
1712801,Maurilândia do Tocantins,TO,1974,2069.5,1370.27,31.7,20.12,81.86,0.61,0.93,6574.44
1712801,Maurilândia do Tocantins,TO,1975,1755.64,1385.52,31.9,20.23,82.0,0.61,1.02,6558.11
1712801,Maurilândia do Tocantins,TO,1976,1482.88,1398.93,31.74,20.32,78.33,0.73,1.0,6591.35
1712801,Maurilândia do Tocantins,TO,1977,1604.42,1350.26,31.54,21.36,76.24,0.83,1.03,6181.1
1712801,Maurilândia do Tocantins,TO,1978,1201.34,1397.09,31.61,21.14,75.21,0.86,1.16,6277.24
1712801,Maurilândia do Tocantins,TO,1979,1455.05,1370.32,31.95,21.47,77.46,0.79,1.11,6171.83
1712801,Maurilândia do Tocantins,TO,1980,1695.54,1412.39,32.31,21.69,73.44,0.96,1.11,6237.28
1713205,Miracema do Tocantins,TO,1961,1184.71,1522.84,32.93,18.91,69.2,1.04,0.91,7159.91
1713205,Miracema do Tocantins,TO,1962,1464.26,1483.28,33.19,19.36,72.13,0.96,0.83,6946.27
1713205,Miracema do Tocantins,TO,1963,1529.52,1492.03,32.8,18.74,71.05,0.97,0.76,7165.56
1713205,Miracema do Tocantins,TO,1964,1811.83,1416.74,31.93,19.42,74.55,0.85,0.78,6775.93
1713205,Miracema do Tocantins,TO,1965,1564.96,1408.35,32.25,19.03,73.65,0.88,0.62,6868.51
1713205,Miracema do Tocantins,TO,1966,1407.07,1426.16,32.8,19.3,72.2,0.95,0.58,6945.95
1713205,Miracema do Tocantins,TO,1967,1568.26,1407.33,32.54,19.12,72.66,0.92,0.59,6860.66
1713205,Miracema do Tocantins,TO,1968,1574.57,1393.2,32.28,19.2,73.51,0.89,0.57,6849.76
1713205,Miracema do Tocantins,TO,1969,1505.02,1458.05,32.94,19.8,73.83,0.91,0.63,7054.66
1713205,Miracema do Tocantins,TO,1970,1367.92,1502.42,32.99,19.88,73.0,0.94,0.9,6975.17
1713205,Miracema do Tocantins,TO,1971,1312.09,1471.76,32.27,20.16,72.98,0.93,1.19,6616.39
1713205,Miracema do Tocantins,TO,1972,1435.6,1484.46,32.92,20.66,73.32,0.95,1.09,6723.78
1713205,Miracema do Tocantins,TO,1973,1468.84,1520.64,31.37,21.62,76.3,0.83,1.33,7018.69
1713205,Miracema do Tocantins,TO,1974,2004.04,1457.89,30.28,20.3,74.68,0.82,1.33,6812.12
1713205,Miracema do Tocantins,TO,1975,1858.78,1501.55,31.69,19.71,74.85,0.84,1.2,6969.52
1713205,Miracema do Tocantins,TO,1976,2020.86,1450.22,31.76,19.93,75.71,0.81,1.05,6807.98
1713205,Miracema do Tocantins,TO,1977,1918.42,1398.93,31.51,20.93,77.06,0.79,1.0,6558.11
1713205,Miracema do Tocantins,TO,1978,1904.75,1441.93,31.49,21.14,74.08,0.9,1.14,6618.74
1713205,Miracema do Tocantins,TO,1979,2293.89,1404.51,31.75,20.8,73.28,0.92,0.91,6595.34
1713205,Miracema do Tocantins,TO,1980,2167.02,1409.48,32.12,20.74,72.47,0.97,1.04,6400.81
1713304,Miranorte,TO,1961,1196.04,1472.89,32.3,18.06,71.68,0.92,0.83,7157.71
1713304,Miranorte,TO,1962,1471.37,1437.32,32.46,18.46,74.58,0.84,0.74,6938.57
1713304,Miranorte,TO,1963,1534.49,1458.71,32.15,17.92,72.2,0.89,0.73,7139.17
1713304,Miranorte,TO,1964,1833.26,1381.02,31.24,18.49,75.59,0.78,0.72,6751.27
1713304,Miranorte,TO,1965,1558.16,1389.41,31.49,18.12,74.7,0.8,0.64,6888.3
1713304,Miranorte,TO,1966,1407.03,1414.95,32.12,18.39,73.79,0.85,0.65,6937.94
1713304,Miranorte,TO,1967,1595.47,1398.73,31.83,18.08,73.06,0.86,0.65,6873.07
1713304,Miranorte,TO,1968,1585.49,1385.93,31.57,18.24,73.82,0.83,0.63,6888.88
1713304,Miranorte,TO,1969,1528.26,1440.95,32.31,18.84,73.92,0.86,0.67,7043.98
1713304,Miranorte,TO,1970,1367.5,1479.85,32.61,19.22,73.7,0.88,0.88,6968.1
1713304,Miranorte,TO,1971,1308.48,1436.45,31.95,19.61,73.72,0.88,1.05,6635.39
1713304,Miranorte,TO,1972,1401.07,1453.49,32.44,20.08,74.41,0.88,1.01,6726.6
1713304,Miranorte,TO,1973,1452.88,1477.04,31.25,20.68,77.95,0.75,1.19,6989.94
1713304,Miranorte,TO,1974,2025.6,1377.64,30.32,18.81,75.07,0.77,1.17,6502.81
1713304,Miranorte,TO,1975,1806.97,1471.51,31.08,19.24,75.01,0.81,1.16,6912.02
1713304,Miranorte,TO,1976,2003.47,1430.0,31.2,19.39,75.82,0.78,1.05,6807.35
1713304,Miranorte,TO,1977,1961.3,1376.77,30.82,20.47,77.17,0.76,0.99,6546.64
1713304,Miranorte,TO,1978,1930.11,1421.09,30.86,20.73,74.21,0.87,1.13,6609.0
1713304,Miranorte,TO,1979,2352.13,1382.76,31.09,20.34,73.64,0.88,0.9,6587.33
1713304,Miranorte,TO,1980,2316.03,1396.68,31.55,20.28,72.5,0.94,1.06,6396.41
1713601,Monte do Carmo,TO,1961,1083.47,1480.67,30.91,17.38,67.71,0.99,0.91,7218.81
1713601,Monte do Carmo,TO,1962,1335.44,1437.63,31.27,17.96,71.06,0.91,0.84,6940.14
1713601,Monte do Carmo,TO,1963,1088.87,1452.16,30.85,17.32,69.62,0.93,0.76,7213.16
1713601,Monte do Carmo,TO,1964,1500.84,1373.29,30.0,18.06,73.58,0.8,0.78,6771.53
1713601,Monte do Carmo,TO,1965,1412.83,1392.84,30.42,17.67,72.31,0.84,0.78,6865.53
1713601,Monte do Carmo,TO,1966,1292.38,1426.01,30.82,18.1,71.8,0.88,0.8,6988.84
1713601,Monte do Carmo,TO,1967,1251.87,1403.08,30.6,17.82,71.73,0.87,0.79,6888.15
1713601,Monte do Carmo,TO,1968,1521.32,1394.02,30.32,17.88,71.79,0.86,0.79,6886.2
1713601,Monte do Carmo,TO,1969,1320.18,1452.37,30.92,18.42,72.44,0.87,0.83,7103.51
1713601,Monte do Carmo,TO,1970,1479.19,1473.25,30.83,18.16,71.82,0.88,1.03,7054.5
1713601,Monte do Carmo,TO,1971,1288.21,1401.95,30.03,18.19,71.93,0.85,1.17,6594.55
1713601,Monte do Carmo,TO,1972,1425.27,1458.0,30.96,18.76,71.0,0.93,1.2,6727.08
1713601,Monte do Carmo,TO,1973,1676.48,1458.56,28.96,20.07,74.84,0.79,1.34,6999.84
1713601,Monte do Carmo,TO,1974,1763.5,1392.79,27.42,19.53,74.17,0.76,1.31,6849.66
1713601,Monte do Carmo,TO,1975,1702.47,1457.33,29.83,17.68,72.87,0.81,1.17,7042.56
1713601,Monte do Carmo,TO,1976,1613.17,1388.59,29.87,18.05,74.0,0.78,0.99,6778.76
1713601,Monte do Carmo,TO,1977,1815.66,1382.5,30.14,18.95,73.86,0.82,0.97,6666.81
1713601,Monte do Carmo,TO,1978,1760.55,1382.86,29.89,19.09,71.82,0.88,1.0,6631.15
1713601,Monte do Carmo,TO,1979,1918.9,1357.43,30.29,18.81,72.07,0.87,0.84,6598.64
1713601,Monte do Carmo,TO,1980,2034.43,1351.54,30.42,18.77,71.16,0.91,0.88,6462.23
1713700,Monte Santo do Tocantins,TO,1961,1188.13,1525.56,32.83,18.84,69.29,1.04,0.94,7165.56
1713700,Monte Santo do Tocantins,TO,1962,1495.34,1486.09,33.11,19.3,72.16,0.96,0.86,6938.1
1713700,Monte Santo do Tocantins,TO,1963,1343.55,1495.97,32.71,18.68,71.0,0.97,0.79,7174.2
1713700,Monte Santo do Tocantins,TO,1964,1845.4,1416.33,31.84,19.36,74.59,0.84,0.8,6759.91
1713700,Monte Santo do Tocantins,TO,1965,1502.67,1419.3,32.17,19.0,73.46,0.88,0.71,6857.2
1713700,Monte Santo do Tocantins,TO,1966,1431.24,1450.06,32.7,19.29,72.61,0.93,0.72,6943.6
1713700,Monte Santo do Tocantins,TO,1967,1581.12,1427.9,32.48,19.08,72.73,0.92,0.72,6860.81
1713700,Monte Santo do Tocantins,TO,1968,1594.18,1418.18,32.2,19.18,73.51,0.89,0.72,6847.25
1713700,Monte Santo do Tocantins,TO,1969,1512.0,1478.67,32.86,19.76,73.98,0.9,0.76,7050.26
1713700,Monte Santo do Tocantins,TO,1970,1328.04,1507.85,32.9,19.83,73.23,0.92,0.98,6967.95
1713700,Monte Santo do Tocantins,TO,1971,1380.33,1471.15,32.22,20.07,73.02,0.92,1.22,6602.88
1713700,Monte Santo do Tocantins,TO,1972,1434.62,1498.89,32.87,20.56,73.36,0.94,1.18,6718.75
1713700,Monte Santo do Tocantins,TO,1973,1520.8,1495.36,31.33,21.53,78.33,0.76,1.27,7010.2
1713700,Monte Santo do Tocantins,TO,1974,2089.26,1396.37,30.18,20.22,74.99,0.81,1.25,6510.35
1713700,Monte Santo do Tocantins,TO,1975,1797.53,1480.31,31.63,19.61,74.91,0.83,1.18,6866.94
1713700,Monte Santo do Tocantins,TO,1976,1995.47,1439.42,31.69,19.85,76.03,0.8,1.04,6786.61
1713700,Monte Santo do Tocantins,TO,1977,1882.18,1397.24,31.69,20.75,77.26,0.79,0.98,6565.33
1713700,Monte Santo do Tocantins,TO,1978,1945.5,1427.24,31.51,21.0,74.29,0.89,1.08,6594.71
1713700,Monte Santo do Tocantins,TO,1979,2392.78,1396.99,31.84,20.66,73.75,0.9,0.88,6587.8
1713700,Monte Santo do Tocantins,TO,1980,2307.08,1403.33,32.17,20.62,72.55,0.96,1.02,6381.01
1713809,Palmeiras do Tocantins,TO,1961,1263.34,1437.93,32.62,19.39,75.08,0.85,0.6,7061.41
1713809,Palmeiras do Tocantins,TO,1962,1521.67,1413.98,32.34,19.69,76.81,0.79,0.5,7006.9
1713809,Palmeiras do Tocantins,TO,1963,1428.58,1419.05,32.51,19.43,75.04,0.85,0.53,7003.76
1713809,Palmeiras do Tocantins,TO,1964,1444.68,1411.32,31.85,19.7,77.55,0.75,0.61,6911.81
1713809,Palmeiras do Tocantins,TO,1965,1230.49,1410.04,32.11,18.88,76.35,0.78,0.46,7105.08
1713809,Palmeiras do Tocantins,TO,1966,1499.32,1382.56,32.07,19.02,76.51,0.78,0.37,7002.03
1713809,Palmeiras do Tocantins,TO,1967,1727.85,1373.96,31.98,18.64,76.93,0.75,0.44,6916.42
1713809,Palmeiras do Tocantins,TO,1968,1898.44,1381.89,31.88,18.6,76.24,0.78,0.47,6934.9
1713809,Palmeiras do Tocantins,TO,1969,1513.4,1433.94,32.68,19.47,75.47,0.84,0.49,7117.81
1713809,Palmeiras do Tocantins,TO,1970,1717.54,1436.91,32.3,19.68,75.55,0.83,0.69,6876.68
1713809,Palmeiras do Tocantins,TO,1971,1442.39,1466.75,31.64,20.57,75.14,0.85,1.01,6828.61
1713809,Palmeiras do Tocantins,TO,1972,1745.75,1405.02,32.12,20.93,80.04,0.7,0.76,6744.67
1713809,Palmeiras do Tocantins,TO,1973,1819.71,1389.87,30.12,21.96,81.49,0.63,0.89,6788.71
1713809,Palmeiras do Tocantins,TO,1974,1949.84,1364.08,31.18,20.23,81.18,0.63,0.88,6584.5
1713809,Palmeiras do Tocantins,TO,1975,1628.79,1378.2,31.32,20.31,81.68,0.62,0.99,6573.03
1713809,Palmeiras do Tocantins,TO,1976,1355.52,1389.62,31.25,20.16,78.26,0.72,1.0,6611.15
1713809,Palmeiras do Tocantins,TO,1977,1684.44,1325.95,30.73,21.46,76.21,0.82,0.94,6209.69
1713809,Palmeiras do Tocantins,TO,1978,1482.71,1381.99,31.47,21.01,75.06,0.86,1.06,6294.67
1713809,Palmeiras do Tocantins,TO,1979,1675.53,1366.43,31.68,21.12,77.28,0.79,1.1,6202.46
1713809,Palmeiras do Tocantins,TO,1980,1597.28,1395.5,32.1,21.29,73.79,0.94,1.08,6234.3
1713957,Muricilândia,TO,1961,1232.61,1436.76,32.79,18.46,76.31,0.79,0.72,6994.34
1713957,Muricilândia,TO,1962,1539.51,1417.05,32.78,18.82,77.17,0.77,0.73,6822.33
1713957,Muricilândia,TO,1963,1477.53,1413.01,32.71,18.4,75.16,0.82,0.66,6885.95
1713957,Muricilândia,TO,1964,1726.57,1394.79,31.79,18.78,77.94,0.72,0.67,6848.82
1713957,Muricilândia,TO,1965,1382.12,1416.8,31.99,18.6,76.41,0.77,0.58,7078.22
1713957,Muricilândia,TO,1966,1531.2,1406.3,32.38,18.85,75.82,0.81,0.51,6995.28
1713957,Muricilândia,TO,1967,1910.17,1392.59,32.1,18.4,76.09,0.78,0.56,6929.93
1713957,Muricilândia,TO,1968,1894.68,1396.94,31.8,18.45,76.52,0.76,0.63,6934.12
1713957,Muricilândia,TO,1969,1720.56,1464.85,32.73,19.23,75.6,0.83,0.67,7133.99
1713957,Muricilândia,TO,1970,1788.64,1476.42,33.17,19.62,75.85,0.83,0.85,6891.29
1713957,Muricilândia,TO,1971,1644.18,1447.35,32.47,20.42,77.99,0.77,1.07,6704.83
1713957,Muricilândia,TO,1972,1684.04,1405.43,32.88,20.82,79.63,0.73,0.97,6506.21
1713957,Muricilândia,TO,1973,1939.68,1398.57,31.55,20.98,83.4,0.57,0.89,6780.7
1713957,Muricilândia,TO,1974,1858.02,1308.65,31.63,19.06,82.84,0.56,0.88,6316.35
1713957,Muricilândia,TO,1975,1536.02,1331.78,31.36,20.23,83.34,0.56,0.84,6452.07
1713957,Muricilândia,TO,1976,1474.76,1359.32,31.46,20.42,79.87,0.68,0.87,6512.97
1713957,Muricilândia,TO,1977,1601.42,1309.21,31.1,21.49,79.01,0.73,0.86,6190.05
1713957,Muricilândia,TO,1978,1403.88,1365.87,31.64,21.5,77.59,0.79,0.98,6305.98
1713957,Muricilândia,TO,1979,1700.96,1333.42,31.7,21.2,79.23,0.72,0.94,6221.94
1713957,Muricilândia,TO,1980,1560.28,1377.54,32.19,21.26,75.59,0.87,1.05,6205.23
1714203,Natividade,TO,1961,958.83,1586.41,33.18,19.52,66.07,1.19,1.04,7257.77
1714203,Natividade,TO,1962,1248.23,1512.25,32.87,19.64,70.05,1.04,0.98,6955.85
1714203,Natividade,TO,1963,902.52,1556.57,32.95,19.25,67.46,1.12,0.9,7303.33
1714203,Natividade,TO,1964,1479.08,1438.6,31.87,19.77,72.84,0.91,0.89,6766.5
1714203,Natividade,TO,1965,1427.74,1464.5,32.21,19.4,72.01,0.94,0.93,6844.01
1714203,Natividade,TO,1966,1439.46,1508.05,33.14,18.58,70.55,1.01,0.94,7010.2
1714203,Natividade,TO,1967,1194.03,1504.83,33.01,19.24,70.02,1.03,0.95,6951.45
1714203,Natividade,TO,1968,1755.57,1485.94,32.71,19.55,69.65,1.04,0.92,6888.88
1714203,Natividade,TO,1969,1403.58,1539.63,32.78,20.2,70.75,1.02,0.98,7124.56
1714203,Natividade,TO,1970,1323.31,1547.41,32.25,19.81,69.83,1.02,1.13,7110.27
1714203,Natividade,TO,1971,1404.26,1469.1,31.79,19.93,71.61,0.95,1.21,6649.69
1714203,Natividade,TO,1972,1259.55,1520.28,32.65,19.98,70.2,1.03,1.23,6758.49
1714203,Natividade,TO,1973,1710.76,1560.56,31.45,21.28,73.69,0.92,1.41,7107.13
1714203,Natividade,TO,1974,1750.93,1490.8,30.67,20.05,72.28,0.9,1.24,6974.07
1714203,Natividade,TO,1975,1438.42,1541.06,31.71,19.38,69.54,1.0,1.13,7150.95
1714203,Natividade,TO,1976,1482.68,1455.8,31.63,19.57,71.84,0.93,1.0,6840.81
1714203,Natividade,TO,1977,1518.72,1459.79,31.82,20.39,72.1,0.96,1.1,6707.97
1714203,Natividade,TO,1978,1774.94,1414.75,30.66,20.42,71.67,0.94,1.07,6618.12
1714203,Natividade,TO,1979,1671.83,1400.72,31.86,20.22,70.2,1.02,0.82,6636.81
1714203,Natividade,TO,1980,1945.49,1409.17,32.03,20.07,69.32,1.05,0.93,6476.68
1714302,Nazaré,TO,1961,1267.0,1414.75,32.24,19.2,75.14,0.83,0.58,6970.15
1714302,Nazaré,TO,1962,1523.06,1374.88,31.93,19.54,76.86,0.77,0.5,6801.75
1714302,Nazaré,TO,1963,1426.08,1385.32,32.14,19.3,75.14,0.83,0.5,6852.96
1714302,Nazaré,TO,1964,1438.68,1397.09,31.54,19.56,77.59,0.74,0.56,6905.06
1714302,Nazaré,TO,1965,1270.75,1410.5,31.82,19.0,76.44,0.77,0.47,7105.24
1714302,Nazaré,TO,1966,1578.89,1380.61,31.64,19.24,76.62,0.77,0.38,6996.38
1714302,Nazaré,TO,1967,1603.1,1380.1,31.59,18.81,77.06,0.74,0.5,6918.15
1714302,Nazaré,TO,1968,1415.03,1383.17,31.5,18.82,76.32,0.77,0.51,6935.37
1714302,Nazaré,TO,1969,1416.21,1435.07,32.36,19.71,75.55,0.83,0.51,7115.92
1714302,Nazaré,TO,1970,1582.02,1431.02,32.03,19.58,76.09,0.8,0.71,6860.18
1714302,Nazaré,TO,1971,1472.98,1445.3,31.62,19.99,77.56,0.75,1.0,6825.16
1714302,Nazaré,TO,1972,1317.27,1403.08,32.18,20.38,80.14,0.68,0.79,6738.86
1714302,Nazaré,TO,1973,1748.38,1380.3,30.39,21.07,81.69,0.61,0.83,6776.3
1714302,Nazaré,TO,1974,2029.35,1318.07,30.89,19.64,81.78,0.59,0.81,6431.65
1714302,Nazaré,TO,1975,1793.17,1360.19,31.04,19.79,81.94,0.59,0.95,6556.54
1714302,Nazaré,TO,1976,1492.09,1376.62,30.98,19.81,78.42,0.7,0.99,6593.24
1714302,Nazaré,TO,1977,1804.99,1328.51,30.69,20.87,76.36,0.79,1.02,6183.46
1714302,Nazaré,TO,1978,1502.39,1378.87,31.05,20.57,75.26,0.83,1.15,6268.75
1714302,Nazaré,TO,1979,1634.05,1345.04,31.33,20.8,78.14,0.74,1.08,6170.89
1714302,Nazaré,TO,1980,1577.4,1391.05,31.72,20.99,73.62,0.92,1.12,6217.02
1714880,Nova Olinda,TO,1961,1236.03,1431.07,32.5,17.78,74.64,0.82,0.66,7075.39
1714880,Nova Olinda,TO,1962,1588.16,1424.06,32.46,18.11,76.76,0.76,0.61,7055.92
1714880,Nova Olinda,TO,1963,1515.0,1420.17,32.33,17.65,74.93,0.8,0.61,7071.62
1714880,Nova Olinda,TO,1964,1771.11,1377.9,31.35,18.06,77.48,0.71,0.66,6838.76
1714880,Nova Olinda,TO,1965,1364.23,1394.89,31.52,18.01,76.26,0.75,0.58,7029.68
1714880,Nova Olinda,TO,1966,1452.86,1395.25,32.03,18.25,75.55,0.79,0.55,6975.8
1714880,Nova Olinda,TO,1967,1766.44,1377.59,31.75,17.82,75.8,0.77,0.57,6907.78
1714880,Nova Olinda,TO,1968,1840.29,1372.06,31.53,17.85,76.19,0.75,0.54,6940.24
1714880,Nova Olinda,TO,1969,1662.25,1436.86,32.39,18.63,75.39,0.81,0.62,7102.57
1714880,Nova Olinda,TO,1970,1732.14,1475.5,32.85,19.15,74.95,0.84,0.84,6934.8
1714880,Nova Olinda,TO,1971,1552.34,1430.15,31.93,20.21,75.82,0.82,0.96,6697.13
1714880,Nova Olinda,TO,1972,1639.51,1402.67,32.24,20.62,75.77,0.84,0.85,6586.01
1714880,Nova Olinda,TO,1973,1858.63,1415.93,30.91,21.11,80.39,0.67,1.06,6792.48
1714880,Nova Olinda,TO,1974,2061.4,1337.16,31.27,18.88,80.18,0.63,1.02,6369.92
1714880,Nova Olinda,TO,1975,1713.29,1381.33,31.1,19.98,80.47,0.65,0.98,6643.88
1714880,Nova Olinda,TO,1976,1556.42,1374.98,31.12,19.93,78.18,0.72,0.89,6636.28
1714880,Nova Olinda,TO,1977,1636.57,1335.37,30.73,21.18,78.1,0.75,0.85,6411.39
1714880,Nova Olinda,TO,1978,1618.1,1397.4,31.42,21.14,76.58,0.81,0.96,6543.97
1714880,Nova Olinda,TO,1979,2181.21,1365.67,31.42,20.81,77.85,0.76,0.98,6405.58
1714880,Nova Olinda,TO,1980,1796.25,1398.93,31.93,20.89,74.8,0.89,1.06,6373.47
1715002,Nova Rosalândia,TO,1961,1160.46,1537.68,32.82,19.23,68.87,1.07,0.97,7160.85
1715002,Nova Rosalândia,TO,1962,1474.97,1498.68,33.2,19.8,71.84,0.99,0.91,6909.67
1715002,Nova Rosalândia,TO,1963,1233.98,1514.35,32.74,19.16,70.67,1.0,0.83,7199.96
1715002,Nova Rosalândia,TO,1964,1820.2,1425.55,31.93,19.89,74.34,0.87,0.83,6738.54
1715002,Nova Rosalândia,TO,1965,1506.46,1436.19,32.32,19.5,73.24,0.9,0.77,6836.62
1715002,Nova Rosalândia,TO,1966,1387.25,1474.58,32.77,19.88,72.43,0.96,0.79,6966.22
1715002,Nova Rosalândia,TO,1967,1488.94,1450.83,32.54,19.63,72.5,0.94,0.79,6876.21
1715002,Nova Rosalândia,TO,1968,1596.02,1438.09,32.27,19.7,73.23,0.91,0.79,6858.87
1715002,Nova Rosalândia,TO,1969,1524.17,1499.76,32.88,20.24,73.96,0.91,0.83,7074.92
1715002,Nova Rosalândia,TO,1970,1447.07,1515.01,32.78,20.04,73.08,0.94,1.04,6954.59
1715002,Nova Rosalândia,TO,1971,1397.62,1465.06,32.03,20.11,72.74,0.93,1.23,6576.96
1715002,Nova Rosalândia,TO,1972,1441.18,1513.27,32.89,20.66,72.78,0.97,1.24,6720.01
1715002,Nova Rosalândia,TO,1973,1519.66,1507.39,30.95,21.94,76.14,0.84,1.36,6952.08
1715002,Nova Rosalândia,TO,1974,1839.06,1414.29,29.54,21.22,74.49,0.84,1.32,6594.08
1715002,Nova Rosalândia,TO,1975,1647.06,1501.5,31.75,19.61,74.24,0.86,1.17,6988.21
1715002,Nova Rosalândia,TO,1976,1585.03,1441.21,31.8,19.94,75.39,0.83,1.02,6777.97
1715002,Nova Rosalândia,TO,1977,1534.92,1408.61,32.0,20.8,76.18,0.83,0.94,6588.27
1715002,Nova Rosalândia,TO,1978,1847.68,1419.61,31.74,20.98,74.1,0.9,1.01,6588.42
1715002,Nova Rosalândia,TO,1979,1974.96,1401.39,32.15,20.69,73.13,0.93,0.85,6579.47
1715002,Nova Rosalândia,TO,1980,1878.89,1398.73,32.3,20.66,72.52,0.97,0.99,6365.78
1715101,Novo Acordo,TO,1961,910.84,1545.62,33.3,19.13,67.94,1.11,0.89,7231.07
1715101,Novo Acordo,TO,1962,1218.67,1485.02,33.26,19.51,71.24,1.0,0.81,6957.11
1715101,Novo Acordo,TO,1963,1448.67,1502.27,33.05,18.9,70.39,1.01,0.75,7198.71
1715101,Novo Acordo,TO,1964,1448.96,1420.22,32.09,19.6,73.84,0.88,0.77,6771.69
1715101,Novo Acordo,TO,1965,1548.75,1424.83,32.48,19.19,73.01,0.91,0.64,6885.95
1715101,Novo Acordo,TO,1966,1312.91,1436.65,32.95,19.28,71.41,0.98,0.6,6962.13
1715101,Novo Acordo,TO,1967,1394.49,1426.32,32.74,19.39,71.82,0.96,0.62,6899.77
1715101,Novo Acordo,TO,1968,1530.21,1405.43,32.48,19.38,72.73,0.92,0.58,6865.31
1715101,Novo Acordo,TO,1969,1240.4,1473.2,33.09,20.13,73.32,0.94,0.64,7084.19
1715101,Novo Acordo,TO,1970,1218.63,1526.02,32.84,20.0,72.15,0.97,0.88,7142.31
1715101,Novo Acordo,TO,1971,1245.19,1482.87,32.1,20.27,72.34,0.95,1.19,6674.35
1715101,Novo Acordo,TO,1972,1260.89,1504.83,32.88,20.73,71.59,1.01,1.16,6719.38
1715101,Novo Acordo,TO,1973,1152.12,1529.75,31.13,21.94,75.47,0.86,1.29,7092.52
1715101,Novo Acordo,TO,1974,1444.35,1470.38,30.37,20.7,73.93,0.86,1.26,6872.28
1715101,Novo Acordo,TO,1975,1541.49,1520.74,31.85,19.81,73.45,0.89,1.17,7022.3
1715101,Novo Acordo,TO,1976,1600.51,1458.41,31.95,20.05,74.03,0.88,1.02,6803.26
1715101,Novo Acordo,TO,1977,1731.32,1442.59,31.87,20.91,73.72,0.92,0.99,6706.87
1715101,Novo Acordo,TO,1978,1754.05,1443.36,31.71,21.0,71.78,0.98,1.04,6633.35
1715101,Novo Acordo,TO,1979,2034.39,1420.63,31.96,20.92,72.05,0.97,0.92,6599.89
1715101,Novo Acordo,TO,1980,2011.76,1418.94,32.38,20.71,70.92,1.03,0.92,6506.68
1715150,Novo Alegre,TO,1961,803.48,1575.97,31.56,18.25,64.96,1.13,1.12,7363.33
1715150,Novo Alegre,TO,1962,1139.07,1458.76,30.67,18.02,69.12,0.96,0.99,6997.01
1715150,Novo Alegre,TO,1963,761.74,1532.82,31.24,18.05,65.85,1.09,0.95,7347.78
1715150,Novo Alegre,TO,1964,1525.81,1394.74,30.06,18.33,71.87,0.86,0.96,6712.0
1715150,Novo Alegre,TO,1965,1232.57,1420.53,30.27,17.73,70.98,0.87,0.99,6828.14
1715150,Novo Alegre,TO,1966,1419.31,1449.35,30.46,17.94,69.9,0.93,1.02,6955.38
1715150,Novo Alegre,TO,1967,1134.26,1482.36,30.65,18.13,69.06,0.96,1.14,6953.49
1715150,Novo Alegre,TO,1968,1569.14,1435.89,30.59,17.45,69.24,0.93,0.98,6882.43
1715150,Novo Alegre,TO,1969,1270.51,1517.93,31.57,18.95,70.39,0.97,1.02,7151.74
1715150,Novo Alegre,TO,1970,1266.01,1494.13,30.35,18.61,69.58,0.94,1.13,7123.78
1715150,Novo Alegre,TO,1971,1447.1,1422.83,30.05,18.54,68.6,0.96,1.14,6678.28
1715150,Novo Alegre,TO,1972,1366.34,1482.97,31.0,19.2,67.4,1.06,1.16,6773.42
1715150,Novo Alegre,TO,1973,1492.37,1513.17,28.9,20.55,69.28,0.98,1.3,7156.61
1715150,Novo Alegre,TO,1974,1977.39,1455.28,29.39,18.86,71.71,0.86,1.07,7111.52
1715150,Novo Alegre,TO,1975,1468.12,1509.84,30.15,18.5,68.48,0.97,1.04,7280.39
1715150,Novo Alegre,TO,1976,1691.85,1422.68,30.0,18.77,71.59,0.88,1.05,6804.99
1715150,Novo Alegre,TO,1977,1394.51,1466.59,29.74,19.58,67.94,1.02,1.23,6811.17
1715150,Novo Alegre,TO,1978,1716.31,1376.93,28.92,19.38,71.16,0.89,1.09,6573.5
1715150,Novo Alegre,TO,1979,1902.13,1340.89,29.78,19.17,69.65,0.95,0.88,6427.73
1715150,Novo Alegre,TO,1980,1873.58,1370.78,30.12,18.83,68.37,0.99,0.95,6459.09
1715259,Novo Jardim,TO,1961,805.15,1553.3,31.73,18.15,65.19,1.12,1.0,7341.34
1715259,Novo Jardim,TO,1962,1150.33,1456.0,30.93,18.02,69.36,0.96,0.91,7015.54
1715259,Novo Jardim,TO,1963,659.67,1507.59,31.38,17.9,67.18,1.04,0.85,7321.55
1715259,Novo Jardim,TO,1964,1221.68,1390.13,30.22,18.27,72.01,0.85,0.86,6758.49
1715259,Novo Jardim,TO,1965,935.58,1421.45,30.52,17.68,71.27,0.87,0.9,6867.57
1715259,Novo Jardim,TO,1966,1371.42,1440.95,30.69,17.85,69.79,0.93,0.89,6994.65
1715259,Novo Jardim,TO,1967,1244.86,1446.79,30.87,18.05,69.65,0.94,0.91,6959.78
1715259,Novo Jardim,TO,1968,1561.58,1421.66,30.71,17.44,69.33,0.93,0.86,6910.4
1715259,Novo Jardim,TO,1969,1306.57,1502.52,31.68,18.82,70.05,0.98,0.9,7162.89
1715259,Novo Jardim,TO,1970,1209.62,1490.04,30.58,18.51,69.21,0.96,1.03,7147.81
1715259,Novo Jardim,TO,1971,1329.94,1428.0,30.15,18.68,70.41,0.92,1.14,6720.22
1715259,Novo Jardim,TO,1972,1229.39,1470.59,31.14,19.33,68.44,1.03,1.12,6760.22
1715259,Novo Jardim,TO,1973,1550.69,1523.82,29.14,20.5,69.9,0.96,1.28,7228.55
1715259,Novo Jardim,TO,1974,1964.99,1476.78,29.39,18.92,70.39,0.9,1.24,7031.41
1715259,Novo Jardim,TO,1975,1331.04,1529.5,30.31,18.46,68.72,0.97,1.15,7274.27
1715259,Novo Jardim,TO,1976,1759.99,1430.26,30.16,18.73,71.23,0.89,1.0,6892.33
1715259,Novo Jardim,TO,1977,1429.01,1437.57,30.37,19.37,71.31,0.92,1.1,6775.52
1715259,Novo Jardim,TO,1978,1869.5,1379.74,29.35,19.1,71.83,0.87,1.03,6651.89
1715259,Novo Jardim,TO,1979,1998.65,1395.76,30.21,19.13,69.48,0.97,0.88,6728.7
1715259,Novo Jardim,TO,1980,1891.39,1385.37,30.4,18.61,69.44,0.95,0.96,6547.84
1715507,Oliveira de Fátima,TO,1961,1153.13,1540.7,32.84,19.31,68.72,1.07,0.98,7163.83
1715507,Oliveira de Fátima,TO,1962,1435.56,1502.52,33.24,19.9,71.69,1.0,0.92,6911.55
1715507,Oliveira de Fátima,TO,1963,1222.45,1519.41,32.79,19.25,70.26,1.02,0.84,7204.05
1715507,Oliveira de Fátima,TO,1964,1816.91,1429.74,31.97,19.99,74.26,0.87,0.85,6738.54
1715507,Oliveira de Fátima,TO,1965,1548.41,1439.11,32.37,19.6,72.93,0.92,0.78,6836.94
1715507,Oliveira de Fátima,TO,1966,1381.67,1479.03,32.79,20.01,72.36,0.97,0.8,6967.48
1715507,Oliveira de Fátima,TO,1967,1473.96,1456.26,32.57,19.74,72.41,0.95,0.81,6878.88
1715507,Oliveira de Fátima,TO,1968,1596.86,1442.08,32.29,19.8,73.13,0.92,0.8,6862.17
1715507,Oliveira de Fátima,TO,1969,1540.6,1503.44,32.9,20.33,73.93,0.92,0.84,7076.34
1715507,Oliveira de Fátima,TO,1970,1423.34,1519.06,32.8,20.1,73.03,0.94,1.05,6957.26
1715507,Oliveira de Fátima,TO,1971,1338.11,1465.11,32.04,20.14,72.66,0.93,1.23,6573.82
1715507,Oliveira de Fátima,TO,1972,1440.99,1517.62,32.93,20.72,72.61,0.98,1.25,6720.16
1715507,Oliveira de Fátima,TO,1973,1562.04,1510.0,30.93,22.03,76.05,0.84,1.37,6956.32
1715507,Oliveira de Fátima,TO,1974,1786.68,1415.52,29.45,21.4,74.4,0.84,1.32,6601.93
1715507,Oliveira de Fátima,TO,1975,1670.49,1504.42,31.78,19.64,74.08,0.87,1.16,6997.01
1715507,Oliveira de Fátima,TO,1976,1590.73,1442.33,31.83,19.99,75.29,0.83,1.01,6777.81
1715507,Oliveira de Fátima,TO,1977,1555.55,1413.98,32.07,20.86,76.08,0.84,0.95,6595.02
1715507,Oliveira de Fátima,TO,1978,1849.5,1424.88,31.83,21.03,73.98,0.91,1.02,6592.35
1715507,Oliveira de Fátima,TO,1979,1971.1,1404.31,32.23,20.74,72.94,0.95,0.85,6580.73
1715507,Oliveira de Fátima,TO,1980,1881.14,1401.44,32.36,20.72,72.43,0.98,0.98,6370.96
1715705,Palmeirante,TO,1961,1231.16,1441.0,32.8,18.14,74.5,0.84,0.66,7083.4
1715705,Palmeirante,TO,1962,1588.02,1433.38,32.76,18.48,76.7,0.77,0.61,7059.37
1715705,Palmeirante,TO,1963,1459.3,1428.98,32.63,18.02,74.83,0.82,0.61,7076.18
1715705,Palmeirante,TO,1964,1793.38,1391.51,31.67,18.43,77.41,0.72,0.66,6871.75
1715705,Palmeirante,TO,1965,1352.44,1403.28,31.85,18.35,76.17,0.77,0.58,7030.47
1715705,Palmeirante,TO,1966,1440.76,1404.15,32.34,18.57,75.41,0.81,0.55,6976.59
1715705,Palmeirante,TO,1967,1796.16,1385.47,32.06,18.16,75.67,0.79,0.57,6910.14
1715705,Palmeirante,TO,1968,1920.66,1380.41,31.86,18.16,76.04,0.77,0.53,6940.56
1715705,Palmeirante,TO,1969,1706.68,1445.2,32.69,18.95,75.24,0.83,0.62,7104.93
1715705,Palmeirante,TO,1970,1740.69,1483.23,33.04,19.44,74.85,0.86,0.85,6942.81
1715705,Palmeirante,TO,1971,1517.66,1438.19,32.06,20.6,75.6,0.84,0.99,6687.39
1715705,Palmeirante,TO,1972,1548.54,1414.95,32.41,20.99,75.47,0.87,0.86,6601.56
1715705,Palmeirante,TO,1973,1842.99,1431.48,30.89,21.67,80.11,0.69,1.14,6810.7
1715705,Palmeirante,TO,1974,2180.78,1391.0,31.49,19.48,79.64,0.67,1.12,6574.29
1715705,Palmeirante,TO,1975,1923.57,1406.0,31.4,20.35,79.96,0.68,1.06,6667.75
1715705,Palmeirante,TO,1976,1855.86,1409.83,31.45,20.22,77.35,0.76,0.94,6737.91
1715705,Palmeirante,TO,1977,1735.45,1360.91,30.95,21.53,76.78,0.81,0.91,6447.83
1715705,Palmeirante,TO,1978,1669.98,1422.12,31.67,21.39,75.04,0.88,1.02,6555.44
1715705,Palmeirante,TO,1979,2152.03,1391.31,31.7,21.14,76.91,0.8,1.0,6472.65
1715705,Palmeirante,TO,1980,1932.49,1418.74,32.21,21.2,72.82,0.98,1.07,6391.7
1715754,Palmeirópolis,TO,1961,1056.24,1568.65,32.58,19.37,68.24,1.09,1.11,7225.73
1715754,Palmeirópolis,TO,1962,1476.81,1529.75,32.09,19.07,70.24,0.98,1.22,6922.71
1715754,Palmeirópolis,TO,1963,960.83,1636.46,32.79,19.36,66.09,1.17,1.29,7282.9
1715754,Palmeirópolis,TO,1964,1659.91,1461.83,31.27,19.59,73.07,0.88,1.21,6722.68
1715754,Palmeirópolis,TO,1965,1412.28,1469.61,31.54,19.36,71.96,0.92,1.17,6773.47
1715754,Palmeirópolis,TO,1966,1453.49,1537.84,32.79,17.82,70.26,0.98,1.23,6939.67
1715754,Palmeirópolis,TO,1967,1109.89,1562.46,32.57,18.61,69.98,1.0,1.39,6863.96
1715754,Palmeirópolis,TO,1968,1681.04,1550.33,32.29,19.16,68.76,1.05,1.3,6879.29
1715754,Palmeirópolis,TO,1969,1483.19,1571.82,32.03,19.76,69.89,1.01,1.26,7155.98
1715754,Palmeirópolis,TO,1970,1249.32,1528.78,31.5,19.31,70.07,0.97,1.3,6997.16
1715754,Palmeirópolis,TO,1971,1348.21,1453.54,31.22,19.32,69.43,0.99,1.25,6535.02
1715754,Palmeirópolis,TO,1972,1293.98,1532.41,31.99,19.06,67.58,1.07,1.34,6745.93
1715754,Palmeirópolis,TO,1973,1478.66,1532.93,31.14,20.38,70.84,0.98,1.36,6946.43
1715754,Palmeirópolis,TO,1974,1637.92,1483.89,30.47,19.07,70.87,0.91,1.29,6896.16
1715754,Palmeirópolis,TO,1975,1189.35,1503.24,31.11,18.73,69.12,0.98,1.07,7134.62
1715754,Palmeirópolis,TO,1976,1343.26,1422.58,30.98,18.92,71.59,0.9,0.99,6742.16
1715754,Palmeirópolis,TO,1977,1351.5,1439.16,31.03,19.8,71.28,0.95,1.15,6655.03
1715754,Palmeirópolis,TO,1978,1474.43,1387.62,29.59,19.89,70.97,0.91,1.14,6544.6
1715754,Palmeirópolis,TO,1979,1527.81,1366.89,31.09,19.52,69.55,0.99,0.89,6446.89
1715754,Palmeirópolis,TO,1980,1986.39,1364.39,31.28,19.44,69.03,1.02,0.89,6372.37
1716109,Paraíso do Tocantins,TO,1961,1176.36,1518.18,32.34,18.69,69.14,1.02,0.94,7176.87
1716109,Paraíso do Tocantins,TO,1962,1530.19,1476.32,32.71,19.24,72.06,0.95,0.87,6907.94
1716109,Paraíso do Tocantins,TO,1963,1350.91,1486.2,32.25,18.6,70.9,0.96,0.8,7150.64
1716109,Paraíso do Tocantins,TO,1964,1839.28,1411.11,31.45,19.32,74.49,0.84,0.81,6762.89
1716109,Paraíso do Tocantins,TO,1965,1637.15,1417.67,31.83,18.93,73.36,0.87,0.73,6859.87
1716109,Paraíso do Tocantins,TO,1966,1417.59,1448.17,32.28,19.3,72.53,0.93,0.74,6958.05
1716109,Paraíso do Tocantins,TO,1967,1550.04,1425.34,32.06,19.05,72.63,0.91,0.74,6864.11
1716109,Paraíso do Tocantins,TO,1968,1565.55,1415.46,31.78,19.12,73.38,0.88,0.74,6858.87
1716109,Paraíso do Tocantins,TO,1969,1551.06,1473.5,32.41,19.66,73.93,0.89,0.78,7054.19
1716109,Paraíso do Tocantins,TO,1970,1434.43,1491.21,32.33,19.52,73.16,0.91,1.0,6931.03
1716109,Paraíso do Tocantins,TO,1971,1387.0,1452.72,31.6,19.62,72.91,0.9,1.22,6597.54
1716109,Paraíso do Tocantins,TO,1972,1435.65,1491.72,32.4,20.17,73.13,0.93,1.21,6729.28
1716109,Paraíso do Tocantins,TO,1973,1514.57,1501.55,30.54,21.39,76.26,0.81,1.34,7027.17
1716109,Paraíso do Tocantins,TO,1974,1945.05,1400.11,29.18,20.57,74.66,0.8,1.31,6590.78
1716109,Paraíso do Tocantins,TO,1975,1766.82,1485.33,31.26,19.15,74.59,0.82,1.18,6972.19
1716109,Paraíso do Tocantins,TO,1976,1766.38,1430.92,31.32,19.46,75.52,0.8,1.02,6796.66
1716109,Paraíso do Tocantins,TO,1977,1534.07,1395.61,31.44,20.32,76.93,0.78,0.97,6597.38
1716109,Paraíso do Tocantins,TO,1978,1952.82,1413.26,31.21,20.52,74.42,0.87,1.06,6594.87
1716109,Paraíso do Tocantins,TO,1979,2142.56,1392.89,31.58,20.23,73.27,0.9,0.89,6586.54
1716109,Paraíso do Tocantins,TO,1980,2157.19,1389.93,31.79,20.17,72.53,0.94,1.0,6384.16
1716208,Paranã,TO,1961,928.91,1637.23,33.49,20.07,65.25,1.25,1.21,7260.91
1716208,Paranã,TO,1962,1240.94,1542.85,32.85,19.88,69.27,1.07,1.14,6943.44
1716208,Paranã,TO,1963,868.28,1618.55,33.36,19.97,63.97,1.28,1.1,7273.32
1716208,Paranã,TO,1964,1640.51,1476.32,32.06,20.34,71.98,0.96,1.13,6739.49
1716208,Paranã,TO,1965,1403.81,1497.51,32.34,19.98,71.63,0.97,1.12,6830.02
1716208,Paranã,TO,1966,1431.42,1562.66,34.03,17.96,70.75,1.02,1.17,6974.23
1716208,Paranã,TO,1967,1151.48,1590.4,33.76,19.02,69.72,1.06,1.3,6933.23
1716208,Paranã,TO,1968,1692.6,1582.62,33.34,20.01,69.52,1.08,1.3,6873.79
1716208,Paranã,TO,1969,1429.68,1608.16,32.68,20.35,69.94,1.05,1.35,7117.49
1716208,Paranã,TO,1970,1244.35,1581.04,32.2,19.82,70.18,1.0,1.42,7034.24
1716208,Paranã,TO,1971,1350.78,1490.24,31.97,19.89,69.49,1.02,1.27,6612.15
1716208,Paranã,TO,1972,1249.8,1557.44,32.67,19.37,67.5,1.1,1.35,6753.47
1716208,Paranã,TO,1973,1614.37,1605.55,32.3,20.67,70.89,1.03,1.48,7057.17
1716208,Paranã,TO,1974,1481.35,1500.37,31.43,19.28,71.84,0.91,1.19,6964.18
1716208,Paranã,TO,1975,1380.4,1544.29,31.86,19.27,69.2,1.01,1.09,7175.77
1716208,Paranã,TO,1976,1333.66,1452.67,31.79,19.6,72.61,0.91,1.01,6757.24
1716208,Paranã,TO,1977,1307.18,1461.78,31.82,20.42,71.16,0.99,1.14,6643.56
1716208,Paranã,TO,1978,1417.06,1383.02,29.59,20.47,70.95,0.93,1.12,6501.08
1716208,Paranã,TO,1979,1440.93,1361.47,31.85,20.25,69.94,1.03,0.78,6404.95
1716208,Paranã,TO,1980,1720.48,1371.81,32.06,19.87,69.3,1.05,0.87,6296.97
1716307,Pau D'Arco,TO,1961,1245.54,1429.39,32.54,17.54,74.37,0.82,0.72,7002.35
1716307,Pau D'Arco,TO,1962,1603.7,1402.0,32.65,17.81,76.66,0.76,0.69,6815.26
1716307,Pau D'Arco,TO,1963,1519.45,1412.34,32.45,17.29,74.98,0.8,0.69,6923.8
1716307,Pau D'Arco,TO,1964,1799.88,1380.2,31.37,17.74,77.43,0.7,0.71,6814.42
1716307,Pau D'Arco,TO,1965,1396.78,1393.61,31.49,17.72,76.42,0.74,0.6,7032.2
1716307,Pau D'Arco,TO,1966,1460.8,1394.94,32.17,18.04,75.72,0.78,0.55,6967.0
1716307,Pau D'Arco,TO,1967,1913.86,1388.54,31.84,17.52,76.02,0.75,0.62,6930.09
1716307,Pau D'Arco,TO,1968,1898.59,1387.06,31.53,17.66,76.34,0.74,0.65,6951.24
1716307,Pau D'Arco,TO,1969,1633.69,1452.78,32.48,18.36,75.57,0.8,0.7,7127.86
1716307,Pau D'Arco,TO,1970,1698.0,1501.4,33.41,19.19,75.12,0.85,0.94,6904.33
1716307,Pau D'Arco,TO,1971,1501.07,1461.32,32.74,19.9,76.67,0.8,1.1,6701.37
1716307,Pau D'Arco,TO,1972,1441.67,1427.08,32.96,20.35,77.55,0.79,1.0,6542.18
1716307,Pau D'Arco,TO,1973,1766.27,1414.54,32.38,20.12,83.4,0.57,0.94,6780.54
1716307,Pau D'Arco,TO,1974,1868.04,1306.19,31.76,17.5,82.78,0.53,0.93,6320.28
1716307,Pau D'Arco,TO,1975,1754.43,1330.91,31.17,19.77,82.84,0.56,0.89,6465.58
1716307,Pau D'Arco,TO,1976,1615.62,1360.75,31.34,19.91,79.68,0.68,0.88,6556.48
1716307,Pau D'Arco,TO,1977,1674.94,1308.04,31.21,20.85,78.49,0.74,0.83,6215.19
1716307,Pau D'Arco,TO,1978,1635.94,1366.02,31.64,21.21,77.0,0.8,0.96,6325.62
1716307,Pau D'Arco,TO,1979,2172.98,1333.11,31.51,20.75,78.86,0.72,0.94,6261.84
1716307,Pau D'Arco,TO,1980,1718.81,1378.2,32.03,20.8,75.39,0.87,1.08,6233.67
1716505,Pedro Afonso,TO,1961,1139.5,1491.47,32.73,18.53,71.61,0.94,0.81,7211.43
1716505,Pedro Afonso,TO,1962,1452.17,1455.59,32.79,18.91,74.56,0.86,0.72,7018.37
1716505,Pedro Afonso,TO,1963,1534.03,1465.98,32.53,18.4,72.18,0.92,0.71,7133.83
1716505,Pedro Afonso,TO,1964,1810.94,1402.46,31.62,18.94,75.54,0.8,0.7,6839.86
1716505,Pedro Afonso,TO,1965,1519.37,1408.96,31.88,18.51,74.55,0.83,0.63,6952.24
1716505,Pedro Afonso,TO,1966,1273.74,1428.52,32.49,18.72,73.72,0.88,0.63,6973.13
1716505,Pedro Afonso,TO,1967,1488.64,1409.27,32.22,18.44,72.79,0.89,0.64,6890.03
1716505,Pedro Afonso,TO,1968,1484.68,1394.38,31.96,18.57,73.63,0.86,0.61,6891.7
1716505,Pedro Afonso,TO,1969,1185.77,1456.87,32.69,19.21,73.67,0.89,0.65,7087.65
1716505,Pedro Afonso,TO,1970,1329.37,1496.07,32.87,19.58,73.6,0.9,0.85,7043.82
1716505,Pedro Afonso,TO,1971,1297.82,1476.88,32.15,20.07,73.24,0.91,1.15,6673.41
1716505,Pedro Afonso,TO,1972,1414.09,1459.38,32.66,20.52,74.28,0.9,0.99,6730.85
1716505,Pedro Afonso,TO,1973,1456.85,1501.6,31.33,21.26,77.69,0.77,1.31,7004.39
1716505,Pedro Afonso,TO,1974,1748.62,1454.82,30.75,19.38,74.56,0.81,1.31,6756.19
1716505,Pedro Afonso,TO,1975,1766.49,1489.93,31.41,19.68,74.7,0.83,1.21,6917.05
1716505,Pedro Afonso,TO,1976,1572.86,1452.26,31.54,19.76,75.3,0.82,1.06,6842.06
1716505,Pedro Afonso,TO,1977,1733.91,1384.35,30.91,20.91,76.67,0.79,0.93,6576.17
1716505,Pedro Afonso,TO,1978,1665.43,1428.41,30.94,21.14,73.55,0.9,1.08,6641.52
1716505,Pedro Afonso,TO,1979,2106.82,1400.26,31.24,20.78,72.87,0.92,0.92,6606.65
1716505,Pedro Afonso,TO,1980,1844.39,1409.73,31.77,20.66,72.02,0.98,1.02,6456.73
1716604,Peixe,TO,1961,996.84,1593.11,33.34,19.83,67.77,1.14,1.11,7223.53
1716604,Peixe,TO,1962,1274.86,1534.15,33.33,20.06,70.64,1.04,1.05,6936.22
1716604,Peixe,TO,1963,982.2,1579.76,33.31,19.64,66.56,1.17,0.98,7262.96
1716604,Peixe,TO,1964,1596.46,1461.48,32.24,20.27,73.26,0.92,1.01,6755.04
1716604,Peixe,TO,1965,1491.13,1477.5,32.56,19.93,72.61,0.94,1.0,6812.12
1716604,Peixe,TO,1966,1453.93,1526.22,33.67,19.07,71.82,0.99,1.04,6979.1
1716604,Peixe,TO,1967,1204.41,1528.73,33.48,19.66,71.69,1.0,1.11,6874.17
1716604,Peixe,TO,1968,1736.77,1534.36,33.16,20.12,71.6,1.0,1.12,6903.64
1716604,Peixe,TO,1969,1386.63,1580.22,33.16,20.66,72.79,0.97,1.18,7139.8
1716604,Peixe,TO,1970,1338.42,1565.43,32.79,20.3,72.07,0.97,1.32,6984.13
1716604,Peixe,TO,1971,1475.76,1466.49,32.33,20.4,71.7,0.98,1.2,6550.41
1716604,Peixe,TO,1972,1362.79,1549.1,33.15,20.4,70.38,1.05,1.31,6758.02
1716604,Peixe,TO,1973,1410.42,1549.71,32.07,21.6,73.89,0.94,1.48,6867.72
1716604,Peixe,TO,1974,1469.46,1466.9,31.07,20.4,73.77,0.87,1.27,6783.84
1716604,Peixe,TO,1975,1449.09,1537.58,32.04,19.6,70.41,0.99,1.11,7134.46
1716604,Peixe,TO,1976,1518.92,1450.73,31.97,19.51,72.21,0.92,0.98,6808.45
1716604,Peixe,TO,1977,1568.28,1447.2,32.25,20.42,72.59,0.96,1.04,6668.54
1716604,Peixe,TO,1978,1768.54,1439.62,31.9,20.57,71.16,1.0,1.06,6610.58
1716604,Peixe,TO,1979,1335.63,1401.75,32.46,20.28,71.07,1.0,0.83,6598.16
1716604,Peixe,TO,1980,1803.6,1395.91,32.57,20.51,70.98,1.02,0.88,6427.04
1716653,Pequizeiro,TO,1961,1225.51,1438.85,32.55,17.16,73.9,0.83,0.74,7058.9
1716653,Pequizeiro,TO,1962,1603.9,1420.99,32.69,17.38,76.41,0.76,0.72,6945.64
1716653,Pequizeiro,TO,1963,1501.04,1424.17,32.43,16.81,74.59,0.8,0.7,7036.91
1716653,Pequizeiro,TO,1964,1856.57,1375.03,31.27,17.29,77.15,0.7,0.72,6819.44
1716653,Pequizeiro,TO,1965,1387.64,1385.73,31.35,17.21,76.27,0.73,0.62,7025.91
1716653,Pequizeiro,TO,1966,1470.25,1395.56,32.18,17.58,75.38,0.78,0.58,6986.33
1716653,Pequizeiro,TO,1967,1785.72,1380.46,31.78,16.99,75.74,0.75,0.61,6931.97
1716653,Pequizeiro,TO,1968,1796.51,1372.98,31.47,17.23,76.11,0.74,0.59,6955.79
1716653,Pequizeiro,TO,1969,1613.52,1434.35,32.43,17.86,75.26,0.8,0.65,7097.7
1716653,Pequizeiro,TO,1970,1459.61,1501.4,33.72,19.07,74.96,0.85,0.89,6943.13
1716653,Pequizeiro,TO,1971,1374.66,1457.23,33.14,19.68,75.48,0.85,0.97,6720.54
1716653,Pequizeiro,TO,1972,1282.76,1433.89,33.21,20.15,75.27,0.87,0.91,6607.06
1716653,Pequizeiro,TO,1973,1645.62,1479.49,33.28,19.44,80.75,0.66,1.23,6804.42
1716653,Pequizeiro,TO,1974,1857.34,1353.13,32.01,16.22,80.43,0.59,1.16,6373.06
1716653,Pequizeiro,TO,1975,1650.12,1368.79,31.18,19.59,80.32,0.64,0.99,6584.5
1716653,Pequizeiro,TO,1976,1558.27,1371.19,31.44,19.7,78.37,0.72,0.89,6583.5
1716653,Pequizeiro,TO,1977,1784.96,1336.75,31.55,20.47,78.43,0.74,0.87,6325.62
1716653,Pequizeiro,TO,1978,1757.25,1397.3,31.87,21.14,75.63,0.86,1.01,6419.71
1716653,Pequizeiro,TO,1979,2373.37,1363.26,31.56,20.56,76.33,0.8,0.95,6406.52
1716653,Pequizeiro,TO,1980,2107.92,1387.67,32.12,20.58,74.42,0.9,1.09,6271.05
1716703,Colméia,TO,1961,1215.17,1448.27,32.19,17.2,72.03,0.88,0.75,7141.06
1716703,Colméia,TO,1962,1550.53,1427.49,32.3,17.47,74.81,0.8,0.72,7002.51
1716703,Colméia,TO,1963,1544.79,1440.39,32.05,16.93,72.49,0.86,0.72,7114.04
1716703,Colméia,TO,1964,1889.95,1375.18,30.98,17.43,75.81,0.74,0.71,6835.15
1716703,Colméia,TO,1965,1611.1,1375.49,31.11,17.26,75.93,0.74,0.62,6952.08
1716703,Colméia,TO,1966,1476.33,1399.55,31.85,17.61,75.13,0.79,0.63,6963.7
1716703,Colméia,TO,1967,1619.19,1374.98,31.5,17.08,75.46,0.75,0.63,6882.02
1716703,Colméia,TO,1968,1653.98,1361.01,31.22,17.27,75.7,0.74,0.6,6884.32
1716703,Colméia,TO,1969,1515.36,1426.62,32.07,17.9,74.84,0.8,0.64,7078.22
1716703,Colméia,TO,1970,1442.93,1479.24,33.03,18.81,74.54,0.85,0.84,6962.45
1716703,Colméia,TO,1971,1379.14,1445.66,32.39,19.4,73.96,0.88,1.01,6678.44
1716703,Colméia,TO,1972,1301.82,1427.59,32.61,19.85,74.84,0.86,0.95,6621.36
1716703,Colméia,TO,1973,1559.01,1468.23,32.15,19.61,79.42,0.69,1.29,6829.71
1716703,Colméia,TO,1974,1725.64,1345.45,31.16,16.93,79.07,0.63,1.21,6354.52
1716703,Colméia,TO,1975,1589.77,1404.0,30.82,19.24,78.3,0.69,1.05,6771.12
1716703,Colméia,TO,1976,1784.45,1406.15,31.06,19.36,76.58,0.76,0.96,6773.57
1716703,Colméia,TO,1977,1900.49,1369.86,30.84,20.44,77.13,0.77,0.95,6510.04
1716703,Colméia,TO,1978,1745.77,1423.65,31.02,20.85,74.06,0.88,1.1,6590.0
1716703,Colméia,TO,1979,2269.89,1379.43,31.07,20.4,75.33,0.83,0.95,6566.75
1716703,Colméia,TO,1980,2233.89,1409.48,31.64,20.36,72.23,0.96,1.11,6394.84
1717008,Pindorama do Tocantins,TO,1961,962.65,1532.06,32.1,18.26,67.29,1.07,0.96,7260.91
1717008,Pindorama do Tocantins,TO,1962,1279.53,1469.46,32.06,18.62,70.72,0.96,0.89,6953.65
1717008,Pindorama do Tocantins,TO,1963,984.98,1497.97,31.92,18.08,69.3,0.99,0.81,7267.98
1717008,Pindorama do Tocantins,TO,1964,1477.81,1399.29,30.94,18.74,73.35,0.84,0.82,6757.24
1717008,Pindorama do Tocantins,TO,1965,1389.57,1424.42,31.33,18.36,72.45,0.87,0.84,6866.31
1717008,Pindorama do Tocantins,TO,1966,1276.9,1456.31,31.91,18.26,71.12,0.93,0.85,6999.52
1717008,Pindorama do Tocantins,TO,1967,1190.21,1446.17,31.76,18.51,70.38,0.96,0.84,6916.11
1717008,Pindorama do Tocantins,TO,1968,1531.2,1434.04,31.52,18.59,69.67,0.98,0.83,6881.02
1717008,Pindorama do Tocantins,TO,1969,1330.68,1493.11,31.97,19.26,70.35,0.98,0.88,7104.3
1717008,Pindorama do Tocantins,TO,1970,1367.46,1517.67,31.6,18.95,69.5,0.99,1.06,7121.58
1717008,Pindorama do Tocantins,TO,1971,1328.55,1433.58,30.93,19.12,71.68,0.91,1.17,6623.61
1717008,Pindorama do Tocantins,TO,1972,1325.08,1479.18,31.79,19.49,70.63,0.98,1.18,6716.55
1717008,Pindorama do Tocantins,TO,1973,1716.94,1533.59,30.18,20.78,74.56,0.84,1.37,7244.42
1717008,Pindorama do Tocantins,TO,1974,1832.73,1453.13,29.17,19.66,73.66,0.81,1.31,6993.24
1717008,Pindorama do Tocantins,TO,1975,1368.92,1511.53,30.81,18.57,70.04,0.94,1.16,7124.72
1717008,Pindorama do Tocantins,TO,1976,1469.98,1435.02,30.8,18.84,71.94,0.88,0.99,6859.97
1717008,Pindorama do Tocantins,TO,1977,1670.41,1408.61,30.9,19.71,73.04,0.89,0.98,6680.48
1717008,Pindorama do Tocantins,TO,1978,1811.51,1387.88,30.26,19.78,71.45,0.92,0.98,6613.09
1717008,Pindorama do Tocantins,TO,1979,1776.54,1382.76,31.03,19.54,70.53,0.96,0.81,6644.19
1717008,Pindorama do Tocantins,TO,1980,2116.77,1365.05,31.19,19.44,70.82,0.96,0.85,6455.63
1717206,Piraquê,TO,1961,1255.95,1418.28,32.88,19.24,75.26,0.84,0.56,6971.25
1717206,Piraquê,TO,1962,1543.63,1388.9,32.71,19.62,76.84,0.79,0.51,6807.56
1717206,Piraquê,TO,1963,1467.06,1390.59,32.79,19.29,75.08,0.85,0.49,6864.11
1717206,Piraquê,TO,1964,1666.83,1388.9,32.06,19.61,77.6,0.75,0.52,6857.77
1717206,Piraquê,TO,1965,1300.8,1411.63,32.3,19.05,76.55,0.78,0.44,7105.24
1717206,Piraquê,TO,1966,1490.9,1388.75,32.39,19.24,76.59,0.79,0.38,6994.49
1717206,Piraquê,TO,1967,1749.63,1381.89,32.25,18.85,77.12,0.76,0.45,6923.65
1717206,Piraquê,TO,1968,1947.29,1384.86,32.09,18.85,76.38,0.78,0.47,6941.97
1717206,Piraquê,TO,1969,1586.45,1445.1,32.94,19.69,75.53,0.85,0.5,7123.3
1717206,Piraquê,TO,1970,1826.62,1450.01,32.81,19.88,76.11,0.82,0.73,6873.22
1717206,Piraquê,TO,1971,1579.15,1439.47,32.12,20.74,77.61,0.78,0.98,6711.11
1717206,Piraquê,TO,1972,1728.48,1385.68,32.57,21.12,79.85,0.72,0.85,6517.52
1717206,Piraquê,TO,1973,1919.29,1390.49,30.77,21.76,81.8,0.63,0.83,6773.32
1717206,Piraquê,TO,1974,1844.61,1326.92,31.44,20.11,81.84,0.61,0.81,6406.68
1717206,Piraquê,TO,1975,1663.57,1356.3,31.47,20.51,82.11,0.61,0.81,6555.59
1717206,Piraquê,TO,1976,1496.38,1376.26,31.47,20.54,79.09,0.71,0.88,6576.43
1717206,Piraquê,TO,1977,1799.6,1300.97,31.05,21.64,78.64,0.74,0.9,6102.4
1717206,Piraquê,TO,1978,1481.41,1362.59,31.71,21.37,77.25,0.8,1.02,6239.22
1717206,Piraquê,TO,1979,1777.68,1345.45,31.85,21.36,78.54,0.75,1.02,6170.26
1717206,Piraquê,TO,1980,1640.08,1381.22,32.31,21.47,75.36,0.89,1.07,6168.95
1717503,Pium,TO,1961,1174.53,1548.79,33.39,19.32,69.7,1.05,1.0,7116.86
1717503,Pium,TO,1962,1480.94,1512.71,33.52,19.74,72.51,0.97,0.97,6901.03
1717503,Pium,TO,1963,1315.14,1539.32,33.23,19.17,70.59,1.01,0.89,7200.75
1717503,Pium,TO,1964,1889.44,1429.9,32.31,19.81,74.9,0.86,0.88,6679.79
1717503,Pium,TO,1965,1480.8,1429.85,32.62,19.38,73.43,0.9,0.76,6807.09
1717503,Pium,TO,1966,1454.7,1469.26,33.26,19.55,72.49,0.96,0.77,6922.86
1717503,Pium,TO,1967,1540.48,1456.1,33.04,19.44,72.62,0.94,0.79,6873.38
1717503,Pium,TO,1968,1640.93,1438.34,32.77,19.58,73.35,0.92,0.77,6834.99
1717503,Pium,TO,1969,1554.24,1497.2,33.38,20.18,73.99,0.92,0.82,7025.75
1717503,Pium,TO,1970,1324.71,1522.38,33.46,20.32,73.14,0.95,1.02,6911.87
1717503,Pium,TO,1971,1301.29,1478.62,32.8,20.61,72.98,0.95,1.15,6633.2
1717503,Pium,TO,1972,1443.94,1507.85,33.41,21.05,72.92,0.99,1.14,6738.07
1717503,Pium,TO,1973,1582.18,1510.51,32.04,21.91,78.62,0.77,1.27,7003.13
1717503,Pium,TO,1974,2072.27,1401.44,31.05,20.36,74.88,0.83,1.23,6435.27
1717503,Pium,TO,1975,1754.24,1485.43,32.15,20.13,74.74,0.86,1.17,6810.08
1717503,Pium,TO,1976,1986.34,1451.34,32.21,20.34,75.92,0.83,1.02,6786.93
1717503,Pium,TO,1977,1838.93,1415.06,32.27,21.21,77.03,0.82,1.0,6568.32
1717503,Pium,TO,1978,1932.86,1441.77,32.04,21.47,74.28,0.92,1.1,6583.56
1717503,Pium,TO,1979,2334.47,1401.75,32.42,21.11,74.33,0.91,0.84,6574.92
1717503,Pium,TO,1980,2214.01,1420.53,32.74,21.1,72.34,1.0,1.03,6375.36
1717800,Ponte Alta do Bom Jesus,TO,1961,819.47,1583.34,32.34,19.16,64.94,1.19,1.02,7347.78
1717800,Ponte Alta do Bom Jesus,TO,1962,1135.66,1479.59,31.45,18.95,69.26,1.01,0.94,7010.52
1717800,Ponte Alta do Bom Jesus,TO,1963,653.45,1536.61,31.98,19.02,66.87,1.11,0.87,7328.3
1717800,Ponte Alta do Bom Jesus,TO,1964,1444.9,1412.8,30.87,19.25,71.93,0.9,0.88,6746.4
1717800,Ponte Alta do Bom Jesus,TO,1965,1131.84,1442.9,31.11,18.54,71.0,0.91,0.92,6857.83
1717800,Ponte Alta do Bom Jesus,TO,1966,1480.45,1464.8,31.19,19.03,69.8,0.98,0.92,6986.17
1717800,Ponte Alta do Bom Jesus,TO,1967,1123.77,1471.46,31.43,19.11,69.58,0.99,0.94,6957.11
1717800,Ponte Alta do Bom Jesus,TO,1968,1508.58,1444.13,31.34,18.24,69.27,0.98,0.88,6906.78
1717800,Ponte Alta do Bom Jesus,TO,1969,1377.41,1533.64,32.49,19.96,70.11,1.04,0.92,7158.18
1717800,Ponte Alta do Bom Jesus,TO,1970,1287.93,1514.55,31.13,19.62,69.33,1.01,1.04,7162.11
1717800,Ponte Alta do Bom Jesus,TO,1971,1473.72,1446.02,30.83,19.44,69.54,0.99,1.12,6711.58
1717800,Ponte Alta do Bom Jesus,TO,1972,1455.94,1495.82,31.84,20.23,67.62,1.11,1.11,6759.44
1717800,Ponte Alta do Bom Jesus,TO,1973,1621.82,1545.62,29.49,21.65,69.76,1.01,1.26,7247.88
1717800,Ponte Alta do Bom Jesus,TO,1974,2003.11,1520.28,30.41,19.78,70.41,0.96,1.22,7118.44
1717800,Ponte Alta do Bom Jesus,TO,1975,1361.63,1557.34,31.03,19.5,68.39,1.03,1.14,7280.55
1717800,Ponte Alta do Bom Jesus,TO,1976,1698.82,1451.19,30.84,19.76,70.99,0.95,0.99,6881.02
1717800,Ponte Alta do Bom Jesus,TO,1977,1560.3,1475.86,30.99,20.43,69.41,1.04,1.13,6796.56
1717800,Ponte Alta do Bom Jesus,TO,1978,1828.73,1397.6,30.03,20.15,71.72,0.92,1.03,6610.58
1717800,Ponte Alta do Bom Jesus,TO,1979,2082.53,1409.37,30.82,20.26,69.45,1.02,0.86,6695.24
1717800,Ponte Alta do Bom Jesus,TO,1980,1897.71,1398.63,31.07,19.59,68.87,1.02,0.91,6541.24
1717909,Ponte Alta do Tocantins,TO,1961,953.58,1549.25,32.96,18.97,67.49,1.11,0.93,7257.3
1717909,Ponte Alta do Tocantins,TO,1962,1215.64,1482.72,32.9,19.32,70.88,1.0,0.84,6951.14
1717909,Ponte Alta do Tocantins,TO,1963,1033.62,1504.98,32.75,18.75,69.69,1.02,0.78,7217.56
1717909,Ponte Alta do Tocantins,TO,1964,1162.86,1418.54,31.76,19.44,73.52,0.88,0.8,6773.1
1717909,Ponte Alta do Tocantins,TO,1965,1142.52,1441.0,32.16,19.08,72.6,0.91,0.81,6868.35
1717909,Ponte Alta do Tocantins,TO,1966,1133.54,1469.46,32.67,19.1,71.2,0.97,0.81,6980.98
1717909,Ponte Alta do Tocantins,TO,1967,1305.34,1457.89,32.54,19.31,70.41,1.0,0.8,6909.82
1717909,Ponte Alta do Tocantins,TO,1968,1377.64,1448.68,32.3,19.31,69.62,1.02,0.79,6881.49
1717909,Ponte Alta do Tocantins,TO,1969,1234.26,1512.81,32.84,19.99,70.14,1.04,0.84,7103.2
1717909,Ponte Alta do Tocantins,TO,1970,1314.41,1542.29,32.49,19.7,69.32,1.04,1.03,7136.97
1717909,Ponte Alta do Tocantins,TO,1971,1256.06,1470.94,31.77,19.95,71.8,0.95,1.19,6690.06
1717909,Ponte Alta do Tocantins,TO,1972,1278.33,1502.88,32.59,20.37,71.0,1.02,1.17,6728.02
1717909,Ponte Alta do Tocantins,TO,1973,1502.72,1559.18,30.96,21.65,74.68,0.88,1.36,7240.34
1717909,Ponte Alta do Tocantins,TO,1974,1474.32,1476.52,29.9,20.51,73.89,0.85,1.31,6992.61
1717909,Ponte Alta do Tocantins,TO,1975,1469.67,1539.89,31.65,19.43,70.04,0.99,1.17,7115.76
1717909,Ponte Alta do Tocantins,TO,1976,1559.15,1464.19,31.67,19.72,71.89,0.93,1.0,6876.94
1717909,Ponte Alta do Tocantins,TO,1977,1704.66,1429.39,31.68,20.61,73.06,0.93,0.95,6688.18
1717909,Ponte Alta do Tocantins,TO,1978,1709.21,1410.4,31.15,20.68,71.48,0.97,0.96,6616.7
1717909,Ponte Alta do Tocantins,TO,1979,1830.63,1406.66,31.8,20.44,70.83,1.0,0.82,6649.85
1717909,Ponte Alta do Tocantins,TO,1980,1992.77,1387.16,32.01,20.32,70.99,1.0,0.84,6463.96
1718006,Porto Alegre do Tocantins,TO,1961,922.23,1579.6,32.97,19.13,66.9,1.14,1.0,7326.42
1718006,Porto Alegre do Tocantins,TO,1962,1220.17,1495.56,32.42,19.18,70.42,1.0,0.93,7004.55
1718006,Porto Alegre do Tocantins,TO,1963,827.67,1535.48,32.64,18.87,69.03,1.05,0.85,7307.72
1718006,Porto Alegre do Tocantins,TO,1964,1353.79,1421.86,31.56,19.38,73.16,0.88,0.86,6758.81
1718006,Porto Alegre do Tocantins,TO,1965,1300.64,1446.02,31.88,18.88,72.24,0.9,0.89,6848.56
1718006,Porto Alegre do Tocantins,TO,1966,1444.03,1481.69,32.36,18.67,70.93,0.96,0.9,7008.32
1718006,Porto Alegre do Tocantins,TO,1967,1206.23,1483.23,32.37,19.08,70.12,1.0,0.91,6962.13
1718006,Porto Alegre do Tocantins,TO,1968,1677.77,1461.27,32.16,18.93,69.5,1.01,0.87,6893.74
1718006,Porto Alegre do Tocantins,TO,1969,1450.75,1532.93,32.73,19.91,70.31,1.03,0.92,7149.22
1718006,Porto Alegre do Tocantins,TO,1970,1420.53,1534.26,31.97,19.58,69.37,1.02,1.07,7140.9
1718006,Porto Alegre do Tocantins,TO,1971,1394.16,1461.22,31.47,19.78,71.44,0.95,1.17,6694.3
1718006,Porto Alegre do Tocantins,TO,1972,1302.99,1501.09,32.34,20.16,70.39,1.02,1.16,6761.01
1718006,Porto Alegre do Tocantins,TO,1973,1879.17,1571.62,30.76,21.4,72.04,0.96,1.34,7287.15
1718006,Porto Alegre do Tocantins,TO,1974,1755.37,1505.39,30.34,20.12,70.94,0.94,1.27,7029.21
1718006,Porto Alegre do Tocantins,TO,1975,1412.84,1552.83,31.49,19.37,69.21,1.01,1.16,7218.66
1718006,Porto Alegre do Tocantins,TO,1976,1380.98,1456.77,31.4,19.64,71.49,0.94,1.0,6863.27
1718006,Porto Alegre do Tocantins,TO,1977,1669.4,1467.36,31.61,20.34,71.67,0.97,1.1,6753.68
1718006,Porto Alegre do Tocantins,TO,1978,1754.12,1413.52,30.55,20.22,71.77,0.93,1.05,6649.85
1718006,Porto Alegre do Tocantins,TO,1979,1728.5,1425.5,31.57,20.1,69.51,1.03,0.87,6718.81
1718006,Porto Alegre do Tocantins,TO,1980,1912.52,1415.98,31.71,19.8,69.5,1.02,0.96,6526.0
1718204,Porto Nacional,TO,1961,1131.16,1545.46,33.24,19.8,68.88,1.1,0.92,7178.13
1718204,Porto Nacional,TO,1962,1398.69,1505.18,33.69,20.42,71.92,1.02,0.85,6919.25
1718204,Porto Nacional,TO,1963,1247.67,1512.91,33.19,19.76,70.78,1.03,0.78,7154.41
1718204,Porto Nacional,TO,1964,1787.38,1439.57,32.41,20.52,74.32,0.9,0.79,6776.24
1718204,Porto Nacional,TO,1965,1542.77,1451.09,32.83,20.13,73.19,0.94,0.73,6870.55
1718204,Porto Nacional,TO,1966,1297.28,1480.77,33.21,20.62,72.4,0.99,0.74,6971.72
1718204,Porto Nacional,TO,1967,1246.41,1455.03,32.97,20.28,72.47,0.97,0.73,6869.92
1718204,Porto Nacional,TO,1968,1534.62,1445.76,32.7,20.32,73.23,0.94,0.74,6870.02
1718204,Porto Nacional,TO,1969,1299.52,1507.95,33.33,20.84,73.76,0.95,0.78,7078.22
1718204,Porto Nacional,TO,1970,1485.25,1528.57,33.24,20.57,72.95,0.97,1.0,6977.69
1718204,Porto Nacional,TO,1971,1366.45,1474.48,32.45,20.58,72.69,0.96,1.21,6566.43
1718204,Porto Nacional,TO,1972,1420.55,1522.13,33.37,21.18,72.89,1.0,1.2,6727.7
1718204,Porto Nacional,TO,1973,1581.37,1536.56,31.27,22.55,76.02,0.87,1.34,7059.68
1718204,Porto Nacional,TO,1974,1785.49,1462.86,29.68,22.08,74.48,0.86,1.31,6835.21
1718204,Porto Nacional,TO,1975,1622.57,1519.93,32.23,20.1,74.34,0.88,1.18,6984.6
1718204,Porto Nacional,TO,1976,1575.41,1455.44,32.28,20.49,75.38,0.85,1.02,6769.65
1718204,Porto Nacional,TO,1977,1601.31,1425.09,32.59,21.38,76.15,0.87,0.92,6594.39
1718204,Porto Nacional,TO,1978,1870.12,1439.06,32.41,21.54,74.08,0.94,0.99,6603.66
1718204,Porto Nacional,TO,1979,1998.32,1421.5,32.74,21.25,72.91,0.98,0.85,6590.94
1718204,Porto Nacional,TO,1980,2077.09,1413.57,32.85,21.23,72.62,1.0,0.97,6372.53
1718303,Praia Norte,TO,1961,1626.58,1435.48,32.8,20.3,79.05,0.74,0.61,6945.17
1718303,Praia Norte,TO,1962,1464.01,1396.99,32.5,20.67,79.94,0.7,0.59,6751.01
1718303,Praia Norte,TO,1963,1363.6,1402.46,32.81,20.46,78.8,0.75,0.59,6743.78
1718303,Praia Norte,TO,1964,1415.28,1446.28,32.31,20.71,79.76,0.71,0.76,6912.44
1718303,Praia Norte,TO,1965,1218.47,1475.04,32.65,20.53,76.38,0.83,0.67,7128.02
1718303,Praia Norte,TO,1966,1534.59,1414.9,32.15,21.03,76.81,0.81,0.48,6950.67
1718303,Praia Norte,TO,1967,1550.02,1441.62,32.19,20.53,77.79,0.77,0.68,6953.49
1718303,Praia Norte,TO,1968,1316.64,1429.44,32.12,20.54,78.8,0.74,0.65,6935.06
1718303,Praia Norte,TO,1969,1336.77,1494.49,33.13,21.56,78.05,0.8,0.65,7145.45
1718303,Praia Norte,TO,1970,1212.98,1460.76,32.82,20.82,78.57,0.76,0.74,6900.87
1718303,Praia Norte,TO,1971,1331.53,1443.0,32.79,20.39,82.19,0.62,0.99,6838.51
1718303,Praia Norte,TO,1972,1222.81,1424.22,33.58,20.81,83.43,0.6,0.77,6724.25
1718303,Praia Norte,TO,1973,1633.39,1387.52,31.58,21.19,81.83,0.63,0.87,6656.13
1718303,Praia Norte,TO,1974,2025.16,1354.76,31.67,20.36,81.97,0.61,0.91,6494.96
1718303,Praia Norte,TO,1975,1779.02,1379.79,31.92,20.28,81.91,0.61,1.0,6538.32
1718303,Praia Norte,TO,1976,1597.8,1393.66,31.68,20.76,78.89,0.72,1.03,6511.87
1718303,Praia Norte,TO,1977,1657.85,1330.76,31.73,21.65,77.76,0.79,1.05,6033.6
1718303,Praia Norte,TO,1978,1274.54,1357.07,31.66,21.48,77.51,0.79,1.13,6116.54
1718303,Praia Norte,TO,1979,1501.22,1354.76,31.98,21.75,79.41,0.73,1.2,6074.6
1718303,Praia Norte,TO,1980,1640.4,1406.15,32.37,21.97,74.88,0.92,1.16,6154.18
1718402,Presidente Kennedy,TO,1961,1192.6,1445.97,32.41,17.44,73.75,0.83,0.74,7108.22
1718402,Presidente Kennedy,TO,1962,1583.22,1437.42,32.5,17.7,76.36,0.76,0.71,7059.53
1718402,Presidente Kennedy,TO,1963,1448.65,1433.58,32.27,17.16,74.51,0.81,0.69,7087.33
1718402,Presidente Kennedy,TO,1964,1814.79,1381.58,31.21,17.64,77.06,0.71,0.71,6842.69
1718402,Presidente Kennedy,TO,1965,1342.36,1389.52,31.35,17.59,76.14,0.74,0.61,7024.66
1718402,Presidente Kennedy,TO,1966,1498.32,1397.4,32.08,17.91,75.25,0.79,0.58,6984.28
1718402,Presidente Kennedy,TO,1967,1761.78,1379.07,31.74,17.4,75.57,0.76,0.6,6914.85
1718402,Presidente Kennedy,TO,1968,1776.72,1374.88,31.46,17.54,75.87,0.75,0.59,6947.78
1718402,Presidente Kennedy,TO,1969,1600.16,1433.48,32.31,18.22,75.06,0.81,0.65,7082.78
1718402,Presidente Kennedy,TO,1970,1451.61,1491.78,33.2,19.04,74.52,0.86,0.88,6957.26
1718402,Presidente Kennedy,TO,1971,1359.08,1456.51,32.5,19.8,73.91,0.89,1.01,6719.44
1718402,Presidente Kennedy,TO,1972,1353.06,1423.35,32.71,20.2,75.0,0.87,0.91,6607.06
1718402,Presidente Kennedy,TO,1973,1709.06,1455.18,32.08,20.12,79.82,0.69,1.18,6820.6
1718402,Presidente Kennedy,TO,1974,2285.71,1353.84,31.43,17.5,79.59,0.63,1.16,6389.87
1718402,Presidente Kennedy,TO,1975,2006.95,1394.12,31.08,19.6,79.41,0.67,1.03,6703.26
1718402,Presidente Kennedy,TO,1976,1930.46,1401.9,31.26,19.66,77.29,0.75,0.95,6729.28
1718402,Presidente Kennedy,TO,1977,1767.92,1370.58,31.01,20.8,77.07,0.78,0.93,6501.87
1718402,Presidente Kennedy,TO,1978,1720.4,1425.75,31.25,21.12,74.09,0.89,1.07,6586.85
1718402,Presidente Kennedy,TO,1979,2242.98,1385.52,31.32,20.7,75.71,0.83,0.95,6554.65
1718402,Presidente Kennedy,TO,1980,2091.58,1409.37,31.87,20.67,72.29,0.97,1.08,6390.28
1718451,Pugmil,TO,1961,1167.02,1541.37,32.91,19.35,69.01,1.07,0.96,7182.06
1718451,Pugmil,TO,1962,1482.47,1499.09,33.3,19.92,71.94,0.99,0.9,6904.96
1718451,Pugmil,TO,1963,1245.54,1508.77,32.83,19.28,70.78,1.0,0.82,7157.55
1718451,Pugmil,TO,1964,1814.85,1429.28,32.03,20.01,74.41,0.87,0.82,6755.82
1718451,Pugmil,TO,1965,1550.02,1438.75,32.44,19.62,73.28,0.91,0.75,6851.86
1718451,Pugmil,TO,1966,1389.37,1471.2,32.86,20.02,72.48,0.96,0.77,6957.74
1718451,Pugmil,TO,1967,1497.5,1448.48,32.64,19.75,72.55,0.95,0.77,6865.68
1718451,Pugmil,TO,1968,1595.54,1437.22,32.36,19.82,73.3,0.92,0.76,6859.66
1718451,Pugmil,TO,1969,1554.43,1498.48,32.98,20.35,73.92,0.92,0.81,7067.07
1718451,Pugmil,TO,1970,1443.94,1516.39,32.88,20.15,73.12,0.94,1.03,6951.77
1718451,Pugmil,TO,1971,1388.73,1470.18,32.14,20.21,72.82,0.93,1.23,6595.81
1718451,Pugmil,TO,1972,1438.26,1514.4,32.99,20.77,72.94,0.97,1.23,6728.96
1718451,Pugmil,TO,1973,1539.92,1522.79,31.04,22.06,76.18,0.84,1.35,7038.48
1718451,Pugmil,TO,1974,1944.12,1417.2,29.59,21.37,74.55,0.84,1.32,6599.74
1718451,Pugmil,TO,1975,1777.53,1504.52,31.85,19.72,74.39,0.86,1.17,6980.98
1718451,Pugmil,TO,1976,1768.33,1443.87,31.9,20.06,75.47,0.83,1.02,6774.83
1718451,Pugmil,TO,1977,1551.52,1409.83,32.11,20.93,76.27,0.84,0.93,6586.85
1718451,Pugmil,TO,1978,1953.21,1421.71,31.87,21.11,74.17,0.91,1.0,6589.37
1718451,Pugmil,TO,1979,2131.32,1405.43,32.26,20.82,73.17,0.94,0.85,6581.67
1718451,Pugmil,TO,1980,2133.45,1402.46,32.41,20.79,72.61,0.97,0.99,6365.15
1718501,Recursolândia,TO,1961,1099.2,1448.68,32.45,17.95,73.06,0.87,0.62,7226.51
1718501,Recursolândia,TO,1962,1419.08,1416.08,32.34,18.32,76.07,0.78,0.48,7107.44
1718501,Recursolândia,TO,1963,1398.84,1411.37,32.19,17.79,75.6,0.78,0.5,7123.93
1718501,Recursolândia,TO,1964,1646.34,1377.85,31.29,18.31,76.64,0.74,0.57,6886.99
1718501,Recursolândia,TO,1965,1188.53,1385.78,31.58,17.99,75.74,0.77,0.47,7035.81
1718501,Recursolândia,TO,1966,1095.16,1358.76,31.92,18.18,75.09,0.8,0.35,6975.8
1718501,Recursolândia,TO,1967,1337.08,1354.66,31.66,17.79,75.32,0.78,0.41,6919.72
1718501,Recursolândia,TO,1968,1406.6,1349.9,31.46,17.79,75.5,0.77,0.38,6948.72
1718501,Recursolândia,TO,1969,1237.81,1406.97,32.22,18.55,74.77,0.83,0.43,7111.37
1718501,Recursolândia,TO,1970,1275.94,1461.73,32.28,18.79,73.0,0.89,0.75,7005.49
1718501,Recursolândia,TO,1971,1277.21,1479.34,31.31,19.88,72.96,0.9,1.19,6759.96
1718501,Recursolândia,TO,1972,1027.2,1437.27,31.75,20.25,74.1,0.88,0.92,6798.86
1718501,Recursolândia,TO,1973,1419.88,1435.53,30.16,21.31,78.63,0.72,1.13,6891.44
1718501,Recursolândia,TO,1974,1799.27,1415.72,30.35,19.47,75.6,0.77,1.18,6699.49
1718501,Recursolândia,TO,1975,1546.18,1478.32,31.01,19.62,74.57,0.83,1.2,6906.68
1718501,Recursolândia,TO,1976,1275.57,1457.48,31.11,19.42,74.85,0.81,1.1,6901.76
1718501,Recursolândia,TO,1977,1684.67,1388.34,30.61,20.51,76.0,0.8,0.97,6632.72
1718501,Recursolândia,TO,1978,1469.12,1427.49,31.08,20.47,73.12,0.9,1.09,6600.36
1718501,Recursolândia,TO,1979,1547.68,1432.92,31.05,20.42,72.9,0.91,1.11,6611.36
1718501,Recursolândia,TO,1980,1726.61,1427.44,31.67,20.31,71.34,0.98,1.08,6500.09
1718550,Riachinho,TO,1961,1381.11,1425.09,32.99,19.7,76.34,0.82,0.57,6961.82
1718550,Riachinho,TO,1962,1546.32,1393.56,32.76,20.08,77.2,0.79,0.51,6795.31
1718550,Riachinho,TO,1963,1460.66,1401.54,32.92,19.8,75.22,0.86,0.51,6848.25
1718550,Riachinho,TO,1964,1635.79,1405.38,32.25,20.09,77.94,0.75,0.56,6859.34
1718550,Riachinho,TO,1965,1311.96,1426.32,32.53,19.52,76.54,0.8,0.47,7106.18
1718550,Riachinho,TO,1966,1591.57,1395.96,32.45,19.75,76.64,0.8,0.38,6988.84
1718550,Riachinho,TO,1967,1640.29,1409.43,32.33,19.34,77.15,0.77,0.57,6922.39
1718550,Riachinho,TO,1968,1720.22,1400.83,32.19,19.34,76.43,0.79,0.52,6941.34
1718550,Riachinho,TO,1969,1323.34,1454.67,33.08,20.21,75.58,0.86,0.52,7120.48
1718550,Riachinho,TO,1970,1613.27,1457.74,32.86,20.2,76.19,0.83,0.74,6887.99
1718550,Riachinho,TO,1971,1511.28,1426.37,32.32,20.78,78.14,0.77,0.89,6715.19
1718550,Riachinho,TO,1972,1522.69,1418.84,32.86,21.16,80.18,0.71,0.77,6735.72
1718550,Riachinho,TO,1973,1968.54,1394.33,31.06,21.67,81.81,0.63,0.82,6769.7
1718550,Riachinho,TO,1974,2126.98,1327.89,31.53,20.29,81.94,0.61,0.8,6406.83
1718550,Riachinho,TO,1975,1714.21,1355.28,31.6,20.57,82.18,0.61,0.79,6545.38
1718550,Riachinho,TO,1976,1413.87,1378.97,31.61,20.71,79.07,0.71,0.87,6562.14
1718550,Riachinho,TO,1977,1761.38,1306.86,31.3,21.67,78.53,0.75,0.92,6091.4
1718550,Riachinho,TO,1978,1429.44,1362.8,31.77,21.44,77.18,0.8,1.03,6217.23
1718550,Riachinho,TO,1979,1765.99,1347.85,31.98,21.53,78.66,0.76,1.03,6152.67
1718550,Riachinho,TO,1980,1613.23,1386.75,32.42,21.67,74.68,0.92,1.07,6153.55
1718659,Rio da Conceição,TO,1961,795.05,1542.34,31.96,17.9,66.65,1.07,0.97,7322.33
1718659,Rio da Conceição,TO,1962,1055.87,1457.33,31.35,17.93,70.39,0.93,0.89,7012.09
1718659,Rio da Conceição,TO,1963,621.04,1494.44,31.59,17.56,69.22,0.97,0.82,7298.77
1718659,Rio da Conceição,TO,1964,1142.19,1383.63,30.47,18.12,73.2,0.82,0.84,6739.64
1718659,Rio da Conceição,TO,1965,900.14,1411.83,30.82,17.65,72.23,0.84,0.86,6858.93
1718659,Rio da Conceição,TO,1966,1182.77,1437.42,31.16,17.55,70.89,0.9,0.86,6983.97
1718659,Rio da Conceição,TO,1967,1212.57,1436.09,31.22,17.93,70.11,0.93,0.86,6924.12
1718659,Rio da Conceição,TO,1968,1452.07,1418.33,31.0,17.64,69.45,0.94,0.84,6876.78
1718659,Rio da Conceição,TO,1969,1191.74,1491.11,31.74,18.66,70.09,0.97,0.88,7129.27
1718659,Rio da Conceição,TO,1970,1226.55,1496.89,30.95,18.38,69.19,0.96,1.03,7145.93
1718659,Rio da Conceição,TO,1971,1253.59,1425.75,30.39,18.75,71.44,0.89,1.16,6672.94
1718659,Rio da Conceição,TO,1972,1182.24,1457.33,31.27,19.22,70.57,0.96,1.14,6715.29
1718659,Rio da Conceição,TO,1973,1636.1,1534.67,29.64,20.34,71.94,0.9,1.32,7295.0
1718659,Rio da Conceição,TO,1974,1898.91,1469.05,29.12,19.14,70.86,0.89,1.26,7035.49
1718659,Rio da Conceição,TO,1975,1348.4,1523.41,30.45,18.34,69.13,0.95,1.16,7222.43
1718659,Rio da Conceição,TO,1976,1666.26,1431.74,30.37,18.61,71.41,0.89,0.99,6891.07
1718659,Rio da Conceição,TO,1977,1612.48,1441.62,30.58,19.28,71.55,0.91,1.11,6769.86
1718659,Rio da Conceição,TO,1978,1758.02,1388.44,29.57,19.1,71.84,0.87,1.06,6660.37
1718659,Rio da Conceição,TO,1979,1891.2,1401.54,30.49,18.95,69.52,0.97,0.89,6736.87
1718659,Rio da Conceição,TO,1980,1936.82,1390.54,30.64,18.64,69.54,0.96,0.97,6541.56
1718709,Rio dos Bois,TO,1961,1164.9,1486.71,32.71,18.32,71.74,0.93,0.82,7194.94
1718709,Rio dos Bois,TO,1962,1471.6,1444.07,32.82,18.69,74.62,0.85,0.73,6944.38
1718709,Rio dos Bois,TO,1963,1536.57,1464.8,32.54,18.16,72.26,0.91,0.72,7133.99
1718709,Rio dos Bois,TO,1964,1834.11,1392.79,31.59,18.7,75.62,0.79,0.71,6788.65
1718709,Rio dos Bois,TO,1965,1542.47,1396.89,31.82,18.36,74.69,0.82,0.63,6902.44
1718709,Rio dos Bois,TO,1966,1392.81,1419.76,32.47,18.61,73.82,0.87,0.63,6929.62
1718709,Rio dos Bois,TO,1967,1587.28,1404.26,32.18,18.28,73.01,0.88,0.64,6872.12
1718709,Rio dos Bois,TO,1968,1566.38,1390.44,31.92,18.44,73.8,0.85,0.61,6885.58
1718709,Rio dos Bois,TO,1969,1460.79,1449.19,32.68,19.06,73.85,0.88,0.66,7054.66
1718709,Rio dos Bois,TO,1970,1430.86,1501.91,33.06,19.55,73.7,0.9,0.86,7043.35
1718709,Rio dos Bois,TO,1971,1396.76,1453.44,32.4,20.01,73.71,0.9,1.05,6656.92
1718709,Rio dos Bois,TO,1972,1406.3,1462.76,32.82,20.48,74.43,0.9,1.0,6730.69
1718709,Rio dos Bois,TO,1973,1496.96,1487.83,31.72,20.98,77.97,0.76,1.17,6984.44
1718709,Rio dos Bois,TO,1974,1934.42,1394.12,30.93,18.91,75.05,0.79,1.16,6514.44
1718709,Rio dos Bois,TO,1975,1884.95,1477.96,31.43,19.68,74.96,0.83,1.16,6872.44
1718709,Rio dos Bois,TO,1976,1961.03,1443.0,31.57,19.79,75.64,0.81,1.04,6817.87
1718709,Rio dos Bois,TO,1977,1915.26,1385.52,31.04,20.95,77.12,0.78,0.97,6558.42
1718709,Rio dos Bois,TO,1978,1787.15,1430.31,31.08,21.21,74.17,0.89,1.12,6620.78
1718709,Rio dos Bois,TO,1979,2267.87,1391.46,31.36,20.82,73.9,0.89,0.91,6582.61
1718709,Rio dos Bois,TO,1980,2136.08,1412.6,31.88,20.73,72.32,0.97,1.06,6419.19
1718758,Rio Sono,TO,1961,1044.37,1532.67,33.14,18.78,68.32,1.07,0.88,7215.2
1718758,Rio Sono,TO,1962,1341.6,1473.86,33.1,19.14,71.5,0.97,0.8,6950.51
1718758,Rio Sono,TO,1963,1452.27,1485.63,32.88,18.52,70.71,0.98,0.74,7154.41
1718758,Rio Sono,TO,1964,1452.53,1413.52,31.9,19.2,74.09,0.85,0.76,6794.62
1718758,Rio Sono,TO,1965,1512.69,1409.94,32.26,18.77,73.18,0.89,0.61,6898.04
1718758,Rio Sono,TO,1966,1175.77,1417.46,32.78,18.86,71.63,0.96,0.56,6936.53
1718758,Rio Sono,TO,1967,1336.47,1407.99,32.54,18.91,72.01,0.94,0.58,6885.95
1718758,Rio Sono,TO,1968,1380.55,1394.58,32.28,18.91,73.01,0.9,0.54,6897.36
1718758,Rio Sono,TO,1969,1111.15,1456.1,32.92,19.66,73.41,0.92,0.6,7072.72
1718758,Rio Sono,TO,1970,1176.84,1507.39,32.76,19.7,72.41,0.94,0.86,7074.77
1718758,Rio Sono,TO,1971,1264.71,1483.28,31.97,20.14,72.6,0.93,1.2,6688.65
1718758,Rio Sono,TO,1972,1285.75,1478.78,32.65,20.59,72.66,0.96,1.07,6725.98
1718758,Rio Sono,TO,1973,1159.09,1518.7,31.02,21.65,75.75,0.84,1.3,7060.47
1718758,Rio Sono,TO,1974,1514.7,1468.64,30.45,20.17,74.12,0.84,1.3,6844.01
1718758,Rio Sono,TO,1975,1688.1,1509.38,31.52,19.64,74.27,0.85,1.21,7009.42
1718758,Rio Sono,TO,1976,1795.98,1457.33,31.62,19.73,74.97,0.83,1.06,6855.89
1718758,Rio Sono,TO,1977,1636.73,1398.98,31.2,20.75,76.34,0.81,0.98,6604.29
1718758,Rio Sono,TO,1978,1510.48,1444.84,31.39,20.87,73.21,0.92,1.12,6647.33
1718758,Rio Sono,TO,1979,1759.59,1408.3,31.47,20.74,72.53,0.94,0.94,6616.86
1718758,Rio Sono,TO,1980,1738.39,1417.67,32.03,20.56,71.68,0.99,1.03,6476.99
1718808,Sampaio,TO,1961,1654.16,1444.38,32.96,20.43,79.15,0.74,0.64,6941.56
1718808,Sampaio,TO,1962,1462.85,1404.92,32.7,20.78,80.04,0.71,0.63,6741.74
1718808,Sampaio,TO,1963,1361.93,1403.64,32.99,20.57,78.89,0.75,0.58,6739.39
1718808,Sampaio,TO,1964,1412.99,1445.71,32.48,20.81,79.82,0.71,0.76,6878.98
1718808,Sampaio,TO,1965,1222.75,1479.65,32.82,20.59,76.41,0.84,0.68,7123.62
1718808,Sampaio,TO,1966,1535.88,1409.68,32.4,21.03,76.82,0.82,0.48,6892.39
1718808,Sampaio,TO,1967,1551.1,1448.89,32.39,20.54,77.84,0.77,0.7,6956.64
1718808,Sampaio,TO,1968,1315.65,1435.02,32.32,20.57,78.91,0.74,0.66,6940.08
1718808,Sampaio,TO,1969,1333.78,1498.99,33.3,21.56,78.15,0.8,0.66,7148.44
1718808,Sampaio,TO,1970,1219.3,1471.87,32.98,20.88,78.65,0.76,0.8,6916.26
1718808,Sampaio,TO,1971,1335.51,1446.58,32.9,20.56,82.19,0.63,0.98,6842.75
1718808,Sampaio,TO,1972,1224.5,1426.26,33.68,20.98,83.43,0.61,0.77,6720.32
1718808,Sampaio,TO,1973,1704.7,1383.02,31.49,21.22,81.88,0.63,0.86,6653.77
1718808,Sampaio,TO,1974,2065.11,1354.61,31.66,20.56,82.05,0.61,0.9,6492.29
1718808,Sampaio,TO,1975,1799.03,1375.65,31.86,20.46,82.01,0.61,0.99,6531.4
1718808,Sampaio,TO,1976,1578.18,1396.22,31.72,21.1,79.12,0.72,1.02,6527.1
1718808,Sampaio,TO,1977,1656.98,1332.91,31.72,21.8,78.56,0.76,1.04,6081.04
1718808,Sampaio,TO,1978,1272.52,1362.13,31.79,21.63,77.87,0.78,1.12,6151.57
1718808,Sampaio,TO,1979,1517.74,1343.66,32.08,21.89,80.24,0.71,1.16,6069.73
1718808,Sampaio,TO,1980,1639.81,1411.63,32.5,22.09,75.26,0.91,1.15,6192.2
1718840,Sandolândia,TO,1961,1243.13,1543.72,33.24,19.82,70.98,1.03,1.0,7135.24
1718840,Sandolândia,TO,1962,1537.49,1532.72,33.11,19.86,71.91,0.98,1.13,6890.35
1718840,Sandolândia,TO,1963,1089.67,1628.12,33.57,19.95,67.81,1.15,1.18,7264.53
1718840,Sandolândia,TO,1964,1868.59,1468.28,32.12,20.19,74.18,0.88,1.1,6743.26
1718840,Sandolândia,TO,1965,1659.48,1473.3,32.44,20.06,73.63,0.91,1.09,6765.62
1718840,Sandolândia,TO,1966,1526.16,1550.53,33.35,19.47,70.82,1.02,1.15,6961.66
1718840,Sandolândia,TO,1967,1278.99,1547.31,33.12,19.89,70.1,1.05,1.2,6865.53
1718840,Sandolândia,TO,1968,1696.09,1531.95,32.74,19.85,68.94,1.08,1.16,6869.87
1718840,Sandolândia,TO,1969,1248.91,1566.55,33.03,20.84,69.77,1.08,1.12,7074.29
1718840,Sandolândia,TO,1970,1317.11,1548.84,32.67,20.56,69.93,1.05,1.19,6948.62
1718840,Sandolândia,TO,1971,1462.01,1470.69,32.18,20.5,69.78,1.04,1.15,6558.74
1718840,Sandolândia,TO,1972,1489.06,1557.03,33.17,20.6,68.07,1.14,1.25,6756.45
1718840,Sandolândia,TO,1973,1554.92,1518.65,31.73,21.88,71.82,1.01,1.31,6763.58
1718840,Sandolândia,TO,1974,1562.89,1485.12,31.25,20.75,70.74,0.99,1.29,6675.29
1718840,Sandolândia,TO,1975,1543.36,1514.09,32.18,19.8,68.93,1.05,1.05,7007.22
1718840,Sandolândia,TO,1976,1566.94,1428.57,31.97,19.93,72.42,0.93,0.91,6706.18
1718840,Sandolândia,TO,1977,1742.24,1443.2,32.22,20.73,72.04,0.98,1.05,6554.49
1718840,Sandolândia,TO,1978,1777.33,1417.31,31.42,20.73,70.35,1.01,1.04,6485.06
1718840,Sandolândia,TO,1979,1684.24,1403.33,32.24,20.52,70.18,1.03,0.88,6512.87
1718840,Sandolândia,TO,1980,2189.79,1409.63,32.45,20.49,68.92,1.09,0.95,6351.32
1718865,Santa Fé do Araguaia,TO,1961,1230.01,1432.56,32.71,18.26,76.35,0.78,0.72,6983.81
1718865,Santa Fé do Araguaia,TO,1962,1570.45,1407.84,32.73,18.61,77.18,0.76,0.73,6782.11
1718865,Santa Fé do Araguaia,TO,1963,1478.73,1406.15,32.64,18.17,75.17,0.82,0.66,6863.17
1718865,Santa Fé do Araguaia,TO,1964,1734.46,1390.49,31.69,18.56,77.96,0.71,0.67,6842.85
1718865,Santa Fé do Araguaia,TO,1965,1390.41,1408.15,31.87,18.42,76.44,0.76,0.58,7046.96
1718865,Santa Fé do Araguaia,TO,1966,1531.82,1400.57,32.31,18.7,75.83,0.8,0.52,6972.34
1718865,Santa Fé do Araguaia,TO,1967,1911.04,1398.47,32.02,18.22,76.1,0.77,0.57,6972.19
1718865,Santa Fé do Araguaia,TO,1968,1887.67,1397.81,31.7,18.31,76.54,0.75,0.64,6955.01
1718865,Santa Fé do Araguaia,TO,1969,1694.51,1460.71,32.64,19.06,75.61,0.82,0.68,7126.13
1718865,Santa Fé do Araguaia,TO,1970,1747.34,1481.03,33.21,19.52,75.89,0.83,0.87,6897.89
1718865,Santa Fé do Araguaia,TO,1971,1566.58,1440.59,32.53,20.24,78.12,0.76,1.02,6702.16
1718865,Santa Fé do Araguaia,TO,1972,1485.56,1397.7,32.93,20.66,79.75,0.72,0.94,6496.47
1718865,Santa Fé do Araguaia,TO,1973,1901.57,1397.7,31.72,20.67,83.53,0.56,0.89,6779.13
1718865,Santa Fé do Araguaia,TO,1974,1919.48,1299.85,31.59,18.71,83.02,0.55,0.87,6293.26
1718865,Santa Fé do Araguaia,TO,1975,1670.85,1323.7,31.26,20.07,83.5,0.55,0.83,6440.45
1718865,Santa Fé do Araguaia,TO,1976,1630.61,1353.84,31.39,20.33,79.99,0.67,0.86,6501.34
1718865,Santa Fé do Araguaia,TO,1977,1689.67,1305.58,31.1,21.33,79.1,0.72,0.86,6180.31
1718865,Santa Fé do Araguaia,TO,1978,1496.8,1360.5,31.57,21.42,77.71,0.78,0.98,6292.47
1718865,Santa Fé do Araguaia,TO,1979,1870.73,1329.22,31.61,21.09,79.38,0.71,0.94,6213.3
1718865,Santa Fé do Araguaia,TO,1980,1638.03,1373.34,32.1,21.14,75.67,0.86,1.06,6196.12
1718881,Santa Maria do Tocantins,TO,1961,1155.21,1479.65,32.72,18.36,71.82,0.93,0.72,7213.47
1718881,Santa Maria do Tocantins,TO,1962,1514.99,1458.05,32.69,18.69,74.71,0.84,0.69,7091.1
1718881,Santa Maria do Tocantins,TO,1963,1544.46,1460.35,32.5,18.22,72.39,0.91,0.7,7122.52
1718881,Santa Maria do Tocantins,TO,1964,1845.15,1399.39,31.55,18.72,75.69,0.78,0.69,6854.94
1718881,Santa Maria do Tocantins,TO,1965,1349.66,1408.04,31.77,18.28,75.81,0.78,0.61,7022.77
1718881,Santa Maria do Tocantins,TO,1966,1107.08,1423.19,32.36,18.53,75.1,0.82,0.62,6990.88
1718881,Santa Maria do Tocantins,TO,1967,1306.0,1401.8,32.07,18.09,75.31,0.79,0.62,6920.51
1718881,Santa Maria do Tocantins,TO,1968,1376.79,1383.58,31.83,18.16,75.55,0.78,0.59,6897.67
1718881,Santa Maria do Tocantins,TO,1969,1184.82,1443.56,32.51,18.86,74.75,0.84,0.63,7076.96
1718881,Santa Maria do Tocantins,TO,1970,1263.8,1482.82,32.87,19.35,74.43,0.87,0.82,7007.06
1718881,Santa Maria do Tocantins,TO,1971,1277.27,1484.66,32.13,20.12,73.24,0.91,1.16,6711.27
1718881,Santa Maria do Tocantins,TO,1972,1436.82,1447.91,32.54,20.45,74.54,0.89,0.95,6736.82
1718881,Santa Maria do Tocantins,TO,1973,1562.2,1479.7,31.2,21.19,77.94,0.76,1.37,6860.66
1718881,Santa Maria do Tocantins,TO,1974,2052.4,1433.07,30.89,19.18,75.93,0.77,1.31,6673.72
1718881,Santa Maria do Tocantins,TO,1975,1813.73,1476.32,31.35,19.8,75.96,0.8,1.23,6864.58
1718881,Santa Maria do Tocantins,TO,1976,1805.2,1442.03,31.43,19.72,76.08,0.79,1.1,6802.48
1718881,Santa Maria do Tocantins,TO,1977,1727.94,1381.02,30.89,20.97,76.57,0.8,0.92,6571.93
1718881,Santa Maria do Tocantins,TO,1978,1658.51,1426.37,31.0,21.17,73.58,0.9,1.06,6627.07
1718881,Santa Maria do Tocantins,TO,1979,2231.89,1411.98,31.25,20.82,73.81,0.89,1.0,6605.39
1718881,Santa Maria do Tocantins,TO,1980,1960.61,1418.28,31.82,20.7,72.04,0.98,1.04,6470.4
1718899,Santa Rita do Tocantins,TO,1961,1117.58,1555.39,33.14,19.42,68.44,1.1,0.99,7186.77
1718899,Santa Rita do Tocantins,TO,1962,1387.94,1510.35,33.42,19.92,71.41,1.01,0.94,6908.57
1718899,Santa Rita do Tocantins,TO,1963,1195.53,1531.95,33.06,19.3,69.91,1.04,0.85,7224.16
1718899,Santa Rita do Tocantins,TO,1964,1802.49,1435.43,32.18,20.02,74.03,0.89,0.86,6739.49
1718899,Santa Rita do Tocantins,TO,1965,1533.84,1445.92,32.55,19.64,72.77,0.93,0.81,6825.94
1718899,Santa Rita do Tocantins,TO,1966,1372.71,1489.88,33.07,19.85,72.22,0.97,0.85,6969.52
1718899,Santa Rita do Tocantins,TO,1967,1451.35,1470.13,32.87,19.74,72.27,0.96,0.85,6883.75
1718899,Santa Rita do Tocantins,TO,1968,1556.05,1454.06,32.58,19.85,72.93,0.93,0.84,6859.19
1718899,Santa Rita do Tocantins,TO,1969,1524.21,1511.99,33.12,20.43,73.93,0.93,0.88,7062.2
1718899,Santa Rita do Tocantins,TO,1970,1322.84,1525.35,32.99,20.25,72.91,0.95,1.08,6935.43
1718899,Santa Rita do Tocantins,TO,1971,1417.9,1464.5,32.24,20.37,72.42,0.95,1.17,6616.54
1718899,Santa Rita do Tocantins,TO,1972,1482.26,1540.14,33.12,20.83,71.53,1.03,1.27,6761.48
1718899,Santa Rita do Tocantins,TO,1973,1547.35,1514.65,31.34,22.06,75.8,0.86,1.38,6905.43
1718899,Santa Rita do Tocantins,TO,1974,1675.78,1426.26,30.11,21.13,74.23,0.86,1.32,6581.83
1718899,Santa Rita do Tocantins,TO,1975,1653.27,1512.91,31.98,19.79,73.77,0.88,1.15,7025.13
1718899,Santa Rita do Tocantins,TO,1976,1531.66,1446.53,32.02,20.06,75.13,0.84,1.01,6783.78
1718899,Santa Rita do Tocantins,TO,1977,1502.5,1418.79,32.19,20.9,75.88,0.85,0.98,6598.64
1718899,Santa Rita do Tocantins,TO,1978,1800.42,1424.37,31.82,21.08,73.82,0.92,1.03,6585.91
1718899,Santa Rita do Tocantins,TO,1979,1839.06,1401.34,32.35,20.79,73.0,0.95,0.84,6576.17
1718899,Santa Rita do Tocantins,TO,1980,1772.77,1404.05,32.5,20.77,72.23,0.99,0.98,6369.86
1718907,Santa Rosa do Tocantins,TO,1961,999.33,1566.4,33.12,19.47,67.36,1.14,0.99,7238.29
1718907,Santa Rosa do Tocantins,TO,1962,1277.54,1515.47,33.33,19.96,70.72,1.04,0.93,6948.47
1718907,Santa Rosa do Tocantins,TO,1963,1009.59,1534.67,33.03,19.36,69.13,1.07,0.84,7246.93
1718907,Santa Rosa do Tocantins,TO,1964,1573.22,1436.5,32.12,20.06,73.34,0.91,0.85,6746.24
1718907,Santa Rosa do Tocantins,TO,1965,1448.24,1459.17,32.51,19.69,72.47,0.94,0.85,6856.42
1718907,Santa Rosa do Tocantins,TO,1966,1352.01,1497.87,33.09,19.66,71.19,1.01,0.87,6998.42
1718907,Santa Rosa do Tocantins,TO,1967,1191.02,1476.17,32.9,19.75,71.44,0.99,0.87,6890.82
1718907,Santa Rosa do Tocantins,TO,1968,1608.93,1465.52,32.61,19.9,71.51,0.99,0.86,6881.02
1718907,Santa Rosa do Tocantins,TO,1969,1389.98,1527.55,33.03,20.5,72.51,0.98,0.92,7112.78
1718907,Santa Rosa do Tocantins,TO,1970,1384.45,1543.88,32.83,20.22,71.84,0.98,1.11,7041.62
1718907,Santa Rosa do Tocantins,TO,1971,1341.7,1477.8,32.13,20.28,71.75,0.97,1.22,6628.01
1718907,Santa Rosa do Tocantins,TO,1972,1423.95,1539.83,33.01,20.66,70.43,1.06,1.26,6759.44
1718907,Santa Rosa do Tocantins,TO,1973,1611.81,1535.79,31.38,21.9,74.68,0.9,1.39,6992.61
1718907,Santa Rosa do Tocantins,TO,1974,1778.32,1465.37,30.09,21.07,73.85,0.87,1.32,6847.93
1718907,Santa Rosa do Tocantins,TO,1975,1581.2,1540.4,31.94,19.64,70.25,1.0,1.15,7112.78
1718907,Santa Rosa do Tocantins,TO,1976,1600.41,1458.87,31.94,19.88,72.29,0.93,0.99,6838.45
1718907,Santa Rosa do Tocantins,TO,1977,1733.03,1445.25,32.14,20.77,73.35,0.94,1.01,6679.85
1718907,Santa Rosa do Tocantins,TO,1978,1854.27,1433.74,31.61,20.88,71.42,0.99,1.04,6621.73
1718907,Santa Rosa do Tocantins,TO,1979,1756.15,1412.75,32.3,20.59,71.29,1.0,0.83,6636.18
1718907,Santa Rosa do Tocantins,TO,1980,2028.73,1399.5,32.42,20.59,70.86,1.03,0.88,6452.33
1719004,Santa Tereza do Tocantins,TO,1961,1084.95,1532.98,32.86,19.03,68.14,1.08,0.89,7226.98
1719004,Santa Tereza do Tocantins,TO,1962,1318.97,1481.39,33.04,19.51,71.36,0.99,0.81,6956.01
1719004,Santa Tereza do Tocantins,TO,1963,1451.84,1493.77,32.7,18.88,70.37,1.0,0.75,7192.89
1719004,Santa Tereza do Tocantins,TO,1964,1442.92,1419.41,31.82,19.6,73.91,0.87,0.77,6789.91
1719004,Santa Tereza do Tocantins,TO,1965,1539.35,1421.96,32.22,19.2,73.13,0.9,0.65,6883.43
1719004,Santa Tereza do Tocantins,TO,1966,1321.72,1438.55,32.68,19.44,71.55,0.97,0.61,6981.46
1719004,Santa Tereza do Tocantins,TO,1967,1420.54,1421.45,32.45,19.35,71.99,0.95,0.63,6897.57
1719004,Santa Tereza do Tocantins,TO,1968,1541.48,1403.28,32.18,19.39,72.84,0.91,0.59,6873.95
1719004,Santa Tereza do Tocantins,TO,1969,1292.05,1469.05,32.79,20.02,73.41,0.92,0.65,7093.62
1719004,Santa Tereza do Tocantins,TO,1970,1323.9,1521.97,32.63,19.85,72.28,0.95,0.9,7140.27
1719004,Santa Tereza do Tocantins,TO,1971,1264.18,1466.95,31.87,20.0,72.23,0.94,1.19,6634.45
1719004,Santa Tereza do Tocantins,TO,1972,1352.31,1495.1,32.7,20.51,72.26,0.98,1.16,6718.44
1719004,Santa Tereza do Tocantins,TO,1973,1245.05,1521.15,30.85,21.76,75.57,0.85,1.31,7077.75
1719004,Santa Tereza do Tocantins,TO,1974,1371.3,1453.85,29.72,20.82,74.05,0.84,1.28,6851.55
1719004,Santa Tereza do Tocantins,TO,1975,1778.37,1509.64,31.61,19.52,73.63,0.87,1.18,7013.34
1719004,Santa Tereza do Tocantins,TO,1976,1619.89,1446.17,31.68,19.8,74.71,0.84,1.02,6801.06
1719004,Santa Tereza do Tocantins,TO,1977,1746.36,1428.26,31.69,20.6,76.2,0.82,1.0,6714.25
1719004,Santa Tereza do Tocantins,TO,1978,1737.04,1433.84,31.43,20.77,73.77,0.9,1.07,6659.43
1719004,Santa Tereza do Tocantins,TO,1979,2035.92,1409.83,31.81,20.59,72.44,0.95,0.9,6600.36
1719004,Santa Tereza do Tocantins,TO,1980,2035.64,1406.92,32.12,20.45,71.49,0.99,0.92,6509.51
1720002,Santa Terezinha do Tocantins,TO,1961,1268.45,1413.21,32.2,19.08,75.12,0.83,0.58,6972.97
1720002,Santa Terezinha do Tocantins,TO,1962,1523.79,1374.37,31.9,19.42,76.85,0.77,0.5,6808.03
1720002,Santa Terezinha do Tocantins,TO,1963,1427.17,1383.37,32.1,19.16,75.1,0.83,0.5,6856.73
1720002,Santa Terezinha do Tocantins,TO,1964,1441.78,1394.22,31.47,19.43,77.58,0.73,0.56,6903.96
1720002,Santa Terezinha do Tocantins,TO,1965,1250.7,1406.2,31.75,18.79,76.42,0.77,0.47,7106.34
1720002,Santa Terezinha do Tocantins,TO,1966,1451.52,1377.33,31.61,18.99,76.59,0.77,0.38,6999.05
1720002,Santa Terezinha do Tocantins,TO,1967,1706.19,1376.46,31.55,18.58,77.02,0.74,0.49,6919.41
1720002,Santa Terezinha do Tocantins,TO,1968,1743.91,1378.77,31.46,18.58,76.29,0.76,0.5,6937.26
1720002,Santa Terezinha do Tocantins,TO,1969,1413.85,1430.41,32.29,19.46,75.53,0.82,0.5,7116.71
1720002,Santa Terezinha do Tocantins,TO,1970,1598.44,1428.16,31.96,19.44,76.05,0.8,0.71,6862.86
1720002,Santa Terezinha do Tocantins,TO,1971,1503.39,1442.69,31.46,20.01,77.51,0.75,1.01,6825.63
1720002,Santa Terezinha do Tocantins,TO,1972,1527.83,1400.37,32.0,20.39,80.12,0.68,0.79,6740.9
1720002,Santa Terezinha do Tocantins,TO,1973,1963.23,1377.13,30.16,21.17,81.67,0.61,0.84,6780.23
1720002,Santa Terezinha do Tocantins,TO,1974,2092.72,1318.83,30.82,19.64,81.72,0.59,0.82,6434.95
1720002,Santa Terezinha do Tocantins,TO,1975,1775.09,1359.93,30.96,19.79,81.89,0.59,0.95,6558.74
1720002,Santa Terezinha do Tocantins,TO,1976,1535.41,1376.16,30.9,19.76,78.39,0.7,0.99,6597.16
1720002,Santa Terezinha do Tocantins,TO,1977,1823.36,1314.74,30.55,20.88,76.33,0.79,0.94,6190.21
1720002,Santa Terezinha do Tocantins,TO,1978,1432.56,1364.59,31.01,20.54,75.22,0.83,1.05,6275.04
1720002,Santa Terezinha do Tocantins,TO,1979,1701.44,1349.95,31.28,20.74,77.53,0.76,1.09,6180.63
1720002,Santa Terezinha do Tocantins,TO,1980,1641.12,1381.02,31.67,20.91,73.94,0.91,1.08,6216.86
1720101,São Bento do Tocantins,TO,1961,1576.15,1425.96,32.74,20.03,78.57,0.75,0.59,6936.53
1720101,São Bento do Tocantins,TO,1962,1520.14,1390.64,32.46,20.4,79.4,0.72,0.54,6764.52
1720101,São Bento do Tocantins,TO,1963,1422.98,1392.38,32.72,20.18,78.21,0.76,0.51,6798.45
1720101,São Bento do Tocantins,TO,1964,1464.96,1408.45,32.19,20.42,79.47,0.71,0.57,6864.06
1720101,São Bento do Tocantins,TO,1965,1240.86,1436.96,32.52,20.09,76.41,0.82,0.48,7107.28
1720101,São Bento do Tocantins,TO,1966,1543.79,1400.52,32.17,20.46,76.81,0.8,0.39,6976.9
1720101,São Bento do Tocantins,TO,1967,1532.87,1414.95,32.13,19.98,77.57,0.76,0.58,6920.35
1720101,São Bento do Tocantins,TO,1968,1317.38,1407.94,32.07,20.02,78.45,0.74,0.54,6932.39
1720101,São Bento do Tocantins,TO,1969,1354.9,1460.66,33.01,20.97,77.64,0.8,0.53,7104.93
1720101,São Bento do Tocantins,TO,1970,1387.4,1444.43,32.69,20.47,78.41,0.76,0.69,6888.15
1720101,São Bento do Tocantins,TO,1971,1479.38,1441.82,32.48,20.45,80.13,0.69,0.93,6834.11
1720101,São Bento do Tocantins,TO,1972,1387.27,1420.58,33.16,20.86,81.35,0.67,0.77,6728.49
1720101,São Bento do Tocantins,TO,1973,1875.0,1385.17,31.37,21.19,81.84,0.63,0.88,6667.6
1720101,São Bento do Tocantins,TO,1974,2010.35,1331.17,31.42,20.17,82.09,0.6,0.9,6402.43
1720101,São Bento do Tocantins,TO,1975,1692.8,1369.3,31.57,20.3,82.29,0.6,0.98,6541.93
1720101,São Bento do Tocantins,TO,1976,1511.68,1394.07,31.58,20.64,78.67,0.73,1.0,6553.81
1720101,São Bento do Tocantins,TO,1977,1650.3,1338.49,31.49,21.49,76.7,0.81,1.01,6135.54
1720101,São Bento do Tocantins,TO,1978,1275.52,1380.92,31.59,21.3,75.69,0.85,1.13,6214.24
1720101,São Bento do Tocantins,TO,1979,1567.32,1357.22,31.9,21.53,78.72,0.75,1.14,6120.78
1720101,São Bento do Tocantins,TO,1980,1501.54,1406.1,32.29,21.74,74.09,0.94,1.15,6175.54
1720150,São Félix do Tocantins,TO,1961,857.52,1525.35,32.51,17.74,67.67,1.04,0.89,7280.86
1720150,São Félix do Tocantins,TO,1962,1091.99,1459.02,32.12,17.98,71.06,0.93,0.8,7036.12
1720150,São Félix do Tocantins,TO,1963,1328.68,1474.07,32.09,17.34,70.45,0.93,0.74,7233.58
1720150,São Félix do Tocantins,TO,1964,1336.38,1391.61,31.01,18.06,73.74,0.81,0.77,6805.78
1720150,São Félix do Tocantins,TO,1965,1376.62,1423.14,31.42,17.9,71.83,0.88,0.79,6914.22
1720150,São Félix do Tocantins,TO,1966,1171.4,1436.24,31.87,17.75,70.17,0.94,0.78,6966.38
1720150,São Félix do Tocantins,TO,1967,1293.04,1429.39,31.8,18.14,69.95,0.96,0.76,6922.08
1720150,São Félix do Tocantins,TO,1968,1265.36,1415.67,31.56,18.04,69.52,0.96,0.76,6860.76
1720150,São Félix do Tocantins,TO,1969,1092.35,1483.94,32.23,18.72,69.92,0.99,0.8,7102.57
1720150,São Félix do Tocantins,TO,1970,1098.64,1508.92,31.77,18.51,69.08,0.99,0.98,7146.55
1720150,São Félix do Tocantins,TO,1971,1216.26,1463.47,30.93,19.34,72.11,0.9,1.21,6738.6
1720150,São Félix do Tocantins,TO,1972,1138.77,1466.13,31.61,19.58,71.43,0.95,1.14,6721.26
1720150,São Félix do Tocantins,TO,1973,1033.63,1513.02,29.99,21.01,74.79,0.83,1.36,7128.33
1720150,São Félix do Tocantins,TO,1974,1494.69,1455.49,28.9,20.05,71.08,0.9,1.31,6902.76
1720150,São Félix do Tocantins,TO,1975,1733.48,1556.93,31.05,18.96,67.87,1.03,1.24,7149.85
1720150,São Félix do Tocantins,TO,1976,1454.48,1503.8,31.23,18.97,69.54,0.98,1.06,7068.11
1720150,São Félix do Tocantins,TO,1977,1454.17,1451.44,30.77,19.27,70.61,0.94,1.07,6814.32
1720150,São Félix do Tocantins,TO,1978,1378.17,1435.37,30.67,19.22,70.17,0.95,1.06,6752.11
1720150,São Félix do Tocantins,TO,1979,1383.76,1444.84,30.8,19.53,69.4,0.99,1.0,6835.68
1720150,São Félix do Tocantins,TO,1980,1553.79,1431.84,31.39,19.18,70.0,0.98,1.04,6640.84
1720200,São Miguel do Tocantins,TO,1961,1540.91,1441.67,32.85,20.39,78.04,0.78,0.6,6970.93
1720200,São Miguel do Tocantins,TO,1962,1458.18,1403.28,32.53,20.77,78.48,0.76,0.57,6777.56
1720200,São Miguel do Tocantins,TO,1963,1374.32,1405.64,32.84,20.55,78.3,0.77,0.57,6765.46
1720200,São Miguel do Tocantins,TO,1964,1426.85,1447.5,32.36,20.81,79.62,0.71,0.68,6978.57
1720200,São Miguel do Tocantins,TO,1965,1216.66,1463.27,32.71,20.66,76.35,0.84,0.57,7128.33
1720200,São Miguel do Tocantins,TO,1966,1425.06,1415.72,32.15,21.2,76.82,0.82,0.45,6964.96
1720200,São Miguel do Tocantins,TO,1967,1527.45,1439.93,32.21,20.7,77.69,0.78,0.64,6958.84
1720200,São Miguel do Tocantins,TO,1968,1229.28,1426.93,32.14,20.69,78.59,0.75,0.61,6932.39
1720200,São Miguel do Tocantins,TO,1969,1222.48,1492.75,33.18,21.74,77.85,0.82,0.62,7139.17
1720200,São Miguel do Tocantins,TO,1970,1222.86,1463.06,32.92,20.96,78.47,0.77,0.74,6892.7
1720200,São Miguel do Tocantins,TO,1971,1335.99,1468.18,32.95,20.41,78.94,0.74,0.98,6833.17
1720200,São Miguel do Tocantins,TO,1972,1201.26,1429.28,33.75,20.83,83.44,0.6,0.78,6726.76
1720200,São Miguel do Tocantins,TO,1973,1729.37,1399.75,31.98,21.31,81.77,0.64,0.88,6662.73
1720200,São Miguel do Tocantins,TO,1974,2012.68,1363.36,31.94,20.38,81.9,0.62,0.92,6501.4
1720200,São Miguel do Tocantins,TO,1975,1748.33,1391.2,32.2,20.31,81.79,0.62,1.02,6545.23
1720200,São Miguel do Tocantins,TO,1976,1552.01,1401.8,31.87,20.63,78.73,0.73,1.04,6532.29
1720200,São Miguel do Tocantins,TO,1977,1656.29,1332.5,31.81,21.75,77.54,0.8,1.01,6055.27
1720200,São Miguel do Tocantins,TO,1978,1246.47,1369.4,31.71,21.59,77.09,0.81,1.14,6158.48
1720200,São Miguel do Tocantins,TO,1979,1482.87,1371.4,32.06,21.82,78.43,0.77,1.22,6099.1
1720200,São Miguel do Tocantins,TO,1980,1674.5,1414.9,32.41,22.07,74.29,0.94,1.14,6193.3
1720259,São Salvador do Tocantins,TO,1961,1026.02,1608.01,33.3,19.93,65.93,1.21,1.14,7224.0
1720259,São Salvador do Tocantins,TO,1962,1389.88,1552.63,32.83,19.78,69.53,1.05,1.19,6930.72
1720259,São Salvador do Tocantins,TO,1963,938.72,1643.43,33.27,19.78,64.33,1.25,1.21,7277.09
1720259,São Salvador do Tocantins,TO,1964,1636.3,1485.12,31.97,20.22,72.08,0.95,1.16,6739.01
1720259,São Salvador do Tocantins,TO,1965,1448.56,1490.09,32.25,19.96,71.83,0.96,1.13,6788.55
1720259,São Salvador do Tocantins,TO,1966,1439.06,1554.17,33.68,18.21,70.54,1.02,1.17,6957.11
1720259,São Salvador do Tocantins,TO,1967,1185.79,1573.26,33.46,19.17,70.18,1.04,1.3,6869.3
1720259,São Salvador do Tocantins,TO,1968,1704.49,1559.74,33.1,19.89,69.71,1.06,1.23,6887.46
1720259,São Salvador do Tocantins,TO,1969,1299.56,1598.59,32.69,20.35,70.09,1.04,1.29,7144.04
1720259,São Salvador do Tocantins,TO,1970,1314.16,1569.67,32.18,19.85,70.03,1.01,1.38,7001.25
1720259,São Salvador do Tocantins,TO,1971,1417.72,1474.53,31.91,19.93,69.58,1.02,1.24,6543.66
1720259,São Salvador do Tocantins,TO,1972,1247.23,1554.17,32.66,19.58,67.66,1.1,1.33,6755.98
1720259,São Salvador do Tocantins,TO,1973,1375.21,1586.46,31.99,20.87,71.05,1.02,1.5,6977.84
1720259,São Salvador do Tocantins,TO,1974,1478.46,1502.73,31.22,19.56,71.04,0.94,1.31,6856.1
1720259,São Salvador do Tocantins,TO,1975,1258.67,1527.45,31.76,19.34,69.42,1.0,1.09,7148.28
1720259,São Salvador do Tocantins,TO,1976,1302.24,1442.44,31.68,19.44,72.19,0.91,1.0,6751.74
1720259,São Salvador do Tocantins,TO,1977,1448.87,1456.61,31.81,20.3,71.75,0.97,1.14,6651.57
1720259,São Salvador do Tocantins,TO,1978,1420.74,1410.91,30.48,20.41,71.1,0.95,1.13,6552.61
1720259,São Salvador do Tocantins,TO,1979,1355.99,1377.95,31.89,20.04,69.89,1.02,0.86,6423.96
1720259,São Salvador do Tocantins,TO,1980,1797.99,1384.7,32.08,20.0,69.19,1.06,0.89,6368.6
1720309,São Sebastião do Tocantins,TO,1961,1694.95,1473.09,32.97,20.34,79.26,0.73,0.89,6929.62
1720309,São Sebastião do Tocantins,TO,1962,1465.77,1431.74,32.79,20.71,80.11,0.7,0.8,6774.42
1720309,São Sebastião do Tocantins,TO,1963,1360.31,1428.67,33.04,20.5,79.01,0.75,0.75,6737.81
1720309,São Sebastião do Tocantins,TO,1964,1466.01,1437.93,32.47,20.73,80.06,0.7,0.81,6817.4
1720309,São Sebastião do Tocantins,TO,1965,1259.34,1472.74,32.8,20.43,76.96,0.81,0.69,7112.0
1720309,São Sebastião do Tocantins,TO,1966,1539.34,1405.18,32.48,20.77,77.26,0.8,0.48,6883.43
1720309,São Sebastião do Tocantins,TO,1967,1551.83,1458.41,32.44,20.3,77.89,0.76,0.8,6953.18
1720309,São Sebastião do Tocantins,TO,1968,1313.52,1443.46,32.31,20.36,79.12,0.72,0.76,6946.06
1720309,São Sebastião do Tocantins,TO,1969,1306.39,1502.52,33.28,21.29,78.24,0.79,0.74,7131.63
1720309,São Sebastião do Tocantins,TO,1970,1275.96,1468.8,33.02,20.74,78.8,0.76,0.82,6913.91
1720309,São Sebastião do Tocantins,TO,1971,1391.74,1441.87,32.88,20.6,82.16,0.63,0.91,6848.56
1720309,São Sebastião do Tocantins,TO,1972,1204.64,1420.02,33.68,21.01,83.41,0.61,0.72,6719.38
1720309,São Sebastião do Tocantins,TO,1973,1811.32,1369.76,31.24,20.96,81.96,0.62,0.84,6648.59
1720309,São Sebastião do Tocantins,TO,1974,1943.88,1346.11,31.39,20.67,82.18,0.61,0.88,6487.42
1720309,São Sebastião do Tocantins,TO,1975,1947.08,1349.59,31.51,20.51,82.22,0.6,0.86,6514.6
1720309,São Sebastião do Tocantins,TO,1976,1732.57,1374.88,31.48,21.45,79.29,0.72,0.85,6518.94
1720309,São Sebastião do Tocantins,TO,1977,1813.69,1322.11,31.36,21.92,78.72,0.75,1.03,6070.67
1720309,São Sebastião do Tocantins,TO,1978,1562.23,1351.54,31.62,21.82,78.06,0.78,1.1,6127.22
1720309,São Sebastião do Tocantins,TO,1979,1449.0,1325.74,31.89,21.88,80.7,0.69,1.09,6054.49
1720309,São Sebastião do Tocantins,TO,1980,1641.45,1390.9,32.3,22.03,76.79,0.85,1.13,6180.26
1720499,São Valério,TO,1961,987.01,1575.76,33.03,19.24,67.21,1.13,1.05,7247.4
1720499,São Valério,TO,1962,1267.92,1514.65,32.95,19.55,70.59,1.02,1.0,6949.25
1720499,São Valério,TO,1963,935.6,1540.09,32.86,19.05,68.96,1.06,0.9,7253.06
1720499,São Valério,TO,1964,1516.76,1437.32,31.86,19.69,73.29,0.89,0.9,6762.73
1720499,São Valério,TO,1965,1455.55,1459.99,32.21,19.34,72.43,0.92,0.93,6835.84
1720499,São Valério,TO,1966,1441.11,1506.06,33.28,18.35,71.13,0.98,0.94,7000.15
1720499,São Valério,TO,1967,1202.12,1503.55,33.09,19.16,70.43,1.01,0.95,6944.38
1720499,São Valério,TO,1968,1739.66,1488.91,32.77,19.64,69.75,1.04,0.93,6880.55
1720499,São Valério,TO,1969,1428.27,1537.74,32.71,20.18,70.89,1.01,1.0,7116.55
1720499,São Valério,TO,1970,1324.73,1539.73,32.26,19.78,69.94,1.01,1.16,7027.01
1720499,São Valério,TO,1971,1419.31,1459.63,31.82,19.89,71.65,0.95,1.2,6616.23
1720499,São Valério,TO,1972,1352.76,1530.37,32.63,19.84,70.24,1.02,1.29,6759.59
1720499,São Valério,TO,1973,1426.67,1544.18,31.56,21.14,73.84,0.91,1.47,6953.02
1720499,São Valério,TO,1974,1622.39,1457.84,30.68,19.83,73.63,0.85,1.27,6796.72
1720499,São Valério,TO,1975,1331.27,1526.63,31.6,19.2,70.24,0.97,1.11,7134.3
1720499,São Valério,TO,1976,1476.15,1444.13,31.55,19.23,72.02,0.91,0.98,6820.7
1720499,São Valério,TO,1977,1572.23,1451.29,31.74,20.14,72.19,0.95,1.12,6660.21
1720499,São Valério,TO,1978,1817.59,1428.41,31.02,20.26,71.12,0.96,1.12,6593.14
1720499,São Valério,TO,1979,1450.07,1384.81,31.89,19.94,70.46,1.0,0.79,6593.77
1720499,São Valério,TO,1980,1908.27,1390.74,32.05,20.03,69.55,1.04,0.89,6416.67
1720655,Silvanópolis,TO,1961,999.0,1560.87,33.08,19.47,67.39,1.13,0.97,7242.38
1720655,Silvanópolis,TO,1962,1288.67,1505.8,33.34,20.0,70.78,1.04,0.9,6925.69
1720655,Silvanópolis,TO,1963,1054.97,1527.81,33.01,19.38,69.23,1.06,0.82,7237.66
1720655,Silvanópolis,TO,1964,1564.68,1433.84,32.11,20.1,73.38,0.91,0.82,6755.67
1720655,Silvanópolis,TO,1965,1462.3,1457.79,32.52,19.72,72.49,0.94,0.83,6865.84
1720655,Silvanópolis,TO,1966,1355.13,1494.39,33.0,19.9,71.19,1.01,0.85,7003.45
1720655,Silvanópolis,TO,1967,1205.75,1469.56,32.8,19.83,71.43,0.99,0.84,6891.44
1720655,Silvanópolis,TO,1968,1602.83,1458.71,32.52,19.92,71.51,0.99,0.83,6883.38
1720655,Silvanópolis,TO,1969,1347.81,1521.82,33.03,20.51,72.39,0.98,0.88,7107.44
1720655,Silvanópolis,TO,1970,1385.34,1543.06,32.89,20.23,71.76,0.99,1.09,7050.42
1720655,Silvanópolis,TO,1971,1317.74,1468.44,32.13,20.29,71.76,0.97,1.2,6591.88
1720655,Silvanópolis,TO,1972,1424.25,1529.09,33.04,20.77,70.54,1.06,1.24,6717.02
1720655,Silvanópolis,TO,1973,1661.58,1532.57,31.24,22.03,74.67,0.9,1.37,6999.52
1720655,Silvanópolis,TO,1974,1807.01,1464.24,29.84,21.31,73.89,0.87,1.31,6857.99
1720655,Silvanópolis,TO,1975,1579.93,1525.04,31.93,19.72,72.44,0.93,1.16,7071.78
1720655,Silvanópolis,TO,1976,1559.56,1445.35,31.95,20.02,73.8,0.89,0.99,6776.72
1720655,Silvanópolis,TO,1977,1725.57,1442.74,32.18,20.91,73.78,0.93,1.0,6663.36
1720655,Silvanópolis,TO,1978,1841.31,1437.01,31.76,21.04,71.76,0.99,1.03,6620.63
1720655,Silvanópolis,TO,1979,1785.24,1407.53,32.33,20.76,71.95,0.99,0.83,6594.08
1720655,Silvanópolis,TO,1980,2046.82,1404.56,32.46,20.73,70.9,1.03,0.88,6455.32
1720804,Sítio Novo do Tocantins,TO,1961,1533.71,1427.39,32.4,19.9,77.97,0.76,0.59,6972.19
1720804,Sítio Novo do Tocantins,TO,1962,1463.83,1388.03,32.08,20.28,78.4,0.74,0.56,6777.56
1720804,Sítio Novo do Tocantins,TO,1963,1381.86,1391.31,32.39,20.07,78.13,0.75,0.56,6766.4
1720804,Sítio Novo do Tocantins,TO,1964,1434.16,1434.81,31.9,20.32,79.51,0.7,0.7,6969.3
1720804,Sítio Novo do Tocantins,TO,1965,1205.9,1449.09,32.24,20.15,76.39,0.81,0.56,7128.8
1720804,Sítio Novo do Tocantins,TO,1966,1540.41,1403.9,31.72,20.66,76.86,0.79,0.45,6967.95
1720804,Sítio Novo do Tocantins,TO,1967,1537.0,1423.35,31.77,20.17,77.64,0.75,0.62,6961.82
1720804,Sítio Novo do Tocantins,TO,1968,1312.93,1411.42,31.7,20.17,78.47,0.73,0.59,6934.9
1720804,Sítio Novo do Tocantins,TO,1969,1340.24,1475.91,32.72,21.2,77.71,0.8,0.6,7141.21
1720804,Sítio Novo do Tocantins,TO,1970,1241.95,1456.67,32.43,20.45,78.43,0.75,0.75,6924.28
1720804,Sítio Novo do Tocantins,TO,1971,1425.6,1446.79,32.41,20.0,80.21,0.68,0.98,6833.48
1720804,Sítio Novo do Tocantins,TO,1972,1205.88,1413.93,33.19,20.42,83.41,0.59,0.78,6727.55
1720804,Sítio Novo do Tocantins,TO,1973,1641.94,1383.17,31.33,20.89,81.79,0.62,0.88,6664.61
1720804,Sítio Novo do Tocantins,TO,1974,2016.35,1349.49,31.39,19.96,81.88,0.6,0.92,6502.18
1720804,Sítio Novo do Tocantins,TO,1975,1771.85,1373.65,31.65,19.87,81.83,0.61,1.01,6538.63
1720804,Sítio Novo do Tocantins,TO,1976,1600.43,1388.8,31.36,20.24,78.67,0.71,1.03,6542.34
1720804,Sítio Novo do Tocantins,TO,1977,1667.21,1320.27,31.33,21.26,77.48,0.78,1.02,6060.93
1720804,Sítio Novo do Tocantins,TO,1978,1263.9,1358.04,31.26,21.09,77.0,0.79,1.14,6166.8
1720804,Sítio Novo do Tocantins,TO,1979,1496.08,1357.27,31.6,21.34,78.32,0.75,1.2,6107.27
1720804,Sítio Novo do Tocantins,TO,1980,1633.63,1399.24,31.97,21.58,74.23,0.92,1.12,6201.46
1720853,Sucupira,TO,1961,1034.24,1582.01,33.06,19.59,67.29,1.15,1.11,7212.06
1720853,Sucupira,TO,1962,1323.62,1543.67,32.89,19.73,70.01,1.04,1.14,6931.66
1720853,Sucupira,TO,1963,987.31,1617.89,33.04,19.58,64.73,1.23,1.14,7262.48
1720853,Sucupira,TO,1964,1638.78,1470.64,31.85,20.06,72.82,0.92,1.1,6750.64
1720853,Sucupira,TO,1965,1491.71,1476.42,32.19,19.84,72.6,0.93,1.08,6804.1
1720853,Sucupira,TO,1966,1454.41,1530.72,33.28,18.94,71.57,0.98,1.11,6972.34
1720853,Sucupira,TO,1967,1199.46,1547.82,33.11,19.58,70.35,1.03,1.22,6870.4
1720853,Sucupira,TO,1968,1726.76,1538.45,32.84,19.9,69.76,1.05,1.16,6891.23
1720853,Sucupira,TO,1969,1387.02,1590.61,32.87,20.47,70.17,1.05,1.22,7143.73
1720853,Sucupira,TO,1970,1370.53,1570.95,32.41,20.08,69.98,1.03,1.34,7002.51
1720853,Sucupira,TO,1971,1473.68,1454.16,32.03,20.1,71.66,0.96,1.2,6525.12
1720853,Sucupira,TO,1972,1347.38,1550.94,32.83,20.11,68.41,1.1,1.3,6755.51
1720853,Sucupira,TO,1973,1482.16,1543.57,31.61,21.43,73.07,0.95,1.49,6864.11
1720853,Sucupira,TO,1974,1484.35,1487.63,30.83,20.34,71.15,0.95,1.33,6784.63
1720853,Sucupira,TO,1975,1483.29,1524.38,31.8,19.39,69.59,1.0,1.11,7094.87
1720853,Sucupira,TO,1976,1363.47,1435.89,31.69,19.3,72.03,0.91,0.99,6735.24
1720853,Sucupira,TO,1977,1601.73,1460.25,31.94,20.21,72.15,0.96,1.13,6680.16
1720853,Sucupira,TO,1978,1692.36,1441.46,31.44,20.35,71.03,0.98,1.14,6597.69
1720853,Sucupira,TO,1979,1382.14,1388.59,32.12,20.04,70.63,1.0,0.8,6590.15
1720853,Sucupira,TO,1980,1841.13,1391.97,32.25,20.21,69.5,1.06,0.89,6415.57
1720903,Taguatinga,TO,1961,829.59,1613.89,32.96,19.98,65.03,1.25,1.06,7351.87
1720903,Taguatinga,TO,1962,1142.89,1508.2,32.03,19.75,69.33,1.05,0.99,7007.38
1720903,Taguatinga,TO,1963,700.99,1569.98,32.59,19.92,66.53,1.18,0.92,7338.99
1720903,Taguatinga,TO,1964,1508.51,1437.17,31.51,20.07,71.93,0.94,0.91,6735.4
1720903,Taguatinga,TO,1965,1192.47,1463.93,31.71,19.3,71.03,0.95,0.95,6846.68
1720903,Taguatinga,TO,1966,1482.09,1491.52,31.72,20.0,69.89,1.02,0.97,6976.27
1720903,Taguatinga,TO,1967,1117.73,1499.86,31.99,20.02,69.54,1.04,0.99,6956.32
1720903,Taguatinga,TO,1968,1603.76,1468.44,31.96,18.97,69.29,1.02,0.92,6893.27
1720903,Taguatinga,TO,1969,1337.78,1567.42,33.24,20.91,70.42,1.08,0.96,7163.83
1720903,Taguatinga,TO,1970,1279.82,1538.76,31.73,20.56,69.59,1.05,1.08,7148.91
1720903,Taguatinga,TO,1971,1488.4,1458.1,31.47,20.15,69.47,1.03,1.09,6686.92
1720903,Taguatinga,TO,1972,1381.5,1513.58,32.52,21.05,67.54,1.17,1.09,6753.94
1720903,Taguatinga,TO,1973,1768.43,1567.93,29.92,22.65,69.68,1.06,1.26,7265.63
1720903,Taguatinga,TO,1974,2000.03,1546.28,31.28,20.59,70.38,1.01,1.21,7111.21
1720903,Taguatinga,TO,1975,1417.91,1580.06,31.73,20.41,68.3,1.09,1.13,7264.84
1720903,Taguatinga,TO,1976,1871.83,1469.15,31.51,20.65,71.01,1.0,0.98,6860.13
1720903,Taguatinga,TO,1977,1444.05,1493.62,31.71,21.3,69.37,1.09,1.13,6762.95
1720903,Taguatinga,TO,1978,1856.45,1417.15,30.79,20.99,71.56,0.97,1.02,6584.97
1720903,Taguatinga,TO,1979,2109.08,1415.41,31.51,21.19,69.25,1.08,0.85,6617.17
1720903,Taguatinga,TO,1980,1927.27,1412.44,31.75,20.48,68.75,1.07,0.89,6512.02
1720937,Taipas do Tocantins,TO,1961,829.36,1612.87,33.06,19.77,65.28,1.23,1.07,7335.22
1720937,Taipas do Tocantins,TO,1962,1145.9,1511.28,32.25,19.6,69.51,1.04,1.01,6996.06
1720937,Taipas do Tocantins,TO,1963,655.98,1567.47,32.72,19.63,66.69,1.16,0.93,7321.08
1720937,Taipas do Tocantins,TO,1964,1455.62,1438.5,31.61,19.9,72.01,0.94,0.92,6743.26
1720937,Taipas do Tocantins,TO,1965,1169.94,1467.98,31.85,19.29,71.13,0.95,0.96,6853.43
1720937,Taipas do Tocantins,TO,1966,1412.99,1498.48,32.2,19.27,69.98,1.01,0.98,6986.01
1720937,Taipas do Tocantins,TO,1967,1118.07,1501.81,32.33,19.53,69.66,1.03,1.0,6949.41
1720937,Taipas do Tocantins,TO,1968,1598.26,1478.88,32.17,19.08,69.39,1.02,0.94,6901.76
1720937,Taipas do Tocantins,TO,1969,1399.56,1555.7,32.92,20.42,70.58,1.05,0.99,7153.94
1720937,Taipas do Tocantins,TO,1970,1252.65,1539.17,31.85,20.04,69.66,1.03,1.11,7127.39
1720937,Taipas do Tocantins,TO,1971,1546.06,1468.08,31.53,19.99,69.57,1.02,1.15,6684.09
1720937,Taipas do Tocantins,TO,1972,1371.87,1520.23,32.47,20.5,67.57,1.14,1.16,6753.78
1720937,Taipas do Tocantins,TO,1973,1978.97,1568.8,30.53,21.88,69.9,1.04,1.32,7189.6
1720937,Taipas do Tocantins,TO,1974,1913.16,1497.71,30.91,20.22,71.67,0.94,1.16,7018.69
1720937,Taipas do Tocantins,TO,1975,1507.25,1563.74,31.64,19.83,68.86,1.04,1.11,7252.59
1720937,Taipas do Tocantins,TO,1976,1665.15,1461.02,31.46,20.1,71.27,0.97,0.99,6852.43
1720937,Taipas do Tocantins,TO,1977,1409.02,1480.46,31.57,20.85,69.73,1.05,1.12,6756.19
1720937,Taipas do Tocantins,TO,1978,1743.36,1404.05,30.44,20.67,71.47,0.95,1.03,6581.67
1720937,Taipas do Tocantins,TO,1979,1931.46,1395.66,31.49,20.73,69.77,1.05,0.79,6632.72
1720937,Taipas do Tocantins,TO,1980,1797.13,1404.05,31.72,20.18,68.66,1.07,0.88,6510.92
1720978,Talismã,TO,1961,1114.34,1579.24,33.29,19.99,68.72,1.12,1.05,7205.78
1720978,Talismã,TO,1962,1473.54,1548.74,33.04,19.91,70.52,1.03,1.15,6924.59
1720978,Talismã,TO,1963,1042.99,1642.81,33.56,20.01,66.56,1.2,1.21,7271.12
1720978,Talismã,TO,1964,1648.73,1479.39,32.11,20.33,73.28,0.92,1.14,6738.86
1720978,Talismã,TO,1965,1472.61,1488.5,32.43,20.12,72.15,0.96,1.11,6786.83
1720978,Talismã,TO,1966,1505.95,1545.72,33.32,19.03,70.27,1.03,1.15,6956.16
1720978,Talismã,TO,1967,1183.76,1562.56,33.1,19.64,70.11,1.04,1.29,6866.0
1720978,Talismã,TO,1968,1698.09,1553.81,32.9,19.91,68.82,1.09,1.21,6886.05
1720978,Talismã,TO,1969,1361.79,1581.75,32.9,20.67,69.88,1.07,1.17,7142.0
1720978,Talismã,TO,1970,1349.44,1548.07,32.41,20.28,69.98,1.03,1.24,6981.14
1720978,Talismã,TO,1971,1445.78,1470.69,32.05,20.26,69.5,1.04,1.2,6524.96
1720978,Talismã,TO,1972,1284.82,1556.01,32.87,20.21,67.69,1.13,1.3,6747.5
1720978,Talismã,TO,1973,1316.52,1537.38,31.7,21.51,70.95,1.03,1.34,6853.12
1720978,Talismã,TO,1974,1415.39,1487.94,31.0,20.31,71.0,0.96,1.31,6783.06
1720978,Talismã,TO,1975,1336.69,1555.24,31.9,19.55,69.18,1.02,1.18,7119.69
1720978,Talismã,TO,1976,1428.88,1450.27,31.76,19.58,71.86,0.93,1.03,6746.71
1720978,Talismã,TO,1977,1662.49,1462.86,31.92,20.47,71.86,0.97,1.15,6654.87
1720978,Talismã,TO,1978,1711.05,1433.02,31.09,20.59,70.94,0.98,1.15,6560.78
1720978,Talismã,TO,1979,1508.06,1395.25,32.06,20.23,69.85,1.03,0.88,6493.7
1720978,Talismã,TO,1980,2061.04,1399.75,32.22,20.3,69.11,1.07,0.92,6388.87
1721000,Palmas,TO,1961,1147.8,1475.91,31.08,17.45,68.53,0.97,0.89,7192.11
1721000,Palmas,TO,1962,1476.18,1431.02,31.42,18.02,71.69,0.89,0.82,6915.64
1721000,Palmas,TO,1963,1354.0,1443.2,30.98,17.37,70.59,0.9,0.75,7160.69
1721000,Palmas,TO,1964,1744.79,1375.65,30.15,18.11,74.13,0.79,0.77,6788.81
1721000,Palmas,TO,1965,1660.98,1387.88,30.57,17.72,73.0,0.82,0.72,6876.05
1721000,Palmas,TO,1966,1335.31,1413.88,30.97,18.11,72.23,0.87,0.73,6972.19
1721000,Palmas,TO,1967,1417.29,1391.15,30.76,17.85,72.25,0.86,0.72,6873.07
1721000,Palmas,TO,1968,1562.34,1383.48,30.48,17.91,73.06,0.83,0.73,6873.48
1721000,Palmas,TO,1969,1301.35,1441.0,31.1,18.45,73.56,0.84,0.77,7083.25
1721000,Palmas,TO,1970,1350.58,1472.38,30.98,18.26,72.73,0.85,0.97,7088.12
1721000,Palmas,TO,1971,1275.83,1411.68,30.22,18.33,72.5,0.84,1.19,6608.69
1721000,Palmas,TO,1972,1375.61,1448.73,31.09,18.89,72.67,0.88,1.17,6731.47
1721000,Palmas,TO,1973,1272.37,1464.75,29.14,20.18,75.84,0.76,1.32,7059.68
1721000,Palmas,TO,1974,1382.18,1396.68,27.74,19.47,74.3,0.76,1.3,6833.95
1721000,Palmas,TO,1975,1819.22,1453.54,29.97,17.85,74.09,0.78,1.18,6993.87
1721000,Palmas,TO,1976,1645.41,1396.63,30.02,18.18,75.07,0.75,1.02,6798.71
1721000,Palmas,TO,1977,1793.26,1367.92,30.15,19.04,76.52,0.74,0.98,6624.24
1721000,Palmas,TO,1978,1770.98,1381.89,29.92,19.22,74.0,0.82,1.07,6608.06
1721000,Palmas,TO,1979,1956.82,1362.95,30.29,18.96,72.73,0.85,0.89,6599.58
1721000,Palmas,TO,1980,1978.47,1351.28,30.5,18.87,72.28,0.88,0.96,6405.2
1721109,Tocantínia,TO,1961,1131.82,1504.47,32.3,18.18,68.93,1.01,0.89,7188.5
1721109,Tocantínia,TO,1962,1435.74,1460.35,32.49,18.61,71.94,0.93,0.81,6950.98
1721109,Tocantínia,TO,1963,1526.8,1465.72,32.15,17.99,70.95,0.94,0.75,7145.61
1721109,Tocantínia,TO,1964,1794.01,1398.42,31.24,18.67,74.39,0.82,0.77,6799.65
1721109,Tocantínia,TO,1965,1545.08,1392.38,31.57,18.27,73.49,0.84,0.61,6903.23
1721109,Tocantínia,TO,1966,1290.86,1403.9,32.12,18.49,72.0,0.92,0.57,6943.28
1721109,Tocantínia,TO,1967,1499.84,1389.57,31.87,18.36,72.43,0.89,0.58,6879.82
1721109,Tocantínia,TO,1968,1514.46,1379.59,31.6,18.42,73.35,0.85,0.55,6896.73
1721109,Tocantínia,TO,1969,1266.23,1438.34,32.26,19.06,73.69,0.88,0.61,7065.65
1721109,Tocantínia,TO,1970,1329.59,1492.7,32.26,19.15,72.81,0.9,0.88,7062.98
1721109,Tocantínia,TO,1971,1291.08,1451.65,31.52,19.49,73.15,0.88,1.15,6638.38
1721109,Tocantínia,TO,1972,1447.23,1450.27,32.17,19.97,74.08,0.88,1.03,6727.55
1721109,Tocantínia,TO,1973,1309.29,1497.15,30.61,20.95,76.1,0.8,1.32,7027.95
1721109,Tocantínia,TO,1974,1484.42,1439.21,29.68,19.55,74.51,0.8,1.32,6810.86
1721109,Tocantínia,TO,1975,1834.29,1483.38,30.97,19.03,74.65,0.81,1.21,6980.04
1721109,Tocantínia,TO,1976,1731.1,1430.36,31.04,19.22,75.56,0.78,1.06,6812.37
1721109,Tocantínia,TO,1977,1748.4,1385.01,30.69,20.18,76.89,0.76,0.99,6612.93
1721109,Tocantínia,TO,1978,1709.5,1418.74,30.66,20.41,73.92,0.86,1.13,6628.8
1721109,Tocantínia,TO,1979,2168.95,1387.37,30.9,20.12,72.85,0.89,0.91,6608.53
1721109,Tocantínia,TO,1980,1884.35,1392.33,31.36,20.0,72.32,0.93,1.02,6439.76
1721208,Tocantinópolis,TO,1961,1263.5,1438.8,32.51,19.59,75.42,0.84,0.59,7057.17
1721208,Tocantinópolis,TO,1962,1516.17,1414.49,32.17,19.91,76.76,0.79,0.5,7006.59
1721208,Tocantinópolis,TO,1963,1420.14,1421.66,32.4,19.68,75.87,0.82,0.54,6997.32
1721208,Tocantinópolis,TO,1964,1398.24,1415.16,31.82,19.92,77.79,0.75,0.61,6915.74
1721208,Tocantinópolis,TO,1965,1239.8,1421.96,32.11,19.47,76.25,0.8,0.48,7105.24
1721208,Tocantinópolis,TO,1966,1578.73,1388.7,31.87,19.72,76.7,0.78,0.38,6991.2
1721208,Tocantinópolis,TO,1967,1592.28,1381.94,31.83,19.27,76.63,0.77,0.45,6915.32
1721208,Tocantinópolis,TO,1968,1406.44,1390.13,31.77,19.3,76.57,0.78,0.49,6932.07
1721208,Tocantinópolis,TO,1969,1338.24,1444.43,32.64,20.21,76.09,0.83,0.51,7110.9
1721208,Tocantinópolis,TO,1970,1438.57,1438.34,32.35,19.96,76.76,0.8,0.71,6859.4
1721208,Tocantinópolis,TO,1971,1413.76,1459.68,32.04,20.14,77.52,0.77,1.01,6835.05
1721208,Tocantinópolis,TO,1972,1298.84,1414.59,32.67,20.54,80.16,0.7,0.78,6738.39
1721208,Tocantinópolis,TO,1973,1652.92,1398.32,31.0,21.22,81.65,0.63,0.87,6785.1
1721208,Tocantinópolis,TO,1974,2033.43,1356.96,31.28,19.86,81.38,0.61,0.85,6579.79
1721208,Tocantinópolis,TO,1975,1721.13,1375.24,31.47,19.97,81.86,0.61,0.98,6563.92
1721208,Tocantinópolis,TO,1976,1446.75,1389.72,31.35,19.97,78.27,0.72,1.0,6600.15
1721208,Tocantinópolis,TO,1977,1662.27,1340.74,31.08,21.02,76.18,0.81,1.03,6195.08
1721208,Tocantinópolis,TO,1978,1192.61,1389.41,31.31,20.74,75.12,0.85,1.16,6285.25
1721208,Tocantinópolis,TO,1979,1578.32,1365.82,31.63,21.06,76.91,0.8,1.1,6186.6
1721208,Tocantinópolis,TO,1980,1693.7,1404.67,32.0,21.27,73.34,0.94,1.11,6247.8
1721257,Tupirama,TO,1961,1195.34,1478.16,32.76,18.21,71.88,0.93,0.81,7156.45
1721257,Tupirama,TO,1962,1526.51,1450.47,32.8,18.54,74.72,0.84,0.72,7019.78
1721257,Tupirama,TO,1963,1542.27,1461.53,32.57,18.03,72.42,0.9,0.71,7124.25
1721257,Tupirama,TO,1964,1861.3,1401.39,31.59,18.54,75.73,0.78,0.71,6865.47
1721257,Tupirama,TO,1965,1455.94,1408.96,31.79,18.21,75.84,0.78,0.62,7023.56
1721257,Tupirama,TO,1966,1307.11,1425.34,32.43,18.52,75.07,0.82,0.62,7000.62
1721257,Tupirama,TO,1967,1640.93,1401.24,32.12,18.05,75.35,0.79,0.63,6920.82
1721257,Tupirama,TO,1968,1483.23,1383.48,31.86,18.16,75.57,0.78,0.6,6895.16
1721257,Tupirama,TO,1969,1423.8,1445.51,32.6,18.82,74.75,0.84,0.64,7081.05
1721257,Tupirama,TO,1970,1408.85,1494.74,33.16,19.43,74.46,0.87,0.84,7010.36
1721257,Tupirama,TO,1971,1353.43,1459.07,32.46,20.03,73.71,0.9,1.04,6687.39
1721257,Tupirama,TO,1972,1395.3,1455.64,32.84,20.45,74.62,0.89,0.96,6734.14
1721257,Tupirama,TO,1973,1523.37,1511.58,31.91,20.8,77.95,0.76,1.37,6970.77
1721257,Tupirama,TO,1974,1828.59,1408.96,31.25,18.56,76.76,0.73,1.3,6526.69
1721257,Tupirama,TO,1975,1875.73,1446.94,31.44,19.79,76.27,0.79,1.09,6832.54
1721257,Tupirama,TO,1976,1797.51,1429.54,31.57,19.8,76.22,0.79,1.0,6797.76
1721257,Tupirama,TO,1977,1703.66,1382.04,31.0,21.09,76.83,0.79,0.95,6532.5
1721257,Tupirama,TO,1978,1714.71,1428.41,31.01,21.36,73.75,0.9,1.09,6607.12
1721257,Tupirama,TO,1979,2237.87,1395.56,31.34,20.95,74.31,0.88,0.94,6583.4
1721257,Tupirama,TO,1980,2004.92,1418.13,31.9,20.85,72.1,0.98,1.08,6422.96
1721307,Tupiratins,TO,1961,1184.12,1454.26,32.63,17.84,73.78,0.85,0.73,7110.27
1721307,Tupiratins,TO,1962,1582.72,1444.38,32.69,18.12,76.38,0.77,0.71,7062.36
1721307,Tupiratins,TO,1963,1486.6,1440.8,32.49,17.6,74.55,0.82,0.69,7084.5
1721307,Tupiratins,TO,1964,1796.39,1389.57,31.47,18.07,77.08,0.72,0.71,6838.76
1721307,Tupiratins,TO,1965,1324.48,1398.37,31.63,18.0,76.11,0.76,0.61,7024.18
1721307,Tupiratins,TO,1966,1487.2,1402.36,32.23,18.29,75.26,0.81,0.57,6980.36
1721307,Tupiratins,TO,1967,1754.15,1386.44,31.93,17.82,75.55,0.78,0.6,6914.54
1721307,Tupiratins,TO,1968,1802.49,1382.35,31.72,17.91,75.87,0.77,0.58,6945.9
1721307,Tupiratins,TO,1969,1619.32,1441.16,32.54,18.62,75.03,0.83,0.64,7083.25
1721307,Tupiratins,TO,1970,1439.13,1493.11,33.2,19.29,74.5,0.87,0.88,6954.91
1721307,Tupiratins,TO,1971,1366.12,1459.79,32.41,20.15,73.84,0.9,1.01,6728.23
1721307,Tupiratins,TO,1972,1358.91,1424.78,32.68,20.58,75.02,0.88,0.9,6610.05
1721307,Tupiratins,TO,1973,1703.34,1451.29,31.74,20.76,79.85,0.69,1.18,6823.43
1721307,Tupiratins,TO,1974,2294.19,1378.31,31.49,18.36,79.33,0.65,1.16,6512.24
1721307,Tupiratins,TO,1975,1997.33,1409.17,31.3,19.92,79.39,0.68,1.08,6700.74
1721307,Tupiratins,TO,1976,1923.11,1413.67,31.43,19.94,77.26,0.76,0.99,6732.73
1721307,Tupiratins,TO,1977,1746.43,1376.46,31.12,21.1,76.95,0.8,0.93,6512.87
1721307,Tupiratins,TO,1978,1711.4,1431.84,31.42,21.32,73.99,0.91,1.06,6593.61
1721307,Tupiratins,TO,1979,2239.58,1400.62,31.52,20.94,75.59,0.84,0.99,6560.78
1721307,Tupiratins,TO,1980,2047.1,1415.77,32.06,20.91,72.24,0.98,1.07,6403.95
1722081,Wanderlândia,TO,1961,1196.32,1399.85,32.58,18.77,75.07,0.83,0.48,6996.22
1722081,Wanderlândia,TO,1962,1541.31,1363.57,32.32,19.13,76.81,0.77,0.4,6833.79
1722081,Wanderlândia,TO,1963,1469.01,1374.67,32.38,18.79,75.03,0.83,0.44,6873.22
1722081,Wanderlândia,TO,1964,1669.99,1381.63,31.61,19.11,77.56,0.73,0.5,6895.16
1722081,Wanderlândia,TO,1965,1284.31,1392.64,31.85,18.45,76.48,0.76,0.44,7077.44
1722081,Wanderlândia,TO,1966,1415.38,1375.65,31.99,18.59,76.51,0.77,0.37,7000.31
1722081,Wanderlândia,TO,1967,1635.84,1361.26,31.83,18.24,77.02,0.74,0.4,6923.18
1722081,Wanderlândia,TO,1968,1926.2,1357.37,31.68,18.19,76.31,0.76,0.38,6926.89
1722081,Wanderlândia,TO,1969,1674.67,1422.02,32.5,19.04,75.44,0.82,0.45,7131.16
1722081,Wanderlândia,TO,1970,1865.76,1433.74,32.3,19.35,76.0,0.81,0.71,6876.36
1722081,Wanderlândia,TO,1971,1574.74,1427.54,31.46,20.5,77.45,0.76,1.0,6712.52
1722081,Wanderlândia,TO,1972,1783.24,1403.08,31.88,20.86,79.8,0.7,0.81,6742.78
1722081,Wanderlândia,TO,1973,2053.07,1383.58,29.87,21.86,81.59,0.62,0.9,6787.3
1722081,Wanderlândia,TO,1974,1990.47,1332.76,31.03,20.0,81.35,0.61,0.89,6427.1
1722081,Wanderlândia,TO,1975,1737.22,1355.79,31.08,20.23,81.88,0.6,0.85,6576.49
1722081,Wanderlândia,TO,1976,1462.34,1369.61,31.03,20.09,78.96,0.69,0.9,6594.18
1722081,Wanderlândia,TO,1977,1752.94,1292.07,30.42,21.43,78.55,0.73,0.91,6119.52
1722081,Wanderlândia,TO,1978,1423.49,1358.5,31.35,21.0,77.11,0.79,1.02,6263.1
1722081,Wanderlândia,TO,1979,1776.16,1344.37,31.46,20.96,77.92,0.76,1.04,6192.88
1722081,Wanderlândia,TO,1980,1614.69,1373.04,31.94,21.07,75.17,0.88,1.06,6187.48
1722107,Xambioá,TO,1961,1194.96,1405.43,32.46,18.85,76.37,0.79,0.57,6949.1
1722107,Xambioá,TO,1962,1545.73,1377.03,32.3,19.28,77.2,0.76,0.52,6782.58
1722107,Xambioá,TO,1963,1465.72,1378.41,32.39,18.96,75.21,0.83,0.5,6819.97
1722107,Xambioá,TO,1964,1664.49,1384.76,31.65,19.27,77.96,0.72,0.56,6853.22
1722107,Xambioá,TO,1965,1316.12,1407.79,31.91,18.79,76.6,0.77,0.47,7105.71
1722107,Xambioá,TO,1966,1500.76,1382.76,31.96,19.02,76.64,0.77,0.4,6992.45
1722107,Xambioá,TO,1967,1722.15,1395.66,31.79,18.61,77.23,0.74,0.59,6925.69
1722107,Xambioá,TO,1968,1860.97,1395.5,31.58,18.63,76.53,0.76,0.61,6943.7
1722107,Xambioá,TO,1969,1388.15,1447.45,32.48,19.47,75.58,0.83,0.59,7123.15
1722107,Xambioá,TO,1970,1686.3,1447.2,32.46,19.54,76.25,0.8,0.77,6888.46
1722107,Xambioá,TO,1971,1582.47,1410.35,31.88,20.19,78.09,0.74,0.89,6707.5
1722107,Xambioá,TO,1972,1712.68,1370.53,32.38,20.58,79.98,0.7,0.81,6485.79
1722107,Xambioá,TO,1973,1941.77,1377.69,30.69,20.82,81.85,0.61,0.81,6769.86
1722107,Xambioá,TO,1974,1987.68,1311.36,31.16,19.43,81.81,0.59,0.79,6390.02
1722107,Xambioá,TO,1975,1594.81,1336.18,31.06,19.98,82.42,0.58,0.78,6538.47
1722107,Xambioá,TO,1976,1354.46,1361.06,31.0,20.26,79.7,0.67,0.87,6570.3
1722107,Xambioá,TO,1977,1625.38,1287.97,30.74,21.13,78.74,0.72,0.91,6083.86
1722107,Xambioá,TO,1978,1347.19,1343.45,31.21,20.96,77.39,0.77,1.01,6212.52
1722107,Xambioá,TO,1979,1607.85,1323.8,31.38,20.96,79.23,0.71,1.0,6147.95
1722107,Xambioá,TO,1980,1505.49,1362.95,31.83,21.07,75.52,0.86,1.06,6150.57
