CD_MUN,NM_MUN,UF,year,pr,ETo,Tmax,Tmin,RH,VPD,u2,Rs
1100049,Cacoal,RO,1981,1684.54,1160.79,31.17,20.1,82.46,0.58,0.57,5641.35
1100049,Cacoal,RO,1982,1843.34,1160.38,31.22,20.49,85.62,0.48,0.62,5620.77
1100049,Cacoal,RO,1983,1542.16,1157.1,31.41,20.11,82.82,0.58,0.58,5563.75
1100049,Cacoal,RO,1984,1864.04,1229.78,31.84,20.24,78.98,0.71,0.81,5732.09
1100049,Cacoal,RO,1985,1920.96,1179.31,31.62,20.24,79.07,0.7,0.77,5507.83
1100049,Cacoal,RO,1986,1810.21,1186.63,31.21,20.23,82.56,0.58,0.74,5681.41
1100049,Cacoal,RO,1987,1949.7,1222.1,31.53,20.53,82.89,0.58,0.64,5878.39
1100049,Cacoal,RO,1988,2020.85,1178.34,31.12,20.08,81.38,0.62,0.77,5580.66
1100049,Cacoal,RO,1989,2029.13,1215.55,30.76,20.31,83.4,0.55,0.8,5897.72
1100049,Cacoal,RO,1990,1964.13,1249.23,31.14,20.86,82.41,0.59,0.82,5976.42
1100049,Cacoal,RO,1991,1957.42,1156.9,31.29,19.98,83.79,0.54,0.64,5583.38
1100049,Cacoal,RO,1992,2048.66,1184.43,31.08,19.94,84.47,0.51,0.68,5775.44
1100049,Cacoal,RO,1993,2047.56,1276.71,31.73,20.61,81.2,0.64,0.73,6120.94
1100049,Cacoal,RO,1994,1987.42,1240.32,31.8,20.59,83.16,0.58,0.68,5964.01
1100049,Cacoal,RO,1995,2163.45,1192.06,31.61,20.34,82.41,0.6,0.66,5685.33
1100049,Cacoal,RO,1996,1826.12,1212.02,30.96,19.72,82.11,0.58,0.77,5858.86
1100049,Cacoal,RO,1997,1826.33,1216.37,31.52,20.59,82.07,0.61,0.71,5836.92
1100049,Cacoal,RO,1998,1603.72,1244.47,32.11,20.87,81.22,0.65,0.69,5890.8
1100049,Cacoal,RO,1999,1882.59,1236.79,31.66,20.45,82.6,0.59,0.62,5974.84
1100049,Cacoal,RO,2000,1761.15,1224.1,31.77,20.8,84.47,0.53,0.49,5981.7
1100064,Colorado do Oeste,RO,1981,2143.95,1183.26,30.75,19.06,80.51,0.61,0.71,5753.2
1100064,Colorado do Oeste,RO,1982,1903.17,1190.98,30.74,19.67,83.98,0.52,0.72,5807.23
1100064,Colorado do Oeste,RO,1983,1622.5,1180.85,30.83,19.15,82.03,0.58,0.71,5706.07
1100064,Colorado do Oeste,RO,1984,1953.13,1294.78,31.1,19.17,77.76,0.71,0.96,6091.35
1100064,Colorado do Oeste,RO,1985,1735.84,1263.66,31.05,19.38,78.22,0.7,0.91,5990.08
1100064,Colorado do Oeste,RO,1986,1788.62,1283.67,31.2,19.65,79.58,0.67,0.82,6194.92
1100064,Colorado do Oeste,RO,1987,1701.14,1290.22,31.01,20.31,79.34,0.69,0.79,6199.16
1100064,Colorado do Oeste,RO,1988,1931.05,1264.07,30.58,19.34,78.61,0.68,0.91,6041.55
1100064,Colorado do Oeste,RO,1989,2461.68,1288.38,30.32,20.05,80.42,0.64,0.89,6292.32
1100064,Colorado do Oeste,RO,1990,2245.23,1291.71,30.33,20.35,80.9,0.63,0.84,6290.9
1100064,Colorado do Oeste,RO,1991,2289.67,1194.98,30.43,18.21,82.23,0.55,0.69,5931.02
1100064,Colorado do Oeste,RO,1992,2174.38,1231.16,30.17,19.08,84.03,0.5,0.76,6153.71
1100064,Colorado do Oeste,RO,1993,2013.42,1339.77,31.19,19.94,78.94,0.7,0.81,6450.66
1100064,Colorado do Oeste,RO,1994,2454.22,1309.62,31.26,19.78,80.46,0.64,0.86,6293.73
1100064,Colorado do Oeste,RO,1995,2195.58,1249.59,30.76,19.2,80.31,0.64,0.71,6114.81
1100064,Colorado do Oeste,RO,1996,2073.97,1290.38,30.51,18.6,80.86,0.59,0.97,6291.32
1100064,Colorado do Oeste,RO,1997,2147.75,1320.27,31.3,19.7,80.25,0.66,0.94,6298.44
1100064,Colorado do Oeste,RO,1998,1820.65,1335.67,31.76,19.38,78.93,0.7,1.02,6267.34
1100064,Colorado do Oeste,RO,1999,1865.42,1357.68,31.76,18.95,78.38,0.71,1.01,6419.09
1100064,Colorado do Oeste,RO,2000,1764.95,1333.27,31.5,19.62,79.77,0.67,0.95,6384.0
1100122,Ji-Paraná,RO,1981,1803.43,1199.43,31.2,20.56,83.02,0.56,0.57,5839.12
1100122,Ji-Paraná,RO,1982,1955.38,1171.43,31.2,20.76,86.65,0.45,0.54,5723.35
1100122,Ji-Paraná,RO,1983,1734.4,1185.56,31.56,20.36,83.1,0.57,0.48,5771.26
1100122,Ji-Paraná,RO,1984,1811.61,1250.35,31.62,20.54,79.0,0.71,0.8,5876.77
1100122,Ji-Paraná,RO,1985,1874.43,1211.46,31.29,20.55,79.15,0.7,0.77,5731.83
1100122,Ji-Paraná,RO,1986,1760.43,1170.56,31.0,20.44,83.56,0.55,0.74,5621.4
1100122,Ji-Paraná,RO,1987,1726.68,1202.4,31.56,20.66,84.07,0.54,0.5,5850.59
1100122,Ji-Paraná,RO,1988,1977.61,1169.18,31.16,20.43,82.38,0.59,0.74,5569.03
1100122,Ji-Paraná,RO,1989,2167.49,1200.15,30.93,20.35,83.66,0.54,0.77,5812.89
1100122,Ji-Paraná,RO,1990,2187.44,1238.12,31.33,20.98,83.09,0.58,0.82,5900.54
1100122,Ji-Paraná,RO,1991,1993.5,1172.92,31.4,20.82,84.06,0.54,0.79,5547.88
1100122,Ji-Paraná,RO,1992,2029.48,1196.15,31.26,20.64,84.6,0.52,0.75,5756.6
1100122,Ji-Paraná,RO,1993,2132.13,1246.46,31.56,20.92,82.13,0.61,0.72,5969.82
1100122,Ji-Paraná,RO,1994,2510.06,1222.67,31.8,20.96,84.04,0.55,0.68,5858.76
1100122,Ji-Paraná,RO,1995,2276.24,1187.25,31.7,20.97,83.03,0.59,0.58,5696.96
1100122,Ji-Paraná,RO,1996,2025.98,1192.47,30.99,20.73,83.43,0.55,0.74,5726.59
1100122,Ji-Paraná,RO,1997,1802.71,1213.2,31.42,21.4,83.32,0.58,0.71,5811.16
1100122,Ji-Paraná,RO,1998,1972.53,1217.29,32.16,21.69,83.64,0.58,0.6,5765.92
1100122,Ji-Paraná,RO,1999,1804.77,1219.24,31.55,20.97,84.13,0.54,0.54,5925.21
1100122,Ji-Paraná,RO,2000,1835.51,1217.75,31.8,21.17,85.76,0.49,0.46,5942.9
1100106,Guajará-Mirim,RO,1981,1963.96,1172.15,31.3,20.56,86.32,0.46,0.56,5744.24
1100106,Guajará-Mirim,RO,1982,1733.14,1129.62,31.18,20.85,87.03,0.44,0.54,5487.88
1100106,Guajará-Mirim,RO,1983,1400.91,1164.27,31.6,20.39,83.3,0.57,0.47,5653.29
1100106,Guajará-Mirim,RO,1984,1600.67,1162.43,31.34,20.43,77.76,0.74,0.64,5490.49
1100106,Guajará-Mirim,RO,1985,1746.07,1167.95,31.01,20.37,79.45,0.68,0.7,5568.78
1100106,Guajará-Mirim,RO,1986,1819.99,1127.06,30.92,20.21,84.46,0.51,0.67,5432.58
1100106,Guajará-Mirim,RO,1987,1396.67,1202.6,31.55,20.23,83.18,0.57,0.58,5826.71
1100106,Guajará-Mirim,RO,1988,1675.71,1161.81,31.19,19.91,82.24,0.59,0.76,5545.31
1100106,Guajará-Mirim,RO,1989,1838.73,1179.57,30.92,19.54,83.71,0.53,0.79,5743.14
1100106,Guajará-Mirim,RO,1990,1430.37,1216.52,31.16,20.39,82.59,0.58,0.83,5813.36
1100106,Guajará-Mirim,RO,1991,1478.17,1149.37,31.19,20.94,83.73,0.55,0.7,5464.31
1100106,Guajará-Mirim,RO,1992,1493.84,1176.65,31.16,20.81,84.4,0.53,0.67,5680.88
1100106,Guajará-Mirim,RO,1993,1421.56,1195.39,31.13,20.66,83.63,0.55,0.71,5778.8
1100106,Guajará-Mirim,RO,1994,1552.18,1195.64,31.53,20.82,83.93,0.55,0.6,5780.69
1100106,Guajará-Mirim,RO,1995,1582.73,1158.43,31.63,20.97,83.27,0.58,0.62,5510.34
1100106,Guajará-Mirim,RO,1996,1703.57,1158.23,31.04,20.79,83.95,0.54,0.71,5545.0
1100106,Guajará-Mirim,RO,1997,1864.08,1173.89,31.54,21.45,84.46,0.54,0.63,5617.16
1100106,Guajará-Mirim,RO,1998,1506.84,1168.82,32.12,21.65,84.22,0.56,0.55,5519.29
1100106,Guajará-Mirim,RO,1999,1492.84,1176.7,31.4,20.99,85.2,0.51,0.53,5711.1
1100106,Guajará-Mirim,RO,2000,1250.16,1179.06,31.43,21.07,85.81,0.49,0.56,5713.55
1100015,Alta Floresta D'Oeste,RO,1981,1851.31,1178.55,31.38,20.17,81.83,0.6,0.65,5683.45
1100015,Alta Floresta D'Oeste,RO,1982,1887.98,1159.71,31.39,20.69,84.57,0.52,0.64,5574.27
1100015,Alta Floresta D'Oeste,RO,1983,1527.91,1150.24,31.52,20.24,82.7,0.59,0.61,5487.09
1100015,Alta Floresta D'Oeste,RO,1984,1632.43,1219.9,31.74,20.52,77.73,0.75,0.8,5645.69
1100015,Alta Floresta D'Oeste,RO,1985,1774.63,1192.88,31.5,20.43,78.36,0.73,0.78,5579.14
1100015,Alta Floresta D'Oeste,RO,1986,1608.24,1181.87,31.29,20.2,82.19,0.6,0.78,5628.16
1100015,Alta Floresta D'Oeste,RO,1987,1654.08,1239.2,31.71,20.67,80.99,0.65,0.69,5914.68
1100015,Alta Floresta D'Oeste,RO,1988,1790.06,1181.31,31.39,19.77,80.83,0.63,0.78,5584.74
1100015,Alta Floresta D'Oeste,RO,1989,2142.06,1219.95,30.98,20.36,82.78,0.57,0.81,5889.86
1100015,Alta Floresta D'Oeste,RO,1990,2281.57,1263.2,31.26,20.92,82.11,0.61,0.85,6034.7
1100015,Alta Floresta D'Oeste,RO,1991,1681.1,1154.85,31.39,19.71,83.42,0.54,0.62,5592.81
1100015,Alta Floresta D'Oeste,RO,1992,1736.21,1199.48,31.13,20.05,83.93,0.53,0.69,5845.35
1100015,Alta Floresta D'Oeste,RO,1993,1936.35,1273.9,31.85,20.72,80.86,0.66,0.77,6042.55
1100015,Alta Floresta D'Oeste,RO,1994,1730.79,1254.55,32.0,20.7,82.31,0.61,0.79,5936.99
1100015,Alta Floresta D'Oeste,RO,1995,1905.73,1190.88,31.75,20.3,81.14,0.64,0.71,5615.74
1100015,Alta Floresta D'Oeste,RO,1996,1600.6,1216.17,30.99,19.72,80.89,0.62,0.89,5782.51
1100015,Alta Floresta D'Oeste,RO,1997,1859.57,1239.2,31.52,20.84,81.24,0.65,0.86,5847.92
1100015,Alta Floresta D'Oeste,RO,1998,1511.17,1240.99,32.45,20.7,80.31,0.69,0.75,5776.92
1100015,Alta Floresta D'Oeste,RO,1999,1683.63,1250.71,32.13,20.33,80.37,0.67,0.71,5923.16
1100015,Alta Floresta D'Oeste,RO,2000,1484.77,1235.15,31.91,20.68,81.71,0.63,0.65,5929.08
1100148,Nova Brasilândia D'Oeste,RO,1981,1805.58,1151.63,30.84,19.82,82.66,0.56,0.58,5622.19
1100148,Nova Brasilândia D'Oeste,RO,1982,1934.33,1132.94,30.86,20.23,85.49,0.48,0.54,5531.39
1100148,Nova Brasilândia D'Oeste,RO,1983,1608.3,1122.61,31.0,19.78,82.88,0.56,0.51,5448.13
1100148,Nova Brasilândia D'Oeste,RO,1984,1850.1,1209.26,31.32,20.11,77.77,0.74,0.78,5646.63
1100148,Nova Brasilândia D'Oeste,RO,1985,1911.86,1164.01,30.94,20.0,78.65,0.7,0.76,5494.0
1100148,Nova Brasilândia D'Oeste,RO,1986,1702.75,1157.82,30.66,19.84,82.42,0.57,0.75,5575.84
1100148,Nova Brasilândia D'Oeste,RO,1987,1849.69,1197.07,31.08,20.03,82.38,0.58,0.55,5852.63
1100148,Nova Brasilândia D'Oeste,RO,1988,1951.18,1153.88,30.7,19.56,81.43,0.6,0.76,5510.6
1100148,Nova Brasilândia D'Oeste,RO,1989,2029.27,1186.84,30.4,19.68,83.55,0.53,0.79,5809.43
1100148,Nova Brasilândia D'Oeste,RO,1990,2118.07,1237.2,30.71,20.34,82.62,0.57,0.83,5986.47
1100148,Nova Brasilândia D'Oeste,RO,1991,1943.7,1144.51,30.88,19.78,83.78,0.53,0.64,5564.22
1100148,Nova Brasilândia D'Oeste,RO,1992,1990.7,1178.39,30.68,19.87,84.39,0.5,0.68,5779.69
1100148,Nova Brasilândia D'Oeste,RO,1993,1869.09,1240.58,31.2,20.25,81.86,0.6,0.75,5985.21
1100148,Nova Brasilândia D'Oeste,RO,1994,1694.72,1222.67,31.51,20.32,83.54,0.55,0.69,5903.21
1100148,Nova Brasilândia D'Oeste,RO,1995,2028.98,1178.55,31.32,20.23,82.28,0.6,0.67,5624.07
1100148,Nova Brasilândia D'Oeste,RO,1996,1837.29,1199.22,30.67,19.76,81.7,0.59,0.79,5777.17
1100148,Nova Brasilândia D'Oeste,RO,1997,1727.9,1208.23,31.0,20.62,82.45,0.59,0.72,5845.09
1100148,Nova Brasilândia D'Oeste,RO,1998,1840.46,1206.24,31.63,20.99,83.48,0.57,0.63,5770.63
1100148,Nova Brasilândia D'Oeste,RO,1999,1707.14,1205.01,31.06,20.34,83.95,0.53,0.56,5916.1
1100148,Nova Brasilândia D'Oeste,RO,2000,1681.59,1203.47,31.27,20.45,85.98,0.47,0.51,5930.96
1100056,Cerejeiras,RO,1981,2122.73,1211.56,32.05,20.42,80.65,0.66,0.69,5762.78
1100056,Cerejeiras,RO,1982,1971.82,1215.91,32.03,21.02,84.1,0.56,0.67,5804.09
1100056,Cerejeiras,RO,1983,1605.76,1204.29,32.15,20.5,82.13,0.62,0.66,5703.24
1100056,Cerejeiras,RO,1984,1727.5,1330.5,32.44,20.56,77.72,0.77,0.97,6085.53
1100056,Cerejeiras,RO,1985,1596.98,1274.46,32.37,20.77,78.3,0.76,0.9,5856.56
1100056,Cerejeiras,RO,1986,1650.9,1297.65,32.37,20.97,79.78,0.71,0.84,6078.36
1100056,Cerejeiras,RO,1987,1685.7,1296.78,32.27,21.58,79.36,0.74,0.75,6075.38
1100056,Cerejeiras,RO,1988,1987.56,1285.26,31.9,20.8,78.58,0.74,0.91,5964.26
1100056,Cerejeiras,RO,1989,2424.39,1306.14,31.59,21.36,81.38,0.65,0.89,6229.48
1100056,Cerejeiras,RO,1990,2449.24,1306.6,31.62,21.63,81.53,0.65,0.84,6201.21
1100056,Cerejeiras,RO,1991,2277.69,1193.34,31.81,19.63,82.95,0.57,0.69,5736.86
1100056,Cerejeiras,RO,1992,2119.53,1247.8,31.53,20.42,84.29,0.53,0.77,6056.16
1100056,Cerejeiras,RO,1993,2025.31,1367.61,32.5,21.3,79.16,0.75,0.85,6388.14
1100056,Cerejeiras,RO,1994,2435.61,1326.36,32.46,21.17,80.89,0.68,0.86,6219.59
1100056,Cerejeiras,RO,1995,2287.46,1257.21,32.02,20.53,80.42,0.68,0.77,5914.37
1100056,Cerejeiras,RO,1996,2184.82,1307.27,31.6,20.0,80.79,0.64,0.96,6209.79
1100056,Cerejeiras,RO,1997,2317.14,1324.11,32.32,21.03,80.39,0.7,0.93,6167.12
1100056,Cerejeiras,RO,1998,1663.61,1308.04,32.95,20.75,79.24,0.74,0.79,6074.91
1100056,Cerejeiras,RO,1999,1834.97,1336.34,32.84,20.38,79.09,0.73,0.76,6301.11
1100056,Cerejeiras,RO,2000,1561.98,1321.14,32.65,20.95,80.32,0.69,0.74,6262.1
1100155,Ouro Preto do Oeste,RO,1981,1797.63,1198.76,31.01,20.37,83.04,0.56,0.58,5862.53
1100155,Ouro Preto do Oeste,RO,1982,2039.98,1163.6,30.99,20.57,86.69,0.44,0.54,5710.0
1100155,Ouro Preto do Oeste,RO,1983,1680.0,1179.31,31.38,20.16,83.13,0.56,0.48,5761.84
1100155,Ouro Preto do Oeste,RO,1984,1875.39,1243.96,31.42,20.42,78.99,0.7,0.8,5864.67
1100155,Ouro Preto do Oeste,RO,1985,1917.0,1191.29,31.08,20.34,79.19,0.69,0.75,5648.89
1100155,Ouro Preto do Oeste,RO,1986,1602.8,1151.63,30.79,20.18,83.5,0.54,0.7,5560.14
1100155,Ouro Preto do Oeste,RO,1987,1821.12,1198.25,31.35,20.47,84.02,0.54,0.51,5845.72
1100155,Ouro Preto do Oeste,RO,1988,1974.32,1166.16,30.97,20.26,82.38,0.58,0.74,5575.79
1100155,Ouro Preto do Oeste,RO,1989,2173.05,1196.31,30.73,20.13,83.74,0.53,0.79,5809.12
1100155,Ouro Preto do Oeste,RO,1990,2207.89,1228.19,31.11,20.79,82.95,0.57,0.83,5871.64
1100155,Ouro Preto do Oeste,RO,1991,1988.93,1161.81,31.16,20.69,84.07,0.53,0.79,5514.27
1100155,Ouro Preto do Oeste,RO,1992,2028.86,1194.0,31.01,20.55,84.8,0.51,0.75,5771.52
1100155,Ouro Preto do Oeste,RO,1993,2152.4,1237.81,31.32,20.73,82.18,0.6,0.74,5947.98
1100155,Ouro Preto do Oeste,RO,1994,2504.85,1213.09,31.49,20.76,83.78,0.55,0.69,5838.81
1100155,Ouro Preto do Oeste,RO,1995,2260.51,1180.9,31.39,20.86,83.04,0.58,0.59,5679.05
1100155,Ouro Preto do Oeste,RO,1996,2002.44,1182.64,30.61,20.6,83.38,0.55,0.75,5708.06
1100155,Ouro Preto do Oeste,RO,1997,1833.17,1204.65,31.16,21.24,83.32,0.57,0.72,5785.24
1100155,Ouro Preto do Oeste,RO,1998,2102.22,1207.31,32.01,21.51,83.63,0.58,0.6,5729.16
1100155,Ouro Preto do Oeste,RO,1999,1655.68,1212.22,31.37,20.8,84.13,0.54,0.54,5910.28
1100155,Ouro Preto do Oeste,RO,2000,1826.0,1207.06,31.42,20.98,85.92,0.48,0.47,5925.62
1100098,Espigão D'Oeste,RO,1981,1726.37,1147.48,30.37,19.08,82.09,0.56,0.56,5667.9
1100098,Espigão D'Oeste,RO,1982,1827.51,1149.48,30.38,19.48,85.34,0.47,0.58,5679.05
1100098,Espigão D'Oeste,RO,1983,1593.55,1149.58,30.7,19.01,82.69,0.55,0.55,5641.51
1100098,Espigão D'Oeste,RO,1984,1888.1,1212.74,30.92,19.21,79.0,0.67,0.82,5752.04
1100098,Espigão D'Oeste,RO,1985,1912.49,1187.3,30.75,19.28,79.06,0.67,0.8,5652.82
1100098,Espigão D'Oeste,RO,1986,2077.82,1196.46,30.6,19.55,82.76,0.55,0.79,5796.87
1100098,Espigão D'Oeste,RO,1987,1902.81,1225.69,31.0,19.91,82.89,0.56,0.64,5963.85
1100098,Espigão D'Oeste,RO,1988,2008.4,1184.13,30.58,19.32,81.3,0.59,0.78,5684.49
1100098,Espigão D'Oeste,RO,1989,2060.56,1209.31,29.98,19.69,83.22,0.53,0.82,5941.54
1100098,Espigão D'Oeste,RO,1990,2037.85,1233.0,30.24,20.1,82.66,0.56,0.82,5997.31
1100098,Espigão D'Oeste,RO,1991,2010.09,1139.7,30.36,18.76,84.34,0.48,0.64,5627.68
1100098,Espigão D'Oeste,RO,1992,1884.93,1166.78,30.15,18.75,85.16,0.46,0.68,5818.33
1100098,Espigão D'Oeste,RO,1993,1834.78,1269.19,30.94,19.67,81.65,0.59,0.73,6194.61
1100098,Espigão D'Oeste,RO,1994,1905.09,1232.13,30.85,19.69,83.36,0.54,0.69,6045.85
1100098,Espigão D'Oeste,RO,1995,2085.49,1176.19,30.72,19.27,82.64,0.56,0.66,5715.02
1100098,Espigão D'Oeste,RO,1996,1846.23,1199.12,30.1,18.77,82.47,0.54,0.77,5908.18
1100098,Espigão D'Oeste,RO,1997,1883.68,1209.46,30.78,19.56,82.32,0.57,0.72,5898.82
1100098,Espigão D'Oeste,RO,1998,1602.3,1235.05,31.64,19.77,81.75,0.6,0.71,5899.76
1100098,Espigão D'Oeste,RO,1999,1895.24,1241.65,31.26,19.32,82.51,0.57,0.66,6059.2
1100098,Espigão D'Oeste,RO,2000,1735.3,1235.2,31.33,19.81,83.42,0.54,0.57,6071.55
1100114,Jaru,RO,1981,1981.82,1189.7,31.07,20.47,84.56,0.51,0.54,5848.7
1100114,Jaru,RO,1982,2269.87,1157.41,30.99,20.75,86.98,0.44,0.53,5670.88
1100114,Jaru,RO,1983,1963.13,1180.65,31.49,20.25,83.29,0.56,0.47,5765.29
1100114,Jaru,RO,1984,2034.99,1214.22,31.27,20.7,78.98,0.71,0.7,5775.44
1100114,Jaru,RO,1985,1936.49,1192.57,30.97,20.49,79.25,0.69,0.76,5662.24
1100114,Jaru,RO,1986,1855.0,1152.04,30.87,20.26,83.58,0.54,0.7,5554.32
1100114,Jaru,RO,1987,1852.31,1201.07,31.44,20.59,83.44,0.56,0.51,5848.55
1100114,Jaru,RO,1988,2037.46,1164.47,31.07,20.41,82.16,0.6,0.71,5575.32
1100114,Jaru,RO,1989,2367.85,1196.72,30.82,20.2,83.64,0.54,0.8,5796.87
1100114,Jaru,RO,1990,2214.79,1237.46,31.13,20.87,82.74,0.58,0.84,5906.98
1100114,Jaru,RO,1991,1956.62,1162.58,31.2,20.94,83.99,0.54,0.79,5499.97
1100114,Jaru,RO,1992,1969.87,1195.28,31.09,20.79,84.7,0.51,0.76,5756.75
1100114,Jaru,RO,1993,1673.73,1231.31,31.33,20.83,82.23,0.6,0.74,5898.97
1100114,Jaru,RO,1994,1758.33,1214.68,31.46,20.9,83.76,0.55,0.69,5846.03
1100114,Jaru,RO,1995,1839.32,1179.72,31.36,21.02,82.97,0.59,0.61,5658.16
1100114,Jaru,RO,1996,1912.5,1183.41,30.7,20.8,83.14,0.56,0.76,5688.26
1100114,Jaru,RO,1997,1847.64,1203.73,31.27,21.36,83.36,0.58,0.72,5766.08
1100114,Jaru,RO,1998,2083.56,1207.41,32.18,21.66,83.65,0.58,0.59,5706.23
1100114,Jaru,RO,1999,1651.83,1212.63,31.5,20.94,84.18,0.54,0.54,5895.36
1100114,Jaru,RO,2000,1827.27,1207.21,31.51,21.08,85.91,0.48,0.48,5905.67
1100023,Ariquemes,RO,1981,2166.16,1191.29,31.23,20.79,86.08,0.47,0.54,5835.04
1100023,Ariquemes,RO,1982,2922.76,1155.72,31.13,20.95,87.11,0.44,0.53,5642.92
1100023,Ariquemes,RO,1983,2329.62,1185.25,31.7,20.42,83.43,0.56,0.47,5767.49
1100023,Ariquemes,RO,1984,2284.39,1215.14,31.43,20.87,78.99,0.71,0.7,5752.51
1100023,Ariquemes,RO,1985,1853.0,1196.31,31.19,20.69,79.43,0.69,0.76,5653.13
1100023,Ariquemes,RO,1986,2092.44,1153.31,31.05,20.46,84.87,0.51,0.7,5554.64
1100023,Ariquemes,RO,1987,2042.21,1199.38,31.57,20.79,84.37,0.54,0.51,5820.59
1100023,Ariquemes,RO,1988,1992.62,1170.61,31.2,20.83,82.05,0.61,0.71,5573.12
1100023,Ariquemes,RO,1989,2236.36,1194.11,30.93,20.43,83.59,0.55,0.79,5764.82
1100023,Ariquemes,RO,1990,2329.08,1241.19,31.24,21.19,82.79,0.59,0.86,5892.53
1100023,Ariquemes,RO,1991,1972.0,1160.89,31.29,21.36,84.21,0.54,0.8,5454.42
1100023,Ariquemes,RO,1992,1919.14,1190.57,31.28,21.22,84.55,0.53,0.75,5683.24
1100023,Ariquemes,RO,1993,2045.67,1210.13,31.21,21.03,83.3,0.57,0.75,5796.39
1100023,Ariquemes,RO,1994,2244.63,1209.0,31.59,21.17,84.1,0.55,0.69,5787.6
1100023,Ariquemes,RO,1995,1818.8,1178.8,31.49,21.3,83.18,0.59,0.64,5601.14
1100023,Ariquemes,RO,1996,1951.45,1172.05,30.96,21.18,83.88,0.55,0.75,5587.26
1100023,Ariquemes,RO,1997,1982.87,1192.57,31.48,21.63,84.07,0.56,0.73,5670.25
1100023,Ariquemes,RO,1998,1966.96,1205.78,32.41,22.01,83.99,0.58,0.57,5668.21
1100023,Ariquemes,RO,1999,1765.23,1194.11,31.63,21.26,84.91,0.52,0.53,5760.58
1100023,Ariquemes,RO,2000,1805.8,1191.96,31.69,21.28,85.37,0.51,0.5,5767.75
1100080,Costa Marques,RO,1981,2000.04,1151.06,31.42,20.46,83.95,0.53,0.57,5589.67
1100080,Costa Marques,RO,1982,1846.53,1112.63,31.29,20.84,86.98,0.44,0.55,5379.02
1100080,Costa Marques,RO,1983,1402.81,1132.43,31.61,20.35,83.04,0.57,0.51,5443.11
1100080,Costa Marques,RO,1984,1619.29,1148.5,31.51,20.57,77.72,0.75,0.65,5358.07
1100080,Costa Marques,RO,1985,1793.52,1147.99,31.18,20.48,79.01,0.7,0.71,5403.84
1100080,Costa Marques,RO,1986,1652.26,1147.53,31.14,20.35,82.85,0.57,0.69,5497.14
1100080,Costa Marques,RO,1987,1406.18,1208.39,31.64,20.37,81.32,0.63,0.59,5832.37
1100080,Costa Marques,RO,1988,1604.4,1166.93,31.29,19.94,80.82,0.64,0.78,5510.6
1100080,Costa Marques,RO,1989,1790.28,1186.84,31.0,19.75,83.45,0.54,0.79,5769.38
1100080,Costa Marques,RO,1990,1631.83,1244.47,31.28,20.56,82.1,0.6,0.85,5950.65
1100080,Costa Marques,RO,1991,1501.27,1149.99,31.34,20.51,83.61,0.55,0.63,5520.39
1100080,Costa Marques,RO,1992,1390.82,1186.33,31.29,20.6,84.19,0.53,0.69,5727.22
1100080,Costa Marques,RO,1993,1601.54,1226.4,31.49,20.78,81.48,0.63,0.71,5880.28
1100080,Costa Marques,RO,1994,1599.24,1219.19,31.94,20.9,82.9,0.59,0.6,5862.06
1100080,Costa Marques,RO,1995,1713.31,1183.26,31.74,20.93,82.37,0.61,0.69,5587.31
1100080,Costa Marques,RO,1996,1675.18,1177.78,31.03,20.43,81.8,0.6,0.72,5647.11
1100080,Costa Marques,RO,1997,1940.47,1188.07,31.54,21.33,82.53,0.61,0.62,5698.84
1100080,Costa Marques,RO,1998,1491.81,1212.43,32.12,21.55,82.83,0.61,0.65,5714.08
1100080,Costa Marques,RO,1999,1494.17,1210.79,31.49,20.91,81.8,0.62,0.65,5810.06
1100080,Costa Marques,RO,2000,1207.29,1202.7,31.51,21.09,83.48,0.57,0.6,5809.22
1100130,Machadinho D'Oeste,RO,1981,2388.01,1194.06,31.15,20.85,86.53,0.45,0.52,5850.12
1100130,Machadinho D'Oeste,RO,1982,2651.57,1165.04,31.16,21.01,87.22,0.43,0.52,5687.53
1100130,Machadinho D'Oeste,RO,1983,1983.87,1201.89,31.75,20.52,83.44,0.57,0.48,5846.66
1100130,Machadinho D'Oeste,RO,1984,2175.39,1218.67,31.43,20.94,79.01,0.72,0.7,5774.34
1100130,Machadinho D'Oeste,RO,1985,2333.63,1195.9,31.24,20.82,79.34,0.7,0.74,5644.65
1100130,Machadinho D'Oeste,RO,1986,2173.32,1158.89,31.1,20.53,86.44,0.46,0.68,5617.32
1100130,Machadinho D'Oeste,RO,1987,2354.04,1191.34,31.56,20.84,84.4,0.54,0.48,5784.93
1100130,Machadinho D'Oeste,RO,1988,2625.79,1173.89,31.22,20.81,83.45,0.56,0.67,5638.94
1100130,Machadinho D'Oeste,RO,1989,2495.74,1197.89,31.04,20.55,84.18,0.53,0.78,5762.62
1100130,Machadinho D'Oeste,RO,1990,2339.51,1244.62,31.37,21.28,83.92,0.55,0.86,5914.21
1100130,Machadinho D'Oeste,RO,1991,2242.67,1166.57,31.29,21.53,85.02,0.52,0.79,5493.85
1100130,Machadinho D'Oeste,RO,1992,2180.72,1188.17,31.37,21.38,84.7,0.53,0.75,5644.43
1100130,Machadinho D'Oeste,RO,1993,2285.83,1202.45,31.17,21.18,83.92,0.55,0.72,5765.45
1100130,Machadinho D'Oeste,RO,1994,2169.79,1207.16,31.55,21.16,84.47,0.54,0.68,5787.13
1100130,Machadinho D'Oeste,RO,1995,1971.76,1184.84,31.49,21.38,83.66,0.57,0.67,5625.96
1100130,Machadinho D'Oeste,RO,1996,1979.11,1176.3,30.97,21.18,84.33,0.53,0.74,5614.59
1100130,Machadinho D'Oeste,RO,1997,2237.01,1189.04,31.4,21.67,84.17,0.56,0.72,5658.0
1100130,Machadinho D'Oeste,RO,1998,2106.87,1211.92,32.19,22.14,84.18,0.57,0.61,5698.84
1100130,Machadinho D'Oeste,RO,1999,2372.94,1195.85,31.55,21.41,84.9,0.53,0.56,5746.91
1100130,Machadinho D'Oeste,RO,2000,2362.94,1188.02,31.75,21.42,84.89,0.53,0.48,5729.58
1100031,Cabixi,RO,1981,1952.49,1208.95,31.92,20.21,80.4,0.66,0.71,5748.17
1100031,Cabixi,RO,1982,1806.29,1217.85,31.91,20.85,83.82,0.56,0.72,5804.25
1100031,Cabixi,RO,1983,1631.96,1206.75,31.99,20.33,81.98,0.62,0.72,5699.32
1100031,Cabixi,RO,1984,1965.14,1324.87,32.24,20.35,77.74,0.76,0.97,6088.36
1100031,Cabixi,RO,1985,1613.4,1292.68,32.2,20.56,78.21,0.75,0.91,5992.44
1100031,Cabixi,RO,1986,1762.83,1314.02,32.37,20.82,79.52,0.72,0.82,6198.69
1100031,Cabixi,RO,1987,1747.76,1320.47,32.16,21.51,79.25,0.74,0.79,6199.01
1100031,Cabixi,RO,1988,2024.56,1291.91,31.74,20.5,78.54,0.73,0.91,6040.14
1100031,Cabixi,RO,1989,2326.45,1320.32,31.5,21.25,80.38,0.69,0.89,6296.24
1100031,Cabixi,RO,1990,2304.87,1322.47,31.48,21.55,80.81,0.67,0.84,6293.73
1100031,Cabixi,RO,1991,2298.91,1222.0,31.58,19.37,82.08,0.59,0.69,5932.59
1100031,Cabixi,RO,1992,2217.17,1264.99,31.34,20.31,83.92,0.54,0.77,6177.59
1100031,Cabixi,RO,1993,2079.4,1371.04,32.33,21.13,78.9,0.75,0.82,6442.34
1100031,Cabixi,RO,1994,2633.69,1341.66,32.41,20.95,80.43,0.69,0.87,6297.82
1100031,Cabixi,RO,1995,2267.47,1285.21,31.94,20.38,80.28,0.68,0.76,6116.69
1100031,Cabixi,RO,1996,2139.48,1325.95,31.69,19.74,80.8,0.64,0.98,6312.52
1100031,Cabixi,RO,1997,2219.11,1349.49,32.37,20.89,80.2,0.71,0.95,6286.66
1100031,Cabixi,RO,1998,1872.15,1367.41,32.91,20.55,78.93,0.75,1.02,6278.34
1100031,Cabixi,RO,1999,1829.06,1390.8,32.92,20.11,78.35,0.76,1.01,6422.7
1100031,Cabixi,RO,2000,1733.54,1367.0,32.65,20.77,79.72,0.72,0.96,6381.96
1100072,Corumbiara,RO,1981,2125.53,1194.87,31.43,19.82,80.86,0.63,0.67,5761.36
1100072,Corumbiara,RO,1982,2000.74,1197.18,31.46,20.39,84.16,0.53,0.67,5774.56
1100072,Corumbiara,RO,1983,1564.69,1188.27,31.54,19.87,82.26,0.6,0.66,5694.29
1100072,Corumbiara,RO,1984,1647.69,1265.45,31.85,19.92,77.75,0.74,0.91,5845.98
1100072,Corumbiara,RO,1985,1632.27,1244.37,31.83,20.02,78.32,0.73,0.9,5765.61
1100072,Corumbiara,RO,1986,1812.91,1276.71,31.74,20.33,80.01,0.68,0.81,6075.54
1100072,Corumbiara,RO,1987,1693.64,1281.98,31.65,20.94,79.45,0.71,0.75,6076.17
1100072,Corumbiara,RO,1988,1961.89,1270.11,31.28,20.19,78.63,0.71,0.91,5964.58
1100072,Corumbiara,RO,1989,2416.96,1289.66,30.95,20.72,81.44,0.63,0.89,6227.91
1100072,Corumbiara,RO,1990,2346.92,1290.53,30.99,21.0,81.59,0.62,0.84,6197.12
1100072,Corumbiara,RO,1991,2190.51,1180.03,31.19,19.02,83.04,0.54,0.69,5734.03
1100072,Corumbiara,RO,1992,2069.63,1226.15,30.9,19.75,84.36,0.51,0.75,6028.67
1100072,Corumbiara,RO,1993,1952.97,1351.49,31.9,20.67,79.18,0.72,0.84,6396.62
1100072,Corumbiara,RO,1994,2337.52,1307.32,31.84,20.55,80.93,0.65,0.84,6212.83
1100072,Corumbiara,RO,1995,2275.89,1232.59,31.39,19.91,80.45,0.65,0.71,5909.5
1100072,Corumbiara,RO,1996,2149.5,1286.03,30.95,19.38,80.82,0.62,0.94,6192.04
1100072,Corumbiara,RO,1997,2225.29,1310.29,31.8,20.37,80.44,0.67,0.92,6177.64
1100072,Corumbiara,RO,1998,1593.46,1292.17,32.33,20.13,79.24,0.71,0.79,6071.14
1100072,Corumbiara,RO,1999,1819.83,1319.04,32.22,19.76,79.12,0.71,0.75,6294.52
1100072,Corumbiara,RO,2000,1554.22,1304.04,32.05,20.36,80.38,0.67,0.72,6261.78
1100189,Pimenta Bueno,RO,1981,1934.33,1200.3,31.71,20.21,81.64,0.61,0.62,5786.97
1100189,Pimenta Bueno,RO,1982,1938.02,1194.57,31.7,20.68,84.94,0.52,0.61,5757.91
1100189,Pimenta Bueno,RO,1983,1531.9,1192.57,31.87,20.13,82.47,0.6,0.59,5713.14
1100189,Pimenta Bueno,RO,1984,1714.84,1268.68,32.21,20.2,78.97,0.72,0.9,5853.67
1100189,Pimenta Bueno,RO,1985,1928.86,1229.11,32.12,20.33,79.04,0.72,0.82,5720.05
1100189,Pimenta Bueno,RO,1986,2026.0,1250.87,32.0,20.62,82.41,0.61,0.8,5923.16
1100189,Pimenta Bueno,RO,1987,1844.77,1270.42,32.13,21.09,81.36,0.66,0.71,6001.24
1100189,Pimenta Bueno,RO,1988,1946.82,1250.3,31.76,20.39,80.85,0.65,0.91,5836.55
1100189,Pimenta Bueno,RO,1989,2060.17,1265.04,31.16,20.87,82.52,0.6,0.89,6070.98
1100189,Pimenta Bueno,RO,1990,1888.56,1273.13,31.36,21.14,82.43,0.6,0.84,6068.15
1100189,Pimenta Bueno,RO,1991,1968.38,1166.06,31.51,19.49,83.86,0.53,0.62,5660.51
1100189,Pimenta Bueno,RO,1992,1816.8,1206.08,31.27,19.9,84.85,0.5,0.68,5901.27
1100189,Pimenta Bueno,RO,1993,1765.42,1320.17,32.23,20.87,81.08,0.66,0.75,6273.62
1100189,Pimenta Bueno,RO,1994,1905.71,1285.06,32.11,20.84,82.35,0.61,0.78,6100.51
1100189,Pimenta Bueno,RO,1995,2098.12,1211.3,31.8,20.21,81.52,0.63,0.72,5727.28
1100189,Pimenta Bueno,RO,1996,1895.75,1254.14,31.37,19.8,81.9,0.59,0.89,5982.01
1100189,Pimenta Bueno,RO,1997,1933.05,1276.25,32.12,20.76,81.68,0.64,0.86,5998.88
1100189,Pimenta Bueno,RO,1998,1571.31,1288.28,32.96,20.55,80.52,0.69,0.78,5977.83
1100189,Pimenta Bueno,RO,1999,1905.54,1302.61,32.71,20.15,80.32,0.68,0.73,6143.87
1100189,Pimenta Bueno,RO,2000,1643.71,1284.49,32.37,20.84,81.41,0.65,0.63,6166.59
1100205,Porto Velho,RO,1981,1907.95,1191.91,31.51,21.04,86.62,0.46,0.52,5811.32
1100205,Porto Velho,RO,1982,2247.89,1151.42,31.36,21.17,87.15,0.44,0.52,5591.08
1100205,Porto Velho,RO,1983,1933.85,1172.41,31.96,20.64,85.17,0.52,0.44,5674.65
1100205,Porto Velho,RO,1984,2001.94,1208.33,31.7,21.09,79.0,0.72,0.68,5686.38
1100205,Porto Velho,RO,1985,2328.9,1185.92,31.43,20.77,80.65,0.66,0.72,5600.19
1100205,Porto Velho,RO,1986,2326.75,1143.13,31.33,20.76,85.74,0.49,0.68,5474.05
1100205,Porto Velho,RO,1987,2032.7,1202.45,31.78,21.31,84.64,0.54,0.56,5761.05
1100205,Porto Velho,RO,1988,2102.48,1175.99,31.43,21.37,85.3,0.51,0.74,5594.95
1100205,Porto Velho,RO,1989,2231.54,1185.1,31.08,20.8,85.4,0.49,0.8,5703.87
1100205,Porto Velho,RO,1990,1877.76,1233.57,31.39,21.55,83.32,0.58,1.0,5746.28
1100205,Porto Velho,RO,1991,2031.54,1194.57,31.51,21.73,84.91,0.53,1.19,5440.44
1100205,Porto Velho,RO,1992,2010.58,1211.61,31.48,21.54,84.59,0.54,1.12,5583.64
1100205,Porto Velho,RO,1993,2090.44,1188.94,31.47,21.01,83.89,0.55,0.77,5628.47
1100205,Porto Velho,RO,1994,2142.59,1211.81,31.91,21.52,84.39,0.55,0.7,5735.6
1100205,Porto Velho,RO,1995,1706.64,1191.55,31.9,21.57,82.93,0.61,0.76,5539.72
1100205,Porto Velho,RO,1996,1924.47,1174.04,31.31,21.55,83.85,0.56,0.73,5555.21
1100205,Porto Velho,RO,1997,1997.16,1203.27,31.85,21.87,84.2,0.56,0.75,5675.6
1100205,Porto Velho,RO,1998,1843.47,1206.85,32.88,22.25,83.87,0.6,0.59,5596.11
1100205,Porto Velho,RO,1999,2083.94,1200.61,32.03,21.48,84.73,0.54,0.55,5735.6
1100205,Porto Velho,RO,2000,2000.69,1201.37,31.95,21.52,85.29,0.52,0.59,5749.53
1100254,Presidente Médici,RO,1981,1742.14,1179.11,31.24,20.29,82.59,0.58,0.64,5692.56
1100254,Presidente Médici,RO,1982,1928.55,1161.4,31.26,20.66,85.73,0.48,0.64,5600.66
1100254,Presidente Médici,RO,1983,1595.63,1181.0,31.58,20.27,82.94,0.58,0.59,5673.71
1100254,Presidente Médici,RO,1984,1838.69,1217.14,31.74,20.57,78.97,0.72,0.78,5656.06
1100254,Presidente Médici,RO,1985,1912.78,1174.35,31.35,20.46,79.09,0.7,0.76,5505.47
1100254,Presidente Médici,RO,1986,1708.89,1169.8,31.14,20.33,82.7,0.58,0.74,5584.96
1100254,Presidente Médici,RO,1987,1818.38,1224.35,31.6,20.59,82.72,0.59,0.67,5863.16
1100254,Presidente Médici,RO,1988,1977.26,1163.55,31.14,20.2,81.57,0.61,0.75,5507.93
1100254,Presidente Médici,RO,1989,2064.41,1200.25,30.88,20.25,83.46,0.55,0.79,5812.1
1100254,Presidente Médici,RO,1990,2220.17,1247.49,31.23,20.82,82.41,0.59,0.82,5966.05
1100254,Presidente Médici,RO,1991,1958.56,1158.43,31.33,20.42,83.89,0.54,0.65,5567.2
1100254,Presidente Médici,RO,1992,2040.6,1185.46,31.18,20.33,84.37,0.52,0.66,5766.18
1100254,Presidente Médici,RO,1993,2113.34,1254.96,31.62,20.8,81.73,0.62,0.73,6007.68
1100254,Presidente Médici,RO,1994,2288.33,1230.24,31.92,20.82,83.69,0.56,0.68,5888.45
1100254,Presidente Médici,RO,1995,2233.64,1185.35,31.77,20.74,82.47,0.61,0.64,5630.04
1100254,Presidente Médici,RO,1996,1859.28,1205.57,31.08,20.31,81.97,0.6,0.77,5774.5
1100254,Presidente Médici,RO,1997,1762.16,1215.04,31.43,21.03,82.47,0.6,0.71,5828.6
1100254,Presidente Médici,RO,1998,1870.0,1217.75,32.08,21.46,83.35,0.59,0.62,5774.56
1100254,Presidente Médici,RO,1999,1713.88,1216.68,31.48,20.78,84.03,0.54,0.55,5920.65
1100254,Presidente Médici,RO,2000,1763.01,1214.32,31.77,20.99,85.8,0.49,0.47,5932.06
1100262,Rio Crespo,RO,1981,2311.8,1190.32,31.14,20.75,86.16,0.46,0.54,5837.24
1100262,Rio Crespo,RO,1982,3050.91,1156.74,31.07,20.9,87.15,0.43,0.53,5653.13
1100262,Rio Crespo,RO,1983,2370.83,1186.28,31.65,20.37,83.48,0.56,0.47,5777.23
1100262,Rio Crespo,RO,1984,2486.12,1215.7,31.39,20.85,79.0,0.71,0.7,5757.38
1100262,Rio Crespo,RO,1985,2341.25,1191.7,31.14,20.68,79.45,0.69,0.75,5633.97
1100262,Rio Crespo,RO,1986,2101.91,1151.11,31.0,20.43,85.76,0.48,0.7,5568.15
1100262,Rio Crespo,RO,1987,2073.48,1196.15,31.49,20.77,84.41,0.53,0.5,5813.36
1100262,Rio Crespo,RO,1988,2298.67,1169.44,31.12,20.82,84.11,0.54,0.7,5611.29
1100262,Rio Crespo,RO,1989,2221.86,1186.07,30.87,20.42,84.13,0.53,0.78,5723.98
1100262,Rio Crespo,RO,1990,2545.51,1238.28,31.19,21.16,83.77,0.55,0.87,5902.9
1100262,Rio Crespo,RO,1991,2251.71,1162.07,31.23,21.33,85.45,0.5,0.8,5497.14
1100262,Rio Crespo,RO,1992,2093.67,1189.86,31.22,21.19,84.69,0.52,0.75,5683.08
1100262,Rio Crespo,RO,1993,2615.9,1209.46,31.16,20.98,83.47,0.56,0.74,5802.68
1100262,Rio Crespo,RO,1994,2591.82,1208.03,31.53,21.12,84.94,0.52,0.69,5794.98
1100262,Rio Crespo,RO,1995,2098.32,1178.44,31.44,21.26,83.53,0.57,0.64,5608.68
1100262,Rio Crespo,RO,1996,2359.2,1173.07,30.91,21.14,84.06,0.54,0.76,5592.44
1100262,Rio Crespo,RO,1997,2200.77,1190.88,31.43,21.58,84.09,0.56,0.73,5665.86
1100262,Rio Crespo,RO,1998,1973.34,1205.93,32.37,21.98,84.0,0.58,0.56,5675.6
1100262,Rio Crespo,RO,1999,2005.06,1194.52,31.58,21.22,84.9,0.52,0.53,5767.65
1100262,Rio Crespo,RO,2000,2163.38,1191.29,31.64,21.23,85.3,0.51,0.49,5769.95
1100288,Rolim de Moura,RO,1981,1705.44,1165.96,31.19,20.09,82.35,0.58,0.62,5645.43
1100288,Rolim de Moura,RO,1982,1842.63,1151.83,31.22,20.53,85.3,0.49,0.6,5573.49
1100288,Rolim de Moura,RO,1983,1563.64,1152.19,31.44,20.17,82.8,0.58,0.58,5526.83
1100288,Rolim de Moura,RO,1984,1759.64,1213.81,31.64,20.37,78.96,0.71,0.79,5652.29
1100288,Rolim de Moura,RO,1985,1950.24,1176.09,31.38,20.33,79.05,0.7,0.76,5516.47
1100288,Rolim de Moura,RO,1986,1913.55,1172.25,31.17,20.24,82.42,0.59,0.75,5592.65
1100288,Rolim de Moura,RO,1987,1904.76,1230.09,31.6,20.59,82.36,0.6,0.63,5913.58
1100288,Rolim de Moura,RO,1988,2053.05,1172.87,31.23,19.98,81.34,0.62,0.77,5549.24
1100288,Rolim de Moura,RO,1989,2108.35,1212.53,30.84,20.29,82.79,0.57,0.79,5866.61
1100288,Rolim de Moura,RO,1990,2145.72,1255.57,31.17,20.86,82.27,0.6,0.84,6001.24
1100288,Rolim de Moura,RO,1991,1969.94,1154.49,31.34,19.75,83.48,0.54,0.63,5574.43
1100288,Rolim de Moura,RO,1992,1974.87,1186.22,31.11,19.92,84.32,0.51,0.68,5780.47
1100288,Rolim de Moura,RO,1993,1882.32,1263.15,31.76,20.66,80.89,0.65,0.74,6013.8
1100288,Rolim de Moura,RO,1994,1897.34,1235.77,31.85,20.6,82.47,0.6,0.69,5915.62
1100288,Rolim de Moura,RO,1995,2090.2,1187.45,31.63,20.26,81.55,0.63,0.69,5626.11
1100288,Rolim de Moura,RO,1996,1748.87,1203.06,30.99,19.74,81.3,0.61,0.77,5786.13
1100288,Rolim de Moura,RO,1997,1791.16,1219.59,31.42,20.73,81.39,0.64,0.72,5840.38
1100288,Rolim de Moura,RO,1998,1659.17,1241.55,32.33,20.68,80.36,0.68,0.74,5800.64
1100288,Rolim de Moura,RO,1999,1864.79,1250.87,31.95,20.24,80.47,0.66,0.69,5951.12
1100288,Rolim de Moura,RO,2000,1709.59,1233.36,31.9,20.76,82.3,0.61,0.61,5940.54
1100296,Santa Luzia D'Oeste,RO,1981,1707.73,1140.11,30.28,19.12,81.89,0.56,0.57,5631.45
1100296,Santa Luzia D'Oeste,RO,1982,1856.62,1140.11,30.33,19.57,84.65,0.49,0.61,5606.16
1100296,Santa Luzia D'Oeste,RO,1983,1584.32,1134.12,30.49,19.18,82.73,0.55,0.58,5543.17
1100296,Santa Luzia D'Oeste,RO,1984,1586.34,1211.15,30.92,19.28,77.76,0.71,0.81,5713.71
1100296,Santa Luzia D'Oeste,RO,1985,1884.1,1158.64,30.76,19.29,78.62,0.68,0.77,5490.55
1100296,Santa Luzia D'Oeste,RO,1986,1933.0,1166.01,30.33,19.29,82.33,0.56,0.75,5673.08
1100296,Santa Luzia D'Oeste,RO,1987,1810.46,1207.62,30.61,19.56,82.49,0.56,0.65,5917.35
1100296,Santa Luzia D'Oeste,RO,1988,2008.81,1160.43,30.27,19.08,81.26,0.59,0.79,5584.43
1100296,Santa Luzia D'Oeste,RO,1989,2291.72,1196.26,29.86,19.38,82.96,0.53,0.81,5903.21
1100296,Santa Luzia D'Oeste,RO,1990,2227.31,1232.13,30.2,19.94,82.38,0.56,0.85,6001.55
1100296,Santa Luzia D'Oeste,RO,1991,1951.59,1128.7,30.28,18.57,83.57,0.5,0.63,5574.27
1100296,Santa Luzia D'Oeste,RO,1992,1869.99,1161.3,30.0,18.88,84.39,0.48,0.69,5782.36
1100296,Santa Luzia D'Oeste,RO,1993,1822.01,1242.93,30.8,19.65,81.05,0.61,0.76,6019.77
1100296,Santa Luzia D'Oeste,RO,1994,1816.38,1226.4,30.89,19.6,82.53,0.56,0.77,5940.44
1100296,Santa Luzia D'Oeste,RO,1995,2119.57,1167.75,30.65,19.2,81.64,0.59,0.69,5647.32
1100296,Santa Luzia D'Oeste,RO,1996,1779.32,1197.94,30.03,18.64,81.64,0.56,0.87,5849.59
1100296,Santa Luzia D'Oeste,RO,1997,1776.14,1214.89,30.6,19.68,81.56,0.6,0.85,5855.93
1100296,Santa Luzia D'Oeste,RO,1998,1567.15,1225.22,31.35,19.61,80.32,0.64,0.75,5843.84
1100296,Santa Luzia D'Oeste,RO,1999,1861.13,1232.13,31.02,19.2,80.41,0.63,0.71,5973.75
1100296,Santa Luzia D'Oeste,RO,2000,1614.09,1215.7,30.86,19.59,81.82,0.58,0.63,5972.27
1100304,Vilhena,RO,1981,2110.04,1188.27,31.0,19.38,81.38,0.6,0.66,5788.07
1100304,Vilhena,RO,1982,1997.85,1186.79,31.03,19.9,84.6,0.51,0.67,5769.85
1100304,Vilhena,RO,1983,1639.9,1185.25,31.15,19.35,82.3,0.58,0.66,5722.72
1100304,Vilhena,RO,1984,1740.07,1261.51,31.53,19.44,78.99,0.69,0.85,5962.22
1100304,Vilhena,RO,1985,2059.92,1221.18,31.46,19.76,79.02,0.69,0.82,5751.62
1100304,Vilhena,RO,1986,2163.28,1272.57,31.32,19.86,80.85,0.63,0.81,6121.88
1100304,Vilhena,RO,1987,1838.91,1259.31,31.37,20.31,80.9,0.64,0.75,6014.74
1100304,Vilhena,RO,1988,1807.13,1239.04,31.0,19.76,79.5,0.67,0.83,5902.53
1100304,Vilhena,RO,1989,2226.83,1254.45,30.4,20.07,82.06,0.58,0.84,6135.54
1100304,Vilhena,RO,1990,1873.18,1260.69,30.58,20.37,82.44,0.57,0.83,6111.67
1100304,Vilhena,RO,1991,1993.96,1161.91,30.75,18.53,83.98,0.5,0.69,5699.79
1100304,Vilhena,RO,1992,1688.6,1201.58,30.44,19.03,84.86,0.47,0.71,5980.29
1100304,Vilhena,RO,1993,1713.72,1320.17,31.47,20.11,80.29,0.66,0.81,6326.56
1100304,Vilhena,RO,1994,1790.81,1279.48,31.38,20.03,81.99,0.6,0.82,6149.84
1100304,Vilhena,RO,1995,2108.32,1204.7,30.99,19.34,81.18,0.61,0.67,5838.81
1100304,Vilhena,RO,1996,1837.27,1262.33,30.67,19.01,81.47,0.58,0.89,6132.97
1100304,Vilhena,RO,1997,1808.6,1285.41,31.49,19.87,81.02,0.64,0.9,6103.81
1100304,Vilhena,RO,1998,1720.39,1278.61,32.2,19.64,80.54,0.65,0.82,6007.05
1100304,Vilhena,RO,1999,1753.83,1303.79,32.05,19.27,80.31,0.65,0.78,6225.87
1100304,Vilhena,RO,2000,1658.18,1281.78,31.72,20.03,81.44,0.62,0.67,6225.5
1100320,São Miguel do Guaporé,RO,1981,1933.92,1159.25,31.18,20.25,82.86,0.56,0.58,5631.3
1100320,São Miguel do Guaporé,RO,1982,1880.99,1137.86,31.19,20.62,86.06,0.47,0.55,5523.85
1100320,São Miguel do Guaporé,RO,1983,1465.94,1132.54,31.4,20.16,83.01,0.57,0.5,5465.57
1100320,São Miguel do Guaporé,RO,1984,1687.26,1213.15,31.64,20.47,77.75,0.75,0.77,5630.61
1100320,São Miguel do Guaporé,RO,1985,1813.44,1168.31,31.24,20.34,79.19,0.69,0.77,5486.46
1100320,São Miguel do Guaporé,RO,1986,1613.75,1162.02,31.01,20.19,82.49,0.58,0.75,5553.7
1100320,São Miguel do Guaporé,RO,1987,1540.92,1202.4,31.43,20.32,82.37,0.59,0.56,5841.16
1100320,São Miguel do Guaporé,RO,1988,1748.71,1158.23,31.05,19.94,82.13,0.59,0.77,5513.42
1100320,São Miguel do Guaporé,RO,1989,1988.33,1189.96,30.76,19.88,83.56,0.54,0.79,5793.72
1100320,São Miguel do Guaporé,RO,1990,2059.78,1241.65,31.07,20.61,82.64,0.58,0.83,5967.46
1100320,São Miguel do Guaporé,RO,1991,1757.88,1148.56,31.19,20.35,83.76,0.54,0.64,5530.13
1100320,São Miguel do Guaporé,RO,1992,1795.67,1179.98,31.01,20.39,84.53,0.51,0.69,5734.13
1100320,São Miguel do Guaporé,RO,1993,2031.89,1236.38,31.44,20.63,81.89,0.61,0.74,5934.63
1100320,São Miguel do Guaporé,RO,1994,1620.48,1222.82,31.8,20.77,83.44,0.57,0.69,5856.72
1100320,São Miguel do Guaporé,RO,1995,1919.27,1185.15,31.66,20.75,82.45,0.61,0.68,5610.88
1100320,São Miguel do Guaporé,RO,1996,1682.44,1194.98,30.95,20.26,81.82,0.6,0.77,5734.92
1100320,São Miguel do Guaporé,RO,1997,1714.66,1208.54,31.37,21.1,82.56,0.6,0.71,5803.78
1100320,São Miguel do Guaporé,RO,1998,1737.18,1209.41,32.02,21.41,83.53,0.58,0.62,5742.2
1100320,São Miguel do Guaporé,RO,1999,1675.01,1207.62,31.41,20.77,84.04,0.54,0.56,5888.76
1100320,São Miguel do Guaporé,RO,2000,1556.04,1201.99,31.42,20.94,86.02,0.48,0.51,5891.38
1100338,Nova Mamoré,RO,1981,1702.01,1170.2,31.1,20.53,86.31,0.46,0.55,5740.79
1100338,Nova Mamoré,RO,1982,1672.88,1126.85,30.99,20.72,87.05,0.43,0.54,5484.58
1100338,Nova Mamoré,RO,1983,1452.98,1159.25,31.48,20.23,85.36,0.49,0.47,5646.85
1100338,Nova Mamoré,RO,1984,1582.19,1166.78,31.24,20.4,77.78,0.74,0.64,5513.9
1100338,Nova Mamoré,RO,1985,1848.11,1155.98,30.87,20.25,79.7,0.67,0.7,5506.57
1100338,Nova Mamoré,RO,1986,2273.5,1120.41,30.8,20.08,84.6,0.5,0.67,5403.52
1100338,Nova Mamoré,RO,1987,1743.7,1179.21,31.31,20.25,84.53,0.52,0.58,5725.71
1100338,Nova Mamoré,RO,1988,1918.15,1153.93,31.01,20.05,85.04,0.49,0.73,5567.46
1100338,Nova Mamoré,RO,1989,2084.63,1151.93,30.74,19.55,84.96,0.48,0.77,5604.91
1100338,Nova Mamoré,RO,1990,1455.68,1203.93,30.98,20.5,83.19,0.56,0.87,5731.52
1100338,Nova Mamoré,RO,1991,1622.29,1154.59,31.01,21.09,85.05,0.51,0.79,5478.61
1100338,Nova Mamoré,RO,1992,1604.82,1174.04,31.0,20.98,84.54,0.52,0.75,5616.32
1100338,Nova Mamoré,RO,1993,1499.18,1172.41,31.02,20.47,83.64,0.54,0.73,5627.53
1100338,Nova Mamoré,RO,1994,1504.73,1188.02,31.44,20.74,83.68,0.56,0.61,5718.01
1100338,Nova Mamoré,RO,1995,1515.12,1158.54,31.45,20.77,82.81,0.59,0.67,5476.1
1100338,Nova Mamoré,RO,1996,1543.34,1153.72,30.89,20.64,83.54,0.55,0.71,5520.34
1100338,Nova Mamoré,RO,1997,1763.3,1171.07,31.41,21.33,84.03,0.55,0.65,5588.41
1100338,Nova Mamoré,RO,1998,1614.7,1167.39,32.14,21.58,83.85,0.57,0.55,5497.46
1100338,Nova Mamoré,RO,1999,1551.39,1173.89,31.42,20.91,85.0,0.51,0.53,5680.78
1100338,Nova Mamoré,RO,2000,1538.8,1173.89,31.36,20.95,85.82,0.48,0.57,5680.72
1100346,Alvorada D'Oeste,RO,1981,1902.05,1153.93,30.91,20.02,83.1,0.55,0.57,5631.45
1100346,Alvorada D'Oeste,RO,1982,2026.9,1132.79,30.92,20.37,86.2,0.46,0.54,5531.39
1100346,Alvorada D'Oeste,RO,1983,1636.25,1129.06,31.15,19.91,83.03,0.56,0.5,5470.28
1100346,Alvorada D'Oeste,RO,1984,1817.97,1209.2,31.41,20.22,77.77,0.74,0.78,5637.21
1100346,Alvorada D'Oeste,RO,1985,1933.59,1164.83,31.01,20.13,79.19,0.68,0.76,5494.94
1100346,Alvorada D'Oeste,RO,1986,1759.87,1157.41,30.76,19.97,82.63,0.57,0.74,5563.91
1100346,Alvorada D'Oeste,RO,1987,1797.6,1196.61,31.17,20.1,82.84,0.57,0.55,5842.74
1100346,Alvorada D'Oeste,RO,1988,1969.41,1154.29,30.79,19.77,82.15,0.58,0.76,5514.21
1100346,Alvorada D'Oeste,RO,1989,2208.94,1185.41,30.5,19.72,83.59,0.53,0.79,5796.24
1100346,Alvorada D'Oeste,RO,1990,2100.1,1230.85,30.82,20.43,82.75,0.57,0.83,5940.13
1100346,Alvorada D'Oeste,RO,1991,1952.28,1143.18,30.95,20.12,83.87,0.53,0.65,5526.05
1100346,Alvorada D'Oeste,RO,1992,2004.45,1174.56,30.78,20.14,84.56,0.5,0.68,5731.3
1100346,Alvorada D'Oeste,RO,1993,2010.48,1235.97,31.22,20.4,81.84,0.6,0.75,5947.83
1100346,Alvorada D'Oeste,RO,1994,1728.03,1216.11,31.54,20.53,83.46,0.56,0.69,5856.09
1100346,Alvorada D'Oeste,RO,1995,2046.33,1179.42,31.39,20.52,82.51,0.59,0.68,5614.96
1100346,Alvorada D'Oeste,RO,1996,1783.14,1192.42,30.67,20.04,81.84,0.59,0.78,5743.24
1100346,Alvorada D'Oeste,RO,1997,1707.69,1204.7,31.11,20.84,82.54,0.59,0.72,5799.69
1100346,Alvorada D'Oeste,RO,1998,1943.21,1206.13,31.78,21.18,83.52,0.57,0.62,5750.84
1100346,Alvorada D'Oeste,RO,1999,1734.35,1204.85,31.17,20.52,84.0,0.54,0.55,5899.44
1100346,Alvorada D'Oeste,RO,2000,1719.61,1198.15,31.21,20.71,85.98,0.47,0.49,5900.8
1100379,Alto Alegre dos Parecis,RO,1981,1917.79,1188.22,31.45,20.23,81.35,0.62,0.64,5733.56
1100379,Alto Alegre dos Parecis,RO,1982,1872.29,1181.36,31.5,20.83,84.48,0.53,0.67,5662.87
1100379,Alto Alegre dos Parecis,RO,1983,1534.79,1181.16,31.59,20.26,82.61,0.59,0.65,5642.14
1100379,Alto Alegre dos Parecis,RO,1984,1537.8,1267.35,32.14,20.24,77.74,0.76,0.89,5832.47
1100379,Alto Alegre dos Parecis,RO,1985,1767.53,1226.45,32.01,20.29,78.36,0.74,0.85,5678.89
1100379,Alto Alegre dos Parecis,RO,1986,1743.16,1238.02,31.65,20.34,81.5,0.63,0.84,5863.31
1100379,Alto Alegre dos Parecis,RO,1987,1664.42,1251.79,31.83,20.97,80.74,0.67,0.72,5933.06
1100379,Alto Alegre dos Parecis,RO,1988,1794.95,1221.03,31.42,20.11,80.75,0.64,0.9,5722.19
1100379,Alto Alegre dos Parecis,RO,1989,2187.4,1250.76,31.12,20.63,82.12,0.61,0.89,5996.37
1100379,Alto Alegre dos Parecis,RO,1990,2335.25,1269.96,31.3,21.04,82.03,0.61,0.85,6058.57
1100379,Alto Alegre dos Parecis,RO,1991,1726.38,1173.22,31.39,19.58,83.16,0.55,0.69,5654.86
1100379,Alto Alegre dos Parecis,RO,1992,1690.52,1209.61,31.13,20.0,84.33,0.51,0.72,5914.94
1100379,Alto Alegre dos Parecis,RO,1993,1957.43,1308.44,32.05,20.76,80.56,0.67,0.83,6169.16
1100379,Alto Alegre dos Parecis,RO,1994,1800.36,1275.48,32.1,20.8,81.95,0.63,0.81,6032.65
1100379,Alto Alegre dos Parecis,RO,1995,1985.02,1205.31,31.75,20.19,80.95,0.65,0.74,5691.3
1100379,Alto Alegre dos Parecis,RO,1996,1620.21,1238.84,31.06,19.63,81.37,0.6,0.88,5942.9
1100379,Alto Alegre dos Parecis,RO,1997,1834.57,1272.36,31.78,20.78,81.14,0.65,0.89,5990.87
1100379,Alto Alegre dos Parecis,RO,1998,1552.54,1267.7,32.46,20.56,80.2,0.69,0.77,5928.82
1100379,Alto Alegre dos Parecis,RO,1999,1735.33,1276.35,32.18,20.23,80.31,0.67,0.72,6067.21
1100379,Alto Alegre dos Parecis,RO,2000,1491.73,1266.27,32.14,20.71,81.36,0.64,0.66,6069.04
1100403,Alto Paraíso,RO,1981,2353.23,1185.61,31.16,20.69,86.54,0.45,0.53,5820.59
1100403,Alto Paraíso,RO,1982,3395.44,1150.81,31.03,20.84,87.06,0.44,0.53,5627.53
1100403,Alto Paraíso,RO,1983,2298.29,1181.16,31.62,20.33,83.56,0.56,0.46,5754.61
1100403,Alto Paraíso,RO,1984,2234.1,1200.81,31.37,20.78,78.99,0.71,0.66,5701.46
1100403,Alto Paraíso,RO,1985,2011.58,1181.62,31.11,20.59,79.66,0.68,0.71,5611.66
1100403,Alto Paraíso,RO,1986,2071.57,1143.03,30.98,20.45,85.67,0.48,0.66,5527.46
1100403,Alto Paraíso,RO,1987,2166.23,1196.56,31.44,20.87,84.47,0.53,0.52,5798.28
1100403,Alto Paraíso,RO,1988,2103.59,1171.89,31.08,20.94,84.96,0.51,0.71,5627.47
1100403,Alto Paraíso,RO,1989,2184.11,1180.08,30.79,20.48,84.65,0.51,0.79,5697.43
1100403,Alto Paraíso,RO,1990,2531.45,1237.1,31.09,21.2,82.91,0.58,0.86,5881.69
1100403,Alto Paraíso,RO,1991,2208.57,1159.76,31.17,21.37,85.31,0.5,0.8,5481.59
1100403,Alto Paraíso,RO,1992,1935.2,1179.26,31.15,21.24,84.64,0.52,0.75,5624.64
1100403,Alto Paraíso,RO,1993,2264.43,1194.52,31.12,20.86,84.01,0.54,0.75,5725.86
1100403,Alto Paraíso,RO,1994,2458.66,1203.11,31.54,21.17,84.83,0.53,0.69,5750.21
1100403,Alto Paraíso,RO,1995,1911.82,1183.51,31.51,21.23,83.57,0.57,0.74,5573.65
1100403,Alto Paraíso,RO,1996,2100.13,1172.71,30.94,21.19,84.05,0.54,0.76,5582.7
1100403,Alto Paraíso,RO,1997,2086.85,1191.65,31.47,21.53,84.24,0.55,0.73,5669.0
1100403,Alto Paraíso,RO,1998,1806.45,1199.58,32.46,21.93,84.07,0.58,0.57,5623.28
1100403,Alto Paraíso,RO,1999,1869.2,1193.13,31.63,21.16,84.92,0.52,0.53,5757.28
1100403,Alto Paraíso,RO,2000,1789.27,1190.32,31.62,21.19,85.38,0.51,0.52,5763.19
1100452,Buritis,RO,1981,2081.88,1179.62,30.95,20.45,86.41,0.45,0.54,5814.3
1100452,Buritis,RO,1982,2708.64,1140.37,30.83,20.62,87.08,0.43,0.52,5590.3
1100452,Buritis,RO,1983,2081.99,1161.96,31.38,20.11,83.47,0.55,0.45,5677.17
1100452,Buritis,RO,1984,2056.96,1197.59,31.11,20.44,77.8,0.74,0.67,5692.66
1100452,Buritis,RO,1985,1957.16,1175.89,30.83,20.26,79.66,0.67,0.72,5608.2
1100452,Buritis,RO,1986,2245.84,1131.51,30.74,20.13,84.75,0.5,0.68,5471.07
1100452,Buritis,RO,1987,2055.38,1191.19,31.22,20.45,84.7,0.51,0.55,5801.11
1100452,Buritis,RO,1988,1888.94,1162.02,30.86,20.48,84.8,0.51,0.74,5598.57
1100452,Buritis,RO,1989,2215.12,1172.51,30.57,19.98,84.94,0.49,0.79,5712.04
1100452,Buritis,RO,1990,2452.79,1220.82,30.86,20.8,83.05,0.57,0.86,5832.21
1100452,Buritis,RO,1991,2100.46,1154.54,30.94,21.06,85.23,0.5,0.8,5481.44
1100452,Buritis,RO,1992,1957.85,1173.43,30.91,20.9,84.67,0.52,0.75,5627.31
1100452,Buritis,RO,1993,2166.21,1184.84,30.89,20.57,83.99,0.53,0.76,5701.83
1100452,Buritis,RO,1994,2465.64,1197.13,31.3,20.85,84.68,0.52,0.7,5751.47
1100452,Buritis,RO,1995,2119.74,1171.48,31.3,20.95,83.37,0.57,0.68,5564.85
1100452,Buritis,RO,1996,2144.82,1162.78,30.71,20.85,83.95,0.54,0.75,5569.19
1100452,Buritis,RO,1997,1976.36,1186.69,31.21,21.3,84.3,0.54,0.73,5677.01
1100452,Buritis,RO,1998,1741.66,1190.06,32.14,21.65,84.05,0.57,0.58,5607.26
1100452,Buritis,RO,1999,1797.43,1185.87,31.34,20.92,84.92,0.51,0.55,5743.46
1100452,Buritis,RO,2000,1809.49,1185.15,31.34,20.93,85.5,0.49,0.55,5755.5
1100502,Novo Horizonte do Oeste,RO,1981,1748.53,1156.69,31.16,20.12,82.63,0.57,0.58,5618.26
1100502,Novo Horizonte do Oeste,RO,1982,1857.68,1139.75,31.19,20.55,85.51,0.49,0.54,5531.23
1100502,Novo Horizonte do Oeste,RO,1983,1496.42,1128.24,31.3,20.1,82.86,0.57,0.51,5444.52
1100502,Novo Horizonte do Oeste,RO,1984,1860.52,1218.42,31.65,20.42,77.77,0.75,0.79,5649.46
1100502,Novo Horizonte do Oeste,RO,1985,1912.02,1171.48,31.27,20.32,78.65,0.71,0.76,5495.1
1100502,Novo Horizonte do Oeste,RO,1986,1714.68,1166.06,30.99,20.16,82.41,0.58,0.75,5582.91
1100502,Novo Horizonte do Oeste,RO,1987,1855.21,1204.7,31.41,20.53,82.38,0.6,0.55,5848.39
1100502,Novo Horizonte do Oeste,RO,1988,1952.89,1160.17,31.02,19.86,81.41,0.61,0.76,5509.97
1100502,Novo Horizonte do Oeste,RO,1989,2067.92,1197.94,30.76,20.17,83.55,0.54,0.79,5819.33
1100502,Novo Horizonte do Oeste,RO,1990,2006.34,1246.62,31.04,20.7,82.63,0.58,0.83,5989.61
1100502,Novo Horizonte do Oeste,RO,1991,1942.59,1151.37,31.2,20.04,83.8,0.53,0.64,5570.5
1100502,Novo Horizonte do Oeste,RO,1992,1976.38,1187.3,31.01,20.14,84.25,0.52,0.68,5787.7
1100502,Novo Horizonte do Oeste,RO,1993,1935.41,1251.58,31.53,20.62,81.72,0.62,0.75,5993.22
1100502,Novo Horizonte do Oeste,RO,1994,1712.76,1231.11,31.85,20.7,83.63,0.56,0.69,5907.14
1100502,Novo Horizonte do Oeste,RO,1995,2057.68,1186.17,31.65,20.57,82.38,0.6,0.67,5631.14
1100502,Novo Horizonte do Oeste,RO,1996,1793.51,1208.49,31.0,20.04,81.66,0.6,0.79,5788.8
1100502,Novo Horizonte do Oeste,RO,1997,1755.83,1216.52,31.32,20.91,82.41,0.6,0.72,5849.65
1100502,Novo Horizonte do Oeste,RO,1998,1819.93,1213.61,31.93,21.28,83.47,0.58,0.63,5776.92
1100502,Novo Horizonte do Oeste,RO,1999,1744.03,1213.66,31.39,20.64,83.93,0.54,0.56,5924.58
1100502,Novo Horizonte do Oeste,RO,2000,1710.89,1211.2,31.66,20.84,85.8,0.48,0.48,5935.99
1100601,Cacaulândia,RO,1981,2180.23,1187.25,31.03,20.52,85.46,0.48,0.54,5839.28
1100601,Cacaulândia,RO,1982,2877.8,1151.52,30.94,20.74,87.08,0.43,0.54,5641.19
1100601,Cacaulândia,RO,1983,2259.81,1179.26,31.48,20.22,83.39,0.56,0.47,5758.69
1100601,Cacaulândia,RO,1984,2239.93,1208.49,31.19,20.63,78.98,0.7,0.71,5750.0
1100601,Cacaulândia,RO,1985,1903.41,1190.63,30.95,20.44,79.35,0.68,0.76,5654.07
1100601,Cacaulândia,RO,1986,2021.16,1149.58,30.82,20.22,84.09,0.52,0.71,5547.88
1100601,Cacaulândia,RO,1987,1914.08,1196.92,31.38,20.48,83.48,0.56,0.52,5828.13
1100601,Cacaulândia,RO,1988,1927.92,1163.91,31.01,20.48,82.33,0.59,0.71,5574.06
1100601,Cacaulândia,RO,1989,2256.67,1189.24,30.74,20.1,83.67,0.54,0.79,5771.73
1100601,Cacaulândia,RO,1990,2340.18,1235.87,31.06,20.84,82.72,0.58,0.84,5905.41
1100601,Cacaulândia,RO,1991,1968.01,1155.36,31.09,21.04,84.17,0.54,0.79,5461.01
1100601,Cacaulândia,RO,1992,2033.41,1188.37,31.12,20.9,84.59,0.52,0.75,5701.3
1100601,Cacaulândia,RO,1993,2085.44,1217.6,31.08,20.8,83.24,0.56,0.75,5871.8
1100601,Cacaulândia,RO,1994,2231.92,1214.89,31.43,20.92,84.0,0.55,0.69,5850.28
1100601,Cacaulândia,RO,1995,1893.94,1175.12,31.34,21.04,83.06,0.58,0.63,5617.0
1100601,Cacaulândia,RO,1996,2027.88,1167.34,30.7,20.86,83.69,0.54,0.76,5590.71
1100601,Cacaulândia,RO,1997,2018.08,1187.04,31.23,21.4,83.91,0.56,0.73,5679.05
1100601,Cacaulândia,RO,1998,2037.81,1199.07,32.12,21.78,83.98,0.57,0.57,5666.8
1100601,Cacaulândia,RO,1999,1793.17,1187.35,31.36,21.05,84.92,0.52,0.53,5760.42
1100601,Cacaulândia,RO,2000,1881.26,1185.81,31.46,21.07,85.4,0.5,0.5,5766.65
1100700,Campo Novo de Rondônia,RO,1981,2189.5,1181.16,31.04,20.49,86.45,0.45,0.54,5815.4
1100700,Campo Novo de Rondônia,RO,1982,2659.56,1141.29,30.92,20.71,87.08,0.43,0.53,5587.16
1100700,Campo Novo de Rondônia,RO,1983,1964.73,1163.45,31.45,20.21,83.46,0.56,0.45,5677.32
1100700,Campo Novo de Rondônia,RO,1984,2026.82,1198.1,31.17,20.48,77.78,0.74,0.67,5695.02
1100700,Campo Novo de Rondônia,RO,1985,1750.15,1180.08,30.9,20.34,79.52,0.67,0.73,5629.73
1100700,Campo Novo de Rondônia,RO,1986,2160.29,1132.48,30.8,20.18,84.68,0.5,0.68,5469.97
1100700,Campo Novo de Rondônia,RO,1987,1810.44,1196.26,31.34,20.41,83.41,0.56,0.55,5813.2
1100700,Campo Novo de Rondônia,RO,1988,1921.32,1165.96,30.98,20.39,82.39,0.59,0.73,5568.56
1100700,Campo Novo de Rondônia,RO,1989,2220.88,1183.92,30.69,19.93,83.76,0.53,0.79,5756.34
1100700,Campo Novo de Rondônia,RO,1990,2320.73,1230.96,30.98,20.72,82.71,0.58,0.85,5890.49
1100700,Campo Novo de Rondônia,RO,1991,1926.18,1152.96,31.04,21.0,83.99,0.54,0.79,5451.28
1100700,Campo Novo de Rondônia,RO,1992,1918.55,1181.98,31.01,20.86,84.38,0.52,0.75,5671.77
1100700,Campo Novo de Rondônia,RO,1993,2163.03,1195.23,30.95,20.67,83.83,0.54,0.76,5760.26
1100700,Campo Novo de Rondônia,RO,1994,2464.4,1200.45,31.36,20.86,83.98,0.55,0.69,5767.96
1100700,Campo Novo de Rondônia,RO,1995,2151.51,1172.25,31.38,21.0,83.18,0.58,0.66,5576.0
1100700,Campo Novo de Rondônia,RO,1996,2137.19,1163.91,30.77,20.85,83.92,0.54,0.76,5573.12
1100700,Campo Novo de Rondônia,RO,1997,1974.37,1187.25,31.24,21.38,84.31,0.54,0.73,5680.46
1100700,Campo Novo de Rondônia,RO,1998,1748.15,1190.52,32.13,21.71,84.07,0.57,0.58,5611.35
1100700,Campo Novo de Rondônia,RO,1999,1828.37,1185.66,31.35,20.99,84.93,0.52,0.54,5744.08
1100700,Campo Novo de Rondônia,RO,2000,1811.78,1185.2,31.4,21.0,85.5,0.5,0.54,5756.28
1100809,Candeias do Jamari,RO,1981,2299.21,1196.26,31.46,21.01,86.77,0.45,0.52,5838.65
1100809,Candeias do Jamari,RO,1982,2867.42,1163.5,31.32,21.13,87.24,0.44,0.52,5663.97
1100809,Candeias do Jamari,RO,1983,2169.58,1191.75,31.94,20.6,84.81,0.52,0.46,5784.46
1100809,Candeias do Jamari,RO,1984,2527.99,1223.94,31.72,21.21,79.01,0.73,0.71,5750.15
1100809,Candeias do Jamari,RO,1985,2651.43,1194.77,31.47,20.92,80.61,0.66,0.75,5624.86
1100809,Candeias do Jamari,RO,1986,2181.89,1160.38,31.32,20.85,86.21,0.47,0.7,5578.99
1100809,Candeias do Jamari,RO,1987,2152.43,1206.39,31.77,21.44,84.66,0.54,0.48,5814.3
1100809,Candeias do Jamari,RO,1988,2044.94,1177.63,31.4,21.52,85.78,0.5,0.7,5625.43
1100809,Candeias do Jamari,RO,1989,2435.5,1193.44,31.07,21.04,85.19,0.5,0.79,5729.95
1100809,Candeias do Jamari,RO,1990,2330.01,1238.22,31.37,21.66,83.87,0.56,0.87,5854.2
1100809,Candeias do Jamari,RO,1991,2266.69,1166.31,31.5,21.73,85.09,0.52,0.8,5458.19
1100809,Candeias do Jamari,RO,1992,2123.74,1182.59,31.45,21.6,84.34,0.55,0.74,5591.18
1100809,Candeias do Jamari,RO,1993,2384.32,1193.59,31.47,21.17,84.18,0.54,0.75,5668.06
1100809,Candeias do Jamari,RO,1994,2444.82,1215.55,31.86,21.59,84.81,0.54,0.69,5770.32
1100809,Candeias do Jamari,RO,1995,2024.68,1193.9,31.83,21.61,83.45,0.59,0.74,5584.8
1100809,Candeias do Jamari,RO,1996,2453.06,1177.78,31.27,21.64,84.24,0.55,0.72,5581.44
1100809,Candeias do Jamari,RO,1997,2391.94,1199.79,31.84,21.86,84.13,0.57,0.74,5656.9
1100809,Candeias do Jamari,RO,1998,2006.14,1211.3,32.91,22.27,84.02,0.59,0.56,5634.75
1100809,Candeias do Jamari,RO,1999,2391.56,1204.04,32.03,21.47,84.73,0.54,0.52,5769.22
1100809,Candeias do Jamari,RO,2000,2274.91,1201.37,31.95,21.52,85.09,0.53,0.55,5759.58
1100908,Castanheiras,RO,1981,1722.33,1180.24,31.34,20.33,82.52,0.58,0.65,5688.32
1100908,Castanheiras,RO,1982,1870.49,1162.58,31.38,20.73,85.72,0.48,0.65,5597.99
1100908,Castanheiras,RO,1983,1493.41,1183.05,31.67,20.34,82.87,0.58,0.61,5670.88
1100908,Castanheiras,RO,1984,1853.18,1218.57,31.83,20.61,78.96,0.72,0.79,5653.08
1100908,Castanheiras,RO,1985,1910.57,1176.14,31.48,20.53,79.06,0.71,0.76,5500.76
1100908,Castanheiras,RO,1986,1721.45,1171.94,31.24,20.4,82.6,0.58,0.74,5588.73
1100908,Castanheiras,RO,1987,1867.21,1231.47,31.78,20.78,82.66,0.6,0.68,5868.97
1100908,Castanheiras,RO,1988,1962.75,1168.26,31.34,20.23,81.43,0.62,0.76,5505.26
1100908,Castanheiras,RO,1989,2056.96,1206.19,31.03,20.48,83.4,0.56,0.79,5820.59
1100908,Castanheiras,RO,1990,2204.03,1252.91,31.36,21.03,82.36,0.6,0.82,5969.66
1100908,Castanheiras,RO,1991,1948.75,1159.97,31.51,20.38,83.74,0.55,0.64,5571.6
1100908,Castanheiras,RO,1992,2052.44,1192.83,31.31,20.34,84.27,0.52,0.68,5784.24
1100908,Castanheiras,RO,1993,2049.81,1259.93,31.81,20.94,81.7,0.63,0.73,6010.5
1100908,Castanheiras,RO,1994,1897.7,1233.26,32.03,20.89,83.66,0.57,0.69,5891.59
1100908,Castanheiras,RO,1995,2105.37,1187.5,31.86,20.78,82.42,0.61,0.64,5638.68
1100908,Castanheiras,RO,1996,1847.79,1208.95,31.18,20.31,81.87,0.6,0.77,5784.24
1100908,Castanheiras,RO,1997,1710.16,1220.26,31.55,21.01,82.02,0.62,0.71,5842.42
1100908,Castanheiras,RO,1998,1815.11,1231.88,32.38,21.26,81.25,0.66,0.67,5780.84
1100908,Castanheiras,RO,1999,1746.6,1232.7,31.87,20.78,82.69,0.6,0.61,5925.21
1100908,Castanheiras,RO,2000,1726.51,1219.65,31.91,21.06,84.46,0.54,0.49,5939.29
1100924,Chupinguaia,RO,1981,2107.85,1186.53,31.09,19.48,81.4,0.6,0.65,5777.86
1100924,Chupinguaia,RO,1982,1998.43,1184.07,31.11,20.03,84.57,0.51,0.66,5754.14
1100924,Chupinguaia,RO,1983,1577.31,1181.82,31.21,19.49,82.31,0.58,0.65,5702.61
1100924,Chupinguaia,RO,1984,1565.02,1252.86,31.54,19.53,78.96,0.69,0.9,5862.63
1100924,Chupinguaia,RO,1985,1916.23,1214.99,31.48,19.68,78.99,0.69,0.83,5720.52
1100924,Chupinguaia,RO,1986,2006.96,1262.07,31.41,19.97,80.17,0.66,0.81,6035.48
1100924,Chupinguaia,RO,1987,1744.83,1258.08,31.43,20.53,80.79,0.65,0.74,6004.06
1100924,Chupinguaia,RO,1988,1764.4,1248.97,31.06,19.89,79.44,0.67,0.91,5890.43
1100924,Chupinguaia,RO,1989,2324.06,1263.05,30.57,20.29,81.97,0.59,0.89,6139.79
1100924,Chupinguaia,RO,1990,2147.01,1263.71,30.7,20.57,82.28,0.59,0.84,6104.13
1100924,Chupinguaia,RO,1991,1923.11,1162.02,30.85,18.67,83.7,0.51,0.69,5683.92
1100924,Chupinguaia,RO,1992,1858.11,1203.78,30.54,19.32,84.7,0.48,0.72,5969.13
1100924,Chupinguaia,RO,1993,1668.56,1324.11,31.56,20.3,80.22,0.67,0.82,6322.48
1100924,Chupinguaia,RO,1994,1943.09,1283.47,31.48,20.17,81.92,0.6,0.83,6153.3
1100924,Chupinguaia,RO,1995,2097.86,1208.85,31.13,19.5,81.1,0.62,0.7,5825.93
1100924,Chupinguaia,RO,1996,1988.77,1265.15,30.76,19.08,81.4,0.59,0.91,6124.81
1100924,Chupinguaia,RO,1997,1918.68,1286.18,31.57,20.0,80.94,0.64,0.91,6093.13
1100924,Chupinguaia,RO,1998,1565.72,1277.12,32.27,19.76,80.5,0.66,0.81,5997.94
1100924,Chupinguaia,RO,1999,1864.16,1303.48,32.1,19.4,80.24,0.66,0.77,6224.77
1100924,Chupinguaia,RO,2000,1602.4,1281.78,31.76,20.06,81.32,0.63,0.69,6211.36
1100940,Cujubim,RO,1981,2401.29,1194.36,31.3,20.95,86.58,0.45,0.54,5834.88
1100940,Cujubim,RO,1982,2701.47,1163.76,31.26,21.09,87.18,0.44,0.54,5666.8
1100940,Cujubim,RO,1983,1974.23,1193.54,31.85,20.58,83.59,0.56,0.47,5793.57
1100940,Cujubim,RO,1984,2234.77,1221.18,31.59,21.08,79.01,0.72,0.7,5764.29
1100940,Cujubim,RO,1985,2528.67,1196.77,31.36,20.92,79.58,0.69,0.74,5633.5
1100940,Cujubim,RO,1986,2346.4,1156.13,31.2,20.63,86.24,0.47,0.69,5583.54
1100940,Cujubim,RO,1987,2511.55,1196.67,31.65,20.93,84.71,0.53,0.48,5801.42
1100940,Cujubim,RO,1988,2629.9,1173.69,31.3,21.02,85.73,0.49,0.68,5641.92
1100940,Cujubim,RO,1989,2402.89,1188.12,31.07,20.62,84.83,0.51,0.78,5715.02
1100940,Cujubim,RO,1990,2473.02,1245.29,31.39,21.4,83.83,0.56,0.86,5911.38
1100940,Cujubim,RO,1991,2293.61,1165.7,31.38,21.62,85.62,0.5,0.79,5492.9
1100940,Cujubim,RO,1992,2068.18,1186.53,31.39,21.5,84.6,0.53,0.75,5628.57
1100940,Cujubim,RO,1993,2520.88,1202.35,31.31,21.2,84.04,0.55,0.73,5752.88
1100940,Cujubim,RO,1994,2354.16,1208.59,31.68,21.31,85.05,0.52,0.68,5774.72
1100940,Cujubim,RO,1995,2025.26,1190.63,31.61,21.46,83.76,0.57,0.72,5607.73
1100940,Cujubim,RO,1996,2103.26,1177.57,31.11,21.34,84.26,0.54,0.75,5600.61
1100940,Cujubim,RO,1997,2215.3,1194.11,31.61,21.76,84.17,0.56,0.73,5659.42
1100940,Cujubim,RO,1998,2045.57,1206.85,32.53,22.19,84.15,0.58,0.56,5657.53
1100940,Cujubim,RO,1999,2144.11,1200.09,31.76,21.43,84.86,0.53,0.52,5777.07
1100940,Cujubim,RO,2000,2275.5,1195.74,31.83,21.48,84.84,0.53,0.48,5773.72
1101005,Governador Jorge Teixeira,RO,1981,2244.93,1175.22,30.52,19.91,84.53,0.49,0.55,5837.39
1101005,Governador Jorge Teixeira,RO,1982,2315.41,1140.26,30.43,20.17,87.01,0.42,0.53,5646.38
1101005,Governador Jorge Teixeira,RO,1983,1966.72,1164.57,30.92,19.71,83.33,0.54,0.46,5746.91
1101005,Governador Jorge Teixeira,RO,1984,2007.35,1191.24,30.69,20.08,77.78,0.72,0.67,5718.74
1101005,Governador Jorge Teixeira,RO,1985,1921.22,1170.0,30.37,19.86,79.38,0.66,0.72,5638.68
1101005,Governador Jorge Teixeira,RO,1986,2054.57,1130.18,30.29,19.69,83.96,0.51,0.67,5514.27
1101005,Governador Jorge Teixeira,RO,1987,1936.29,1189.14,30.85,19.84,83.27,0.55,0.53,5850.59
1101005,Governador Jorge Teixeira,RO,1988,1931.58,1155.62,30.49,19.79,81.48,0.6,0.72,5575.32
1101005,Governador Jorge Teixeira,RO,1989,2382.16,1177.98,30.18,19.4,83.59,0.52,0.8,5781.63
1101005,Governador Jorge Teixeira,RO,1990,2265.13,1222.56,30.51,20.21,82.58,0.57,0.85,5902.74
1101005,Governador Jorge Teixeira,RO,1991,1910.66,1147.74,30.57,20.39,83.98,0.52,0.79,5492.75
1101005,Governador Jorge Teixeira,RO,1992,1893.37,1178.65,30.54,20.26,84.72,0.5,0.76,5732.4
1101005,Governador Jorge Teixeira,RO,1993,1848.98,1206.19,30.61,20.21,83.2,0.55,0.75,5867.4
1101005,Governador Jorge Teixeira,RO,1994,1933.05,1203.01,30.88,20.32,83.95,0.53,0.69,5862.37
1101005,Governador Jorge Teixeira,RO,1995,2107.94,1166.67,30.78,20.43,82.98,0.57,0.63,5645.43
1101005,Governador Jorge Teixeira,RO,1996,1926.59,1155.11,30.14,20.23,83.62,0.53,0.76,5605.48
1101005,Governador Jorge Teixeira,RO,1997,1907.57,1180.85,30.7,20.79,83.88,0.54,0.72,5718.64
1101005,Governador Jorge Teixeira,RO,1998,1942.04,1195.59,31.56,21.16,83.97,0.55,0.57,5727.43
1101005,Governador Jorge Teixeira,RO,1999,1772.51,1178.96,30.77,20.47,84.93,0.5,0.54,5789.01
1101005,Governador Jorge Teixeira,RO,2000,1794.39,1177.57,30.88,20.5,85.45,0.48,0.52,5789.74
1101104,Itapuã do Oeste,RO,1981,2451.74,1192.52,31.28,20.87,86.74,0.45,0.53,5836.29
1101104,Itapuã do Oeste,RO,1982,3506.34,1160.33,31.18,21.0,87.18,0.44,0.53,5659.73
1101104,Itapuã do Oeste,RO,1983,2334.16,1190.22,31.78,20.47,83.78,0.55,0.47,5784.46
1101104,Itapuã do Oeste,RO,1984,2437.54,1219.8,31.55,21.03,79.01,0.72,0.7,5755.81
1101104,Itapuã do Oeste,RO,1985,2691.03,1194.72,31.3,20.8,79.7,0.69,0.75,5628.63
1101104,Itapuã do Oeste,RO,1986,2202.33,1154.39,31.15,20.63,86.22,0.47,0.7,5573.18
1101104,Itapuã do Oeste,RO,1987,2206.48,1197.89,31.6,21.08,84.62,0.53,0.49,5796.08
1101104,Itapuã do Oeste,RO,1988,2211.05,1173.94,31.25,21.17,85.77,0.49,0.7,5637.37
1101104,Itapuã do Oeste,RO,1989,2298.42,1185.66,30.95,20.72,84.95,0.51,0.79,5711.41
1101104,Itapuã do Oeste,RO,1990,2524.3,1240.37,31.25,21.4,83.73,0.56,0.87,5895.04
1101104,Itapuã do Oeste,RO,1991,2303.81,1162.63,31.33,21.56,85.53,0.5,0.8,5475.78
1101104,Itapuã do Oeste,RO,1992,2028.34,1181.06,31.3,21.46,84.53,0.53,0.74,5606.26
1101104,Itapuã do Oeste,RO,1993,2368.42,1193.65,31.28,21.09,84.09,0.54,0.74,5698.84
1101104,Itapuã do Oeste,RO,1994,2523.27,1207.57,31.68,21.35,84.99,0.52,0.69,5761.36
1101104,Itapuã do Oeste,RO,1995,1984.46,1189.5,31.64,21.43,83.66,0.57,0.73,5593.44
1101104,Itapuã do Oeste,RO,1996,2370.56,1176.45,31.09,21.39,84.26,0.54,0.75,5588.83
1101104,Itapuã do Oeste,RO,1997,2240.49,1194.67,31.63,21.7,84.16,0.56,0.74,5660.67
1101104,Itapuã do Oeste,RO,1998,1959.56,1205.83,32.64,22.11,84.12,0.58,0.56,5640.88
1101104,Itapuã do Oeste,RO,1999,2329.3,1199.07,31.8,21.33,84.83,0.53,0.52,5769.22
1101104,Itapuã do Oeste,RO,2000,2223.3,1194.98,31.79,21.36,85.26,0.51,0.5,5769.0
1101203,Ministro Andreazza,RO,1981,1659.54,1146.61,30.48,19.49,82.57,0.55,0.56,5647.79
1101203,Ministro Andreazza,RO,1982,1839.06,1144.61,30.51,19.84,85.72,0.46,0.6,5621.56
1101203,Ministro Andreazza,RO,1983,1558.86,1143.28,30.75,19.46,82.88,0.55,0.56,5570.19
1101203,Ministro Andreazza,RO,1984,1839.05,1213.2,31.16,19.64,78.98,0.68,0.8,5726.28
1101203,Ministro Andreazza,RO,1985,1883.98,1165.09,30.92,19.61,79.08,0.68,0.77,5506.88
1101203,Ministro Andreazza,RO,1986,1765.47,1169.23,30.51,19.57,82.67,0.56,0.74,5673.24
1101203,Ministro Andreazza,RO,1987,1835.0,1203.98,30.84,19.84,82.89,0.56,0.62,5872.58
1101203,Ministro Andreazza,RO,1988,2022.29,1163.24,30.43,19.47,81.45,0.59,0.77,5582.23
1101203,Ministro Andreazza,RO,1989,2059.75,1196.67,30.09,19.62,83.45,0.53,0.8,5876.82
1101203,Ministro Andreazza,RO,1990,2225.97,1232.59,30.48,20.2,82.43,0.57,0.82,5972.65
1101203,Ministro Andreazza,RO,1991,1979.3,1143.03,30.62,19.48,83.78,0.52,0.65,5571.92
1101203,Ministro Andreazza,RO,1992,2036.52,1167.24,30.43,19.39,84.37,0.49,0.66,5761.78
1101203,Ministro Andreazza,RO,1993,2236.2,1243.91,30.99,19.95,81.22,0.61,0.73,6026.06
1101203,Ministro Andreazza,RO,1994,2460.22,1218.01,31.11,19.96,83.11,0.56,0.68,5919.08
1101203,Ministro Andreazza,RO,1995,2316.43,1173.53,30.94,19.76,82.15,0.59,0.68,5641.66
1101203,Ministro Andreazza,RO,1996,1858.2,1190.78,30.28,19.2,82.01,0.56,0.76,5823.83
1101203,Ministro Andreazza,RO,1997,1807.69,1200.25,30.77,20.06,81.99,0.59,0.71,5832.21
1101203,Ministro Andreazza,RO,1998,1809.3,1219.34,31.45,20.32,81.26,0.63,0.68,5830.32
1101203,Ministro Andreazza,RO,1999,1760.56,1219.19,30.95,19.86,82.62,0.57,0.61,5967.15
1101203,Ministro Andreazza,RO,2000,1793.22,1206.65,31.06,20.17,84.46,0.51,0.49,5969.13
1101302,Mirante da Serra,RO,1981,1948.92,1156.18,30.59,19.86,83.36,0.53,0.55,5699.94
1101302,Mirante da Serra,RO,1982,2093.68,1124.35,30.5,20.18,86.92,0.43,0.53,5540.97
1101302,Mirante da Serra,RO,1983,1750.14,1155.57,30.94,19.7,83.23,0.55,0.47,5685.49
1101302,Mirante da Serra,RO,1984,1906.79,1172.3,30.84,20.04,77.78,0.72,0.69,5547.04
1101302,Mirante da Serra,RO,1985,1940.87,1139.96,30.48,19.91,79.28,0.66,0.72,5426.14
1101302,Mirante da Serra,RO,1986,1998.05,1133.05,30.35,19.74,83.19,0.54,0.69,5504.06
1101302,Mirante da Serra,RO,1987,1900.82,1189.81,30.92,19.87,82.79,0.56,0.53,5839.28
1101302,Mirante da Serra,RO,1988,1981.07,1147.43,30.55,19.65,82.07,0.57,0.68,5561.49
1101302,Mirante da Serra,RO,1989,2392.08,1175.17,30.25,19.45,83.66,0.52,0.74,5785.56
1101302,Mirante da Serra,RO,1990,2165.66,1221.39,30.58,20.21,82.96,0.56,0.82,5912.32
1101302,Mirante da Serra,RO,1991,1961.52,1137.7,30.69,20.1,83.88,0.52,0.66,5504.68
1101302,Mirante da Serra,RO,1992,1977.81,1174.3,30.56,20.06,84.68,0.5,0.67,5761.46
1101302,Mirante da Serra,RO,1993,1946.51,1222.97,30.84,20.18,82.21,0.58,0.75,5919.86
1101302,Mirante da Serra,RO,1994,1712.91,1205.11,31.07,20.35,83.7,0.54,0.69,5847.45
1101302,Mirante da Serra,RO,1995,1975.41,1165.44,30.93,20.35,82.89,0.57,0.63,5629.88
1101302,Mirante da Serra,RO,1996,1882.61,1168.46,30.2,19.96,83.06,0.54,0.77,5682.92
1101302,Mirante da Serra,RO,1997,1854.36,1190.47,30.79,20.74,83.36,0.56,0.72,5759.48
1101302,Mirante da Serra,RO,1998,1976.67,1195.69,31.6,21.07,83.64,0.56,0.6,5713.92
1101302,Mirante da Serra,RO,1999,1710.71,1199.17,30.94,20.36,84.19,0.52,0.55,5893.32
1101302,Mirante da Serra,RO,2000,1850.57,1194.31,30.95,20.52,85.97,0.47,0.5,5903.0
1101401,Monte Negro,RO,1981,2251.92,1181.26,30.97,20.48,86.44,0.45,0.54,5825.3
1101401,Monte Negro,RO,1982,2871.09,1144.82,30.85,20.66,87.09,0.43,0.53,5613.23
1101401,Monte Negro,RO,1983,2274.99,1175.12,31.41,20.16,83.46,0.55,0.47,5746.44
1101401,Monte Negro,RO,1984,2163.45,1197.74,31.13,20.49,77.79,0.74,0.67,5701.14
1101401,Monte Negro,RO,1985,1868.34,1180.75,30.88,20.34,79.49,0.67,0.72,5633.65
1101401,Monte Negro,RO,1986,2190.4,1138.27,30.75,20.17,84.71,0.5,0.67,5515.68
1101401,Monte Negro,RO,1987,2023.71,1193.39,31.29,20.45,84.14,0.54,0.53,5820.12
1101401,Monte Negro,RO,1988,1913.63,1164.78,30.92,20.46,82.1,0.6,0.72,5571.23
1101401,Monte Negro,RO,1989,2315.38,1185.81,30.64,20.03,83.67,0.53,0.79,5763.09
1101401,Monte Negro,RO,1990,2361.18,1230.5,30.95,20.83,82.55,0.59,0.85,5877.61
1101401,Monte Negro,RO,1991,1974.97,1153.31,31.0,21.05,84.09,0.54,0.79,5454.57
1101401,Monte Negro,RO,1992,1968.35,1183.67,30.99,20.9,84.49,0.52,0.75,5681.98
1101401,Monte Negro,RO,1993,2160.97,1200.09,30.92,20.7,83.28,0.56,0.75,5779.9
1101401,Monte Negro,RO,1994,2473.44,1200.3,31.32,20.86,84.03,0.54,0.69,5775.03
1101401,Monte Negro,RO,1995,2172.64,1171.64,31.28,20.98,83.12,0.58,0.65,5588.26
1101401,Monte Negro,RO,1996,2150.73,1164.68,30.69,20.85,83.86,0.54,0.75,5580.5
1101401,Monte Negro,RO,1997,1983.92,1186.69,31.2,21.34,84.15,0.55,0.73,5676.54
1101401,Monte Negro,RO,1998,1816.18,1196.92,32.11,21.7,83.99,0.57,0.57,5653.92
1101401,Monte Negro,RO,1999,1828.83,1186.99,31.33,20.96,84.93,0.51,0.54,5755.4
1101401,Monte Negro,RO,2000,1809.09,1184.43,31.38,20.98,85.43,0.5,0.52,5761.46
1101435,Nova União,RO,1981,1955.87,1191.7,30.73,20.05,83.16,0.54,0.58,5866.61
1101435,Nova União,RO,1982,2220.29,1150.35,30.68,20.29,86.86,0.43,0.54,5669.31
1101435,Nova União,RO,1983,1861.64,1170.26,31.09,19.85,83.22,0.55,0.47,5751.0
1101435,Nova União,RO,1984,2005.16,1234.03,31.09,20.16,78.97,0.69,0.8,5852.1
1101435,Nova União,RO,1985,1898.35,1183.36,30.77,20.02,79.2,0.68,0.76,5643.39
1101435,Nova União,RO,1986,1845.61,1144.05,30.5,19.88,83.39,0.54,0.71,5546.31
1101435,Nova União,RO,1987,1826.22,1193.19,31.05,20.17,83.23,0.56,0.52,5844.93
1101435,Nova União,RO,1988,1952.26,1161.71,30.68,19.94,82.08,0.58,0.75,5575.94
1101435,Nova União,RO,1989,2272.48,1188.63,30.43,19.78,83.54,0.53,0.8,5803.31
1101435,Nova União,RO,1990,2143.72,1225.33,30.79,20.44,82.69,0.57,0.82,5895.67
1101435,Nova União,RO,1991,1964.07,1143.03,30.84,20.41,83.93,0.53,0.66,5506.57
1101435,Nova União,RO,1992,1963.19,1176.7,30.69,20.28,84.7,0.5,0.66,5767.9
1101435,Nova União,RO,1993,1916.03,1224.41,31.0,20.39,82.2,0.59,0.74,5905.1
1101435,Nova União,RO,1994,1750.59,1207.16,31.17,20.48,83.72,0.54,0.69,5844.93
1101435,Nova União,RO,1995,1949.54,1171.59,31.03,20.57,82.93,0.57,0.61,5662.71
1101435,Nova União,RO,1996,1850.46,1174.3,30.29,20.31,83.08,0.55,0.76,5693.13
1101435,Nova União,RO,1997,1875.95,1195.54,30.88,20.93,83.32,0.56,0.72,5775.97
1101435,Nova União,RO,1998,2095.53,1198.81,31.74,21.22,83.63,0.57,0.6,5712.67
1101435,Nova União,RO,1999,1642.87,1203.68,31.08,20.51,84.16,0.53,0.55,5897.87
1101435,Nova União,RO,2000,1810.49,1199.22,31.1,20.67,85.94,0.47,0.48,5913.68
1101450,Parecis,RO,1981,1981.61,1159.51,31.06,19.82,81.41,0.6,0.57,5649.05
1101450,Parecis,RO,1982,1953.52,1163.19,31.12,20.25,84.5,0.51,0.64,5632.71
1101450,Parecis,RO,1983,1610.9,1158.23,31.33,19.7,82.63,0.57,0.62,5579.3
1101450,Parecis,RO,1984,1579.09,1259.36,31.72,19.79,77.75,0.74,0.9,5839.06
1101450,Parecis,RO,1985,1905.72,1209.2,31.56,19.83,78.6,0.71,0.82,5670.57
1101450,Parecis,RO,1986,1896.01,1226.61,31.26,19.82,82.02,0.59,0.8,5902.43
1101450,Parecis,RO,1987,1842.3,1233.93,31.39,20.5,82.18,0.6,0.71,5919.71
1101450,Parecis,RO,1988,1932.16,1200.66,30.99,19.6,81.17,0.61,0.91,5669.88
1101450,Parecis,RO,1989,2261.62,1232.65,30.66,20.15,82.37,0.58,0.89,5958.04
1101450,Parecis,RO,1990,2137.94,1254.4,30.88,20.56,82.37,0.59,0.85,6035.64
1101450,Parecis,RO,1991,1861.74,1152.6,30.94,19.07,83.76,0.52,0.61,5654.86
1101450,Parecis,RO,1992,1855.92,1201.32,30.66,19.48,84.52,0.49,0.69,5942.27
1101450,Parecis,RO,1993,1860.56,1308.39,31.6,20.27,80.94,0.64,0.82,6261.06
1101450,Parecis,RO,1994,1839.26,1265.04,31.62,20.32,82.49,0.59,0.8,6055.74
1101450,Parecis,RO,1995,2125.07,1194.57,31.32,19.7,81.2,0.62,0.73,5696.64
1101450,Parecis,RO,1996,1769.68,1228.45,30.73,19.17,81.54,0.58,0.87,5945.73
1101450,Parecis,RO,1997,1775.75,1258.39,31.38,20.32,81.24,0.63,0.88,5970.29
1101450,Parecis,RO,1998,1635.26,1261.05,32.06,20.08,80.26,0.67,0.78,5944.68
1101450,Parecis,RO,1999,1892.73,1259.82,31.75,19.75,80.35,0.65,0.72,6034.7
1101450,Parecis,RO,2000,1588.23,1248.05,31.75,20.27,81.46,0.62,0.66,6027.1
1101468,Pimenteiras do Oeste,RO,1981,2170.08,1208.74,32.09,20.51,80.81,0.65,0.66,5763.56
1101468,Pimenteiras do Oeste,RO,1982,1962.46,1210.18,32.11,21.08,83.92,0.56,0.64,5771.42
1101468,Pimenteiras do Oeste,RO,1983,1468.9,1198.92,32.2,20.56,82.28,0.62,0.63,5687.22
1101468,Pimenteiras do Oeste,RO,1984,1684.87,1279.12,32.52,20.65,77.72,0.77,0.9,5832.15
1101468,Pimenteiras do Oeste,RO,1985,1661.68,1258.44,32.5,20.72,78.31,0.76,0.9,5755.24
1101468,Pimenteiras do Oeste,RO,1986,1769.35,1288.79,32.39,21.03,80.1,0.7,0.84,6027.78
1101468,Pimenteiras do Oeste,RO,1987,1656.24,1294.32,32.34,21.61,79.43,0.74,0.73,6069.41
1101468,Pimenteiras do Oeste,RO,1988,1935.83,1285.67,31.98,20.9,78.64,0.74,0.91,5960.96
1101468,Pimenteiras do Oeste,RO,1989,2287.84,1305.89,31.64,21.4,81.42,0.65,0.89,6220.53
1101468,Pimenteiras do Oeste,RO,1990,2360.57,1306.7,31.69,21.65,81.54,0.65,0.84,6195.87
1101468,Pimenteiras do Oeste,RO,1991,2059.22,1190.98,31.76,19.77,83.03,0.57,0.69,5722.56
1101468,Pimenteiras do Oeste,RO,1992,1997.03,1245.49,31.48,20.46,84.12,0.54,0.77,6042.81
1101468,Pimenteiras do Oeste,RO,1993,1976.3,1369.35,32.56,21.35,79.12,0.75,0.85,6387.67
1101468,Pimenteiras do Oeste,RO,1994,2291.59,1325.23,32.51,21.26,80.84,0.68,0.85,6212.67
1101468,Pimenteiras do Oeste,RO,1995,2129.02,1251.07,32.08,20.61,80.2,0.69,0.75,5893.79
1101468,Pimenteiras do Oeste,RO,1996,2127.29,1299.64,31.63,20.11,80.65,0.65,0.95,6158.26
1101468,Pimenteiras do Oeste,RO,1997,2277.79,1323.8,32.43,21.15,80.13,0.71,0.92,6150.78
1101468,Pimenteiras do Oeste,RO,1998,1601.86,1305.58,33.02,20.87,79.24,0.74,0.77,6056.69
1101468,Pimenteiras do Oeste,RO,1999,1713.19,1333.01,32.87,20.48,79.11,0.73,0.74,6288.23
1101468,Pimenteiras do Oeste,RO,2000,1565.28,1318.22,32.69,21.06,80.33,0.7,0.72,6250.79
1101476,Primavera de Rondônia,RO,1981,1728.99,1164.01,31.43,20.24,81.95,0.6,0.54,5652.03
1101476,Primavera de Rondônia,RO,1982,1818.82,1166.67,31.45,20.63,85.28,0.5,0.62,5630.51
1101476,Primavera de Rondônia,RO,1983,1550.31,1163.91,31.71,20.1,82.7,0.58,0.61,5575.06
1101476,Primavera de Rondônia,RO,1984,1783.86,1235.36,32.02,20.36,78.96,0.72,0.82,5729.1
1101476,Primavera de Rondônia,RO,1985,1953.78,1207.16,31.84,20.35,79.04,0.71,0.8,5630.67
1101476,Primavera de Rondônia,RO,1986,1966.41,1214.68,31.56,20.2,82.11,0.6,0.79,5788.07
1101476,Primavera de Rondônia,RO,1987,1908.75,1241.3,31.78,20.84,82.27,0.61,0.69,5915.62
1101476,Primavera de Rondônia,RO,1988,2041.83,1195.03,31.37,20.03,81.26,0.62,0.79,5653.23
1101476,Primavera de Rondônia,RO,1989,2245.61,1227.83,31.01,20.49,82.72,0.58,0.82,5912.01
1101476,Primavera de Rondônia,RO,1990,2248.43,1259.21,31.28,20.93,82.47,0.59,0.84,6007.52
1101476,Primavera de Rondônia,RO,1991,1954.66,1157.26,31.44,19.56,83.76,0.53,0.63,5604.43
1101476,Primavera de Rondônia,RO,1992,1907.44,1196.72,31.2,19.85,84.63,0.5,0.68,5850.69
1101476,Primavera de Rondônia,RO,1993,1858.68,1301.69,32.0,20.64,81.3,0.64,0.75,6212.36
1101476,Primavera de Rondônia,RO,1994,1889.2,1272.0,31.98,20.7,82.72,0.6,0.76,6060.61
1101476,Primavera de Rondônia,RO,1995,2094.15,1198.46,31.72,20.18,81.68,0.62,0.69,5693.5
1101476,Primavera de Rondônia,RO,1996,1801.76,1226.15,31.13,19.68,81.77,0.59,0.86,5870.17
1101476,Primavera de Rondônia,RO,1997,1841.96,1249.79,31.76,20.71,81.66,0.63,0.85,5904.47
1101476,Primavera de Rondônia,RO,1998,1628.26,1258.95,32.46,20.56,80.29,0.69,0.77,5880.12
1101476,Primavera de Rondônia,RO,1999,1872.78,1263.35,32.11,20.21,80.43,0.67,0.71,6003.43
1101476,Primavera de Rondônia,RO,2000,1636.69,1251.84,32.11,20.71,81.53,0.64,0.63,6014.53
1101484,São Felipe D'Oeste,RO,1981,1726.93,1161.56,31.3,20.11,81.95,0.59,0.54,5651.56
1101484,São Felipe D'Oeste,RO,1982,1877.83,1164.11,31.32,20.51,85.0,0.5,0.62,5629.1
1101484,São Felipe D'Oeste,RO,1983,1549.34,1160.33,31.57,19.98,82.69,0.58,0.6,5572.23
1101484,São Felipe D'Oeste,RO,1984,1772.64,1231.37,31.89,20.24,78.96,0.71,0.82,5725.18
1101484,São Felipe D'Oeste,RO,1985,1955.65,1203.88,31.71,20.22,79.03,0.71,0.8,5629.41
1101484,São Felipe D'Oeste,RO,1986,1964.44,1210.89,31.43,20.07,82.1,0.6,0.79,5785.56
1101484,São Felipe D'Oeste,RO,1987,1906.19,1238.22,31.65,20.73,82.26,0.61,0.69,5914.68
1101484,São Felipe D'Oeste,RO,1988,2038.69,1192.01,31.24,19.89,81.25,0.62,0.79,5652.92
1101484,São Felipe D'Oeste,RO,1989,2270.57,1225.17,30.89,20.37,82.7,0.58,0.82,5913.27
1101484,São Felipe D'Oeste,RO,1990,2252.1,1255.78,31.15,20.81,82.45,0.59,0.85,6006.89
1101484,São Felipe D'Oeste,RO,1991,1953.7,1154.34,31.3,19.42,83.72,0.53,0.62,5604.43
1101484,São Felipe D'Oeste,RO,1992,1906.85,1194.62,31.06,19.73,84.61,0.5,0.69,5852.58
1101484,São Felipe D'Oeste,RO,1993,1863.46,1298.11,31.86,20.51,81.29,0.64,0.75,6207.49
1101484,São Felipe D'Oeste,RO,1994,1882.56,1267.5,31.85,20.57,82.7,0.59,0.77,6050.09
1101484,São Felipe D'Oeste,RO,1995,2097.92,1194.82,31.59,20.05,81.65,0.62,0.69,5689.42
1101484,São Felipe D'Oeste,RO,1996,1791.18,1222.31,30.99,19.54,81.75,0.59,0.86,5868.91
1101484,São Felipe D'Oeste,RO,1997,1835.4,1247.03,31.61,20.59,81.63,0.63,0.85,5903.84
1101484,São Felipe D'Oeste,RO,1998,1635.68,1255.78,32.33,20.43,80.29,0.68,0.77,5880.59
1101484,São Felipe D'Oeste,RO,1999,1856.25,1259.11,31.98,20.08,80.41,0.66,0.71,6000.29
1101484,São Felipe D'Oeste,RO,2000,1645.75,1248.05,31.97,20.56,81.51,0.63,0.63,6013.75
1101492,São Francisco do Guaporé,RO,1981,1958.31,1174.61,31.61,20.51,82.31,0.59,0.6,5660.04
1101492,São Francisco do Guaporé,RO,1982,1894.26,1150.7,31.6,20.97,85.33,0.5,0.56,5545.68
1101492,São Francisco do Guaporé,RO,1983,1398.6,1136.43,31.72,20.51,82.81,0.59,0.52,5439.81
1101492,São Francisco do Guaporé,RO,1984,1634.36,1222.46,31.98,20.81,77.72,0.77,0.78,5639.56
1101492,São Francisco do Guaporé,RO,1985,1775.89,1194.93,31.64,20.67,78.37,0.74,0.79,5572.7
1101492,São Francisco do Guaporé,RO,1986,1509.97,1178.7,31.39,20.53,82.31,0.6,0.77,5598.31
1101492,São Francisco do Guaporé,RO,1987,1483.19,1221.95,31.82,20.67,80.85,0.66,0.57,5890.02
1101492,São Francisco do Guaporé,RO,1988,1751.56,1189.5,31.47,20.12,79.35,0.69,0.78,5582.07
1101492,São Francisco do Guaporé,RO,1989,1826.32,1209.87,31.11,20.14,82.85,0.57,0.81,5849.49
1101492,São Francisco do Guaporé,RO,1990,2191.37,1268.01,31.43,20.88,82.1,0.61,0.85,6057.47
1101492,São Francisco do Guaporé,RO,1991,1607.2,1161.04,31.55,20.37,83.52,0.55,0.63,5586.68
1101492,São Francisco do Guaporé,RO,1992,1657.33,1204.44,31.36,20.55,84.13,0.53,0.69,5833.72
1101492,São Francisco do Guaporé,RO,1993,1840.81,1265.15,31.89,20.93,81.14,0.65,0.77,5995.11
1101492,São Francisco do Guaporé,RO,1994,1573.7,1254.3,32.22,20.99,82.74,0.6,0.75,5936.67
1101492,São Francisco do Guaporé,RO,1995,1686.26,1195.69,31.96,20.85,81.44,0.65,0.71,5620.77
1101492,São Francisco do Guaporé,RO,1996,1603.06,1213.04,31.22,20.33,81.26,0.62,0.86,5745.13
1101492,São Francisco do Guaporé,RO,1997,1833.09,1238.69,31.72,21.37,81.66,0.64,0.81,5843.99
1101492,São Francisco do Guaporé,RO,1998,1594.51,1227.27,32.43,21.48,82.35,0.63,0.7,5745.18
1101492,São Francisco do Guaporé,RO,1999,1637.42,1235.92,31.93,20.82,81.54,0.64,0.67,5899.44
1101492,São Francisco do Guaporé,RO,2000,1377.26,1223.54,31.92,21.07,84.06,0.55,0.59,5911.32
1101500,Seringueiras,RO,1981,1956.88,1166.11,31.3,20.35,82.92,0.57,0.58,5657.37
1101500,Seringueiras,RO,1982,1878.26,1136.63,31.27,20.75,86.6,0.45,0.55,5513.95
1101500,Seringueiras,RO,1983,1448.96,1135.04,31.52,20.28,83.1,0.57,0.51,5463.68
1101500,Seringueiras,RO,1984,1708.25,1211.66,31.68,20.59,77.74,0.75,0.77,5620.56
1101500,Seringueiras,RO,1985,1820.42,1156.74,31.33,20.43,79.19,0.7,0.73,5428.81
1101500,Seringueiras,RO,1986,1664.28,1154.75,31.1,20.29,82.46,0.58,0.7,5529.03
1101500,Seringueiras,RO,1987,1527.96,1204.96,31.54,20.4,82.32,0.6,0.57,5839.12
1101500,Seringueiras,RO,1988,1715.84,1162.27,31.18,19.99,81.93,0.6,0.77,5517.04
1101500,Seringueiras,RO,1989,1876.46,1190.47,30.88,19.91,83.52,0.54,0.79,5788.38
1101500,Seringueiras,RO,1990,1998.09,1242.32,31.18,20.66,82.61,0.58,0.83,5957.25
1101500,Seringueiras,RO,1991,1611.15,1150.24,31.29,20.44,83.7,0.55,0.64,5529.03
1101500,Seringueiras,RO,1992,1688.66,1185.2,31.11,20.49,84.4,0.52,0.69,5751.72
1101500,Seringueiras,RO,1993,1861.95,1236.74,31.52,20.72,81.87,0.61,0.75,5921.75
1101500,Seringueiras,RO,1994,1699.53,1221.18,31.86,20.87,83.41,0.57,0.69,5850.12
1101500,Seringueiras,RO,1995,1909.34,1186.28,31.71,20.85,82.43,0.61,0.69,5611.5
1101500,Seringueiras,RO,1996,1675.38,1193.7,30.9,20.36,81.73,0.6,0.77,5728.16
1101500,Seringueiras,RO,1997,1782.01,1210.18,31.4,21.24,82.42,0.61,0.71,5805.66
1101500,Seringueiras,RO,1998,1611.83,1209.82,32.12,21.52,83.55,0.58,0.62,5731.68
1101500,Seringueiras,RO,1999,1689.87,1209.0,31.5,20.87,84.08,0.54,0.56,5882.95
1101500,Seringueiras,RO,2000,1468.22,1202.91,31.5,21.04,86.07,0.48,0.52,5883.84
1101559,Teixeirópolis,RO,1981,1781.91,1181.62,31.22,20.37,82.94,0.56,0.63,5719.58
1101559,Teixeirópolis,RO,1982,2033.46,1152.44,31.16,20.68,86.65,0.45,0.62,5586.84
1101559,Teixeirópolis,RO,1983,1630.11,1178.29,31.58,20.26,83.16,0.57,0.57,5672.61
1101559,Teixeirópolis,RO,1984,1924.53,1210.54,31.66,20.56,78.97,0.71,0.77,5640.66
1101559,Teixeirópolis,RO,1985,1952.19,1158.28,31.31,20.48,79.15,0.7,0.71,5439.49
1101559,Teixeirópolis,RO,1986,1814.52,1157.05,31.09,20.33,82.73,0.58,0.68,5552.28
1101559,Teixeirópolis,RO,1987,1813.94,1219.24,31.55,20.57,82.94,0.58,0.65,5852.79
1101559,Teixeirópolis,RO,1988,1942.9,1161.86,31.11,20.26,82.01,0.6,0.75,5512.64
1101559,Teixeirópolis,RO,1989,2209.7,1196.26,30.86,20.2,83.52,0.54,0.78,5798.28
1101559,Teixeirópolis,RO,1990,2174.75,1240.89,31.21,20.81,82.49,0.59,0.82,5931.33
1101559,Teixeirópolis,RO,1991,1979.38,1153.21,31.27,20.62,83.98,0.54,0.66,5525.73
1101559,Teixeirópolis,RO,1992,1929.15,1183.82,31.15,20.5,84.49,0.52,0.66,5747.8
1101559,Teixeirópolis,RO,1993,2140.5,1246.67,31.52,20.79,81.79,0.62,0.74,5955.99
1101559,Teixeirópolis,RO,1994,2131.05,1223.59,31.75,20.85,83.47,0.57,0.69,5861.43
1101559,Teixeirópolis,RO,1995,2185.47,1181.36,31.6,20.87,82.6,0.6,0.66,5611.19
1101559,Teixeirópolis,RO,1996,1965.88,1195.95,30.8,20.46,81.87,0.6,0.75,5743.4
1101559,Teixeirópolis,RO,1997,1868.04,1211.1,31.33,21.17,82.39,0.61,0.72,5795.45
1101559,Teixeirópolis,RO,1998,2102.57,1213.09,32.13,21.53,83.38,0.59,0.61,5744.4
1101559,Teixeirópolis,RO,1999,1694.27,1212.74,31.48,20.85,84.06,0.54,0.55,5901.01
1101559,Teixeirópolis,RO,2000,1841.03,1206.08,31.53,21.05,85.95,0.48,0.47,5904.57
1101609,Theobroma,RO,1981,2134.83,1190.57,30.91,20.46,84.66,0.5,0.54,5861.27
1101609,Theobroma,RO,1982,2382.07,1158.02,30.88,20.66,87.11,0.43,0.53,5687.06
1101609,Theobroma,RO,1983,2210.19,1180.95,31.41,20.17,83.28,0.56,0.47,5774.72
1101609,Theobroma,RO,1984,2158.03,1212.63,31.19,20.59,78.99,0.7,0.7,5778.74
1101609,Theobroma,RO,1985,1974.32,1191.14,30.9,20.45,79.28,0.68,0.75,5661.46
1101609,Theobroma,RO,1986,1872.01,1150.45,30.78,20.17,84.26,0.52,0.69,5565.95
1101609,Theobroma,RO,1987,2069.75,1196.87,31.32,20.51,84.35,0.53,0.5,5843.05
1101609,Theobroma,RO,1988,2437.23,1161.09,30.96,20.39,82.53,0.58,0.69,5574.69
1101609,Theobroma,RO,1989,2386.57,1194.67,30.72,20.15,83.62,0.54,0.8,5792.47
1101609,Theobroma,RO,1990,2354.04,1233.41,31.04,20.83,83.08,0.57,0.84,5904.94
1101609,Theobroma,RO,1991,2051.9,1155.26,31.05,20.94,84.27,0.53,0.79,5473.58
1101609,Theobroma,RO,1992,2027.53,1188.37,31.1,20.79,84.86,0.51,0.76,5710.1
1101609,Theobroma,RO,1993,2360.89,1223.13,31.02,20.77,83.22,0.56,0.74,5908.56
1101609,Theobroma,RO,1994,2678.94,1215.04,31.36,20.82,84.1,0.54,0.69,5867.24
1101609,Theobroma,RO,1995,2295.21,1175.78,31.31,20.96,83.23,0.58,0.61,5636.01
1101609,Theobroma,RO,1996,2049.18,1164.98,30.63,20.76,84.04,0.53,0.75,5600.76
1101609,Theobroma,RO,1997,2016.38,1184.18,31.11,21.32,83.91,0.55,0.72,5673.55
1101609,Theobroma,RO,1998,2090.78,1199.53,31.98,21.73,83.99,0.57,0.56,5686.9
1101609,Theobroma,RO,1999,1715.2,1186.99,31.24,21.0,84.91,0.51,0.52,5767.8
1101609,Theobroma,RO,2000,2012.09,1185.15,31.41,21.02,85.34,0.5,0.48,5772.77
1101708,Urupá,RO,1981,1891.7,1178.14,31.11,20.24,82.93,0.56,0.63,5715.81
1101708,Urupá,RO,1982,2024.44,1149.12,31.06,20.56,86.64,0.45,0.62,5581.19
1101708,Urupá,RO,1983,1671.24,1173.89,31.46,20.14,83.15,0.57,0.57,5666.8
1101708,Urupá,RO,1984,1830.84,1211.97,31.54,20.42,77.78,0.75,0.77,5636.58
1101708,Urupá,RO,1985,1954.15,1154.49,31.19,20.33,79.21,0.69,0.72,5437.14
1101708,Urupá,RO,1986,1770.01,1154.24,30.97,20.2,82.68,0.57,0.68,5548.04
1101708,Urupá,RO,1987,1781.55,1216.27,31.43,20.45,82.88,0.58,0.65,5853.1
1101708,Urupá,RO,1988,1936.25,1159.71,31.0,20.11,81.98,0.59,0.75,5514.05
1101708,Urupá,RO,1989,2177.32,1193.44,30.75,20.06,83.48,0.54,0.78,5797.65
1101708,Urupá,RO,1990,2117.62,1237.71,31.09,20.66,82.46,0.59,0.82,5929.29
1101708,Urupá,RO,1991,1958.49,1149.58,31.15,20.48,83.9,0.54,0.65,5524.32
1101708,Urupá,RO,1992,1916.36,1183.2,31.02,20.37,84.46,0.51,0.68,5748.9
1101708,Urupá,RO,1993,2106.86,1242.27,31.4,20.66,81.81,0.61,0.75,5949.08
1101708,Urupá,RO,1994,2069.5,1219.49,31.64,20.73,83.45,0.56,0.69,5858.29
1101708,Urupá,RO,1995,2180.76,1179.26,31.49,20.74,82.55,0.6,0.66,5611.66
1101708,Urupá,RO,1996,1903.71,1194.11,30.69,20.32,81.83,0.59,0.77,5741.51
1101708,Urupá,RO,1997,1827.49,1208.39,31.22,21.05,82.38,0.6,0.72,5797.65
1101708,Urupá,RO,1998,2039.08,1209.51,32.01,21.4,83.38,0.58,0.61,5741.26
1101708,Urupá,RO,1999,1713.49,1208.69,31.36,20.73,84.07,0.54,0.55,5897.09
1101708,Urupá,RO,2000,1722.06,1202.7,31.4,20.92,85.97,0.48,0.48,5900.8
1101757,Vale do Anari,RO,1981,2218.62,1192.01,31.2,20.86,86.14,0.47,0.54,5837.39
1101757,Vale do Anari,RO,1982,2368.55,1164.73,31.19,21.05,87.03,0.44,0.54,5677.32
1101757,Vale do Anari,RO,1983,2066.1,1190.98,31.75,20.53,83.29,0.57,0.48,5788.85
1101757,Vale do Anari,RO,1984,2036.14,1214.68,31.44,20.96,79.0,0.72,0.69,5753.77
1101757,Vale do Anari,RO,1985,2139.45,1200.15,31.25,20.86,79.27,0.7,0.74,5666.17
1101757,Vale do Anari,RO,1986,1927.52,1156.69,31.08,20.52,84.93,0.51,0.68,5578.67
1101757,Vale do Anari,RO,1987,2092.05,1203.11,31.64,20.83,84.43,0.54,0.48,5850.59
1101757,Vale do Anari,RO,1988,2397.71,1168.41,31.26,20.74,82.87,0.58,0.67,5594.48
1101757,Vale do Anari,RO,1989,2488.07,1203.68,31.06,20.57,84.05,0.53,0.78,5804.41
1101757,Vale do Anari,RO,1990,2162.53,1245.03,31.41,21.23,83.82,0.56,0.87,5917.51
1101757,Vale do Anari,RO,1991,2084.76,1167.54,31.39,21.32,84.73,0.53,0.8,5502.17
1101757,Vale do Anari,RO,1992,1981.25,1197.13,31.46,21.09,85.0,0.51,0.75,5717.79
1101757,Vale do Anari,RO,1993,2313.64,1234.28,31.33,21.16,83.29,0.57,0.71,5938.4
1101757,Vale do Anari,RO,1994,2675.5,1224.66,31.65,21.14,84.32,0.54,0.68,5884.83
1101757,Vale do Anari,RO,1995,2256.56,1181.62,31.54,21.3,83.63,0.57,0.59,5654.39
1101757,Vale do Anari,RO,1996,2029.77,1173.89,30.95,21.1,84.49,0.52,0.75,5615.06
1101757,Vale do Anari,RO,1997,2038.51,1187.45,31.41,21.65,84.11,0.56,0.71,5656.9
1101757,Vale do Anari,RO,1998,2050.17,1208.33,32.26,22.09,84.02,0.58,0.55,5702.77
1101757,Vale do Anari,RO,1999,1887.34,1195.59,31.54,21.36,84.91,0.52,0.52,5776.6
1101757,Vale do Anari,RO,2000,2046.39,1193.75,31.77,21.46,84.9,0.53,0.46,5777.96
1101807,Vale do Paraíso,RO,1981,1892.9,1190.63,30.98,20.45,83.69,0.54,0.54,5843.05
1101807,Vale do Paraíso,RO,1982,2147.23,1165.09,31.03,20.64,86.9,0.44,0.53,5717.07
1101807,Vale do Paraíso,RO,1983,1793.31,1182.28,31.46,20.22,83.19,0.56,0.47,5778.02
1101807,Vale do Paraíso,RO,1984,1934.15,1221.13,31.49,20.52,79.0,0.71,0.71,5788.17
1101807,Vale do Paraíso,RO,1985,1894.24,1196.46,31.16,20.45,79.22,0.69,0.75,5667.43
1101807,Vale do Paraíso,RO,1986,1714.41,1153.67,30.86,20.23,83.62,0.54,0.69,5568.15
1101807,Vale do Paraíso,RO,1987,1809.35,1199.63,31.41,20.55,84.33,0.53,0.5,5853.89
1101807,Vale do Paraíso,RO,1988,2019.9,1160.89,31.03,20.37,82.45,0.58,0.69,5573.75
1101807,Vale do Paraíso,RO,1989,2180.65,1197.64,30.8,20.21,83.7,0.54,0.8,5803.78
1101807,Vale do Paraíso,RO,1990,2222.41,1230.24,31.12,20.86,83.09,0.57,0.82,5882.01
1101807,Vale do Paraíso,RO,1991,1990.14,1163.04,31.19,20.87,84.18,0.53,0.79,5511.6
1101807,Vale do Paraíso,RO,1992,2022.56,1195.64,31.08,20.69,84.81,0.51,0.75,5766.33
1101807,Vale do Paraíso,RO,1993,2081.84,1239.81,31.32,20.84,82.2,0.6,0.73,5949.08
1101807,Vale do Paraíso,RO,1994,2528.12,1212.07,31.45,20.83,83.83,0.55,0.68,5838.34
1101807,Vale do Paraíso,RO,1995,2270.22,1180.44,31.37,20.98,83.13,0.58,0.59,5679.05
1101807,Vale do Paraíso,RO,1996,2041.31,1184.69,30.68,20.75,83.43,0.55,0.75,5708.06
1101807,Vale do Paraíso,RO,1997,1861.62,1205.06,31.21,21.33,83.35,0.57,0.72,5779.12
1101807,Vale do Paraíso,RO,1998,2028.85,1209.56,32.09,21.61,83.65,0.58,0.59,5728.06
1101807,Vale do Paraíso,RO,1999,1771.17,1214.32,31.44,20.89,84.16,0.54,0.54,5913.27
1101807,Vale do Paraíso,RO,2000,1835.85,1209.41,31.51,21.07,85.9,0.48,0.46,5923.26
1200013,Acrelândia,AC,1981,2011.72,1160.38,31.6,20.37,85.84,0.48,0.59,5618.1
1200013,Acrelândia,AC,1982,2034.52,1120.76,31.6,20.74,86.33,0.47,0.6,5338.96
1200013,Acrelândia,AC,1983,1614.24,1148.25,31.75,20.26,85.19,0.5,0.54,5511.28
1200013,Acrelândia,AC,1984,2038.28,1134.94,31.45,20.06,77.79,0.73,0.61,5316.6
1200013,Acrelândia,AC,1985,2050.64,1147.02,30.92,20.21,80.8,0.63,0.69,5462.59
1200013,Acrelândia,AC,1986,2317.49,1118.15,31.08,20.25,85.47,0.48,0.67,5359.07
1200013,Acrelândia,AC,1987,1836.09,1177.47,31.87,19.81,84.47,0.52,0.68,5606.48
1200013,Acrelândia,AC,1988,1763.54,1134.07,31.54,18.89,84.17,0.51,0.78,5388.54
1200013,Acrelândia,AC,1989,2631.94,1135.86,31.3,18.01,85.18,0.46,0.77,5510.81
1200013,Acrelândia,AC,1990,2399.69,1176.09,31.25,18.94,83.07,0.55,0.87,5576.32
1200013,Acrelândia,AC,1991,1881.36,1194.67,31.21,21.25,83.63,0.56,1.28,5378.54
1200013,Acrelândia,AC,1992,1992.74,1175.89,31.1,21.16,83.65,0.56,0.95,5483.58
1200013,Acrelândia,AC,1993,2141.29,1164.78,31.12,20.39,83.04,0.57,0.77,5517.88
1200013,Acrelândia,AC,1994,1969.65,1173.53,31.77,20.7,83.48,0.57,0.62,5592.65
1200013,Acrelândia,AC,1995,2195.02,1167.95,32.02,20.75,82.04,0.62,0.68,5451.43
1200013,Acrelândia,AC,1996,2199.28,1160.58,31.4,20.8,83.0,0.58,0.68,5508.56
1200013,Acrelândia,AC,1997,2386.18,1172.46,31.61,21.66,83.55,0.58,0.62,5547.88
1200013,Acrelândia,AC,1998,1993.74,1165.65,31.94,21.45,83.36,0.59,0.57,5491.02
1200013,Acrelândia,AC,1999,2291.51,1161.91,31.18,20.79,84.94,0.51,0.57,5626.43
1200013,Acrelândia,AC,2000,1858.2,1163.35,31.1,20.95,85.87,0.48,0.63,5610.5
1200054,Assis Brasil,AC,1981,1778.01,1124.81,31.07,19.81,85.0,0.49,0.52,5489.45
1200054,Assis Brasil,AC,1982,1945.75,1063.29,30.58,20.19,84.38,0.51,0.54,5108.98
1200054,Assis Brasil,AC,1983,1616.33,1052.64,30.89,19.6,84.52,0.5,0.51,5038.45
1200054,Assis Brasil,AC,1984,2175.19,1062.78,30.4,19.39,77.78,0.7,0.46,5107.36
1200054,Assis Brasil,AC,1985,1989.14,1113.6,30.14,19.34,78.92,0.66,0.56,5425.36
1200054,Assis Brasil,AC,1986,1862.64,1076.03,30.1,19.29,85.4,0.46,0.54,5278.17
1200054,Assis Brasil,AC,1987,1775.84,1128.24,30.72,19.5,84.57,0.49,0.69,5427.71
1200054,Assis Brasil,AC,1988,1804.47,1095.63,30.64,18.32,83.69,0.51,0.78,5244.65
1200054,Assis Brasil,AC,1989,1838.38,1099.17,30.52,17.96,84.84,0.46,0.74,5358.75
1200054,Assis Brasil,AC,1990,1579.36,1139.85,30.38,18.66,83.11,0.52,0.88,5453.0
1200054,Assis Brasil,AC,1991,1793.02,1121.74,30.39,20.45,83.21,0.55,0.76,5307.7
1200054,Assis Brasil,AC,1992,1770.56,1143.03,30.43,20.35,83.46,0.54,0.74,5463.94
1200054,Assis Brasil,AC,1993,1744.94,1127.11,30.59,19.62,82.44,0.56,0.65,5440.75
1200054,Assis Brasil,AC,1994,1740.44,1126.04,31.09,19.7,82.55,0.57,0.49,5464.47
1200054,Assis Brasil,AC,1995,1847.25,1142.67,31.44,19.72,81.53,0.61,0.52,5495.26
1200054,Assis Brasil,AC,1996,1537.34,1135.96,30.95,19.87,82.16,0.58,0.53,5509.34
1200054,Assis Brasil,AC,1997,1601.05,1136.02,31.23,20.72,82.69,0.59,0.44,5484.89
1200054,Assis Brasil,AC,1998,1639.42,1152.85,31.5,20.62,83.37,0.57,0.48,5541.29
1200054,Assis Brasil,AC,1999,1931.15,1133.41,30.82,20.02,85.41,0.48,0.52,5539.4
1200054,Assis Brasil,AC,2000,1395.27,1135.81,30.78,20.26,86.98,0.43,0.56,5525.05
1200104,Brasiléia,AC,1981,1829.1,1137.5,31.49,19.86,85.13,0.49,0.54,5514.27
1200104,Brasiléia,AC,1982,1864.44,1072.5,30.93,20.27,84.9,0.5,0.53,5147.0
1200104,Brasiléia,AC,1983,1591.53,1064.93,31.19,19.71,84.69,0.5,0.48,5100.5
1200104,Brasiléia,AC,1984,2094.88,1077.98,30.76,19.51,77.79,0.71,0.49,5152.6
1200104,Brasiléia,AC,1985,1960.29,1123.58,30.34,19.56,79.48,0.65,0.59,5453.79
1200104,Brasiléia,AC,1986,1775.6,1087.65,30.39,19.61,85.41,0.47,0.57,5303.46
1200104,Brasiléia,AC,1987,1707.77,1139.7,31.11,19.47,84.55,0.5,0.69,5464.63
1200104,Brasiléia,AC,1988,1810.38,1103.57,30.9,18.36,83.87,0.5,0.79,5269.94
1200104,Brasiléia,AC,1989,1788.22,1105.31,30.72,17.74,84.87,0.46,0.75,5391.27
1200104,Brasiléia,AC,1990,1471.85,1146.35,30.6,18.53,83.24,0.52,0.88,5481.28
1200104,Brasiléia,AC,1991,1661.47,1127.06,30.59,20.61,83.35,0.55,0.75,5322.46
1200104,Brasiléia,AC,1992,1556.66,1147.58,30.57,20.54,83.56,0.54,0.74,5475.25
1200104,Brasiléia,AC,1993,1700.84,1132.38,30.66,19.78,82.5,0.57,0.68,5448.92
1200104,Brasiléia,AC,1994,1714.37,1135.04,31.28,19.97,82.69,0.57,0.52,5479.71
1200104,Brasiléia,AC,1995,1871.83,1150.19,31.61,20.02,81.62,0.62,0.55,5499.5
1200104,Brasiléia,AC,1996,1370.15,1142.67,31.09,20.12,82.27,0.58,0.55,5518.92
1200104,Brasiléia,AC,1997,1588.95,1139.85,31.24,21.0,82.86,0.59,0.46,5480.18
1200104,Brasiléia,AC,1998,1673.22,1151.78,31.52,20.82,83.52,0.56,0.48,5528.56
1200104,Brasiléia,AC,1999,1858.98,1133.66,30.8,20.18,85.54,0.47,0.5,5554.32
1200104,Brasiléia,AC,2000,1466.25,1134.99,30.74,20.4,87.03,0.43,0.54,5531.96
1200138,Bujari,AC,1981,2060.57,1151.47,31.65,20.2,85.51,0.49,0.6,5553.85
1200138,Bujari,AC,1982,2068.84,1109.61,31.61,20.63,85.92,0.48,0.61,5264.97
1200138,Bujari,AC,1983,1527.44,1136.68,31.69,20.13,85.0,0.51,0.55,5438.87
1200138,Bujari,AC,1984,2060.13,1115.95,31.42,19.91,77.81,0.73,0.54,5264.28
1200138,Bujari,AC,1985,1995.72,1140.88,30.85,20.15,81.05,0.62,0.64,5471.7
1200138,Bujari,AC,1986,2198.57,1114.37,31.05,20.27,85.45,0.48,0.61,5347.76
1200138,Bujari,AC,1987,1843.79,1167.85,31.9,19.69,84.61,0.51,0.71,5527.46
1200138,Bujari,AC,1988,1853.19,1123.02,31.53,18.7,84.2,0.51,0.79,5310.31
1200138,Bujari,AC,1989,2189.8,1118.82,31.29,17.73,85.11,0.46,0.75,5409.18
1200138,Bujari,AC,1990,1869.6,1158.84,31.17,18.66,83.61,0.52,0.87,5491.65
1200138,Bujari,AC,1991,1662.1,1194.72,31.16,21.2,83.56,0.56,1.31,5361.26
1200138,Bujari,AC,1992,1836.8,1203.63,31.06,21.13,83.87,0.55,1.24,5498.19
1200138,Bujari,AC,1993,1826.88,1148.2,31.05,20.32,82.88,0.57,0.72,5458.97
1200138,Bujari,AC,1994,1941.64,1155.62,31.79,20.65,83.32,0.57,0.56,5502.64
1200138,Bujari,AC,1995,1908.32,1165.29,32.09,20.72,82.08,0.62,0.6,5480.34
1200138,Bujari,AC,1996,1683.91,1162.63,31.57,20.82,82.85,0.58,0.61,5531.96
1200138,Bujari,AC,1997,1929.07,1163.14,31.5,21.64,83.39,0.59,0.52,5540.66
1200138,Bujari,AC,1998,1896.09,1161.15,31.79,21.35,83.45,0.58,0.53,5499.19
1200138,Bujari,AC,1999,2056.79,1151.88,30.99,20.67,85.59,0.48,0.55,5603.34
1200138,Bujari,AC,2000,1798.96,1152.34,30.92,20.86,86.53,0.46,0.6,5572.65
1200179,Capixaba,AC,1981,1898.66,1150.45,31.63,20.08,85.48,0.48,0.57,5571.92
1200179,Capixaba,AC,1982,1905.42,1101.57,31.49,20.49,85.49,0.49,0.57,5252.72
1200179,Capixaba,AC,1983,1631.18,1104.03,31.58,20.02,84.97,0.51,0.51,5275.34
1200179,Capixaba,AC,1984,1969.68,1107.76,31.3,19.79,77.79,0.72,0.55,5222.19
1200179,Capixaba,AC,1985,2342.1,1136.22,30.73,20.03,80.76,0.62,0.65,5453.95
1200179,Capixaba,AC,1986,2129.79,1109.2,30.93,20.15,85.43,0.48,0.62,5342.73
1200179,Capixaba,AC,1987,1716.46,1167.85,31.78,19.57,84.5,0.51,0.69,5561.71
1200179,Capixaba,AC,1988,1902.2,1123.43,31.41,18.59,83.97,0.51,0.78,5341.57
1200179,Capixaba,AC,1989,2636.86,1123.17,31.17,17.61,84.99,0.46,0.75,5462.74
1200179,Capixaba,AC,1990,2418.84,1162.17,31.06,18.55,83.21,0.53,0.87,5526.05
1200179,Capixaba,AC,1991,1763.08,1190.78,31.04,21.05,83.59,0.56,1.32,5365.35
1200179,Capixaba,AC,1992,1769.07,1174.09,30.93,21.02,83.72,0.55,0.97,5490.65
1200179,Capixaba,AC,1993,1906.49,1149.73,30.93,20.2,82.93,0.56,0.73,5490.23
1200179,Capixaba,AC,1994,1892.69,1158.94,31.65,20.54,83.48,0.56,0.57,5550.71
1200179,Capixaba,AC,1995,1983.59,1158.89,31.95,20.61,82.12,0.62,0.62,5458.97
1200179,Capixaba,AC,1996,1903.15,1155.16,31.37,20.7,83.01,0.57,0.62,5516.41
1200179,Capixaba,AC,1997,2006.95,1160.22,31.38,21.53,83.44,0.58,0.54,5539.56
1200179,Capixaba,AC,1998,1941.15,1157.0,31.67,21.24,83.31,0.58,0.54,5495.26
1200179,Capixaba,AC,1999,2027.71,1151.57,30.87,20.56,85.13,0.49,0.55,5617.32
1200179,Capixaba,AC,2000,1672.23,1152.14,30.81,20.74,85.99,0.47,0.59,5591.03
1200203,Cruzeiro do Sul,AC,1981,1989.64,1100.8,31.34,20.69,84.0,0.54,0.36,5338.33
1200203,Cruzeiro do Sul,AC,1982,2427.26,1034.68,31.5,20.68,82.58,0.59,0.32,4944.2
1200203,Cruzeiro do Sul,AC,1983,2029.2,1009.85,32.09,20.61,84.53,0.53,0.29,4755.22
1200203,Cruzeiro do Sul,AC,1984,2547.8,1016.82,31.14,20.29,77.9,0.73,0.27,4882.72
1200203,Cruzeiro do Sul,AC,1985,1791.78,1103.06,31.02,20.15,81.07,0.62,0.36,5379.8
1200203,Cruzeiro do Sul,AC,1986,2315.72,1076.85,30.96,19.89,85.35,0.48,0.36,5258.06
1200203,Cruzeiro do Sul,AC,1987,2193.97,1123.27,31.66,20.97,84.94,0.52,0.67,5242.51
1200203,Cruzeiro do Sul,AC,1988,2310.01,1105.72,31.61,20.2,83.01,0.58,0.74,5099.66
1200203,Cruzeiro do Sul,AC,1989,2257.17,1120.76,31.3,21.07,85.08,0.51,0.71,5262.14
1200203,Cruzeiro do Sul,AC,1990,2304.89,1169.13,31.35,21.19,83.55,0.56,1.1,5302.51
1200203,Cruzeiro do Sul,AC,1991,2125.82,1203.93,31.57,21.24,82.77,0.6,1.46,5220.67
1200203,Cruzeiro do Sul,AC,1992,1646.44,1221.64,31.76,21.27,83.21,0.59,1.38,5396.08
1200203,Cruzeiro do Sul,AC,1993,1840.6,1154.29,32.09,21.06,81.59,0.65,0.56,5412.95
1200203,Cruzeiro do Sul,AC,1994,1651.12,1127.62,32.31,20.28,81.48,0.64,0.37,5390.64
1200203,Cruzeiro do Sul,AC,1995,1923.96,1159.0,32.66,21.11,80.73,0.69,0.38,5482.69
1200203,Cruzeiro do Sul,AC,1996,1955.22,1139.96,31.81,21.07,81.32,0.65,0.37,5472.11
1200203,Cruzeiro do Sul,AC,1997,1671.74,1139.14,32.91,21.99,81.32,0.69,0.3,5355.92
1200203,Cruzeiro do Sul,AC,1998,1812.93,1177.01,33.2,21.93,82.34,0.66,0.32,5541.29
1200203,Cruzeiro do Sul,AC,1999,2594.08,1150.6,32.35,21.21,84.56,0.55,0.34,5494.94
1200203,Cruzeiro do Sul,AC,2000,2136.47,1156.8,32.58,21.31,86.47,0.49,0.34,5489.23
1200252,Epitaciolândia,AC,1981,1850.97,1147.28,31.8,19.99,85.26,0.49,0.55,5535.47
1200252,Epitaciolândia,AC,1982,1810.85,1083.25,31.21,20.39,85.11,0.5,0.55,5178.73
1200252,Epitaciolândia,AC,1983,1608.27,1078.54,31.4,19.88,84.79,0.51,0.49,5155.95
1200252,Epitaciolândia,AC,1984,2033.48,1090.21,31.04,19.68,77.78,0.72,0.51,5179.46
1200252,Epitaciolândia,AC,1985,2002.81,1131.72,30.55,19.81,79.41,0.66,0.61,5457.24
1200252,Epitaciolândia,AC,1986,1759.27,1101.31,30.68,19.88,85.42,0.47,0.59,5343.83
1200252,Epitaciolândia,AC,1987,1649.24,1151.32,31.45,19.53,84.54,0.51,0.69,5499.66
1200252,Epitaciolândia,AC,1988,1866.09,1112.11,31.16,18.51,83.8,0.51,0.78,5294.13
1200252,Epitaciolândia,AC,1989,1802.12,1112.06,30.95,17.71,84.89,0.46,0.75,5416.72
1200252,Epitaciolândia,AC,1990,1585.64,1153.67,30.84,18.58,83.27,0.53,0.87,5506.1
1200252,Epitaciolândia,AC,1991,1686.02,1133.51,30.83,20.84,83.45,0.56,0.75,5337.54
1200252,Epitaciolândia,AC,1992,1600.81,1153.72,30.77,20.79,83.63,0.55,0.74,5484.52
1200252,Epitaciolândia,AC,1993,1746.23,1140.72,30.81,20.02,82.63,0.57,0.69,5472.8
1200252,Epitaciolândia,AC,1994,1743.04,1146.71,31.49,20.3,82.62,0.58,0.54,5512.85
1200252,Epitaciolândia,AC,1995,1827.98,1151.27,31.82,20.33,81.53,0.63,0.57,5457.24
1200252,Epitaciolândia,AC,1996,1525.98,1145.02,31.26,20.48,82.29,0.59,0.58,5487.51
1200252,Epitaciolândia,AC,1997,1704.05,1149.37,31.34,21.28,82.63,0.6,0.49,5506.73
1200252,Epitaciolândia,AC,1998,1736.32,1152.24,31.64,21.05,82.71,0.6,0.5,5490.08
1200252,Epitaciolândia,AC,1999,1862.32,1140.67,30.87,20.39,84.61,0.51,0.51,5568.46
1200252,Epitaciolândia,AC,2000,1427.71,1144.1,30.8,20.59,85.96,0.47,0.56,5559.61
1200302,Feijó,AC,1981,2116.09,1120.35,31.05,20.59,84.66,0.51,0.46,5443.42
1200302,Feijó,AC,1982,2397.47,1058.58,30.95,21.01,83.93,0.54,0.44,5043.95
1200302,Feijó,AC,1983,1797.61,1047.32,31.45,20.33,84.99,0.51,0.41,4980.02
1200302,Feijó,AC,1984,2419.29,1050.7,30.81,19.98,77.85,0.72,0.37,5043.42
1200302,Feijó,AC,1985,2279.07,1115.59,30.72,19.78,81.31,0.6,0.47,5431.17
1200302,Feijó,AC,1986,2329.46,1081.66,30.38,19.95,85.3,0.47,0.46,5283.98
1200302,Feijó,AC,1987,1997.53,1126.34,30.75,21.13,84.73,0.51,0.67,5341.32
1200302,Feijó,AC,1988,1991.22,1097.99,30.93,19.17,83.44,0.53,0.76,5178.36
1200302,Feijó,AC,1989,2160.54,1107.15,30.88,19.41,85.04,0.48,0.73,5297.64
1200302,Feijó,AC,1990,1919.83,1157.61,30.79,19.75,83.58,0.53,1.07,5388.6
1200302,Feijó,AC,1991,2438.94,1186.94,30.97,20.87,83.1,0.57,1.4,5279.27
1200302,Feijó,AC,1992,1973.29,1201.12,31.12,20.75,83.45,0.56,1.32,5429.07
1200302,Feijó,AC,1993,2047.28,1136.73,31.19,20.27,82.14,0.59,0.6,5426.93
1200302,Feijó,AC,1994,2110.79,1129.77,31.54,20.25,82.22,0.6,0.44,5437.77
1200302,Feijó,AC,1995,1799.96,1150.24,31.94,20.28,81.36,0.64,0.44,5496.2
1200302,Feijó,AC,1996,2220.56,1146.15,31.43,20.57,81.89,0.61,0.46,5516.57
1200302,Feijó,AC,1997,1647.64,1138.01,31.91,21.08,82.16,0.62,0.38,5437.29
1200302,Feijó,AC,1998,1882.94,1163.4,32.14,21.12,83.01,0.6,0.42,5541.29
1200302,Feijó,AC,1999,2267.35,1144.92,31.41,20.54,85.48,0.49,0.45,5533.9
1200302,Feijó,AC,2000,2039.89,1148.15,31.47,20.85,87.05,0.44,0.48,5519.39
1200328,Jordão,AC,1981,1690.06,1099.73,30.67,20.09,84.3,0.51,0.41,5394.25
1200328,Jordão,AC,1982,2093.5,1035.34,30.6,20.38,83.2,0.55,0.38,4987.24
1200328,Jordão,AC,1983,1610.38,1013.54,31.06,19.91,84.76,0.5,0.35,4852.3
1200328,Jordão,AC,1984,2248.26,1021.73,30.37,19.58,77.85,0.7,0.32,4954.51
1200328,Jordão,AC,1985,1799.38,1096.71,30.27,19.43,80.98,0.6,0.41,5403.05
1200328,Jordão,AC,1986,2000.66,1067.28,30.09,19.4,85.31,0.46,0.41,5270.0
1200328,Jordão,AC,1987,1759.44,1112.93,30.59,20.43,84.71,0.5,0.67,5302.99
1200328,Jordão,AC,1988,1925.15,1091.59,30.68,19.11,83.13,0.54,0.76,5153.07
1200328,Jordão,AC,1989,1945.07,1102.9,30.54,19.59,85.01,0.48,0.73,5292.15
1200328,Jordão,AC,1990,1960.27,1151.42,30.51,19.89,83.57,0.53,1.08,5361.89
1200328,Jordão,AC,1991,1841.95,1182.13,30.72,20.52,82.94,0.56,1.45,5256.49
1200328,Jordão,AC,1992,1490.86,1199.43,30.87,20.48,83.33,0.55,1.37,5419.49
1200328,Jordão,AC,1993,1797.51,1130.69,31.0,20.01,81.9,0.59,0.58,5424.26
1200328,Jordão,AC,1994,1526.74,1115.54,31.27,19.72,81.84,0.6,0.4,5419.7
1200328,Jordão,AC,1995,1582.64,1138.32,31.64,19.94,81.0,0.64,0.41,5484.58
1200328,Jordão,AC,1996,1677.25,1127.78,31.05,20.09,81.61,0.61,0.41,5493.79
1200328,Jordão,AC,1997,1721.58,1122.5,31.71,20.81,81.74,0.63,0.33,5395.2
1200328,Jordão,AC,1998,1736.5,1154.08,31.98,20.92,82.71,0.6,0.37,5538.14
1200328,Jordão,AC,1999,2322.99,1134.33,31.24,20.3,84.99,0.5,0.39,5513.8
1200328,Jordão,AC,2000,2242.43,1138.06,31.3,20.51,86.73,0.45,0.41,5505.57
1200336,Mâncio Lima,AC,1981,2175.06,1096.96,31.04,20.41,84.19,0.53,0.37,5338.17
1200336,Mâncio Lima,AC,1982,2522.64,1035.75,31.16,20.44,82.88,0.57,0.32,4974.36
1200336,Mâncio Lima,AC,1983,2134.56,1014.61,31.7,20.37,84.62,0.52,0.3,4815.23
1200336,Mâncio Lima,AC,1984,2507.69,1020.91,30.8,20.06,77.91,0.71,0.28,4926.71
1200336,Mâncio Lima,AC,1985,1907.86,1097.32,30.7,19.91,80.94,0.62,0.36,5369.43
1200336,Mâncio Lima,AC,1986,2425.73,1069.22,30.64,19.54,85.37,0.47,0.37,5240.15
1200336,Mâncio Lima,AC,1987,2388.43,1113.39,31.32,20.48,85.02,0.5,0.69,5222.87
1200336,Mâncio Lima,AC,1988,2404.64,1093.33,31.29,19.87,83.31,0.56,0.72,5076.72
1200336,Mâncio Lima,AC,1989,2394.23,1112.37,31.01,20.68,85.11,0.5,0.7,5249.73
1200336,Mâncio Lima,AC,1990,2321.01,1159.71,31.04,20.83,83.59,0.55,1.11,5283.51
1200336,Mâncio Lima,AC,1991,2218.4,1194.62,31.25,20.94,82.99,0.58,1.49,5208.26
1200336,Mâncio Lima,AC,1992,1808.81,1210.89,31.42,20.96,83.32,0.57,1.41,5372.2
1200336,Mâncio Lima,AC,1993,2148.96,1145.38,31.74,20.7,81.75,0.63,0.56,5398.02
1200336,Mâncio Lima,AC,1994,1902.7,1122.61,31.95,20.0,81.65,0.62,0.39,5381.22
1200336,Mâncio Lima,AC,1995,2267.21,1155.41,32.3,20.7,80.89,0.67,0.4,5489.76
1200336,Mâncio Lima,AC,1996,2288.77,1137.24,31.51,20.69,81.44,0.63,0.37,5486.25
1200336,Mâncio Lima,AC,1997,1866.94,1135.09,32.54,21.6,81.43,0.67,0.32,5356.24
1200336,Mâncio Lima,AC,1998,1904.68,1171.13,32.84,21.58,82.48,0.64,0.33,5538.14
1200336,Mâncio Lima,AC,1999,2232.37,1147.38,32.01,20.89,84.88,0.53,0.36,5499.66
1200336,Mâncio Lima,AC,2000,2095.86,1152.65,32.2,21.01,86.63,0.47,0.36,5497.72
1200344,Manoel Urbano,AC,1981,1758.69,1132.64,31.23,20.39,84.92,0.5,0.53,5485.99
1200344,Manoel Urbano,AC,1982,2301.3,1072.45,30.97,20.84,84.42,0.52,0.52,5100.82
1200344,Manoel Urbano,AC,1983,1708.62,1067.59,31.34,20.22,84.63,0.51,0.47,5084.64
1200344,Manoel Urbano,AC,1984,2450.86,1071.12,30.81,19.89,77.82,0.72,0.42,5128.88
1200344,Manoel Urbano,AC,1985,2401.42,1122.56,30.62,19.78,81.24,0.6,0.53,5453.0
1200344,Manoel Urbano,AC,1986,2344.81,1085.86,30.47,19.89,85.4,0.47,0.51,5283.04
1200344,Manoel Urbano,AC,1987,1947.43,1135.09,30.99,20.46,84.72,0.51,0.68,5401.16
1200344,Manoel Urbano,AC,1988,1848.33,1102.08,31.03,18.83,83.75,0.52,0.77,5222.34
1200344,Manoel Urbano,AC,1989,2181.43,1107.25,30.99,18.63,84.97,0.47,0.74,5327.65
1200344,Manoel Urbano,AC,1990,1742.23,1156.03,30.81,19.17,83.81,0.52,1.06,5421.12
1200344,Manoel Urbano,AC,1991,2280.61,1184.43,30.85,20.85,83.24,0.56,1.37,5306.13
1200344,Manoel Urbano,AC,1992,2084.9,1197.13,30.92,20.74,83.57,0.55,1.29,5456.09
1200344,Manoel Urbano,AC,1993,2130.24,1136.53,31.07,20.12,82.46,0.58,0.63,5437.61
1200344,Manoel Urbano,AC,1994,2377.77,1134.99,31.52,20.18,82.5,0.59,0.48,5459.29
1200344,Manoel Urbano,AC,1995,1669.88,1154.54,31.9,20.08,81.56,0.62,0.5,5507.36
1200344,Manoel Urbano,AC,1996,1966.3,1151.22,31.43,20.35,82.13,0.6,0.51,5537.14
1200344,Manoel Urbano,AC,1997,1581.58,1147.63,31.8,21.07,82.56,0.61,0.43,5481.91
1200344,Manoel Urbano,AC,1998,1674.19,1166.26,32.04,21.02,83.37,0.58,0.48,5542.54
1200344,Manoel Urbano,AC,1999,2230.73,1148.96,31.36,20.45,85.87,0.48,0.51,5555.11
1200344,Manoel Urbano,AC,2000,1733.3,1151.52,31.33,20.78,87.31,0.43,0.55,5540.44
1200351,Marechal Thaumaturgo,AC,1981,1925.34,1099.47,30.84,20.24,84.19,0.52,0.39,5377.13
1200351,Marechal Thaumaturgo,AC,1982,2251.27,1032.78,30.84,20.43,82.98,0.56,0.36,4968.7
1200351,Marechal Thaumaturgo,AC,1983,1614.98,1009.19,31.31,20.1,84.66,0.51,0.33,4813.82
1200351,Marechal Thaumaturgo,AC,1984,2229.25,1017.28,30.56,19.78,77.84,0.71,0.3,4925.76
1200351,Marechal Thaumaturgo,AC,1985,1686.91,1097.43,30.46,19.64,80.89,0.61,0.39,5395.35
1200351,Marechal Thaumaturgo,AC,1986,2029.46,1068.71,30.34,19.52,85.31,0.47,0.39,5264.66
1200351,Marechal Thaumaturgo,AC,1987,1865.67,1114.52,30.91,20.5,84.74,0.51,0.66,5281.78
1200351,Marechal Thaumaturgo,AC,1988,2063.86,1095.99,30.96,19.44,83.03,0.55,0.75,5137.83
1200351,Marechal Thaumaturgo,AC,1989,1909.92,1108.89,30.76,20.07,85.0,0.49,0.72,5286.18
1200351,Marechal Thaumaturgo,AC,1990,2077.54,1157.15,30.75,20.32,83.44,0.54,1.09,5341.32
1200351,Marechal Thaumaturgo,AC,1991,1875.07,1189.7,30.96,20.72,82.79,0.58,1.47,5237.48
1200351,Marechal Thaumaturgo,AC,1992,1497.77,1206.65,31.13,20.71,83.24,0.56,1.39,5408.18
1200351,Marechal Thaumaturgo,AC,1993,2005.24,1135.81,31.32,20.3,81.79,0.61,0.57,5414.2
1200351,Marechal Thaumaturgo,AC,1994,1712.31,1116.21,31.56,19.85,81.71,0.61,0.39,5401.95
1200351,Marechal Thaumaturgo,AC,1995,1818.44,1142.26,31.92,20.23,80.88,0.65,0.4,5482.06
1200351,Marechal Thaumaturgo,AC,1996,1688.22,1129.82,31.26,20.32,81.51,0.62,0.39,5484.36
1200351,Marechal Thaumaturgo,AC,1997,1713.42,1125.63,32.05,21.12,81.6,0.65,0.32,5380.59
1200351,Marechal Thaumaturgo,AC,1998,1755.42,1159.92,32.34,21.22,82.58,0.62,0.35,5537.2
1200351,Marechal Thaumaturgo,AC,1999,2496.36,1138.78,31.57,20.57,84.83,0.52,0.37,5508.46
1200351,Marechal Thaumaturgo,AC,2000,2303.65,1142.11,31.67,20.74,86.64,0.46,0.38,5498.19
1200385,Plácido de Castro,AC,1981,2070.11,1160.74,31.72,20.3,85.77,0.48,0.6,5607.11
1200385,Plácido de Castro,AC,1982,2085.58,1119.59,31.67,20.7,86.27,0.47,0.61,5327.02
1200385,Plácido de Castro,AC,1983,1590.79,1146.92,31.77,20.23,85.08,0.51,0.54,5499.82
1200385,Plácido de Castro,AC,1984,1972.58,1130.08,31.49,20.01,77.79,0.73,0.6,5296.64
1200385,Plácido de Castro,AC,1985,2223.98,1145.28,30.93,20.23,80.77,0.63,0.68,5462.74
1200385,Plácido de Castro,AC,1986,2180.45,1120.05,31.13,20.33,85.44,0.49,0.66,5362.68
1200385,Plácido de Castro,AC,1987,1837.92,1179.88,31.96,19.79,84.43,0.52,0.69,5604.75
1200385,Plácido de Castro,AC,1988,1861.65,1135.2,31.6,18.82,84.08,0.52,0.79,5383.83
1200385,Plácido de Castro,AC,1989,2836.48,1134.17,31.36,17.86,85.04,0.47,0.76,5503.9
1200385,Plácido de Castro,AC,1990,2623.11,1169.18,31.26,18.79,83.2,0.54,0.87,5544.43
1200385,Plácido de Castro,AC,1991,1749.74,1197.38,31.23,21.26,83.73,0.56,1.3,5391.42
1200385,Plácido de Castro,AC,1992,1965.47,1179.78,31.12,21.22,83.87,0.55,0.96,5506.2
1200385,Plácido de Castro,AC,1993,2056.87,1161.15,31.12,20.4,83.12,0.56,0.76,5510.65
1200385,Plácido de Castro,AC,1994,1925.86,1171.69,31.81,20.73,83.48,0.57,0.61,5582.13
1200385,Plácido de Castro,AC,1995,2137.6,1167.54,32.09,20.8,82.06,0.62,0.66,5454.42
1200385,Plácido de Castro,AC,1996,2072.14,1161.5,31.49,20.89,83.0,0.58,0.66,5513.11
1200385,Plácido de Castro,AC,1997,2010.75,1170.56,31.59,21.72,83.54,0.58,0.6,5547.1
1200385,Plácido de Castro,AC,1998,1964.85,1162.83,31.89,21.44,83.36,0.59,0.57,5484.89
1200385,Plácido de Castro,AC,1999,2136.6,1158.89,31.1,20.77,84.99,0.5,0.57,5624.23
1200385,Plácido de Castro,AC,2000,1795.3,1161.71,31.03,20.94,85.89,0.48,0.62,5610.03
1200393,Porto Walter,AC,1981,1965.9,1101.31,31.18,20.56,84.07,0.53,0.37,5359.22
1200393,Porto Walter,AC,1982,2374.44,1033.86,31.27,20.63,82.77,0.58,0.33,4950.64
1200393,Porto Walter,AC,1983,1786.05,1009.55,31.8,20.45,84.58,0.53,0.3,4778.47
1200393,Porto Walter,AC,1984,2458.05,1017.02,30.94,20.12,77.88,0.72,0.28,4900.0
1200393,Porto Walter,AC,1985,1727.95,1100.75,30.83,19.99,80.98,0.62,0.37,5385.46
1200393,Porto Walter,AC,1986,2172.1,1074.7,30.75,19.79,85.34,0.47,0.37,5261.51
1200393,Porto Walter,AC,1987,1974.41,1120.15,31.4,20.83,84.84,0.52,0.66,5256.02
1200393,Porto Walter,AC,1988,2190.62,1104.13,31.39,19.95,82.94,0.57,0.75,5120.87
1200393,Porto Walter,AC,1989,2054.34,1117.23,31.13,20.74,85.06,0.5,0.72,5273.45
1200393,Porto Walter,AC,1990,2167.22,1165.5,31.16,20.9,83.51,0.56,1.09,5318.07
1200393,Porto Walter,AC,1991,1977.84,1199.63,31.38,21.08,82.76,0.59,1.47,5228.06
1200393,Porto Walter,AC,1992,1560.42,1216.78,31.56,21.09,83.19,0.58,1.39,5399.38
1200393,Porto Walter,AC,1993,1913.38,1146.71,31.82,20.79,81.67,0.63,0.56,5412.79
1200393,Porto Walter,AC,1994,1698.59,1123.53,32.05,20.15,81.58,0.63,0.38,5392.52
1200393,Porto Walter,AC,1995,1803.73,1153.06,32.4,20.79,80.79,0.67,0.38,5482.38
1200393,Porto Walter,AC,1996,1661.11,1136.89,31.63,20.79,81.4,0.64,0.38,5478.24
1200393,Porto Walter,AC,1997,1446.85,1133.76,32.6,21.67,81.43,0.67,0.3,5366.61
1200393,Porto Walter,AC,1998,1643.0,1170.61,32.89,21.69,82.44,0.64,0.33,5539.24
1200393,Porto Walter,AC,1999,2518.36,1146.87,32.08,21.0,84.66,0.54,0.35,5500.6
1200393,Porto Walter,AC,2000,2162.45,1151.17,32.25,21.13,86.54,0.48,0.36,5492.06
1200401,Rio Branco,AC,1981,1949.39,1148.76,31.74,20.19,85.24,0.5,0.58,5537.83
1200401,Rio Branco,AC,1982,1999.39,1097.99,31.59,20.61,85.1,0.51,0.57,5208.73
1200401,Rio Branco,AC,1983,1555.55,1097.12,31.68,20.12,84.91,0.51,0.51,5213.6
1200401,Rio Branco,AC,1984,2033.15,1104.69,31.4,19.9,77.8,0.73,0.52,5211.5
1200401,Rio Branco,AC,1985,2166.08,1137.76,30.83,20.13,80.95,0.62,0.63,5466.04
1200401,Rio Branco,AC,1986,2002.22,1108.94,31.04,20.25,85.43,0.48,0.6,5327.49
1200401,Rio Branco,AC,1987,1796.77,1161.71,31.88,19.69,84.61,0.51,0.7,5505.78
1200401,Rio Branco,AC,1988,1995.58,1119.64,31.51,18.7,84.12,0.51,0.79,5293.5
1200401,Rio Branco,AC,1989,2173.74,1116.21,31.27,17.73,84.98,0.46,0.75,5399.75
1200401,Rio Branco,AC,1990,1780.2,1158.79,31.16,18.65,83.34,0.53,0.87,5495.26
1200401,Rio Branco,AC,1991,1754.58,1193.34,31.14,21.14,83.47,0.57,1.33,5345.56
1200401,Rio Branco,AC,1992,1608.63,1177.01,31.05,21.11,83.68,0.55,0.97,5484.68
1200401,Rio Branco,AC,1993,1821.42,1144.05,31.04,20.3,82.83,0.57,0.7,5453.63
1200401,Rio Branco,AC,1994,1866.24,1151.06,31.79,20.64,83.41,0.57,0.55,5489.6
1200401,Rio Branco,AC,1995,1906.36,1162.37,32.1,20.7,82.16,0.62,0.58,5478.92
1200401,Rio Branco,AC,1996,1543.44,1159.97,31.57,20.8,82.93,0.58,0.59,5532.28
1200401,Rio Branco,AC,1997,1956.41,1160.02,31.49,21.63,83.41,0.58,0.49,5539.87
1200401,Rio Branco,AC,1998,2012.45,1159.41,31.78,21.34,83.43,0.58,0.51,5505.16
1200401,Rio Branco,AC,1999,2005.79,1151.22,30.99,20.66,85.57,0.48,0.53,5608.36
1200401,Rio Branco,AC,2000,1657.53,1150.81,30.92,20.85,86.48,0.46,0.58,5573.12
1200427,Rodrigues Alves,AC,1981,2102.1,1098.86,31.14,20.5,84.15,0.53,0.37,5347.13
1200427,Rodrigues Alves,AC,1982,2480.82,1036.06,31.28,20.51,82.89,0.57,0.32,4969.49
1200427,Rodrigues Alves,AC,1983,2083.11,1015.79,31.83,20.44,84.66,0.52,0.3,4807.53
1200427,Rodrigues Alves,AC,1984,2514.41,1020.4,30.92,20.13,77.91,0.72,0.28,4920.11
1200427,Rodrigues Alves,AC,1985,1801.06,1099.47,30.81,19.99,80.95,0.62,0.36,5377.13
1200427,Rodrigues Alves,AC,1986,2381.98,1072.4,30.75,19.66,85.36,0.47,0.37,5251.46
1200427,Rodrigues Alves,AC,1987,2287.66,1117.49,31.43,20.64,84.94,0.51,0.67,5237.32
1200427,Rodrigues Alves,AC,1988,2359.52,1099.01,31.4,19.98,83.23,0.56,0.73,5092.12
1200427,Rodrigues Alves,AC,1989,2315.22,1115.19,31.11,20.81,85.09,0.5,0.7,5256.02
1200427,Rodrigues Alves,AC,1990,2290.0,1162.83,31.14,20.95,83.58,0.56,1.1,5292.62
1200427,Rodrigues Alves,AC,1991,2124.23,1198.61,31.36,21.04,82.89,0.59,1.49,5216.9
1200427,Rodrigues Alves,AC,1992,1750.53,1214.53,31.53,21.07,83.3,0.58,1.4,5384.61
1200427,Rodrigues Alves,AC,1993,2104.63,1147.89,31.85,20.82,81.74,0.63,0.56,5407.13
1200427,Rodrigues Alves,AC,1994,1913.53,1124.76,32.07,20.09,81.65,0.62,0.38,5392.52
1200427,Rodrigues Alves,AC,1995,2211.38,1155.67,32.43,20.85,80.89,0.67,0.39,5488.98
1200427,Rodrigues Alves,AC,1996,2235.01,1139.65,31.61,20.82,81.45,0.64,0.38,5485.78
1200427,Rodrigues Alves,AC,1997,1851.53,1137.45,32.66,21.73,81.47,0.68,0.31,5362.99
1200427,Rodrigues Alves,AC,1998,1937.99,1173.43,32.96,21.7,82.48,0.64,0.33,5546.47
1200427,Rodrigues Alves,AC,1999,2305.5,1149.43,32.12,20.99,84.84,0.53,0.36,5503.74
1200427,Rodrigues Alves,AC,2000,2134.48,1154.75,32.33,21.11,86.62,0.47,0.36,5499.13
1200435,Santa Rosa do Purus,AC,1981,1777.25,1123.89,31.02,20.31,84.79,0.5,0.5,5466.36
1200435,Santa Rosa do Purus,AC,1982,2158.17,1063.29,30.8,20.74,84.17,0.53,0.49,5074.9
1200435,Santa Rosa do Purus,AC,1983,1776.92,1055.66,31.21,20.11,84.52,0.51,0.44,5035.15
1200435,Santa Rosa do Purus,AC,1984,2344.84,1058.94,30.64,19.78,77.83,0.71,0.4,5090.55
1200435,Santa Rosa do Purus,AC,1985,2227.88,1115.65,30.49,19.62,81.17,0.6,0.51,5442.01
1200435,Santa Rosa do Purus,AC,1986,2206.36,1079.87,30.28,19.75,85.4,0.47,0.49,5284.45
1200435,Santa Rosa do Purus,AC,1987,1876.0,1127.98,30.75,20.55,84.72,0.51,0.68,5380.59
1200435,Santa Rosa do Purus,AC,1988,1931.13,1097.17,30.84,18.83,83.61,0.52,0.77,5205.38
1200435,Santa Rosa do Purus,AC,1989,2063.75,1104.44,30.8,18.79,84.89,0.48,0.73,5319.32
1200435,Santa Rosa do Purus,AC,1990,1786.39,1154.34,30.65,19.27,83.4,0.53,1.06,5407.29
1200435,Santa Rosa do Purus,AC,1991,2336.9,1182.18,30.74,20.71,83.16,0.56,1.39,5294.03
1200435,Santa Rosa do Purus,AC,1992,2031.21,1195.59,30.84,20.61,83.47,0.55,1.31,5444.93
1200435,Santa Rosa do Purus,AC,1993,2048.48,1133.15,30.97,20.03,82.34,0.58,0.62,5432.58
1200435,Santa Rosa do Purus,AC,1994,2292.35,1129.06,31.39,20.03,82.38,0.59,0.46,5448.76
1200435,Santa Rosa do Purus,AC,1995,1633.41,1149.12,31.77,19.99,81.47,0.62,0.48,5501.86
1200435,Santa Rosa do Purus,AC,1996,1955.78,1143.8,31.28,20.26,82.04,0.6,0.49,5526.62
1200435,Santa Rosa do Purus,AC,1997,1720.57,1140.93,31.72,20.92,82.42,0.61,0.41,5466.2
1200435,Santa Rosa do Purus,AC,1998,1800.96,1161.45,31.95,20.91,83.23,0.58,0.46,5543.8
1200435,Santa Rosa do Purus,AC,1999,2351.38,1144.31,31.26,20.34,85.68,0.48,0.49,5547.41
1200435,Santa Rosa do Purus,AC,2000,1812.64,1147.12,31.26,20.66,87.2,0.43,0.52,5532.43
1200450,Senador Guiomard,AC,1981,2055.3,1160.79,31.68,20.27,85.75,0.48,0.61,5607.73
1200450,Senador Guiomard,AC,1982,1989.97,1121.02,31.69,20.68,86.23,0.47,0.63,5325.92
1200450,Senador Guiomard,AC,1983,1503.96,1148.91,31.77,20.21,85.1,0.51,0.56,5500.91
1200450,Senador Guiomard,AC,1984,1963.97,1134.58,31.5,19.98,77.8,0.73,0.6,5315.34
1200450,Senador Guiomard,AC,1985,2299.41,1146.56,30.92,20.23,80.88,0.63,0.68,5467.14
1200450,Senador Guiomard,AC,1986,2267.44,1118.97,31.13,20.34,85.45,0.49,0.66,5350.9
1200450,Senador Guiomard,AC,1987,1802.21,1181.0,31.98,19.76,84.47,0.52,0.7,5604.12
1200450,Senador Guiomard,AC,1988,1767.12,1135.76,31.61,18.78,84.09,0.51,0.79,5385.71
1200450,Senador Guiomard,AC,1989,2663.78,1133.81,31.36,17.79,85.14,0.46,0.76,5500.13
1200450,Senador Guiomard,AC,1990,2391.83,1166.57,31.25,18.73,83.37,0.54,0.87,5534.37
1200450,Senador Guiomard,AC,1991,1826.92,1198.15,31.23,21.24,83.78,0.56,1.3,5397.71
1200450,Senador Guiomard,AC,1992,1939.54,1179.78,31.11,21.18,84.0,0.55,0.96,5512.17
1200450,Senador Guiomard,AC,1993,2105.79,1162.22,31.11,20.4,83.14,0.56,0.76,5512.38
1200450,Senador Guiomard,AC,1994,2019.39,1171.89,31.81,20.74,83.45,0.57,0.61,5577.1
1200450,Senador Guiomard,AC,1995,2138.42,1169.54,32.1,20.81,82.03,0.63,0.67,5460.07
1200450,Senador Guiomard,AC,1996,2117.59,1163.24,31.51,20.9,82.97,0.58,0.66,5514.52
1200450,Senador Guiomard,AC,1997,2177.65,1172.3,31.57,21.72,83.55,0.58,0.6,5548.98
1200450,Senador Guiomard,AC,1998,2066.0,1164.32,31.86,21.43,83.41,0.58,0.58,5486.93
1200450,Senador Guiomard,AC,1999,2310.54,1159.1,31.06,20.75,85.09,0.5,0.58,5621.4
1200450,Senador Guiomard,AC,2000,1815.09,1161.71,30.99,20.93,86.0,0.47,0.64,5608.93
1200500,Sena Madureira,AC,1981,1773.04,1137.6,31.41,20.16,84.97,0.5,0.55,5502.96
1200500,Sena Madureira,AC,1982,2193.2,1079.51,31.11,20.61,84.5,0.52,0.57,5122.81
1200500,Sena Madureira,AC,1983,1603.46,1077.87,31.39,20.05,84.73,0.51,0.53,5116.52
1200500,Sena Madureira,AC,1984,2364.5,1081.81,30.96,19.77,77.82,0.72,0.47,5151.81
1200500,Sena Madureira,AC,1985,2032.29,1124.55,30.58,19.77,81.11,0.6,0.57,5452.06
1200500,Sena Madureira,AC,1986,2323.73,1088.57,30.58,19.85,85.43,0.47,0.55,5278.95
1200500,Sena Madureira,AC,1987,1925.11,1140.88,31.25,19.88,84.66,0.51,0.69,5436.82
1200500,Sena Madureira,AC,1988,1892.91,1107.15,31.1,18.61,83.88,0.51,0.78,5254.39
1200500,Sena Madureira,AC,1989,2181.11,1107.41,30.98,18.06,84.93,0.47,0.74,5354.35
1200500,Sena Madureira,AC,1990,1711.33,1147.38,30.83,18.79,83.43,0.53,0.88,5449.7
1200500,Sena Madureira,AC,1991,2078.8,1184.89,30.82,20.87,83.33,0.56,1.36,5321.21
1200500,Sena Madureira,AC,1992,1987.29,1170.46,30.82,20.78,83.53,0.55,0.98,5470.7
1200500,Sena Madureira,AC,1993,1839.59,1137.86,30.94,20.02,82.52,0.57,0.67,5443.26
1200500,Sena Madureira,AC,1994,1851.95,1138.06,31.51,20.18,82.64,0.58,0.51,5470.28
1200500,Sena Madureira,AC,1995,1940.3,1155.93,31.86,20.18,81.64,0.62,0.53,5501.39
1200500,Sena Madureira,AC,1996,1585.17,1149.99,31.4,20.33,82.26,0.59,0.54,5521.75
1200500,Sena Madureira,AC,1997,1654.78,1150.55,31.56,21.18,82.84,0.6,0.46,5507.98
1200500,Sena Madureira,AC,1998,1785.04,1164.37,31.82,21.02,83.45,0.57,0.51,5545.37
1200500,Sena Madureira,AC,1999,2100.19,1144.0,31.13,20.41,85.61,0.48,0.54,5547.57
1200500,Sena Madureira,AC,2000,1662.01,1146.35,31.07,20.66,87.09,0.44,0.59,5533.37
1200609,Tarauacá,AC,1981,1716.12,1099.57,30.78,20.36,84.2,0.52,0.38,5376.97
1200609,Tarauacá,AC,1982,1989.89,1034.06,30.74,20.74,83.08,0.56,0.35,4964.31
1200609,Tarauacá,AC,1983,1794.24,1010.98,31.26,20.1,84.74,0.51,0.33,4821.04
1200609,Tarauacá,AC,1984,2631.73,1017.12,30.59,19.75,77.87,0.71,0.3,4913.35
1200609,Tarauacá,AC,1985,2266.92,1098.6,30.5,19.6,81.36,0.59,0.39,5395.35
1200609,Tarauacá,AC,1986,2372.11,1071.53,30.19,19.64,85.32,0.47,0.38,5276.44
1200609,Tarauacá,AC,1987,2128.49,1111.09,30.55,20.99,84.87,0.5,0.66,5268.74
1200609,Tarauacá,AC,1988,2204.22,1091.03,30.74,19.28,83.05,0.55,0.75,5130.76
1200609,Tarauacá,AC,1989,2343.44,1103.57,30.62,19.88,85.07,0.48,0.72,5269.37
1200609,Tarauacá,AC,1990,1950.93,1153.31,30.65,20.09,83.48,0.54,1.08,5337.86
1200609,Tarauacá,AC,1991,2182.38,1184.48,30.92,20.67,82.88,0.57,1.41,5242.98
1200609,Tarauacá,AC,1992,1849.58,1199.74,31.1,20.6,83.27,0.56,1.33,5404.41
1200609,Tarauacá,AC,1993,2015.43,1132.69,31.1,20.19,81.72,0.61,0.56,5415.62
1200609,Tarauacá,AC,1994,1900.67,1116.67,31.36,20.0,81.69,0.61,0.38,5409.8
1200609,Tarauacá,AC,1995,1664.39,1139.55,31.76,20.18,80.96,0.64,0.38,5489.76
1200609,Tarauacá,AC,1996,1981.11,1131.92,31.21,20.38,81.5,0.62,0.39,5491.9
1200609,Tarauacá,AC,1997,1505.16,1119.89,31.77,20.91,81.5,0.64,0.32,5373.36
1200609,Tarauacá,AC,1998,1697.28,1155.72,32.01,21.08,82.44,0.62,0.35,5545.06
1200609,Tarauacá,AC,1999,2480.12,1134.17,31.26,20.45,84.82,0.51,0.37,5504.21
1200609,Tarauacá,AC,2000,1939.41,1137.7,31.34,20.68,86.59,0.46,0.38,5494.89
1200708,Xapuri,AC,1981,1893.86,1145.28,31.67,19.92,85.26,0.49,0.56,5533.27
1200708,Xapuri,AC,1982,1882.17,1088.26,31.22,20.34,85.11,0.5,0.55,5205.91
1200708,Xapuri,AC,1983,1627.88,1086.73,31.36,19.83,84.84,0.5,0.5,5204.18
1200708,Xapuri,AC,1984,2101.02,1092.1,31.04,19.62,77.79,0.72,0.51,5185.9
1200708,Xapuri,AC,1985,2128.56,1128.49,30.52,19.79,80.79,0.61,0.62,5459.29
1200708,Xapuri,AC,1986,1984.67,1101.06,30.67,19.88,85.42,0.47,0.59,5333.46
1200708,Xapuri,AC,1987,1777.68,1152.7,31.48,19.45,84.57,0.51,0.69,5508.46
1200708,Xapuri,AC,1988,1888.65,1111.7,31.16,18.43,84.03,0.5,0.79,5290.99
1200708,Xapuri,AC,1989,1934.67,1110.12,30.93,17.56,84.92,0.46,0.75,5408.7
1200708,Xapuri,AC,1990,1669.97,1152.6,30.82,18.45,83.3,0.52,0.87,5501.39
1200708,Xapuri,AC,1991,1680.29,1184.69,30.81,20.82,83.42,0.56,1.34,5334.72
1200708,Xapuri,AC,1992,1605.53,1168.98,30.74,20.78,83.63,0.55,0.98,5482.01
1200708,Xapuri,AC,1993,1840.63,1136.37,30.76,19.98,82.81,0.56,0.69,5455.05
1200708,Xapuri,AC,1994,1816.33,1143.49,31.47,20.28,83.48,0.55,0.54,5496.67
1200708,Xapuri,AC,1995,1886.47,1152.39,31.78,20.33,82.18,0.61,0.58,5471.7
1200708,Xapuri,AC,1996,1575.94,1150.65,31.24,20.42,82.99,0.57,0.58,5528.66
1200708,Xapuri,AC,1997,1872.29,1151.01,31.22,21.26,83.4,0.57,0.49,5532.33
1200708,Xapuri,AC,1998,1859.23,1151.47,31.51,21.01,83.4,0.57,0.5,5501.39
1200708,Xapuri,AC,1999,1926.58,1145.18,30.75,20.35,85.44,0.48,0.52,5609.3
1200708,Xapuri,AC,2000,1506.71,1144.51,30.67,20.54,86.31,0.45,0.57,5576.1
1200807,Porto Acre,AC,1981,2058.18,1157.56,31.62,20.22,85.64,0.48,0.61,5594.07
1200807,Porto Acre,AC,1982,1995.03,1118.97,31.64,20.64,86.11,0.47,0.63,5309.58
1200807,Porto Acre,AC,1983,1533.15,1146.2,31.72,20.16,85.11,0.51,0.57,5487.25
1200807,Porto Acre,AC,1984,1973.4,1130.28,31.45,19.93,77.81,0.73,0.58,5313.61
1200807,Porto Acre,AC,1985,2380.06,1145.64,30.87,20.17,80.99,0.62,0.67,5471.23
1200807,Porto Acre,AC,1986,2360.86,1116.21,31.08,20.3,85.45,0.48,0.65,5341.0
1200807,Porto Acre,AC,1987,1780.49,1176.76,31.93,19.71,84.51,0.52,0.71,5579.14
1200807,Porto Acre,AC,1988,1792.32,1131.82,31.56,18.73,84.09,0.51,0.79,5361.68
1200807,Porto Acre,AC,1989,2600.36,1128.54,31.32,17.74,85.15,0.46,0.76,5471.07
1200807,Porto Acre,AC,1990,2222.62,1163.5,31.2,18.67,83.39,0.53,0.87,5516.94
1200807,Porto Acre,AC,1991,1772.05,1196.41,31.18,21.19,83.83,0.55,1.3,5391.27
1200807,Porto Acre,AC,1992,1904.08,1205.37,31.07,21.13,84.02,0.54,1.23,5521.75
1200807,Porto Acre,AC,1993,1978.15,1159.41,31.06,20.35,83.06,0.56,0.75,5505.47
1200807,Porto Acre,AC,1994,2021.89,1168.16,31.78,20.69,83.38,0.57,0.6,5559.51
1200807,Porto Acre,AC,1995,2090.72,1169.23,32.08,20.76,82.0,0.62,0.65,5470.28
1200807,Porto Acre,AC,1996,1905.13,1164.22,31.51,20.85,82.91,0.58,0.65,5521.59
1200807,Porto Acre,AC,1997,2146.66,1169.59,31.52,21.68,83.49,0.58,0.58,5547.88
1200807,Porto Acre,AC,1998,2052.45,1163.5,31.8,21.38,83.44,0.58,0.57,5490.86
1200807,Porto Acre,AC,1999,2268.01,1156.28,31.01,20.7,85.29,0.49,0.58,5611.98
1200807,Porto Acre,AC,2000,1875.97,1158.69,30.94,20.88,86.25,0.47,0.64,5593.38
1300029,Alvarães,AM,1981,2700.98,1231.93,31.31,22.63,86.11,0.5,0.71,5847.76
1300029,Alvarães,AM,1982,2876.51,1204.19,31.35,22.34,87.05,0.46,0.75,5714.4
1300029,Alvarães,AM,1983,2556.88,1270.98,32.08,22.38,86.02,0.51,0.77,5982.38
1300029,Alvarães,AM,1984,3082.93,1248.77,31.13,21.67,79.32,0.71,0.76,5860.27
1300029,Alvarães,AM,1985,2876.23,1232.54,31.15,21.39,82.25,0.61,0.72,5859.86
1300029,Alvarães,AM,1986,2624.09,1192.06,31.2,21.29,86.25,0.47,0.68,5716.6
1300029,Alvarães,AM,1987,2595.62,1196.46,31.81,21.54,88.3,0.41,0.67,5705.6
1300029,Alvarães,AM,1988,3329.38,1180.65,31.41,21.72,88.97,0.39,0.76,5631.4
1300029,Alvarães,AM,1989,3125.98,1211.15,31.1,21.81,87.13,0.45,0.74,5809.28
1300029,Alvarães,AM,1990,2639.59,1223.89,30.75,22.27,84.77,0.53,1.35,5592.5
1300029,Alvarães,AM,1991,2551.52,1208.74,31.04,22.44,85.86,0.5,1.15,5590.14
1300029,Alvarães,AM,1992,2537.03,1230.91,31.3,22.22,86.93,0.46,1.24,5737.9
1300029,Alvarães,AM,1993,3033.06,1220.62,32.31,22.0,88.47,0.42,1.08,5642.14
1300029,Alvarães,AM,1994,2885.99,1235.0,32.46,21.73,88.31,0.42,1.26,5677.79
1300029,Alvarães,AM,1995,2453.56,1276.0,31.52,21.81,86.44,0.48,1.37,5937.93
1300029,Alvarães,AM,1996,2325.94,1223.79,31.45,21.99,86.73,0.47,1.09,5723.92
1300029,Alvarães,AM,1997,2435.03,1222.15,31.7,22.79,86.19,0.51,1.2,5584.01
1300029,Alvarães,AM,1998,2408.28,1295.24,32.58,22.94,85.78,0.54,1.03,5918.14
1300029,Alvarães,AM,1999,2953.8,1218.06,31.69,22.17,86.72,0.48,0.91,5694.76
1300029,Alvarães,AM,2000,3305.38,1226.25,31.94,22.03,86.66,0.48,0.96,5708.06
1300060,Amaturá,AM,1981,2288.04,1192.16,31.41,22.17,85.24,0.52,0.74,5606.95
1300060,Amaturá,AM,1982,2599.81,1160.89,30.95,22.14,86.7,0.46,0.69,5523.06
1300060,Amaturá,AM,1983,2592.95,1178.14,30.51,22.32,85.92,0.49,0.64,5657.69
1300060,Amaturá,AM,1984,3335.87,1175.12,30.44,21.83,79.13,0.7,0.64,5543.9
1300060,Amaturá,AM,1985,3252.97,1165.5,30.84,21.41,82.75,0.58,0.62,5543.96
1300060,Amaturá,AM,1986,3392.5,1123.53,31.11,20.87,85.99,0.47,0.63,5358.12
1300060,Amaturá,AM,1987,3073.07,1137.4,31.59,21.78,88.18,0.42,0.66,5363.78
1300060,Amaturá,AM,1988,2785.87,1122.3,31.18,21.57,87.93,0.42,0.71,5316.12
1300060,Amaturá,AM,1989,3144.0,1142.11,31.22,21.69,86.48,0.47,0.69,5400.69
1300060,Amaturá,AM,1990,2763.85,1175.53,30.96,21.75,85.14,0.51,1.44,5290.89
1300060,Amaturá,AM,1991,2873.81,1177.11,31.13,21.76,86.34,0.47,1.26,5403.52
1300060,Amaturá,AM,1992,2820.76,1200.61,31.28,21.43,86.42,0.47,1.42,5500.7
1300060,Amaturá,AM,1993,3271.44,1163.14,31.44,21.31,86.5,0.47,0.86,5454.26
1300060,Amaturá,AM,1994,2682.35,1175.58,31.61,21.36,86.22,0.48,0.95,5466.98
1300060,Amaturá,AM,1995,2566.42,1210.94,31.85,20.92,85.59,0.5,1.0,5618.89
1300060,Amaturá,AM,1996,2637.97,1175.32,31.51,20.76,85.65,0.49,0.84,5522.69
1300060,Amaturá,AM,1997,2552.61,1170.61,31.78,21.33,85.37,0.51,0.87,5414.52
1300060,Amaturá,AM,1998,2383.7,1200.45,31.9,22.09,85.92,0.51,0.73,5612.92
1300060,Amaturá,AM,1999,2539.71,1169.44,31.23,21.61,87.99,0.42,0.71,5577.1
1300060,Amaturá,AM,2000,2777.17,1190.11,31.93,21.94,88.22,0.42,0.69,5613.33
1300086,Anamã,AM,1981,2071.12,1237.15,31.55,21.21,86.58,0.46,0.86,5903.84
1300086,Anamã,AM,1982,2150.36,1248.92,31.76,22.43,85.8,0.52,0.96,5835.98
1300086,Anamã,AM,1983,1986.3,1302.15,32.32,21.59,83.91,0.58,0.91,6080.88
1300086,Anamã,AM,1984,2686.07,1258.8,31.56,20.88,79.69,0.69,0.78,5933.16
1300086,Anamã,AM,1985,2483.13,1254.86,31.65,21.28,81.33,0.64,0.86,5864.26
1300086,Anamã,AM,1986,2777.29,1201.89,31.52,21.11,86.88,0.45,0.81,5720.52
1300086,Anamã,AM,1987,2343.1,1213.71,32.23,22.17,86.72,0.49,0.65,5724.45
1300086,Anamã,AM,1988,2287.51,1201.73,31.84,22.28,88.04,0.43,0.72,5679.78
1300086,Anamã,AM,1989,2635.34,1232.54,31.6,22.34,86.51,0.49,0.82,5801.26
1300086,Anamã,AM,1990,2384.13,1291.81,31.68,22.83,84.47,0.57,1.24,5879.81
1300086,Anamã,AM,1991,2260.9,1227.78,31.46,22.66,84.9,0.55,1.03,5644.02
1300086,Anamã,AM,1992,2694.52,1258.24,31.92,22.56,84.29,0.57,1.06,5749.06
1300086,Anamã,AM,1993,3412.09,1211.05,31.42,22.64,85.74,0.51,0.9,5658.63
1300086,Anamã,AM,1994,3461.55,1208.08,31.2,22.08,86.19,0.49,0.9,5711.72
1300086,Anamã,AM,1995,2627.94,1249.43,31.18,22.07,84.76,0.54,0.87,5930.7
1300086,Anamã,AM,1996,2872.98,1224.05,31.18,22.42,85.72,0.51,0.8,5803.09
1300086,Anamã,AM,1997,2758.77,1234.03,30.82,22.81,82.79,0.62,0.86,5792.31
1300086,Anamã,AM,1998,2460.45,1278.66,31.19,23.05,85.01,0.54,0.91,6029.35
1300086,Anamã,AM,1999,2636.81,1234.03,31.67,22.31,86.16,0.5,0.85,5804.72
1300086,Anamã,AM,2000,2681.65,1248.82,32.32,21.55,85.9,0.51,0.85,5840.64
1300102,Anori,AM,1981,2186.61,1238.22,31.67,21.22,86.51,0.47,0.83,5913.42
1300102,Anori,AM,1982,2294.48,1245.39,31.84,22.41,85.94,0.51,0.91,5837.39
1300102,Anori,AM,1983,2079.45,1303.74,32.49,21.6,84.3,0.56,0.9,6092.5
1300102,Anori,AM,1984,2645.17,1262.74,31.74,20.88,79.61,0.7,0.78,5948.56
1300102,Anori,AM,1985,2578.46,1249.48,31.78,21.29,81.34,0.65,0.83,5836.61
1300102,Anori,AM,1986,2690.17,1204.65,31.67,21.13,86.88,0.46,0.76,5748.64
1300102,Anori,AM,1987,2679.75,1212.69,32.34,22.23,86.64,0.49,0.62,5714.24
1300102,Anori,AM,1988,2009.01,1212.84,32.0,22.34,87.8,0.44,0.7,5736.64
1300102,Anori,AM,1989,2553.12,1234.18,31.87,22.27,86.61,0.49,0.81,5796.87
1300102,Anori,AM,1990,1915.61,1299.69,31.99,22.84,84.68,0.57,1.24,5905.88
1300102,Anori,AM,1991,2011.85,1227.27,31.54,22.73,85.09,0.54,1.04,5640.09
1300102,Anori,AM,1992,2521.89,1259.31,32.04,22.65,84.2,0.58,1.07,5726.9
1300102,Anori,AM,1993,3422.21,1221.54,31.53,22.76,85.69,0.52,0.99,5676.54
1300102,Anori,AM,1994,3008.01,1223.02,31.28,22.16,86.26,0.49,1.07,5736.39
1300102,Anori,AM,1995,2561.25,1264.94,31.23,22.13,84.82,0.54,1.05,5952.7
1300102,Anori,AM,1996,3003.78,1226.3,31.26,22.49,85.54,0.52,0.87,5786.44
1300102,Anori,AM,1997,2980.56,1224.71,30.85,22.88,82.96,0.61,0.93,5713.45
1300102,Anori,AM,1998,2681.54,1282.14,31.25,23.17,84.98,0.55,0.98,6019.46
1300102,Anori,AM,1999,2770.25,1240.02,31.78,22.43,86.06,0.51,0.9,5803.46
1300102,Anori,AM,2000,2714.03,1248.36,32.46,21.59,85.87,0.51,0.88,5816.13
1300144,Apuí,AM,1981,2262.58,1187.15,30.65,20.68,86.77,0.44,0.71,5791.05
1300144,Apuí,AM,1982,2676.12,1196.92,30.72,21.05,86.31,0.46,0.64,5846.03
1300144,Apuí,AM,1983,2068.5,1215.4,31.39,20.84,83.31,0.57,0.59,5853.26
1300144,Apuí,AM,1984,2875.7,1215.96,30.78,20.87,79.06,0.7,0.61,5860.9
1300144,Apuí,AM,1985,3007.3,1201.07,30.78,21.18,79.49,0.69,0.68,5709.37
1300144,Apuí,AM,1986,2800.01,1167.85,30.64,21.14,87.26,0.43,0.63,5677.79
1300144,Apuí,AM,1987,2212.89,1184.07,31.27,21.14,85.7,0.49,0.46,5751.94
1300144,Apuí,AM,1988,2854.05,1173.12,30.83,21.62,86.57,0.46,0.49,5696.9
1300144,Apuí,AM,1989,2588.72,1210.84,30.86,21.18,85.68,0.49,0.64,5876.82
1300144,Apuí,AM,1990,2330.4,1254.19,31.35,21.49,86.23,0.48,0.98,5942.33
1300144,Apuí,AM,1991,2360.77,1184.43,31.24,21.6,85.97,0.49,0.79,5596.58
1300144,Apuí,AM,1992,2142.56,1200.86,31.48,21.47,85.14,0.52,0.77,5677.11
1300144,Apuí,AM,1993,2348.06,1204.65,30.64,21.57,85.96,0.48,0.63,5862.06
1300144,Apuí,AM,1994,2112.89,1202.3,30.88,21.26,86.59,0.46,0.63,5841.64
1300144,Apuí,AM,1995,2137.52,1202.45,30.96,21.66,85.85,0.49,0.63,5801.11
1300144,Apuí,AM,1996,2045.46,1171.38,30.58,21.57,85.98,0.48,0.66,5649.78
1300144,Apuí,AM,1997,2377.34,1211.66,30.98,21.89,83.56,0.58,0.69,5788.54
1300144,Apuí,AM,1998,2564.05,1209.72,31.13,22.11,85.36,0.51,0.66,5778.96
1300144,Apuí,AM,1999,2502.35,1204.75,30.78,21.25,85.39,0.5,0.6,5858.29
1300144,Apuí,AM,2000,2952.79,1205.72,31.51,21.31,85.77,0.49,0.42,5856.5
1300201,Atalaia do Norte,AM,1981,2419.97,1113.29,31.26,20.83,84.18,0.54,0.44,5352.78
1300201,Atalaia do Norte,AM,1982,2396.36,1057.35,30.89,21.12,83.35,0.56,0.37,5060.29
1300201,Atalaia do Norte,AM,1983,2337.65,1028.13,30.81,20.87,84.91,0.51,0.35,4917.97
1300201,Atalaia do Norte,AM,1984,3038.98,1040.46,30.35,20.63,77.93,0.72,0.33,5003.68
1300201,Atalaia do Norte,AM,1985,2728.53,1106.69,30.68,20.36,81.62,0.6,0.41,5372.42
1300201,Atalaia do Norte,AM,1986,2976.9,1072.5,30.67,19.57,85.63,0.46,0.42,5239.52
1300201,Atalaia do Norte,AM,1987,2661.99,1100.5,31.26,20.63,85.72,0.48,0.64,5184.39
1300201,Atalaia do Norte,AM,1988,2146.78,1086.98,31.33,19.9,84.0,0.53,0.7,5070.6
1300201,Atalaia do Norte,AM,1989,2580.14,1109.96,31.46,20.43,85.2,0.5,0.68,5211.09
1300201,Atalaia do Norte,AM,1990,2303.83,1149.89,31.1,20.65,83.82,0.54,1.12,5237.17
1300201,Atalaia do Norte,AM,1991,2413.53,1183.0,31.23,20.99,83.46,0.56,1.4,5221.46
1300201,Atalaia do Norte,AM,1992,2346.41,1219.85,31.37,20.8,83.73,0.55,1.61,5366.08
1300201,Atalaia do Norte,AM,1993,2568.44,1139.6,31.69,20.35,82.21,0.6,0.57,5382.79
1300201,Atalaia do Norte,AM,1994,2563.75,1120.92,31.78,20.22,81.78,0.62,0.44,5338.02
1300201,Atalaia do Norte,AM,1995,2206.12,1154.9,32.14,19.82,81.07,0.64,0.44,5520.55
1300201,Atalaia do Norte,AM,1996,2611.89,1144.05,31.66,20.11,81.52,0.62,0.43,5504.16
1300201,Atalaia do Norte,AM,1997,2520.19,1135.5,32.36,20.99,81.47,0.65,0.39,5357.81
1300201,Atalaia do Norte,AM,1998,2482.84,1175.07,32.76,21.39,82.66,0.63,0.39,5547.73
1300201,Atalaia do Norte,AM,1999,2641.14,1156.23,32.05,20.92,85.33,0.51,0.43,5507.98
1300201,Atalaia do Norte,AM,2000,2542.39,1161.09,31.99,21.31,86.89,0.46,0.41,5526.62
1300300,Autazes,AM,1981,2062.89,1244.67,31.54,22.3,86.46,0.49,0.93,5868.97
1300300,Autazes,AM,1982,2245.02,1295.04,31.88,22.89,84.45,0.58,0.99,6004.85
1300300,Autazes,AM,1983,1888.62,1312.69,32.17,23.24,83.3,0.63,0.94,6022.76
1300300,Autazes,AM,1984,2768.28,1258.08,31.31,22.48,79.02,0.75,0.78,5840.01
1300300,Autazes,AM,1985,2452.02,1247.18,31.48,22.66,80.82,0.69,0.89,5731.05
1300300,Autazes,AM,1986,2754.15,1205.21,31.2,22.76,87.12,0.47,0.83,5691.46
1300300,Autazes,AM,1987,2221.76,1235.2,32.1,23.21,86.1,0.53,0.68,5768.28
1300300,Autazes,AM,1988,2532.84,1222.87,31.6,23.34,86.9,0.49,0.64,5749.68
1300300,Autazes,AM,1989,2567.93,1240.32,31.09,23.16,86.2,0.51,0.75,5860.96
1300300,Autazes,AM,1990,2319.88,1329.28,31.92,23.5,85.04,0.57,1.17,6084.18
1300300,Autazes,AM,1991,2211.63,1246.0,32.04,23.36,84.98,0.57,0.98,5666.17
1300300,Autazes,AM,1992,1631.89,1259.21,32.03,23.1,84.1,0.59,0.99,5738.69
1300300,Autazes,AM,1993,2109.54,1233.77,31.41,22.85,84.5,0.56,0.87,5753.04
1300300,Autazes,AM,1994,2260.61,1239.66,31.52,23.04,85.63,0.53,0.84,5803.31
1300300,Autazes,AM,1995,2157.6,1270.98,31.98,23.54,84.66,0.58,0.77,5899.13
1300300,Autazes,AM,1996,2486.96,1241.3,31.55,23.35,85.33,0.55,0.76,5806.23
1300300,Autazes,AM,1997,2045.51,1314.43,32.38,23.82,81.97,0.71,0.87,5983.96
1300300,Autazes,AM,1998,2013.96,1293.14,32.27,23.14,85.7,0.54,0.86,6024.8
1300300,Autazes,AM,1999,2286.05,1247.95,31.86,22.21,86.53,0.49,0.79,5904.94
1300300,Autazes,AM,2000,2578.58,1246.11,32.07,22.46,86.3,0.5,0.75,5839.85
1300409,Barcelos,AM,1981,2166.69,1241.3,31.8,21.92,85.4,0.52,0.73,5860.96
1300409,Barcelos,AM,1982,2435.78,1231.06,31.68,22.12,86.35,0.49,0.84,5798.12
1300409,Barcelos,AM,1983,2540.73,1314.79,32.28,22.77,82.72,0.64,0.8,6103.03
1300409,Barcelos,AM,1984,2478.25,1280.24,31.6,22.22,80.44,0.69,0.94,5860.59
1300409,Barcelos,AM,1985,2120.1,1298.77,31.94,22.25,82.62,0.62,0.88,6051.66
1300409,Barcelos,AM,1986,2659.83,1246.72,31.99,22.27,86.65,0.48,0.87,5846.19
1300409,Barcelos,AM,1987,2256.34,1262.79,32.63,22.55,88.79,0.42,0.83,5910.28
1300409,Barcelos,AM,1988,3089.5,1192.98,32.25,22.59,89.01,0.4,0.79,5554.9
1300409,Barcelos,AM,1989,2849.1,1231.57,31.88,22.52,86.24,0.5,0.75,5784.61
1300409,Barcelos,AM,1990,2816.56,1232.65,29.85,22.91,84.8,0.54,1.37,5689.73
1300409,Barcelos,AM,1991,2057.08,1239.4,31.68,22.9,85.67,0.53,1.17,5640.41
1300409,Barcelos,AM,1992,1830.25,1282.75,31.92,22.95,86.53,0.5,1.26,5885.88
1300409,Barcelos,AM,1993,2745.94,1188.99,31.5,22.2,88.03,0.43,0.95,5571.76
1300409,Barcelos,AM,1994,2197.05,1227.63,32.66,22.05,87.64,0.46,1.0,5634.28
1300409,Barcelos,AM,1995,1978.11,1311.82,33.22,22.58,85.86,0.54,1.15,5908.4
1300409,Barcelos,AM,1996,2374.73,1244.06,32.35,22.54,87.5,0.46,1.05,5718.11
1300409,Barcelos,AM,1997,1893.74,1273.28,32.96,22.89,86.1,0.53,1.19,5696.17
1300409,Barcelos,AM,1998,2294.98,1318.89,33.03,23.5,84.27,0.61,0.94,5935.1
1300409,Barcelos,AM,1999,2583.14,1258.75,31.75,22.83,86.37,0.5,0.84,5900.07
1300409,Barcelos,AM,2000,2415.33,1275.33,31.91,22.76,86.8,0.49,0.88,5971.96
1300508,Barreirinha,AM,1981,1906.99,1303.07,31.67,23.68,85.19,0.56,0.94,6050.72
1300508,Barreirinha,AM,1982,2008.48,1357.48,31.85,23.78,84.99,0.58,1.01,6263.26
1300508,Barreirinha,AM,1983,1566.38,1402.67,32.51,24.02,82.64,0.67,1.05,6377.62
1300508,Barreirinha,AM,1984,2738.73,1308.19,31.23,23.08,80.66,0.7,0.89,6070.3
1300508,Barreirinha,AM,1985,2489.53,1272.52,31.42,23.03,81.86,0.66,0.91,5875.41
1300508,Barreirinha,AM,1986,2286.57,1283.31,31.4,23.02,85.55,0.53,0.89,6041.61
1300508,Barreirinha,AM,1987,2076.68,1345.3,32.32,23.45,83.32,0.64,0.84,6216.29
1300508,Barreirinha,AM,1988,2865.51,1283.62,31.52,23.66,85.64,0.54,0.72,6037.78
1300508,Barreirinha,AM,1989,2999.33,1291.96,31.27,23.03,86.26,0.51,0.81,6136.17
1300508,Barreirinha,AM,1990,2083.3,1367.46,32.06,23.37,85.06,0.57,1.12,6318.08
1300508,Barreirinha,AM,1991,2285.89,1294.88,32.53,21.86,85.58,0.53,1.04,5969.19
1300508,Barreirinha,AM,1992,2067.02,1361.62,32.53,22.29,84.79,0.56,1.15,6267.13
1300508,Barreirinha,AM,1993,2644.26,1287.56,31.91,23.16,86.56,0.5,0.75,6064.38
1300508,Barreirinha,AM,1994,2281.42,1281.22,31.67,23.43,87.18,0.48,0.75,6043.96
1300508,Barreirinha,AM,1995,2605.55,1322.98,32.65,23.68,85.75,0.56,0.73,6125.96
1300508,Barreirinha,AM,1996,3109.0,1327.69,32.09,23.71,85.94,0.54,0.78,6202.25
1300508,Barreirinha,AM,1997,1585.51,1416.23,33.01,24.02,82.16,0.72,0.84,6476.11
1300508,Barreirinha,AM,1998,1866.76,1398.57,33.13,24.41,83.86,0.65,0.79,6415.47
1300508,Barreirinha,AM,1999,2600.96,1343.91,31.99,23.61,86.25,0.52,0.73,6346.04
1300508,Barreirinha,AM,2000,2542.62,1293.6,31.93,23.41,86.16,0.53,0.73,6065.43
1300607,Benjamin Constant,AM,1981,2866.57,1134.79,31.36,21.11,84.52,0.53,0.48,5444.36
1300607,Benjamin Constant,AM,1982,3036.76,1069.33,30.46,21.48,84.24,0.53,0.41,5139.14
1300607,Benjamin Constant,AM,1983,2375.17,1041.28,29.65,21.22,85.47,0.48,0.38,5070.5
1300607,Benjamin Constant,AM,1984,2766.9,1053.92,29.59,21.06,77.93,0.71,0.37,5095.26
1300607,Benjamin Constant,AM,1985,2399.67,1109.71,30.53,20.64,82.12,0.59,0.43,5388.44
1300607,Benjamin Constant,AM,1986,2673.69,1076.34,30.67,19.6,85.6,0.46,0.44,5257.59
1300607,Benjamin Constant,AM,1987,2449.01,1100.8,31.24,20.43,86.01,0.47,0.65,5208.73
1300607,Benjamin Constant,AM,1988,2242.54,1089.54,31.41,19.95,84.93,0.5,0.71,5103.59
1300607,Benjamin Constant,AM,1989,2384.22,1118.1,31.77,20.44,85.24,0.5,0.7,5230.73
1300607,Benjamin Constant,AM,1990,2347.99,1146.05,31.12,20.59,83.76,0.54,1.11,5227.74
1300607,Benjamin Constant,AM,1991,2145.19,1176.4,31.15,20.99,83.84,0.55,1.34,5254.6
1300607,Benjamin Constant,AM,1992,2100.27,1206.49,31.31,20.65,84.03,0.54,1.51,5369.22
1300607,Benjamin Constant,AM,1993,2452.62,1147.79,31.76,20.27,83.12,0.57,0.61,5427.08
1300607,Benjamin Constant,AM,1994,2798.43,1131.15,31.78,20.3,82.82,0.58,0.5,5379.8
1300607,Benjamin Constant,AM,1995,2344.66,1158.54,32.14,19.41,82.3,0.59,0.48,5551.18
1300607,Benjamin Constant,AM,1996,2604.33,1152.8,31.76,19.73,82.3,0.59,0.49,5535.1
1300607,Benjamin Constant,AM,1997,2641.98,1136.63,32.32,20.57,82.06,0.62,0.45,5350.9
1300607,Benjamin Constant,AM,1998,2129.35,1186.43,32.9,21.33,83.08,0.61,0.45,5569.4
1300607,Benjamin Constant,AM,1999,2444.14,1167.19,32.2,21.07,86.06,0.49,0.5,5527.15
1300607,Benjamin Constant,AM,2000,2470.69,1168.31,31.99,21.6,87.22,0.46,0.48,5540.29
1300631,Beruri,AM,1981,2236.86,1227.53,31.57,21.23,86.49,0.47,0.83,5864.26
1300631,Beruri,AM,1982,2361.7,1240.22,31.69,22.16,85.9,0.51,0.9,5836.14
1300631,Beruri,AM,1983,1947.7,1298.57,32.41,21.68,84.48,0.56,0.88,6075.7
1300631,Beruri,AM,1984,2548.91,1259.06,31.78,21.18,79.59,0.71,0.73,5923.89
1300631,Beruri,AM,1985,2467.86,1247.39,31.79,21.61,81.27,0.66,0.8,5820.9
1300631,Beruri,AM,1986,2686.84,1203.06,31.64,21.52,86.85,0.46,0.72,5730.73
1300631,Beruri,AM,1987,2699.93,1209.41,32.13,22.23,85.75,0.52,0.58,5720.99
1300631,Beruri,AM,1988,2161.3,1207.62,31.88,22.26,87.56,0.45,0.63,5734.92
1300631,Beruri,AM,1989,2300.99,1231.37,32.02,22.25,86.57,0.49,0.77,5770.95
1300631,Beruri,AM,1990,1886.75,1312.08,32.24,22.82,84.52,0.58,1.23,5941.7
1300631,Beruri,AM,1991,1819.12,1223.23,31.47,22.7,84.69,0.56,1.03,5610.56
1300631,Beruri,AM,1992,2407.54,1254.14,31.88,22.61,83.77,0.59,1.07,5702.24
1300631,Beruri,AM,1993,3345.67,1212.94,31.44,22.67,85.45,0.52,0.9,5663.81
1300631,Beruri,AM,1994,2859.04,1216.78,31.41,22.05,86.18,0.49,0.97,5716.6
1300631,Beruri,AM,1995,2546.43,1255.37,31.41,22.22,84.97,0.54,0.97,5901.17
1300631,Beruri,AM,1996,2808.81,1222.2,31.24,22.4,85.57,0.51,0.82,5782.99
1300631,Beruri,AM,1997,2712.42,1224.05,31.11,22.9,83.12,0.61,0.87,5704.81
1300631,Beruri,AM,1998,2485.31,1273.33,31.57,23.1,85.19,0.54,0.9,5966.83
1300631,Beruri,AM,1999,2582.85,1233.77,31.6,22.38,86.18,0.5,0.84,5815.72
1300631,Beruri,AM,2000,2523.11,1239.56,32.13,21.92,85.87,0.51,0.83,5807.18
1300680,Boa Vista do Ramos,AM,1981,2017.52,1281.63,31.5,22.54,85.46,0.52,0.98,6022.76
1300680,Boa Vista do Ramos,AM,1982,2003.69,1333.37,31.74,22.64,84.72,0.57,1.04,6202.46
1300680,Boa Vista do Ramos,AM,1983,1731.17,1360.55,32.28,22.98,82.66,0.65,1.02,6242.68
1300680,Boa Vista do Ramos,AM,1984,2543.21,1274.97,31.09,22.1,80.58,0.68,0.88,5960.65
1300680,Boa Vista do Ramos,AM,1985,2515.2,1259.26,31.25,22.09,81.21,0.66,0.93,5851.69
1300680,Boa Vista do Ramos,AM,1986,2511.74,1243.5,31.06,22.29,85.53,0.52,0.9,5887.5
1300680,Boa Vista do Ramos,AM,1987,2051.7,1309.37,32.05,22.71,83.35,0.62,0.83,6098.0
1300680,Boa Vista do Ramos,AM,1988,2855.02,1250.82,31.34,23.42,85.49,0.54,0.67,5906.46
1300680,Boa Vista do Ramos,AM,1989,2802.82,1284.75,31.16,22.89,86.1,0.51,0.81,6106.64
1300680,Boa Vista do Ramos,AM,1990,1958.4,1360.7,31.99,23.14,84.76,0.57,1.14,6288.08
1300680,Boa Vista do Ramos,AM,1991,2264.3,1306.3,32.99,22.06,85.39,0.55,1.03,5955.05
1300680,Boa Vista do Ramos,AM,1992,1978.18,1355.28,32.43,22.25,84.58,0.57,1.13,6248.9
1300680,Boa Vista do Ramos,AM,1993,2438.05,1273.33,31.62,22.46,85.5,0.53,0.78,6028.41
1300680,Boa Vista do Ramos,AM,1994,2344.19,1273.33,31.58,23.13,86.08,0.52,0.75,6009.72
1300680,Boa Vista do Ramos,AM,1995,2324.19,1313.15,32.29,23.64,84.49,0.6,0.72,6096.43
1300680,Boa Vista do Ramos,AM,1996,2687.71,1301.79,31.79,23.51,84.96,0.57,0.77,6090.09
1300680,Boa Vista do Ramos,AM,1997,1404.16,1391.56,32.76,23.78,81.01,0.75,0.85,6358.29
1300680,Boa Vista do Ramos,AM,1998,1727.15,1372.63,32.8,24.15,84.25,0.62,0.78,6332.69
1300680,Boa Vista do Ramos,AM,1999,2443.83,1324.0,32.02,23.21,85.92,0.53,0.73,6254.77
1300680,Boa Vista do Ramos,AM,2000,2535.23,1292.63,32.17,22.7,85.54,0.54,0.7,6074.22
1300706,Boca do Acre,AM,1981,2161.61,1147.53,31.41,20.34,85.6,0.48,0.55,5558.57
1300706,Boca do Acre,AM,1982,2206.75,1105.77,31.38,20.79,86.07,0.47,0.58,5261.51
1300706,Boca do Acre,AM,1983,1359.5,1134.79,31.62,20.22,85.22,0.5,0.53,5442.16
1300706,Boca do Acre,AM,1984,2037.85,1110.99,31.22,20.0,77.83,0.73,0.52,5254.08
1300706,Boca do Acre,AM,1985,2379.31,1133.76,30.78,20.06,81.35,0.61,0.61,5455.05
1300706,Boca do Acre,AM,1986,2167.74,1103.77,30.87,20.02,85.43,0.48,0.59,5325.92
1300706,Boca do Acre,AM,1987,1721.91,1155.52,31.6,19.83,84.8,0.51,0.68,5494.63
1300706,Boca do Acre,AM,1988,1714.13,1117.44,31.37,18.76,84.37,0.5,0.78,5289.42
1300706,Boca do Acre,AM,1989,2212.54,1119.59,31.2,18.16,85.33,0.46,0.76,5399.12
1300706,Boca do Acre,AM,1990,1847.2,1169.18,31.07,18.97,83.92,0.52,1.04,5480.81
1300706,Boca do Acre,AM,1991,1946.2,1188.58,31.04,21.12,83.69,0.55,1.29,5356.55
1300706,Boca do Acre,AM,1992,1684.96,1198.3,31.0,20.98,83.91,0.54,1.22,5493.32
1300706,Boca do Acre,AM,1993,1843.62,1153.78,31.12,20.17,82.74,0.57,0.73,5471.23
1300706,Boca do Acre,AM,1994,1999.22,1155.87,31.69,20.45,83.13,0.57,0.56,5517.57
1300706,Boca do Acre,AM,1995,1916.91,1160.22,32.0,20.39,81.96,0.62,0.6,5464.63
1300706,Boca do Acre,AM,1996,2184.37,1159.81,31.52,20.48,82.7,0.58,0.61,5522.22
1300706,Boca do Acre,AM,1997,2342.77,1159.92,31.62,21.41,83.17,0.59,0.54,5499.97
1300706,Boca do Acre,AM,1998,1786.71,1161.25,31.93,21.28,83.16,0.59,0.53,5487.56
1300706,Boca do Acre,AM,1999,1821.54,1155.46,31.25,20.66,85.34,0.49,0.53,5589.83
1300706,Boca do Acre,AM,2000,1808.12,1153.01,31.14,20.86,86.32,0.46,0.58,5554.9
1300805,Borba,AM,1981,2457.13,1241.6,31.54,21.97,86.35,0.48,0.86,5892.22
1300805,Borba,AM,1982,2617.55,1282.19,31.73,22.49,84.78,0.56,0.86,6040.66
1300805,Borba,AM,1983,2050.32,1293.86,32.29,22.39,83.56,0.6,0.83,6015.69
1300805,Borba,AM,1984,2759.78,1240.63,31.5,21.89,79.89,0.71,0.67,5844.41
1300805,Borba,AM,1985,2387.24,1227.53,31.6,22.18,80.25,0.7,0.76,5693.97
1300805,Borba,AM,1986,2851.19,1196.1,31.4,22.3,87.43,0.45,0.7,5693.35
1300805,Borba,AM,1987,2238.54,1230.75,32.08,22.64,86.27,0.51,0.62,5810.53
1300805,Borba,AM,1988,2075.57,1212.69,31.57,22.95,87.32,0.46,0.54,5760.99
1300805,Borba,AM,1989,2353.32,1243.96,31.7,22.92,86.64,0.5,0.72,5862.37
1300805,Borba,AM,1990,1919.58,1328.56,32.25,23.12,85.43,0.55,1.15,6089.52
1300805,Borba,AM,1991,2182.78,1241.7,32.11,22.88,85.44,0.54,0.99,5672.92
1300805,Borba,AM,1992,1822.98,1265.91,32.08,22.78,84.35,0.58,1.04,5776.86
1300805,Borba,AM,1993,2357.97,1224.05,31.39,22.67,84.71,0.55,0.74,5773.15
1300805,Borba,AM,1994,2253.47,1237.87,31.61,22.52,85.93,0.51,0.72,5866.61
1300805,Borba,AM,1995,2084.68,1259.21,31.88,22.98,85.15,0.55,0.68,5929.13
1300805,Borba,AM,1996,2686.72,1233.82,31.52,22.83,85.65,0.52,0.7,5832.0
1300805,Borba,AM,1997,2278.25,1284.65,32.11,23.38,82.62,0.66,0.77,5940.76
1300805,Borba,AM,1998,2072.35,1281.57,32.11,23.17,85.88,0.53,0.76,6016.16
1300805,Borba,AM,1999,2213.83,1249.89,31.81,22.27,86.78,0.48,0.7,5951.75
1300805,Borba,AM,2000,2270.65,1242.42,32.07,22.19,86.64,0.49,0.7,5864.67
1300839,Caapiranga,AM,1981,2082.0,1239.96,31.53,21.36,86.52,0.47,0.85,5911.38
1300839,Caapiranga,AM,1982,2166.64,1244.21,31.66,22.36,85.82,0.51,0.95,5821.53
1300839,Caapiranga,AM,1983,2074.85,1305.37,32.24,21.86,83.71,0.59,0.91,6085.12
1300839,Caapiranga,AM,1984,2681.37,1263.2,31.44,21.2,79.36,0.71,0.79,5934.73
1300839,Caapiranga,AM,1985,2445.8,1258.75,31.57,21.52,81.4,0.64,0.85,5889.86
1300839,Caapiranga,AM,1986,2821.79,1203.73,31.44,21.38,87.06,0.45,0.82,5728.38
1300839,Caapiranga,AM,1987,2472.86,1213.81,32.15,22.23,87.22,0.47,0.67,5732.15
1300839,Caapiranga,AM,1988,2579.11,1197.89,31.79,22.33,89.09,0.39,0.72,5672.71
1300839,Caapiranga,AM,1989,2804.23,1231.98,31.5,22.34,86.84,0.47,0.81,5820.74
1300839,Caapiranga,AM,1990,2277.49,1281.22,31.47,22.83,84.9,0.55,1.25,5850.59
1300839,Caapiranga,AM,1991,2161.45,1228.24,31.47,22.68,85.48,0.53,1.04,5656.59
1300839,Caapiranga,AM,1992,2639.11,1261.36,31.86,22.58,84.67,0.56,1.07,5780.16
1300839,Caapiranga,AM,1993,3296.44,1209.36,31.42,22.51,85.94,0.5,0.89,5656.74
1300839,Caapiranga,AM,1994,3421.08,1210.79,31.35,22.1,86.26,0.49,0.88,5715.5
1300839,Caapiranga,AM,1995,2554.36,1260.03,31.46,22.19,84.77,0.54,0.87,5944.53
1300839,Caapiranga,AM,1996,2808.45,1229.11,31.28,22.44,85.85,0.51,0.83,5807.33
1300839,Caapiranga,AM,1997,2718.75,1246.77,31.2,22.91,82.82,0.63,0.89,5800.64
1300839,Caapiranga,AM,1998,2375.32,1289.25,31.49,23.04,84.98,0.55,0.93,6044.12
1300839,Caapiranga,AM,1999,2603.53,1235.2,31.6,22.31,86.23,0.5,0.85,5813.36
1300839,Caapiranga,AM,2000,2532.89,1254.91,32.12,21.87,85.99,0.5,0.9,5862.63
1300904,Canutama,AM,1981,2528.0,1203.01,31.49,21.82,86.71,0.46,0.49,5823.26
1300904,Canutama,AM,1982,2460.61,1184.94,31.78,21.76,87.46,0.44,0.6,5667.74
1300904,Canutama,AM,1983,2151.24,1211.92,32.13,21.12,86.25,0.49,0.56,5805.82
1300904,Canutama,AM,1984,2631.39,1218.37,31.6,21.17,79.02,0.72,0.71,5712.3
1300904,Canutama,AM,1985,2369.8,1189.14,31.44,20.4,80.94,0.64,0.7,5639.94
1300904,Canutama,AM,1986,2327.1,1149.48,31.42,19.63,86.01,0.46,0.66,5578.67
1300904,Canutama,AM,1987,2149.5,1177.27,31.78,19.15,85.31,0.48,0.52,5759.16
1300904,Canutama,AM,1988,2251.66,1158.69,31.52,19.33,86.36,0.45,0.72,5596.68
1300904,Canutama,AM,1989,2102.22,1179.57,31.14,18.64,85.84,0.45,0.83,5744.24
1300904,Canutama,AM,1990,2281.28,1239.71,31.74,20.73,83.94,0.55,1.01,5780.06
1300904,Canutama,AM,1991,2452.09,1200.04,31.51,21.92,84.85,0.53,1.13,5477.35
1300904,Canutama,AM,1992,2459.78,1224.25,31.53,21.5,84.68,0.53,1.23,5591.65
1300904,Canutama,AM,1993,2881.66,1202.96,31.55,20.59,84.75,0.52,0.9,5670.72
1300904,Canutama,AM,1994,2472.04,1218.57,31.76,20.67,85.05,0.51,0.89,5758.85
1300904,Canutama,AM,1995,2133.31,1220.06,31.78,21.44,83.78,0.57,0.97,5632.08
1300904,Canutama,AM,1996,2159.77,1187.66,31.61,20.38,84.31,0.53,0.86,5599.51
1300904,Canutama,AM,1997,2330.17,1212.02,31.82,21.92,84.42,0.56,0.97,5612.45
1300904,Canutama,AM,1998,1753.09,1235.36,32.55,22.25,83.97,0.59,0.74,5716.44
1300904,Canutama,AM,1999,1729.25,1216.11,32.11,21.83,84.7,0.55,0.67,5722.56
1300904,Canutama,AM,2000,2136.45,1209.36,32.05,21.55,84.95,0.53,0.72,5699.42
1301001,Carauari,AM,1981,2311.0,1191.85,31.52,21.85,85.7,0.5,0.58,5694.29
1301001,Carauari,AM,1982,2573.1,1162.78,31.51,22.1,86.61,0.47,0.65,5492.12
1301001,Carauari,AM,1983,2331.78,1190.06,31.46,22.44,85.98,0.5,0.62,5631.61
1301001,Carauari,AM,1984,2957.9,1176.35,31.19,21.88,79.04,0.73,0.57,5537.62
1301001,Carauari,AM,1985,2776.94,1164.57,31.15,21.53,82.05,0.62,0.57,5527.15
1301001,Carauari,AM,1986,2895.76,1128.29,31.24,21.33,85.66,0.49,0.57,5371.95
1301001,Carauari,AM,1987,2689.38,1158.89,31.71,21.89,86.68,0.47,0.63,5460.39
1301001,Carauari,AM,1988,2759.54,1123.58,31.3,20.49,86.86,0.44,0.72,5341.57
1301001,Carauari,AM,1989,2751.18,1140.67,31.3,20.64,86.27,0.46,0.72,5427.08
1301001,Carauari,AM,1990,2833.2,1194.57,31.0,21.07,84.39,0.53,1.39,5417.34
1301001,Carauari,AM,1991,2155.97,1185.51,31.08,21.68,85.42,0.5,1.22,5434.94
1301001,Carauari,AM,1992,2351.39,1205.47,31.26,21.29,85.79,0.49,1.36,5527.72
1301001,Carauari,AM,1993,2750.59,1185.51,31.68,20.88,85.48,0.5,0.9,5539.4
1301001,Carauari,AM,1994,2590.55,1195.23,31.73,20.94,85.12,0.51,0.97,5545.68
1301001,Carauari,AM,1995,2169.82,1230.96,31.98,20.59,83.93,0.55,1.06,5656.43
1301001,Carauari,AM,1996,2003.08,1191.24,31.59,20.36,83.85,0.54,0.89,5564.64
1301001,Carauari,AM,1997,2154.96,1184.23,31.91,21.52,83.66,0.58,0.98,5377.44
1301001,Carauari,AM,1998,2431.55,1240.73,32.33,22.06,83.95,0.58,0.87,5704.03
1301001,Carauari,AM,1999,2423.16,1194.06,31.7,21.52,86.24,0.48,0.82,5607.58
1301001,Carauari,AM,2000,2581.82,1195.54,31.91,21.75,87.16,0.46,0.86,5595.42
1301100,Careiro,AM,1981,2022.93,1241.19,31.51,22.36,86.5,0.48,0.95,5835.67
1301100,Careiro,AM,1982,2218.82,1284.08,31.85,23.09,84.58,0.58,0.98,5942.17
1301100,Careiro,AM,1983,2036.31,1299.74,32.1,23.42,83.46,0.62,0.91,5960.71
1301100,Careiro,AM,1984,2943.24,1257.72,31.31,22.67,79.44,0.74,0.77,5826.81
1301100,Careiro,AM,1985,2445.84,1246.21,31.49,22.89,80.97,0.69,0.87,5712.67
1301100,Careiro,AM,1986,2779.01,1203.17,31.23,22.92,87.14,0.47,0.8,5670.25
1301100,Careiro,AM,1987,2280.82,1233.16,32.07,23.39,86.35,0.52,0.67,5760.11
1301100,Careiro,AM,1988,2640.39,1218.21,31.62,23.26,87.5,0.46,0.62,5744.97
1301100,Careiro,AM,1989,2537.14,1236.28,31.01,23.1,86.22,0.5,0.8,5837.55
1301100,Careiro,AM,1990,2260.81,1320.98,31.8,23.47,84.69,0.58,1.18,6028.73
1301100,Careiro,AM,1991,2425.48,1236.54,31.65,23.35,84.91,0.57,0.98,5657.84
1301100,Careiro,AM,1992,1606.15,1254.24,31.88,23.19,83.72,0.61,0.98,5715.91
1301100,Careiro,AM,1993,2016.12,1233.06,31.31,22.99,84.11,0.58,0.83,5752.72
1301100,Careiro,AM,1994,2156.15,1236.74,31.43,22.99,85.09,0.55,0.84,5784.61
1301100,Careiro,AM,1995,2234.06,1272.67,31.85,23.42,83.9,0.61,0.77,5912.01
1301100,Careiro,AM,1996,3038.18,1225.22,31.43,23.24,84.83,0.56,0.75,5729.42
1301100,Careiro,AM,1997,2468.76,1283.98,32.19,23.77,81.63,0.71,0.84,5838.65
1301100,Careiro,AM,1998,2097.81,1278.45,32.1,22.82,84.56,0.57,0.87,5937.46
1301100,Careiro,AM,1999,2593.84,1233.77,31.74,21.9,85.75,0.51,0.78,5830.95
1301100,Careiro,AM,2000,2372.69,1246.72,31.95,22.43,84.97,0.55,0.75,5824.93
1301159,Careiro da Várzea,AM,1981,2062.25,1247.39,31.54,22.5,86.4,0.49,0.97,5855.62
1301159,Careiro da Várzea,AM,1982,2127.07,1301.28,31.93,23.14,84.18,0.6,1.02,5994.8
1301159,Careiro da Várzea,AM,1983,1930.03,1320.52,32.15,23.61,83.13,0.64,0.95,6028.88
1301159,Careiro da Várzea,AM,1984,2439.34,1262.79,31.32,22.82,79.12,0.75,0.8,5835.61
1301159,Careiro da Várzea,AM,1985,2553.12,1254.19,31.51,22.99,80.86,0.7,0.91,5730.89
1301159,Careiro da Várzea,AM,1986,2676.2,1212.79,31.23,23.06,87.07,0.47,0.86,5697.12
1301159,Careiro da Várzea,AM,1987,2114.91,1243.55,32.12,23.51,85.88,0.54,0.69,5788.85
1301159,Careiro da Várzea,AM,1988,2808.72,1228.7,31.65,23.44,86.93,0.49,0.65,5765.23
1301159,Careiro da Várzea,AM,1989,2887.58,1245.29,30.96,23.22,85.96,0.52,0.77,5886.09
1301159,Careiro da Várzea,AM,1990,2307.58,1333.01,31.85,23.61,84.83,0.58,1.18,6092.5
1301159,Careiro da Várzea,AM,1991,2219.63,1247.03,31.84,23.52,84.73,0.58,0.99,5673.4
1301159,Careiro da Várzea,AM,1992,1893.5,1263.97,31.98,23.29,83.96,0.6,0.98,5761.15
1301159,Careiro da Várzea,AM,1993,2395.36,1237.3,31.4,23.03,83.99,0.59,0.89,5740.32
1301159,Careiro da Várzea,AM,1994,2563.39,1242.73,31.51,23.17,84.86,0.56,0.85,5784.3
1301159,Careiro da Várzea,AM,1995,2241.47,1275.43,31.98,23.65,83.63,0.62,0.78,5883.74
1301159,Careiro da Várzea,AM,1996,2609.28,1242.47,31.53,23.42,84.66,0.57,0.75,5790.05
1301159,Careiro da Várzea,AM,1997,2073.51,1327.28,32.42,23.94,81.03,0.75,0.89,6003.75
1301159,Careiro da Várzea,AM,1998,2119.22,1299.8,32.29,22.93,84.29,0.59,0.86,6031.55
1301159,Careiro da Várzea,AM,1999,2628.46,1250.81,31.85,21.99,85.61,0.52,0.78,5911.85
1301159,Careiro da Várzea,AM,2000,2412.28,1264.58,32.02,22.55,84.8,0.56,0.77,5902.68
1301209,Coari,AM,1981,2162.71,1231.57,31.56,22.33,86.27,0.49,0.73,5849.18
1301209,Coari,AM,1982,2606.97,1209.82,31.56,22.35,86.93,0.47,0.78,5725.08
1301209,Coari,AM,1983,2425.0,1284.13,32.25,22.15,85.96,0.51,0.81,6045.69
1301209,Coari,AM,1984,3032.46,1259.0,31.38,21.6,79.37,0.71,0.78,5907.4
1301209,Coari,AM,1985,2501.8,1241.24,31.37,21.42,81.84,0.62,0.76,5869.91
1301209,Coari,AM,1986,2758.22,1204.34,31.36,21.25,86.34,0.47,0.71,5779.9
1301209,Coari,AM,1987,2365.31,1208.49,31.95,21.45,87.32,0.45,0.65,5775.19
1301209,Coari,AM,1988,2779.13,1188.17,31.71,21.6,87.91,0.43,0.75,5648.2
1301209,Coari,AM,1989,2425.9,1212.84,31.4,21.61,86.69,0.47,0.79,5783.2
1301209,Coari,AM,1990,2298.09,1271.39,31.53,22.25,84.13,0.57,1.31,5773.77
1301209,Coari,AM,1991,1848.82,1227.58,31.5,22.61,85.33,0.53,1.1,5629.41
1301209,Coari,AM,1992,2029.36,1251.53,31.83,22.44,85.87,0.51,1.18,5752.51
1301209,Coari,AM,1993,2240.64,1231.78,32.0,22.06,87.13,0.46,1.11,5711.88
1301209,Coari,AM,1994,2161.76,1234.95,32.06,21.73,87.49,0.45,1.26,5710.63
1301209,Coari,AM,1995,2115.72,1286.9,32.09,21.91,85.9,0.51,1.35,5907.14
1301209,Coari,AM,1996,2044.79,1223.69,31.58,21.99,86.3,0.49,1.06,5713.4
1301209,Coari,AM,1997,2084.79,1223.33,31.77,22.93,85.56,0.53,1.18,5571.13
1301209,Coari,AM,1998,1932.91,1302.51,32.48,23.23,85.48,0.55,1.12,5929.13
1301209,Coari,AM,1999,2567.7,1226.81,31.7,22.6,86.49,0.49,1.0,5702.46
1301209,Coari,AM,2000,2762.63,1232.8,32.0,22.4,86.49,0.49,1.06,5687.95
1301308,Codajás,AM,1981,2231.6,1250.56,31.69,21.7,86.35,0.48,0.81,5947.2
1301308,Codajás,AM,1982,2195.37,1241.24,31.69,22.4,86.25,0.5,0.91,5822.78
1301308,Codajás,AM,1983,2145.76,1318.83,32.35,22.01,84.08,0.58,0.93,6142.93
1301308,Codajás,AM,1984,2922.93,1277.99,31.49,21.39,79.57,0.7,0.85,5972.9
1301308,Codajás,AM,1985,2458.98,1272.62,31.54,21.57,81.68,0.64,0.87,5966.36
1301308,Codajás,AM,1986,2709.69,1222.0,31.47,21.47,86.44,0.47,0.82,5818.39
1301308,Codajás,AM,1987,2397.91,1216.78,32.17,22.18,87.69,0.45,0.64,5761.21
1301308,Codajás,AM,1988,2436.9,1204.65,31.91,22.28,88.48,0.42,0.75,5689.36
1301308,Codajás,AM,1989,2429.54,1242.78,31.6,22.1,87.0,0.47,0.81,5898.19
1301308,Codajás,AM,1990,2105.7,1271.7,31.62,22.64,85.07,0.54,1.28,5791.84
1301308,Codajás,AM,1991,1896.55,1234.69,31.61,22.73,85.39,0.53,1.07,5663.34
1301308,Codajás,AM,1992,2383.43,1266.12,31.99,22.62,85.64,0.52,1.12,5815.5
1301308,Codajás,AM,1993,2667.69,1230.91,31.75,22.49,86.82,0.48,1.16,5692.56
1301308,Codajás,AM,1994,2712.64,1238.94,31.77,22.08,87.01,0.47,1.27,5738.12
1301308,Codajás,AM,1995,2308.55,1303.63,32.02,22.2,85.34,0.53,1.34,5983.64
1301308,Codajás,AM,1996,2403.28,1247.74,31.59,22.46,85.98,0.51,1.1,5799.48
1301308,Codajás,AM,1997,2368.24,1261.0,31.73,23.08,84.22,0.59,1.24,5712.82
1301308,Codajás,AM,1998,2181.59,1322.67,32.22,23.4,85.7,0.54,1.16,6066.58
1301308,Codajás,AM,1999,2651.64,1248.46,31.71,22.77,86.71,0.49,1.02,5815.4
1301308,Codajás,AM,2000,2649.26,1264.69,32.12,22.45,86.18,0.51,1.08,5838.12
1301407,Eirunepé,AM,1981,2894.2,1119.43,31.04,20.73,84.8,0.51,0.45,5428.03
1301407,Eirunepé,AM,1982,3098.92,1067.33,31.04,21.4,84.23,0.54,0.43,5076.0
1301407,Eirunepé,AM,1983,2182.12,1056.74,31.59,20.42,85.21,0.5,0.39,5032.48
1301407,Eirunepé,AM,1984,3056.74,1057.3,30.98,20.13,77.89,0.72,0.36,5071.07
1301407,Eirunepé,AM,1985,2299.7,1108.94,30.81,20.12,82.02,0.59,0.44,5380.43
1301407,Eirunepé,AM,1986,2467.78,1073.83,30.78,19.2,85.41,0.46,0.44,5253.82
1301407,Eirunepé,AM,1987,2433.72,1114.62,31.18,20.84,85.12,0.51,0.66,5255.07
1301407,Eirunepé,AM,1988,2454.95,1097.53,31.61,19.0,83.75,0.53,0.74,5114.11
1301407,Eirunepé,AM,1989,2228.57,1121.94,32.08,19.85,85.15,0.5,0.72,5231.98
1301407,Eirunepé,AM,1990,2206.58,1158.59,31.21,20.13,83.6,0.54,1.1,5309.74
1301407,Eirunepé,AM,1991,2191.31,1183.87,31.2,21.03,83.39,0.56,1.35,5260.57
1301407,Eirunepé,AM,1992,1934.96,1223.07,31.5,20.73,83.55,0.56,1.52,5400.79
1301407,Eirunepé,AM,1993,2311.44,1149.48,32.0,19.77,81.76,0.61,0.61,5424.88
1301407,Eirunepé,AM,1994,2593.71,1134.69,31.76,20.02,81.53,0.62,0.46,5436.35
1301407,Eirunepé,AM,1995,1890.43,1139.85,32.11,18.72,81.09,0.62,0.47,5481.44
1301407,Eirunepé,AM,1996,2237.85,1149.58,31.95,19.44,81.36,0.62,0.47,5520.02
1301407,Eirunepé,AM,1997,2519.53,1140.31,32.54,21.02,81.41,0.66,0.43,5353.41
1301407,Eirunepé,AM,1998,2346.57,1174.4,32.73,21.1,82.25,0.63,0.45,5535.32
1301407,Eirunepé,AM,1999,2706.86,1162.17,32.49,20.7,85.53,0.51,0.48,5497.14
1301407,Eirunepé,AM,2000,2234.45,1155.26,32.07,21.28,87.09,0.46,0.49,5474.31
1301506,Envira,AM,1981,3013.18,1131.36,31.3,20.98,84.93,0.51,0.46,5468.4
1301506,Envira,AM,1982,3327.43,1073.27,31.31,21.55,84.49,0.54,0.44,5082.44
1301506,Envira,AM,1983,2154.47,1067.43,31.85,20.68,85.23,0.51,0.4,5061.7
1301506,Envira,AM,1984,3091.83,1065.59,31.24,20.36,77.88,0.73,0.37,5084.89
1301506,Envira,AM,1985,2212.59,1118.31,31.08,20.3,81.94,0.6,0.46,5402.42
1301506,Envira,AM,1986,2461.6,1083.71,30.9,19.81,85.41,0.47,0.45,5268.11
1301506,Envira,AM,1987,2233.6,1124.76,31.27,21.3,84.96,0.52,0.65,5288.53
1301506,Envira,AM,1988,2350.68,1104.74,31.61,19.26,83.66,0.54,0.75,5156.84
1301506,Envira,AM,1989,2189.37,1122.71,31.92,19.94,85.12,0.5,0.72,5256.49
1301506,Envira,AM,1990,2150.32,1164.11,31.3,20.17,83.62,0.55,1.08,5350.11
1301506,Envira,AM,1991,2202.81,1191.7,31.36,21.23,83.37,0.57,1.35,5283.35
1301506,Envira,AM,1992,1835.85,1203.78,31.61,20.96,83.55,0.56,1.26,5416.03
1301506,Envira,AM,1993,2356.98,1151.78,32.0,20.22,82.01,0.61,0.61,5428.81
1301506,Envira,AM,1994,2737.61,1142.93,31.96,20.43,81.86,0.62,0.47,5453.47
1301506,Envira,AM,1995,1788.08,1151.57,32.33,19.64,81.32,0.63,0.47,5486.62
1301506,Envira,AM,1996,2399.73,1157.2,32.01,20.25,81.6,0.63,0.47,5531.02
1301506,Envira,AM,1997,2231.87,1147.74,32.55,21.33,81.77,0.65,0.43,5388.28
1301506,Envira,AM,1998,2199.15,1177.83,32.76,21.34,82.56,0.63,0.46,5540.66
1301506,Envira,AM,1999,2484.58,1162.63,32.3,20.89,85.7,0.5,0.49,5516.78
1301506,Envira,AM,2000,2154.8,1159.81,32.09,21.41,87.18,0.46,0.51,5493.16
1301605,Fonte Boa,AM,1981,2576.84,1212.69,31.45,22.51,86.22,0.49,0.82,5700.41
1301605,Fonte Boa,AM,1982,2613.09,1197.33,31.41,22.4,86.89,0.47,0.81,5647.79
1301605,Fonte Boa,AM,1983,2726.22,1251.63,31.95,22.86,85.84,0.52,0.78,5857.19
1301605,Fonte Boa,AM,1984,3090.82,1236.74,31.25,22.0,79.31,0.72,0.8,5717.48
1301605,Fonte Boa,AM,1985,2839.37,1207.26,31.13,21.73,82.67,0.6,0.73,5690.99
1301605,Fonte Boa,AM,1986,2864.07,1175.63,31.34,21.73,86.34,0.48,0.72,5568.93
1301605,Fonte Boa,AM,1987,2902.24,1182.54,31.44,22.8,89.6,0.38,0.75,5598.78
1301605,Fonte Boa,AM,1988,3269.46,1151.52,30.64,22.99,89.52,0.37,0.77,5484.99
1301605,Fonte Boa,AM,1989,3253.38,1186.43,30.41,22.79,87.23,0.45,0.71,5691.78
1301605,Fonte Boa,AM,1990,3123.6,1193.19,30.35,22.72,85.8,0.5,1.4,5478.61
1301605,Fonte Boa,AM,1991,3076.04,1189.14,30.89,22.49,87.28,0.45,1.2,5532.8
1301605,Fonte Boa,AM,1992,2691.31,1205.72,30.96,22.43,87.48,0.44,1.31,5621.81
1301605,Fonte Boa,AM,1993,3631.44,1156.28,30.67,22.3,89.07,0.38,0.92,5501.7
1301605,Fonte Boa,AM,1994,2800.93,1168.67,30.85,22.44,88.76,0.4,1.08,5517.41
1301605,Fonte Boa,AM,1995,2551.69,1235.36,31.16,22.48,87.09,0.46,1.19,5780.06
1301605,Fonte Boa,AM,1996,3454.41,1191.91,31.06,22.03,87.54,0.44,0.98,5624.96
1301605,Fonte Boa,AM,1997,2592.58,1200.96,31.15,22.57,86.8,0.47,1.03,5611.03
1301605,Fonte Boa,AM,1998,3041.87,1232.75,31.26,22.88,86.89,0.47,0.88,5803.78
1301605,Fonte Boa,AM,1999,3124.48,1186.38,30.32,21.84,87.95,0.41,0.81,5745.34
1301605,Fonte Boa,AM,2000,3070.35,1220.16,31.51,22.15,87.49,0.45,0.8,5775.13
1301654,Guajará,AM,1981,2022.87,1102.19,31.35,20.71,83.89,0.55,0.37,5329.85
1301654,Guajará,AM,1982,2427.88,1039.8,31.51,20.7,82.7,0.59,0.32,4964.31
1301654,Guajará,AM,1983,2098.71,1014.72,32.08,20.66,84.47,0.54,0.3,4777.37
1301654,Guajará,AM,1984,2686.56,1023.72,31.15,20.34,77.91,0.73,0.28,4911.47
1301654,Guajará,AM,1985,2201.52,1100.85,31.02,20.2,81.14,0.62,0.36,5352.0
1301654,Guajará,AM,1986,2506.93,1072.09,30.97,19.8,85.54,0.47,0.37,5221.93
1301654,Guajará,AM,1987,2579.33,1117.08,31.67,20.84,85.12,0.51,0.69,5198.37
1301654,Guajará,AM,1988,2291.21,1096.45,31.62,20.21,83.27,0.57,0.72,5050.65
1301654,Guajará,AM,1989,2628.28,1116.98,31.32,21.08,85.11,0.51,0.7,5232.77
1301654,Guajará,AM,1990,2436.01,1166.83,31.36,21.2,83.64,0.56,1.11,5284.14
1301654,Guajará,AM,1991,2432.66,1197.74,31.58,21.24,82.98,0.59,1.46,5193.81
1301654,Guajará,AM,1992,1848.68,1215.5,31.76,21.27,83.28,0.58,1.38,5361.52
1301654,Guajará,AM,1993,1898.65,1153.93,32.09,21.06,81.49,0.65,0.56,5396.14
1301654,Guajará,AM,1994,1550.88,1127.67,32.31,20.3,81.32,0.64,0.39,5363.62
1301654,Guajará,AM,1995,2049.3,1164.73,32.66,21.11,80.65,0.69,0.4,5490.7
1301654,Guajará,AM,1996,2145.89,1143.54,31.82,21.06,81.18,0.65,0.38,5472.74
1301654,Guajará,AM,1997,1705.27,1140.42,32.91,21.99,81.11,0.7,0.33,5331.1
1301654,Guajará,AM,1998,1843.1,1177.63,33.21,21.93,82.23,0.66,0.34,5529.66
1301654,Guajará,AM,1999,2381.04,1153.37,32.36,21.22,84.68,0.54,0.37,5486.78
1301654,Guajará,AM,2000,1983.51,1158.18,32.59,21.32,86.54,0.48,0.36,5486.09
1301704,Humaitá,AM,1981,2535.8,1210.28,31.55,21.47,86.93,0.45,0.56,5861.59
1301704,Humaitá,AM,1982,2592.34,1193.34,31.62,21.63,87.19,0.45,0.61,5738.9
1301704,Humaitá,AM,1983,1896.99,1228.65,32.26,21.28,85.49,0.52,0.59,5866.3
1301704,Humaitá,AM,1984,2279.78,1240.17,31.83,21.56,79.03,0.74,0.73,5791.94
1301704,Humaitá,AM,1985,2623.09,1215.6,31.74,21.58,80.54,0.68,0.73,5676.54
1301704,Humaitá,AM,1986,2444.89,1181.06,31.6,21.12,86.66,0.46,0.67,5664.44
1301704,Humaitá,AM,1987,2304.34,1198.35,31.89,21.15,85.02,0.52,0.5,5774.87
1301704,Humaitá,AM,1988,2508.98,1181.52,31.64,21.32,86.78,0.46,0.64,5660.62
1301704,Humaitá,AM,1989,2534.09,1206.39,31.71,20.93,86.37,0.47,0.79,5749.27
1301704,Humaitá,AM,1990,2312.86,1270.26,32.14,21.92,84.76,0.55,0.99,5891.9
1301704,Humaitá,AM,1991,2067.26,1206.03,31.61,22.37,84.78,0.55,1.1,5499.97
1301704,Humaitá,AM,1992,2287.72,1236.79,31.69,22.14,84.14,0.57,1.18,5624.64
1301704,Humaitá,AM,1993,2647.98,1210.23,31.52,21.69,84.13,0.56,0.83,5699.0
1301704,Humaitá,AM,1994,2604.63,1224.0,31.85,21.48,84.95,0.53,0.85,5762.15
1301704,Humaitá,AM,1995,2320.65,1220.46,31.72,21.93,83.76,0.58,0.87,5673.08
1301704,Humaitá,AM,1996,1973.4,1198.46,31.42,21.59,84.38,0.54,0.8,5657.16
1301704,Humaitá,AM,1997,2157.18,1210.02,31.71,22.26,83.48,0.6,0.89,5614.49
1301704,Humaitá,AM,1998,1655.44,1232.39,32.29,22.73,84.16,0.59,0.68,5741.57
1301704,Humaitá,AM,1999,1778.49,1215.19,31.81,22.03,84.47,0.56,0.63,5758.38
1301704,Humaitá,AM,2000,2513.27,1209.77,31.99,21.84,84.62,0.55,0.65,5721.56
1301803,Ipixuna,AM,1981,2390.59,1111.6,31.32,20.86,84.06,0.54,0.39,5374.46
1301803,Ipixuna,AM,1982,2589.07,1049.57,31.3,21.18,83.19,0.58,0.35,4995.25
1301803,Ipixuna,AM,1983,2016.29,1026.69,31.76,20.66,84.77,0.52,0.33,4861.57
1301803,Ipixuna,AM,1984,3006.71,1034.73,31.07,20.34,77.9,0.73,0.31,4954.98
1301803,Ipixuna,AM,1985,2591.95,1106.02,30.99,20.23,81.57,0.61,0.39,5370.22
1301803,Ipixuna,AM,1986,2710.66,1075.72,30.84,19.82,85.5,0.47,0.39,5246.12
1301803,Ipixuna,AM,1987,2529.58,1117.13,31.34,21.2,85.16,0.51,0.69,5222.09
1301803,Ipixuna,AM,1988,2367.19,1094.76,31.48,19.76,83.37,0.56,0.73,5077.67
1301803,Ipixuna,AM,1989,2570.63,1113.75,31.46,20.47,85.11,0.5,0.71,5229.0
1301803,Ipixuna,AM,1990,2151.98,1164.52,31.3,20.75,83.61,0.55,1.11,5299.22
1301803,Ipixuna,AM,1991,2282.93,1193.7,31.5,21.21,83.02,0.59,1.4,5224.91
1301803,Ipixuna,AM,1992,1894.84,1208.23,31.7,21.1,83.33,0.58,1.32,5380.06
1301803,Ipixuna,AM,1993,2141.86,1150.3,31.86,20.61,81.55,0.63,0.57,5420.64
1301803,Ipixuna,AM,1994,2012.76,1128.24,31.99,20.4,81.42,0.64,0.41,5392.37
1301803,Ipixuna,AM,1995,1635.01,1153.26,32.36,20.35,80.83,0.66,0.41,5494.0
1301803,Ipixuna,AM,1996,1923.56,1144.31,31.84,20.62,81.27,0.64,0.4,5492.06
1301803,Ipixuna,AM,1997,2374.79,1133.61,32.53,21.47,81.22,0.67,0.35,5341.47
1301803,Ipixuna,AM,1998,2308.37,1173.63,32.8,21.6,82.22,0.65,0.37,5543.8
1301803,Ipixuna,AM,1999,2574.11,1151.78,32.13,21.02,84.93,0.53,0.4,5494.32
1301803,Ipixuna,AM,2000,2086.99,1153.01,32.12,21.32,86.69,0.47,0.4,5482.32
1301852,Iranduba,AM,1981,2088.14,1240.43,31.64,22.64,86.47,0.49,0.97,5795.3
1301852,Iranduba,AM,1982,2137.92,1277.17,32.01,23.39,84.82,0.58,1.01,5861.74
1301852,Iranduba,AM,1983,2235.83,1313.36,32.19,23.82,83.33,0.64,0.93,5986.78
1301852,Iranduba,AM,1984,2570.18,1269.04,31.42,23.04,79.0,0.76,0.8,5843.62
1301852,Iranduba,AM,1985,2566.02,1257.88,31.63,23.25,81.07,0.7,0.9,5729.48
1301852,Iranduba,AM,1986,2741.0,1213.2,31.36,23.27,86.96,0.48,0.84,5680.15
1301852,Iranduba,AM,1987,2307.33,1233.67,32.21,23.75,86.4,0.53,0.65,5732.15
1301852,Iranduba,AM,1988,3102.98,1215.14,31.77,23.46,87.49,0.47,0.66,5686.85
1301852,Iranduba,AM,1989,3029.17,1232.54,31.03,23.27,86.46,0.5,0.8,5806.29
1301852,Iranduba,AM,1990,2242.77,1324.11,31.84,23.67,84.74,0.58,1.21,6021.5
1301852,Iranduba,AM,1991,2234.55,1240.02,31.66,23.58,85.08,0.56,1.01,5661.61
1301852,Iranduba,AM,1992,1830.93,1263.51,31.99,23.45,84.07,0.6,1.02,5737.12
1301852,Iranduba,AM,1993,2355.63,1217.6,31.44,23.24,85.34,0.54,0.89,5655.02
1301852,Iranduba,AM,1994,2578.76,1231.62,31.56,23.21,85.96,0.52,0.89,5736.07
1301852,Iranduba,AM,1995,2393.4,1270.88,32.02,23.64,84.65,0.58,0.81,5875.25
1301852,Iranduba,AM,1996,3100.27,1228.81,31.57,23.43,85.61,0.54,0.76,5730.52
1301852,Iranduba,AM,1997,2600.74,1286.44,32.4,23.98,82.39,0.69,0.84,5830.95
1301852,Iranduba,AM,1998,2192.97,1283.11,32.26,22.81,85.22,0.55,0.88,5958.51
1301852,Iranduba,AM,1999,2800.95,1233.11,31.86,21.87,86.15,0.5,0.8,5819.02
1301852,Iranduba,AM,2000,2440.35,1251.84,32.05,22.62,85.78,0.53,0.8,5833.25
1301902,Itacoatiara,AM,1981,2067.46,1244.37,31.3,21.36,86.2,0.48,0.94,5934.32
1301902,Itacoatiara,AM,1982,1939.41,1288.59,31.6,21.49,84.6,0.55,0.96,6095.17
1301902,Itacoatiara,AM,1983,1895.4,1313.82,32.03,21.77,82.83,0.61,0.92,6124.55
1301902,Itacoatiara,AM,1984,2439.59,1240.07,30.9,20.96,79.4,0.69,0.79,5872.84
1301902,Itacoatiara,AM,1985,2642.4,1227.78,31.01,20.99,80.6,0.66,0.89,5762.46
1301902,Itacoatiara,AM,1986,2640.72,1195.18,30.63,21.41,86.42,0.47,0.87,5735.6
1301902,Itacoatiara,AM,1987,2204.94,1239.61,31.74,21.8,85.55,0.52,0.83,5842.74
1301902,Itacoatiara,AM,1988,2826.56,1222.77,31.09,23.23,86.88,0.48,0.66,5805.61
1301902,Itacoatiara,AM,1989,2648.56,1270.52,31.05,22.96,85.83,0.52,0.82,6023.7
1301902,Itacoatiara,AM,1990,2092.68,1339.82,31.86,23.24,84.52,0.58,1.17,6147.33
1301902,Itacoatiara,AM,1991,2215.98,1297.9,33.29,22.96,83.86,0.63,1.01,5769.53
1301902,Itacoatiara,AM,1992,1954.36,1300.97,32.19,22.26,83.18,0.62,1.06,5937.56
1301902,Itacoatiara,AM,1993,2251.32,1239.3,31.29,21.66,84.75,0.54,0.9,5853.89
1301902,Itacoatiara,AM,1994,2618.28,1245.59,31.39,22.75,85.51,0.53,0.84,5862.53
1301902,Itacoatiara,AM,1995,2196.76,1283.16,31.87,23.55,83.93,0.61,0.77,5960.71
1301902,Itacoatiara,AM,1996,2675.94,1259.98,31.48,23.31,84.43,0.58,0.78,5888.08
1301902,Itacoatiara,AM,1997,1871.37,1349.65,32.48,23.57,80.66,0.75,0.9,6136.17
1301902,Itacoatiara,AM,1998,2030.5,1335.06,32.45,23.97,84.74,0.59,0.87,6148.58
1301902,Itacoatiara,AM,1999,2752.74,1277.38,31.99,22.98,85.93,0.53,0.78,5992.6
1301902,Itacoatiara,AM,2000,2485.14,1275.43,32.31,22.01,85.44,0.54,0.72,5994.9
1301951,Itamarati,AM,1981,2784.91,1143.18,31.45,21.2,84.94,0.52,0.5,5489.45
1301951,Itamarati,AM,1982,2626.38,1109.15,31.26,21.66,85.39,0.51,0.57,5243.29
1301951,Itamarati,AM,1983,1899.62,1135.81,31.35,21.29,85.8,0.49,0.55,5428.18
1301951,Itamarati,AM,1984,2682.33,1116.93,30.95,20.96,77.88,0.74,0.48,5302.3
1301951,Itamarati,AM,1985,2560.29,1135.76,31.0,20.72,82.09,0.6,0.55,5443.89
1301951,Itamarati,AM,1986,2643.84,1100.14,31.06,20.15,85.46,0.48,0.55,5299.06
1301951,Itamarati,AM,1987,2685.48,1138.11,31.59,20.7,85.59,0.49,0.69,5369.59
1301951,Itamarati,AM,1988,2278.28,1104.08,31.71,19.38,85.51,0.48,0.76,5182.44
1301951,Itamarati,AM,1989,2488.36,1127.26,31.92,19.72,85.56,0.48,0.75,5295.44
1301951,Itamarati,AM,1990,2310.3,1172.41,31.35,20.26,83.91,0.54,1.08,5395.35
1301951,Itamarati,AM,1991,2068.85,1185.81,31.27,21.42,84.14,0.55,1.26,5339.27
1301951,Itamarati,AM,1992,1955.89,1216.06,31.43,21.07,84.25,0.54,1.4,5460.64
1301951,Itamarati,AM,1993,2320.53,1165.5,31.91,20.25,82.84,0.58,0.68,5485.36
1301951,Itamarati,AM,1994,2251.62,1153.93,31.92,20.4,83.12,0.58,0.55,5483.79
1301951,Itamarati,AM,1995,1953.84,1174.15,32.28,19.67,82.2,0.6,0.58,5562.81
1301951,Itamarati,AM,1996,1877.33,1172.35,32.03,19.94,82.55,0.59,0.57,5581.13
1301951,Itamarati,AM,1997,1792.12,1169.13,32.44,21.22,83.05,0.6,0.56,5466.36
1301951,Itamarati,AM,1998,2223.47,1195.59,32.82,21.52,83.66,0.59,0.59,5564.53
1301951,Itamarati,AM,1999,2345.91,1181.41,32.35,21.13,86.45,0.48,0.61,5573.02
1301951,Itamarati,AM,2000,2378.51,1175.22,32.06,21.52,87.41,0.45,0.65,5545.0
1302009,Itapiranga,AM,1981,1974.29,1258.03,30.96,21.42,86.08,0.48,1.06,5997.94
1302009,Itapiranga,AM,1982,2080.54,1310.29,31.24,21.61,84.66,0.54,1.14,6152.82
1302009,Itapiranga,AM,1983,1702.01,1341.41,31.69,21.97,82.12,0.64,1.06,6212.99
1302009,Itapiranga,AM,1984,2422.74,1257.42,30.58,21.14,80.43,0.66,0.91,5935.2
1302009,Itapiranga,AM,1985,2424.8,1241.14,30.71,21.17,82.16,0.6,0.99,5837.39
1302009,Itapiranga,AM,1986,2572.41,1214.32,30.4,21.48,86.34,0.47,0.95,5831.42
1302009,Itapiranga,AM,1987,2137.63,1261.77,31.44,21.88,85.43,0.52,0.85,5971.7
1302009,Itapiranga,AM,1988,2780.75,1227.37,30.8,22.87,86.58,0.48,0.68,5855.4
1302009,Itapiranga,AM,1989,2674.76,1258.75,30.52,22.47,86.11,0.49,0.84,6033.12
1302009,Itapiranga,AM,1990,2123.27,1336.39,31.45,22.75,84.68,0.56,1.2,6197.59
1302009,Itapiranga,AM,1991,2136.84,1291.86,32.54,22.29,84.33,0.59,1.05,5850.75
1302009,Itapiranga,AM,1992,1912.87,1318.07,31.78,21.95,83.74,0.58,1.11,6091.82
1302009,Itapiranga,AM,1993,2456.05,1243.14,30.96,21.64,84.82,0.53,0.83,5921.28
1302009,Itapiranga,AM,1994,2268.56,1246.16,31.02,22.49,85.52,0.52,0.78,5917.67
1302009,Itapiranga,AM,1995,2039.15,1285.67,31.58,23.16,83.96,0.6,0.74,6016.0
1302009,Itapiranga,AM,1996,2492.02,1273.9,31.15,22.94,84.47,0.57,0.77,6009.98
1302009,Itapiranga,AM,1997,1611.48,1368.28,32.12,23.24,80.65,0.74,0.86,6312.42
1302009,Itapiranga,AM,1998,2065.21,1341.97,32.11,23.45,84.43,0.59,0.76,6281.01
1302009,Itapiranga,AM,1999,2385.34,1294.57,31.54,22.47,85.85,0.51,0.71,6174.66
1302009,Itapiranga,AM,2000,2249.5,1269.6,31.75,21.86,85.28,0.53,0.72,6014.22
1302108,Japurá,AM,1981,3408.91,1180.75,31.19,22.32,85.93,0.5,0.83,5535.47
1302108,Japurá,AM,1982,3220.18,1153.42,31.03,22.3,87.09,0.45,0.79,5439.81
1302108,Japurá,AM,1983,3207.43,1165.7,31.11,22.73,85.23,0.53,0.69,5464.78
1302108,Japurá,AM,1984,3502.53,1166.42,30.78,21.95,79.23,0.71,0.69,5403.62
1302108,Japurá,AM,1985,3150.17,1135.45,30.83,21.65,82.93,0.58,0.66,5326.39
1302108,Japurá,AM,1986,3898.35,1106.79,31.22,21.56,86.41,0.47,0.66,5200.25
1302108,Japurá,AM,1987,3251.39,1140.31,31.63,22.28,88.98,0.39,0.71,5354.82
1302108,Japurá,AM,1988,3690.8,1122.61,31.09,22.33,88.67,0.4,0.73,5294.29
1302108,Japurá,AM,1989,3430.87,1147.74,30.95,22.19,86.73,0.46,0.72,5422.06
1302108,Japurá,AM,1990,3506.16,1171.48,30.9,22.3,85.98,0.49,1.49,5276.91
1302108,Japurá,AM,1991,3466.96,1177.57,31.2,22.17,87.04,0.46,1.29,5406.51
1302108,Japurá,AM,1992,2977.18,1211.61,31.26,22.15,86.77,0.47,1.45,5543.11
1302108,Japurá,AM,1993,3461.78,1150.65,31.05,21.99,87.38,0.44,0.78,5429.91
1302108,Japurá,AM,1994,3119.44,1161.71,31.36,21.87,87.26,0.45,0.88,5438.55
1302108,Japurá,AM,1995,3049.6,1198.61,31.74,21.94,86.51,0.48,0.94,5565.16
1302108,Japurá,AM,1996,3214.0,1149.83,31.37,21.54,87.01,0.45,0.81,5398.59
1302108,Japurá,AM,1997,2406.23,1165.5,31.53,21.71,86.52,0.47,0.77,5467.3
1302108,Japurá,AM,1998,2780.98,1186.17,31.6,22.16,87.04,0.46,0.67,5598.31
1302108,Japurá,AM,1999,2847.26,1160.94,30.9,21.74,88.27,0.41,0.66,5574.43
1302108,Japurá,AM,2000,2563.04,1194.26,32.11,21.8,88.25,0.42,0.63,5638.94
1302207,Juruá,AM,1981,2684.37,1206.75,31.48,22.46,86.25,0.49,0.72,5703.4
1302207,Juruá,AM,1982,2877.65,1192.47,31.43,22.28,86.79,0.47,0.71,5650.78
1302207,Juruá,AM,1983,2890.0,1246.93,31.8,22.61,85.89,0.51,0.7,5890.02
1302207,Juruá,AM,1984,3177.62,1223.18,31.11,21.89,79.24,0.72,0.69,5736.02
1302207,Juruá,AM,1985,2978.89,1206.39,31.12,21.55,82.49,0.6,0.65,5736.23
1302207,Juruá,AM,1986,2914.75,1168.57,31.28,21.42,86.1,0.48,0.64,5580.24
1302207,Juruá,AM,1987,2909.21,1182.74,31.59,22.27,88.78,0.4,0.66,5618.1
1302207,Juruá,AM,1988,3143.71,1148.35,30.92,22.29,89.26,0.38,0.73,5480.28
1302207,Juruá,AM,1989,2875.09,1174.96,30.69,22.18,87.27,0.44,0.68,5643.86
1302207,Juruá,AM,1990,2933.57,1199.48,30.54,22.37,85.4,0.51,1.39,5500.6
1302207,Juruá,AM,1991,2740.38,1183.97,30.94,22.28,87.01,0.46,1.18,5504.84
1302207,Juruá,AM,1992,2644.85,1208.54,31.07,22.0,87.11,0.45,1.3,5629.2
1302207,Juruá,AM,1993,3542.86,1186.38,31.27,22.0,88.1,0.42,0.99,5585.11
1302207,Juruá,AM,1994,3012.0,1189.24,31.43,22.02,87.98,0.42,1.16,5538.93
1302207,Juruá,AM,1995,2590.42,1248.82,31.38,22.06,86.13,0.49,1.26,5796.39
1302207,Juruá,AM,1996,2664.82,1203.37,31.19,21.71,86.3,0.48,1.01,5653.86
1302207,Juruá,AM,1997,2853.25,1206.13,31.36,22.45,86.1,0.5,1.07,5585.43
1302207,Juruá,AM,1998,2808.94,1252.3,31.76,22.78,86.16,0.5,0.89,5845.72
1302207,Juruá,AM,1999,3164.01,1196.97,30.86,21.93,86.99,0.45,0.82,5718.32
1302207,Juruá,AM,2000,3220.2,1221.54,31.68,22.08,86.94,0.47,0.83,5755.34
1302306,Jutaí,AM,1981,2240.12,1170.56,31.47,21.82,84.78,0.53,0.56,5570.03
1302306,Jutaí,AM,1982,2778.45,1135.3,30.97,22.0,86.36,0.47,0.56,5416.4
1302306,Jutaí,AM,1983,2390.41,1148.3,30.32,22.01,85.95,0.48,0.52,5562.49
1302306,Jutaí,AM,1984,3036.38,1142.16,30.38,21.64,79.04,0.7,0.5,5465.04
1302306,Jutaí,AM,1985,2865.4,1154.08,30.92,21.2,82.56,0.59,0.52,5542.7
1302306,Jutaí,AM,1986,3148.43,1114.88,31.04,20.57,85.69,0.48,0.52,5372.58
1302306,Jutaí,AM,1987,2948.3,1133.87,31.56,21.3,86.69,0.46,0.63,5358.12
1302306,Jutaí,AM,1988,2753.55,1104.74,31.4,20.63,86.59,0.45,0.74,5193.28
1302306,Jutaí,AM,1989,3092.97,1133.0,31.6,20.86,86.0,0.48,0.73,5327.65
1302306,Jutaí,AM,1990,2754.79,1184.59,31.16,21.11,84.36,0.53,1.43,5313.04
1302306,Jutaí,AM,1991,2231.47,1180.75,31.22,21.48,85.33,0.51,1.26,5376.97
1302306,Jutaí,AM,1992,2204.63,1208.13,31.39,21.07,85.07,0.51,1.43,5466.14
1302306,Jutaí,AM,1993,2770.03,1169.8,31.75,20.83,84.97,0.52,0.87,5441.22
1302306,Jutaí,AM,1994,2756.95,1160.38,31.87,20.82,85.1,0.51,0.86,5371.95
1302306,Jutaí,AM,1995,1946.84,1209.87,32.12,20.09,84.45,0.53,0.91,5620.77
1302306,Jutaí,AM,1996,2167.68,1189.14,31.78,20.17,84.14,0.54,0.79,5587.88
1302306,Jutaí,AM,1997,2402.65,1178.65,32.21,20.95,84.21,0.55,0.85,5404.31
1302306,Jutaí,AM,1998,2611.23,1218.67,32.62,21.8,84.72,0.56,0.73,5627.84
1302306,Jutaí,AM,1999,2703.25,1184.84,31.92,21.44,87.07,0.46,0.71,5579.46
1302306,Jutaí,AM,2000,2849.01,1191.91,32.02,21.87,87.73,0.44,0.73,5597.62
1302405,Lábrea,AM,1981,2274.27,1179.78,31.45,21.31,86.2,0.47,0.51,5717.22
1302405,Lábrea,AM,1982,2224.26,1137.35,31.57,21.41,87.0,0.45,0.59,5425.2
1302405,Lábrea,AM,1983,1817.61,1160.89,31.92,20.81,85.96,0.49,0.53,5555.9
1302405,Lábrea,AM,1984,2391.49,1173.48,31.44,20.83,77.83,0.75,0.66,5483.11
1302405,Lábrea,AM,1985,2289.17,1162.17,31.2,20.34,81.0,0.63,0.7,5514.74
1302405,Lábrea,AM,1986,2338.74,1117.23,31.2,19.83,85.8,0.47,0.68,5371.32
1302405,Lábrea,AM,1987,1953.1,1170.0,31.67,19.62,84.84,0.5,0.63,5631.92
1302405,Lábrea,AM,1988,2179.39,1147.89,31.41,19.34,85.34,0.48,0.75,5504.78
1302405,Lábrea,AM,1989,1812.21,1148.76,31.08,18.77,85.62,0.46,0.78,5581.19
1302405,Lábrea,AM,1990,2173.79,1208.03,31.45,20.26,83.72,0.55,1.03,5634.75
1302405,Lábrea,AM,1991,1767.05,1196.2,31.36,21.59,84.4,0.54,1.21,5433.84
1302405,Lábrea,AM,1992,1685.82,1200.25,31.33,21.27,84.35,0.54,1.13,5516.1
1302405,Lábrea,AM,1993,2321.47,1179.47,31.4,20.45,83.69,0.55,0.83,5554.8
1302405,Lábrea,AM,1994,1765.28,1203.37,31.86,20.64,83.67,0.56,0.79,5667.9
1302405,Lábrea,AM,1995,1981.81,1194.31,31.97,21.01,82.33,0.62,0.84,5501.23
1302405,Lábrea,AM,1996,1689.29,1170.51,31.45,20.44,83.07,0.57,0.8,5513.11
1302405,Lábrea,AM,1997,1808.4,1194.93,31.81,21.71,83.58,0.58,0.83,5558.41
1302405,Lábrea,AM,1998,2058.19,1195.9,32.44,21.93,83.19,0.61,0.65,5557.62
1302405,Lábrea,AM,1999,2239.41,1186.58,31.9,21.42,84.68,0.54,0.62,5625.64
1302405,Lábrea,AM,2000,1851.84,1183.41,31.79,21.32,85.6,0.5,0.67,5622.91
1302504,Manacapuru,AM,1981,2023.17,1229.57,31.59,22.06,86.57,0.48,0.94,5784.3
1302504,Manacapuru,AM,1982,1994.0,1261.87,31.87,22.98,85.14,0.55,0.99,5833.47
1302504,Manacapuru,AM,1983,2083.2,1302.66,32.19,22.87,83.52,0.61,0.93,5997.47
1302504,Manacapuru,AM,1984,2542.77,1261.1,31.42,22.19,79.37,0.73,0.8,5859.49
1302504,Manacapuru,AM,1985,2410.73,1249.69,31.59,22.46,81.17,0.67,0.89,5741.41
1302504,Manacapuru,AM,1986,2543.17,1201.58,31.36,22.44,86.9,0.47,0.83,5662.56
1302504,Manacapuru,AM,1987,2405.73,1216.57,32.17,23.02,87.58,0.47,0.65,5712.51
1302504,Manacapuru,AM,1988,2735.24,1206.08,31.73,22.98,89.01,0.4,0.68,5696.9
1302504,Manacapuru,AM,1989,2979.89,1231.93,31.24,23.0,86.55,0.49,0.8,5797.65
1302504,Manacapuru,AM,1990,2217.18,1313.36,31.76,23.38,84.8,0.57,1.22,5987.73
1302504,Manacapuru,AM,1991,2273.59,1232.7,31.66,23.18,85.33,0.55,1.01,5641.98
1302504,Manacapuru,AM,1992,2219.37,1258.08,31.95,23.05,84.26,0.58,1.03,5733.97
1302504,Manacapuru,AM,1993,2863.08,1211.25,31.4,22.91,85.43,0.53,0.89,5644.65
1302504,Manacapuru,AM,1994,3018.16,1220.21,31.45,22.71,86.03,0.51,0.9,5711.1
1302504,Manacapuru,AM,1995,2403.02,1262.84,31.79,23.05,84.7,0.57,0.83,5891.9
1302504,Manacapuru,AM,1996,2972.68,1223.94,31.45,23.01,85.66,0.53,0.77,5741.2
1302504,Manacapuru,AM,1997,2627.32,1266.78,31.88,23.51,82.54,0.66,0.84,5819.02
1302504,Manacapuru,AM,1998,2020.42,1280.81,31.92,22.97,85.16,0.55,0.91,5965.58
1302504,Manacapuru,AM,1999,2534.47,1232.95,31.75,22.12,86.16,0.5,0.82,5810.53
1302504,Manacapuru,AM,2000,2192.21,1249.64,32.09,22.33,85.76,0.52,0.83,5822.1
1302553,Manaquiri,AM,1981,2018.1,1233.41,31.6,22.15,86.51,0.48,0.93,5798.44
1302553,Manaquiri,AM,1982,2022.89,1269.5,31.89,23.02,84.87,0.56,0.98,5872.27
1302553,Manaquiri,AM,1983,2065.12,1299.54,32.21,22.98,83.63,0.61,0.92,5983.01
1302553,Manaquiri,AM,1984,2505.06,1257.62,31.45,22.31,79.47,0.73,0.78,5845.03
1302553,Manaquiri,AM,1985,2402.21,1247.85,31.62,22.59,81.07,0.68,0.87,5728.06
1302553,Manaquiri,AM,1986,2622.48,1205.06,31.37,22.6,86.92,0.47,0.8,5681.88
1302553,Manaquiri,AM,1987,2341.05,1223.54,32.17,23.17,86.43,0.51,0.64,5732.3
1302553,Manaquiri,AM,1988,2565.33,1208.9,31.71,23.08,87.84,0.45,0.65,5697.69
1302553,Manaquiri,AM,1989,2695.05,1231.52,31.26,23.03,86.21,0.51,0.79,5791.21
1302553,Manaquiri,AM,1990,2333.61,1316.38,31.87,23.41,84.74,0.58,1.2,5997.62
1302553,Manaquiri,AM,1991,2294.85,1233.82,31.69,23.23,85.1,0.56,0.99,5649.2
1302553,Manaquiri,AM,1992,2332.41,1255.88,31.95,23.1,83.96,0.6,1.0,5717.79
1302553,Manaquiri,AM,1993,3029.61,1214.22,31.39,22.98,85.14,0.54,0.85,5665.86
1302553,Manaquiri,AM,1994,3103.56,1226.25,31.49,22.79,85.94,0.51,0.86,5749.43
1302553,Manaquiri,AM,1995,2501.02,1260.54,31.82,23.15,84.8,0.57,0.8,5881.38
1302553,Manaquiri,AM,1996,3320.2,1222.61,31.46,23.07,85.64,0.53,0.75,5741.36
1302553,Manaquiri,AM,1997,2860.37,1267.86,31.98,23.59,82.56,0.67,0.83,5816.82
1302553,Manaquiri,AM,1998,2328.44,1277.12,32.0,22.98,85.32,0.54,0.88,5951.28
1302553,Manaquiri,AM,1999,2866.57,1232.95,31.77,22.11,86.2,0.5,0.8,5820.27
1302553,Manaquiri,AM,2000,2288.37,1243.55,32.07,22.37,85.81,0.52,0.79,5810.32
1302603,Manaus,AM,1981,2276.0,1229.57,31.24,22.24,86.48,0.48,0.95,5789.01
1302603,Manaus,AM,1982,2149.16,1266.02,31.61,22.95,84.67,0.57,1.01,5849.65
1302603,Manaus,AM,1983,2232.88,1304.76,31.8,23.37,83.1,0.63,0.95,5988.04
1302603,Manaus,AM,1984,2553.08,1257.93,31.02,22.6,80.27,0.7,0.83,5834.04
1302603,Manaus,AM,1985,2634.53,1261.0,31.22,22.8,81.05,0.68,0.92,5799.06
1302603,Manaus,AM,1986,2900.86,1208.49,30.95,22.84,86.86,0.47,0.85,5702.14
1302603,Manaus,AM,1987,2531.04,1227.99,31.81,23.32,86.22,0.52,0.66,5753.04
1302603,Manaus,AM,1988,3202.91,1199.79,31.37,23.07,87.51,0.46,0.68,5639.72
1302603,Manaus,AM,1989,3311.01,1227.32,30.64,22.87,86.24,0.5,0.79,5822.16
1302603,Manaus,AM,1990,2466.75,1317.15,31.44,23.27,84.82,0.57,1.22,6040.19
1302603,Manaus,AM,1991,2330.81,1236.48,31.32,23.18,85.16,0.55,1.02,5683.29
1302603,Manaus,AM,1992,1910.27,1269.5,31.6,23.03,84.19,0.58,1.03,5829.33
1302603,Manaus,AM,1993,2406.75,1209.82,31.05,22.81,85.56,0.52,0.91,5655.96
1302603,Manaus,AM,1994,2412.84,1222.82,31.18,22.81,86.08,0.5,0.91,5736.07
1302603,Manaus,AM,1995,2416.17,1264.84,31.64,23.24,84.8,0.57,0.87,5871.64
1302603,Manaus,AM,1996,3116.85,1227.32,31.18,23.03,85.78,0.52,0.84,5750.63
1302603,Manaus,AM,1997,2440.05,1296.78,32.03,23.58,82.34,0.68,0.98,5867.4
1302603,Manaus,AM,1998,2349.2,1288.23,31.9,22.46,85.11,0.54,0.97,5996.68
1302603,Manaus,AM,1999,3058.46,1229.01,31.48,21.52,86.17,0.49,0.85,5822.0
1302603,Manaus,AM,2000,2609.74,1249.18,31.66,22.22,85.85,0.51,0.84,5860.12
1302702,Manicoré,AM,1981,2399.33,1210.18,31.71,21.34,86.97,0.45,0.62,5821.21
1302702,Manicoré,AM,1982,2623.28,1203.73,31.73,21.73,86.71,0.47,0.68,5745.66
1302702,Manicoré,AM,1983,2121.15,1251.43,32.62,21.68,84.77,0.55,0.65,5891.75
1302702,Manicoré,AM,1984,2326.37,1247.54,32.28,21.85,79.08,0.76,0.68,5788.01
1302702,Manicoré,AM,1985,2581.89,1234.85,32.25,22.39,80.93,0.7,0.73,5685.49
1302702,Manicoré,AM,1986,2755.5,1201.48,32.08,22.39,86.82,0.48,0.66,5645.43
1302702,Manicoré,AM,1987,2348.42,1212.12,32.08,22.32,85.18,0.54,0.49,5766.08
1302702,Manicoré,AM,1988,2706.17,1191.8,31.89,22.42,87.34,0.46,0.58,5640.82
1302702,Manicoré,AM,1989,2862.54,1233.06,32.65,22.34,86.47,0.5,0.74,5721.46
1302702,Manicoré,AM,1990,2181.64,1318.27,33.04,22.91,84.9,0.57,1.09,5943.9
1302702,Manicoré,AM,1991,2257.38,1213.4,31.65,22.89,84.63,0.56,1.05,5510.34
1302702,Manicoré,AM,1992,1885.81,1236.38,31.73,22.74,83.6,0.6,1.14,5582.7
1302702,Manicoré,AM,1993,2806.65,1195.85,31.33,22.51,84.15,0.57,0.66,5657.37
1302702,Manicoré,AM,1994,2328.02,1211.46,31.85,21.87,84.99,0.54,0.67,5738.27
1302702,Manicoré,AM,1995,2375.34,1207.46,31.65,22.42,83.92,0.58,0.68,5676.7
1302702,Manicoré,AM,1996,2132.28,1204.24,31.37,22.2,84.53,0.55,0.7,5710.57
1302702,Manicoré,AM,1997,1874.68,1205.42,31.56,22.72,83.44,0.6,0.69,5663.97
1302702,Manicoré,AM,1998,2010.17,1235.36,31.94,23.11,84.55,0.57,0.66,5785.24
1302702,Manicoré,AM,1999,2096.25,1217.09,31.55,22.33,84.86,0.54,0.64,5774.56
1302702,Manicoré,AM,2000,2161.54,1216.83,31.96,22.15,84.77,0.55,0.66,5731.3
1302801,Maraã,AM,1981,2433.85,1229.68,31.45,22.62,86.29,0.49,0.81,5790.9
1302801,Maraã,AM,1982,2591.47,1210.59,31.49,22.43,87.06,0.46,0.86,5694.29
1302801,Maraã,AM,1983,2605.16,1284.29,32.08,22.68,85.29,0.54,0.89,5989.45
1302801,Maraã,AM,1984,3420.7,1263.92,31.25,21.82,79.41,0.71,0.88,5840.32
1302801,Maraã,AM,1985,3012.17,1249.64,31.25,21.61,82.36,0.61,0.81,5889.55
1302801,Maraã,AM,1986,2794.05,1200.35,31.36,21.5,86.44,0.47,0.77,5711.88
1302801,Maraã,AM,1987,2695.85,1208.64,31.83,22.09,89.01,0.4,0.73,5742.99
1302801,Maraã,AM,1988,3758.11,1171.18,31.3,22.25,89.75,0.36,0.75,5582.07
1302801,Maraã,AM,1989,3533.48,1204.96,31.03,22.24,87.25,0.45,0.69,5774.72
1302801,Maraã,AM,1990,3210.38,1223.54,30.65,22.58,85.08,0.53,1.36,5604.12
1302801,Maraã,AM,1991,3340.12,1215.24,31.09,22.68,86.27,0.49,1.15,5623.6
1302801,Maraã,AM,1992,2932.31,1239.09,31.31,22.6,87.18,0.46,1.24,5780.94
1302801,Maraã,AM,1993,3152.07,1195.18,31.83,22.22,88.89,0.4,1.03,5568.93
1302801,Maraã,AM,1994,3100.48,1211.0,32.05,22.09,88.55,0.41,1.2,5601.76
1302801,Maraã,AM,1995,2497.01,1265.86,31.59,22.17,86.76,0.47,1.34,5872.58
1302801,Maraã,AM,1996,2915.05,1218.11,31.45,22.15,87.26,0.45,1.1,5696.27
1302801,Maraã,AM,1997,2812.32,1224.51,31.7,22.79,86.4,0.5,1.2,5609.78
1302801,Maraã,AM,1998,2392.33,1283.62,32.29,23.03,86.0,0.52,0.98,5907.3
1302801,Maraã,AM,1999,2531.22,1211.3,31.35,22.22,87.11,0.46,0.88,5715.65
1302801,Maraã,AM,2000,3171.62,1226.04,31.91,22.22,86.94,0.47,0.92,5723.14
1302900,Maués,AM,1981,1818.89,1259.0,31.27,22.08,85.95,0.5,0.85,6005.48
1302900,Maués,AM,1982,1906.07,1300.26,31.46,22.23,85.05,0.54,0.82,6197.59
1302900,Maués,AM,1983,1696.6,1319.55,32.02,22.68,83.09,0.62,0.79,6183.61
1302900,Maués,AM,1984,2186.73,1239.76,31.03,21.94,78.99,0.73,0.64,5893.89
1302900,Maués,AM,1985,2334.34,1224.61,31.11,22.01,80.26,0.69,0.72,5771.89
1302900,Maués,AM,1986,2291.54,1210.18,31.01,22.21,86.61,0.47,0.7,5796.55
1302900,Maués,AM,1987,1751.4,1262.02,31.81,22.57,85.83,0.52,0.62,6002.18
1302900,Maués,AM,1988,2622.28,1218.52,31.26,22.86,85.42,0.53,0.5,5818.17
1302900,Maués,AM,1989,2671.73,1246.72,31.09,22.49,86.5,0.48,0.64,5976.26
1302900,Maués,AM,1990,2094.0,1329.74,31.94,22.43,85.62,0.53,1.1,6195.87
1302900,Maués,AM,1991,2317.49,1267.19,32.25,21.9,85.46,0.53,0.99,5852.16
1302900,Maués,AM,1992,2196.16,1310.7,32.19,22.26,84.08,0.58,1.08,6021.6
1302900,Maués,AM,1993,2230.13,1253.53,31.45,22.32,85.35,0.53,0.63,6001.24
1302900,Maués,AM,1994,2668.28,1252.56,31.52,22.58,86.35,0.5,0.59,5984.74
1302900,Maués,AM,1995,2324.15,1287.1,32.04,23.04,85.2,0.55,0.56,6094.23
1302900,Maués,AM,1996,2870.57,1262.18,31.65,22.85,85.8,0.52,0.64,5990.81
1302900,Maués,AM,1997,1753.79,1326.56,32.48,23.17,82.44,0.68,0.68,6190.68
1302900,Maués,AM,1998,1926.98,1317.2,32.55,23.38,85.67,0.55,0.61,6189.9
1302900,Maués,AM,1999,2452.93,1284.49,31.86,22.44,86.74,0.49,0.6,6154.87
1302900,Maués,AM,2000,2790.61,1275.59,31.92,22.36,86.7,0.49,0.62,6072.34
1303007,Nhamundá,AM,1981,1836.88,1297.59,31.24,22.78,85.42,0.53,1.11,6078.36
1303007,Nhamundá,AM,1982,2191.74,1352.87,31.39,22.86,84.86,0.56,1.28,6248.33
1303007,Nhamundá,AM,1983,1342.17,1394.58,32.05,23.19,82.16,0.67,1.24,6328.76
1303007,Nhamundá,AM,1984,2850.74,1304.2,30.8,22.3,80.8,0.67,1.06,6049.56
1303007,Nhamundá,AM,1985,2213.86,1277.17,30.95,22.31,81.9,0.64,1.1,5883.58
1303007,Nhamundá,AM,1986,2523.63,1269.04,30.85,22.33,85.05,0.53,1.05,5986.0
1303007,Nhamundá,AM,1987,1941.36,1334.75,31.78,22.74,82.92,0.63,0.92,6201.68
1303007,Nhamundá,AM,1988,2657.58,1260.08,30.99,22.96,86.52,0.49,0.81,5986.26
1303007,Nhamundá,AM,1989,2652.48,1278.66,30.75,22.43,86.45,0.48,0.87,6133.97
1303007,Nhamundá,AM,1990,2297.55,1354.82,31.46,22.72,85.32,0.54,1.24,6327.66
1303007,Nhamundá,AM,1991,2315.22,1294.98,31.94,21.81,84.96,0.54,1.13,5975.94
1303007,Nhamundá,AM,1992,1660.78,1354.87,31.96,21.93,84.51,0.56,1.25,6267.28
1303007,Nhamundá,AM,1993,2293.55,1282.96,31.24,22.41,84.36,0.56,0.85,6062.66
1303007,Nhamundá,AM,1994,2594.99,1275.79,31.06,22.83,85.27,0.53,0.86,6032.97
1303007,Nhamundá,AM,1995,2270.85,1319.86,31.9,23.28,84.02,0.6,0.83,6135.7
1303007,Nhamundá,AM,1996,2603.22,1310.39,31.48,23.22,84.44,0.58,0.85,6135.33
1303007,Nhamundá,AM,1997,1712.14,1396.83,32.34,23.57,80.87,0.74,0.9,6409.82
1303007,Nhamundá,AM,1998,2252.73,1370.22,32.49,23.83,83.54,0.64,0.8,6343.21
1303007,Nhamundá,AM,1999,2587.8,1319.3,31.5,22.93,85.75,0.52,0.75,6280.85
1303007,Nhamundá,AM,2000,2327.57,1289.87,31.54,22.67,84.87,0.55,0.76,6085.69
1303106,Nova Olinda do Norte,AM,1981,2122.92,1247.23,31.38,21.77,86.11,0.49,0.89,5936.67
1303106,Nova Olinda do Norte,AM,1982,1899.86,1292.32,31.65,21.99,84.68,0.55,0.88,6111.51
1303106,Nova Olinda do Norte,AM,1983,1943.73,1316.22,32.11,22.34,83.06,0.62,0.84,6147.33
1303106,Nova Olinda do Norte,AM,1984,2379.78,1237.0,31.05,21.55,79.1,0.72,0.69,5870.32
1303106,Nova Olinda do Norte,AM,1985,2499.99,1225.02,31.17,21.61,80.36,0.68,0.78,5759.32
1303106,Nova Olinda do Norte,AM,1986,2724.47,1198.71,30.89,21.91,86.52,0.47,0.75,5745.5
1303106,Nova Olinda do Norte,AM,1987,2067.15,1242.63,31.88,22.3,85.63,0.53,0.66,5890.33
1303106,Nova Olinda do Norte,AM,1988,2864.15,1215.35,31.26,23.24,86.0,0.51,0.53,5777.8
1303106,Nova Olinda do Norte,AM,1989,2586.03,1251.89,31.2,22.94,86.18,0.51,0.74,5936.2
1303106,Nova Olinda do Norte,AM,1990,2130.42,1332.09,31.96,23.1,85.13,0.56,1.14,6139.47
1303106,Nova Olinda do Norte,AM,1991,2496.39,1280.3,32.91,22.71,84.56,0.59,0.99,5770.48
1303106,Nova Olinda do Norte,AM,1992,2252.97,1298.98,32.23,22.43,83.78,0.6,1.05,5940.39
1303106,Nova Olinda do Norte,AM,1993,2245.6,1239.25,31.41,22.1,85.0,0.53,0.7,5903.53
1303106,Nova Olinda do Norte,AM,1994,2601.65,1245.9,31.5,22.81,86.01,0.51,0.65,5918.92
1303106,Nova Olinda do Norte,AM,1995,2283.3,1279.32,31.99,23.49,84.88,0.57,0.61,6010.19
1303106,Nova Olinda do Norte,AM,1996,2864.56,1254.35,31.57,23.27,85.47,0.54,0.68,5910.85
1303106,Nova Olinda do Norte,AM,1997,1891.82,1335.37,32.51,23.58,82.04,0.7,0.75,6168.22
1303106,Nova Olinda do Norte,AM,1998,1969.92,1319.5,32.53,23.79,85.49,0.56,0.68,6151.41
1303106,Nova Olinda do Norte,AM,1999,2493.28,1287.31,31.98,22.82,86.55,0.5,0.65,6117.64
1303106,Nova Olinda do Norte,AM,2000,2677.66,1278.86,32.19,22.28,86.39,0.5,0.65,6051.29
1303205,Novo Airão,AM,1981,1988.74,1240.48,31.5,21.67,86.36,0.48,0.85,5889.39
1303205,Novo Airão,AM,1982,2358.95,1239.04,31.55,22.18,85.72,0.51,0.98,5796.39
1303205,Novo Airão,AM,1983,2244.19,1319.45,32.11,22.34,83.23,0.61,0.95,6115.28
1303205,Novo Airão,AM,1984,2689.01,1270.98,31.24,21.73,79.68,0.7,0.85,5934.42
1303205,Novo Airão,AM,1985,2031.24,1273.44,31.46,21.88,81.78,0.64,0.9,5947.36
1303205,Novo Airão,AM,1986,2591.22,1213.45,31.36,21.83,86.68,0.47,0.87,5744.08
1303205,Novo Airão,AM,1987,2114.6,1221.54,32.17,22.38,87.28,0.47,0.7,5751.0
1303205,Novo Airão,AM,1988,2583.26,1195.95,31.8,22.49,89.23,0.39,0.76,5639.88
1303205,Novo Airão,AM,1989,2758.57,1243.19,31.52,22.57,86.89,0.48,0.82,5868.03
1303205,Novo Airão,AM,1990,2501.63,1273.9,30.89,23.0,85.02,0.54,1.27,5856.56
1303205,Novo Airão,AM,1991,2161.73,1238.28,31.54,22.79,85.33,0.54,1.07,5681.72
1303205,Novo Airão,AM,1992,2156.26,1277.43,31.78,22.69,84.76,0.56,1.11,5867.03
1303205,Novo Airão,AM,1993,2938.93,1215.6,31.43,22.28,86.18,0.49,1.09,5643.39
1303205,Novo Airão,AM,1994,2747.77,1234.59,31.8,22.12,86.31,0.49,1.1,5716.75
1303205,Novo Airão,AM,1995,2154.53,1297.49,32.09,22.49,84.85,0.56,1.16,5951.28
1303205,Novo Airão,AM,1996,2640.67,1242.57,31.6,22.57,86.24,0.5,1.03,5775.92
1303205,Novo Airão,AM,1997,2319.97,1284.49,31.95,23.03,82.9,0.64,1.17,5790.42
1303205,Novo Airão,AM,1998,1890.34,1311.93,32.16,23.07,85.03,0.56,1.04,6038.31
1303205,Novo Airão,AM,1999,2345.63,1239.45,31.59,22.33,86.47,0.49,0.93,5817.6
1303205,Novo Airão,AM,2000,2381.24,1259.46,31.86,22.29,85.98,0.51,0.95,5876.45
1303304,Novo Aripuanã,AM,1981,2354.72,1215.14,31.6,21.38,86.96,0.45,0.73,5830.48
1303304,Novo Aripuanã,AM,1982,2805.86,1210.48,31.65,21.76,86.43,0.48,0.68,5794.51
1303304,Novo Aripuanã,AM,1983,2225.91,1261.51,32.45,21.69,83.62,0.59,0.6,5976.73
1303304,Novo Aripuanã,AM,1984,2578.1,1247.59,32.01,21.73,79.09,0.75,0.67,5836.39
1303304,Novo Aripuanã,AM,1985,2949.97,1238.48,32.01,22.14,80.71,0.69,0.74,5739.69
1303304,Novo Aripuanã,AM,1986,2758.68,1206.75,31.82,22.2,87.15,0.46,0.66,5731.2
1303304,Novo Aripuanã,AM,1987,2257.7,1206.08,32.08,22.32,85.62,0.52,0.46,5751.0
1303304,Novo Aripuanã,AM,1988,2806.86,1193.7,31.71,22.31,87.2,0.46,0.51,5700.67
1303304,Novo Aripuanã,AM,1989,2660.17,1234.64,32.28,22.21,85.76,0.52,0.72,5786.97
1303304,Novo Aripuanã,AM,1990,2255.81,1304.2,32.7,22.67,85.75,0.53,1.07,5966.99
1303304,Novo Aripuanã,AM,1991,2328.21,1226.76,31.75,22.73,85.48,0.53,1.05,5632.55
1303304,Novo Aripuanã,AM,1992,2076.56,1255.42,31.96,22.58,84.28,0.57,1.15,5700.2
1303304,Novo Aripuanã,AM,1993,2515.44,1198.2,31.27,22.38,84.44,0.55,0.67,5685.33
1303304,Novo Aripuanã,AM,1994,2274.97,1210.48,31.72,21.95,85.33,0.52,0.7,5738.74
1303304,Novo Aripuanã,AM,1995,2253.13,1205.98,31.63,22.46,84.39,0.56,0.66,5681.88
1303304,Novo Aripuanã,AM,1996,2150.66,1196.05,31.26,22.32,84.88,0.54,0.7,5673.65
1303304,Novo Aripuanã,AM,1997,2362.48,1223.64,31.58,22.85,82.71,0.64,0.72,5726.02
1303304,Novo Aripuanã,AM,1998,2504.51,1235.56,31.92,23.02,84.21,0.58,0.6,5816.66
1303304,Novo Aripuanã,AM,1999,2585.24,1217.19,31.52,22.23,84.71,0.55,0.56,5819.02
1303304,Novo Aripuanã,AM,2000,2711.54,1232.08,32.0,22.17,84.62,0.55,0.56,5855.72
1303403,Parintins,AM,1981,1920.38,1327.18,31.9,24.67,85.11,0.58,0.97,6082.14
1303403,Parintins,AM,1982,1871.67,1389.57,32.11,24.85,84.84,0.61,1.06,6295.62
1303403,Parintins,AM,1983,1122.71,1432.05,32.81,25.14,82.35,0.72,1.1,6391.44
1303403,Parintins,AM,1984,2783.47,1331.58,31.44,24.09,80.75,0.72,0.94,6086.48
1303403,Parintins,AM,1985,2495.88,1311.31,31.8,23.97,81.53,0.7,0.95,5961.65
1303403,Parintins,AM,1986,2001.5,1315.61,31.78,23.79,85.3,0.56,0.95,6093.6
1303403,Parintins,AM,1987,1880.47,1380.56,32.71,24.29,83.2,0.67,0.88,6285.25
1303403,Parintins,AM,1988,2998.03,1307.32,31.81,24.25,85.61,0.56,0.76,6083.34
1303403,Parintins,AM,1989,3072.36,1342.94,31.54,23.47,85.93,0.53,1.03,6289.49
1303403,Parintins,AM,1990,2254.68,1387.57,32.3,24.07,85.0,0.59,1.15,6338.97
1303403,Parintins,AM,1991,2325.03,1294.06,32.18,21.97,85.4,0.53,1.07,5990.87
1303403,Parintins,AM,1992,1926.11,1369.15,32.48,22.28,84.64,0.57,1.21,6291.47
1303403,Parintins,AM,1993,2786.09,1331.02,32.21,23.96,86.37,0.53,0.83,6177.64
1303403,Parintins,AM,1994,2591.42,1314.48,31.85,24.07,87.0,0.5,0.77,6155.65
1303403,Parintins,AM,1995,2792.75,1368.84,33.1,24.16,85.61,0.58,0.75,6282.26
1303403,Parintins,AM,1996,3370.44,1355.02,32.34,24.35,85.78,0.56,0.82,6265.08
1303403,Parintins,AM,1997,1815.24,1436.91,33.37,24.67,82.04,0.75,0.84,6490.72
1303403,Parintins,AM,1998,2110.3,1417.05,33.42,24.93,83.68,0.67,0.81,6436.21
1303403,Parintins,AM,1999,2765.76,1359.78,32.06,24.29,86.17,0.54,0.76,6362.69
1303403,Parintins,AM,2000,2471.83,1328.76,31.96,24.15,85.97,0.55,0.74,6197.22
1303502,Pauini,AM,1981,2202.05,1145.13,31.26,20.66,85.62,0.48,0.53,5547.41
1303502,Pauini,AM,1982,2081.95,1107.35,31.14,21.17,86.07,0.47,0.58,5267.96
1303502,Pauini,AM,1983,1644.65,1130.69,31.36,20.62,85.72,0.48,0.58,5409.18
1303502,Pauini,AM,1984,2431.05,1120.05,30.97,20.33,77.85,0.73,0.52,5319.11
1303502,Pauini,AM,1985,2751.88,1133.15,30.8,20.22,81.7,0.6,0.59,5444.21
1303502,Pauini,AM,1986,2613.22,1096.35,30.82,19.85,85.54,0.47,0.58,5289.32
1303502,Pauini,AM,1987,2450.8,1138.17,31.36,20.13,85.11,0.5,0.65,5426.77
1303502,Pauini,AM,1988,1909.88,1112.63,31.34,18.94,84.53,0.5,0.77,5266.64
1303502,Pauini,AM,1989,2336.43,1124.81,31.41,18.94,85.4,0.47,0.75,5364.88
1303502,Pauini,AM,1990,2177.74,1168.77,31.1,19.58,83.73,0.53,1.06,5440.75
1303502,Pauini,AM,1991,2221.67,1183.92,31.05,21.16,83.85,0.55,1.28,5342.26
1303502,Pauini,AM,1992,1787.69,1214.43,31.13,20.88,83.95,0.54,1.42,5474.78
1303502,Pauini,AM,1993,2188.69,1159.97,31.44,20.05,82.94,0.57,0.74,5470.6
1303502,Pauini,AM,1994,2209.01,1155.31,31.74,20.24,83.22,0.57,0.56,5513.32
1303502,Pauini,AM,1995,2065.86,1168.72,32.06,19.77,82.31,0.6,0.6,5534.37
1303502,Pauini,AM,1996,2290.54,1166.62,31.61,19.97,82.66,0.58,0.58,5580.66
1303502,Pauini,AM,1997,2186.21,1163.81,31.98,21.12,83.28,0.58,0.55,5493.53
1303502,Pauini,AM,1998,1657.83,1182.9,32.3,21.24,83.66,0.58,0.56,5566.42
1303502,Pauini,AM,1999,2055.87,1167.59,31.77,20.76,86.45,0.47,0.58,5582.91
1303502,Pauini,AM,2000,2169.36,1163.6,31.58,21.09,87.44,0.43,0.62,5555.21
1303536,Presidente Figueiredo,AM,1981,2119.37,1240.37,31.28,21.97,86.03,0.49,0.85,5879.81
1303536,Presidente Figueiredo,AM,1982,2317.22,1284.9,31.53,22.49,83.88,0.59,0.93,6009.25
1303536,Presidente Figueiredo,AM,1983,1967.7,1313.15,31.97,22.55,81.99,0.66,0.83,6096.12
1303536,Presidente Figueiredo,AM,1984,2335.37,1262.69,31.06,21.87,80.39,0.68,0.93,5855.24
1303536,Presidente Figueiredo,AM,1985,2329.1,1270.06,31.25,22.07,83.34,0.58,0.98,5953.95
1303536,Presidente Figueiredo,AM,1986,2764.25,1227.83,31.07,22.32,86.99,0.46,0.93,5824.83
1303536,Presidente Figueiredo,AM,1987,2407.49,1263.2,31.93,22.88,86.12,0.52,0.86,5897.87
1303536,Presidente Figueiredo,AM,1988,2880.25,1218.37,31.46,22.98,87.13,0.47,0.76,5717.64
1303536,Presidente Figueiredo,AM,1989,2746.04,1250.15,31.08,22.7,86.33,0.49,0.86,5918.92
1303536,Presidente Figueiredo,AM,1990,2509.29,1325.8,31.3,23.1,84.79,0.56,1.27,6108.84
1303536,Presidente Figueiredo,AM,1991,2257.54,1264.69,31.78,22.79,84.5,0.57,1.1,5759.48
1303536,Presidente Figueiredo,AM,1992,1609.97,1291.35,31.78,22.66,83.99,0.58,1.15,5895.93
1303536,Presidente Figueiredo,AM,1993,2794.84,1232.44,31.23,22.51,85.13,0.53,0.95,5763.88
1303536,Presidente Figueiredo,AM,1994,2234.49,1239.2,31.41,22.66,85.2,0.54,0.9,5787.76
1303536,Presidente Figueiredo,AM,1995,2380.96,1283.88,31.91,22.97,83.34,0.62,0.85,5935.57
1303536,Presidente Figueiredo,AM,1996,2594.16,1249.54,31.32,22.75,84.8,0.55,0.83,5860.59
1303536,Presidente Figueiredo,AM,1997,1776.08,1329.33,32.08,23.07,80.97,0.72,1.0,6040.51
1303536,Presidente Figueiredo,AM,1998,2202.82,1324.52,32.2,22.89,83.5,0.61,0.93,6119.52
1303536,Presidente Figueiredo,AM,1999,2720.72,1252.71,31.66,22.04,85.56,0.52,0.8,5918.61
1303536,Presidente Figueiredo,AM,2000,2804.19,1268.27,31.89,22.1,85.28,0.53,0.83,5945.26
1303569,Rio Preto da Eva,AM,1981,2241.94,1237.3,31.04,21.98,86.49,0.47,0.94,5869.75
1303569,Rio Preto da Eva,AM,1982,2274.96,1280.35,31.42,22.58,84.19,0.58,1.02,5942.64
1303569,Rio Preto da Eva,AM,1983,1871.54,1316.07,31.67,23.04,82.89,0.63,0.97,6067.53
1303569,Rio Preto da Eva,AM,1984,2408.13,1254.86,30.83,22.23,80.33,0.69,0.84,5858.86
1303569,Rio Preto da Eva,AM,1985,2611.56,1257.47,31.02,22.39,80.93,0.67,0.94,5815.87
1303569,Rio Preto da Eva,AM,1986,2735.73,1208.28,30.74,22.47,87.01,0.46,0.89,5736.7
1303569,Rio Preto da Eva,AM,1987,2432.46,1236.69,31.63,22.93,85.88,0.52,0.75,5795.45
1303569,Rio Preto da Eva,AM,1988,3229.52,1208.54,31.15,22.92,87.0,0.47,0.71,5700.51
1303569,Rio Preto da Eva,AM,1989,3249.99,1237.46,30.52,22.7,86.03,0.5,0.82,5890.65
1303569,Rio Preto da Eva,AM,1990,2419.44,1319.91,31.33,23.08,84.75,0.56,1.21,6082.14
1303569,Rio Preto da Eva,AM,1991,2254.06,1238.22,31.4,22.96,85.0,0.55,1.03,5681.09
1303569,Rio Preto da Eva,AM,1992,1925.91,1258.8,31.48,22.73,84.0,0.58,1.04,5785.34
1303569,Rio Preto da Eva,AM,1993,2611.98,1231.16,30.91,22.47,83.92,0.57,0.95,5750.84
1303569,Rio Preto da Eva,AM,1994,2313.7,1236.74,31.02,22.64,84.69,0.55,0.89,5799.69
1303569,Rio Preto da Eva,AM,1995,2297.68,1270.31,31.51,23.12,83.73,0.6,0.84,5898.66
1303569,Rio Preto da Eva,AM,1996,2671.88,1242.01,31.06,22.92,84.94,0.55,0.8,5837.02
1303569,Rio Preto da Eva,AM,1997,1947.91,1328.66,31.94,23.42,81.19,0.72,0.98,6034.07
1303569,Rio Preto da Eva,AM,1998,2235.81,1304.86,31.82,22.53,84.53,0.56,0.93,6095.33
1303569,Rio Preto da Eva,AM,1999,2635.76,1241.76,31.36,21.59,86.15,0.49,0.83,5906.51
1303569,Rio Preto da Eva,AM,2000,2697.64,1255.22,31.54,22.05,85.32,0.53,0.8,5915.57
1303601,Santa Isabel do Rio Negro,AM,1981,2174.02,1203.11,31.25,22.48,85.63,0.51,0.87,5622.03
1303601,Santa Isabel do Rio Negro,AM,1982,2512.86,1177.27,31.26,22.42,87.2,0.46,0.91,5515.05
1303601,Santa Isabel do Rio Negro,AM,1983,2406.11,1234.39,31.31,23.41,84.57,0.56,0.88,5731.36
1303601,Santa Isabel do Rio Negro,AM,1984,2742.61,1232.13,31.16,22.08,79.24,0.72,0.87,5630.45
1303601,Santa Isabel do Rio Negro,AM,1985,2573.56,1199.63,30.89,21.93,82.74,0.59,0.81,5612.6
1303601,Santa Isabel do Rio Negro,AM,1986,2744.34,1167.59,31.34,21.95,86.65,0.47,0.8,5484.74
1303601,Santa Isabel do Rio Negro,AM,1987,2378.48,1210.89,31.86,22.55,89.24,0.39,0.8,5715.02
1303601,Santa Isabel do Rio Negro,AM,1988,3078.07,1163.7,31.16,22.62,89.68,0.37,0.78,5525.21
1303601,Santa Isabel do Rio Negro,AM,1989,2835.09,1200.04,30.96,22.5,86.58,0.47,0.76,5702.61
1303601,Santa Isabel do Rio Negro,AM,1990,2778.55,1209.46,30.66,22.6,85.97,0.5,1.42,5533.27
1303601,Santa Isabel do Rio Negro,AM,1991,2265.0,1214.12,31.27,22.68,86.35,0.49,1.22,5565.32
1303601,Santa Isabel do Rio Negro,AM,1992,1977.21,1244.62,31.44,22.86,87.65,0.45,1.35,5773.87
1303601,Santa Isabel do Rio Negro,AM,1993,2454.24,1159.92,31.12,22.35,89.16,0.38,0.94,5475.62
1303601,Santa Isabel do Rio Negro,AM,1994,2503.18,1173.02,31.55,22.2,88.66,0.4,1.04,5477.04
1303601,Santa Isabel do Rio Negro,AM,1995,2223.8,1239.4,31.92,22.48,87.15,0.47,1.17,5714.87
1303601,Santa Isabel do Rio Negro,AM,1996,2532.21,1178.5,31.38,22.15,88.3,0.42,1.01,5518.61
1303601,Santa Isabel do Rio Negro,AM,1997,2265.26,1204.5,31.6,22.26,87.04,0.47,1.07,5588.73
1303601,Santa Isabel do Rio Negro,AM,1998,2635.6,1246.0,31.8,22.61,86.72,0.48,0.88,5820.59
1303601,Santa Isabel do Rio Negro,AM,1999,2552.98,1200.04,31.01,22.08,87.8,0.43,0.81,5730.1
1303601,Santa Isabel do Rio Negro,AM,2000,2639.15,1226.45,32.12,22.01,87.57,0.45,0.81,5749.84
1303700,Santo Antônio do Içá,AM,1981,2585.5,1183.67,31.49,22.12,84.71,0.54,0.77,5532.18
1303700,Santo Antônio do Içá,AM,1982,2757.68,1145.79,30.77,22.14,86.69,0.46,0.7,5450.33
1303700,Santo Antônio do Içá,AM,1983,2584.41,1134.28,30.04,22.29,85.84,0.48,0.61,5455.2
1303700,Santo Antônio do Içá,AM,1984,3391.32,1144.51,30.09,21.87,79.11,0.7,0.61,5406.76
1303700,Santo Antônio do Içá,AM,1985,3379.35,1134.79,30.83,21.43,82.77,0.58,0.59,5372.42
1303700,Santo Antônio do Içá,AM,1986,3417.16,1095.48,31.1,20.71,86.05,0.47,0.6,5208.42
1303700,Santo Antônio do Içá,AM,1987,3112.1,1117.85,31.61,21.55,87.99,0.42,0.65,5264.34
1303700,Santo Antônio do Içá,AM,1988,3051.88,1112.42,31.37,21.48,87.12,0.45,0.71,5224.23
1303700,Santo Antônio do Içá,AM,1989,3177.76,1138.11,31.5,21.62,86.31,0.48,0.69,5350.43
1303700,Santo Antônio do Içá,AM,1990,2955.18,1174.81,31.18,21.66,85.06,0.52,1.48,5243.29
1303700,Santo Antônio do Içá,AM,1991,3143.14,1180.39,31.29,21.72,86.06,0.48,1.29,5381.69
1303700,Santo Antônio do Içá,AM,1992,2803.44,1208.23,31.43,21.39,85.86,0.49,1.47,5477.77
1303700,Santo Antônio do Içá,AM,1993,2880.06,1149.78,31.42,21.29,86.26,0.47,0.8,5400.54
1303700,Santo Antônio do Içá,AM,1994,2502.67,1151.11,31.67,21.22,86.22,0.48,0.86,5357.02
1303700,Santo Antônio do Içá,AM,1995,2659.62,1197.02,32.07,20.73,85.44,0.5,0.9,5554.8
1303700,Santo Antônio do Içá,AM,1996,2903.48,1161.15,31.67,20.63,85.7,0.49,0.78,5447.29
1303700,Santo Antônio do Içá,AM,1997,2306.27,1169.64,32.05,20.98,85.35,0.51,0.79,5425.67
1303700,Santo Antônio do Içá,AM,1998,1986.86,1195.13,32.02,21.93,86.05,0.5,0.67,5600.35
1303700,Santo Antônio do Içá,AM,1999,2183.56,1170.41,31.42,21.61,88.02,0.42,0.68,5574.75
1303700,Santo Antônio do Içá,AM,2000,2243.72,1190.11,32.12,21.99,88.22,0.43,0.65,5599.04
1303809,São Gabriel da Cachoeira,AM,1981,3300.72,1173.22,30.92,22.24,85.71,0.5,0.92,5475.94
1303809,São Gabriel da Cachoeira,AM,1982,3647.24,1144.77,30.9,22.24,87.46,0.44,0.89,5382.47
1303809,São Gabriel da Cachoeira,AM,1983,2957.98,1171.74,31.3,22.68,84.71,0.55,0.79,5418.92
1303809,São Gabriel da Cachoeira,AM,1984,3414.25,1177.93,30.85,21.84,79.33,0.71,0.8,5384.93
1303809,São Gabriel da Cachoeira,AM,1985,2825.67,1128.75,30.67,21.62,82.84,0.58,0.75,5238.74
1303809,São Gabriel da Cachoeira,AM,1986,3627.09,1107.56,31.09,21.7,86.85,0.46,0.74,5182.5
1303809,São Gabriel da Cachoeira,AM,1987,2830.02,1155.26,31.58,22.3,89.49,0.38,0.75,5449.08
1303809,São Gabriel da Cachoeira,AM,1988,3392.37,1133.1,30.99,22.38,89.04,0.39,0.73,5363.25
1303809,São Gabriel da Cachoeira,AM,1989,3439.25,1172.35,30.84,22.15,86.29,0.48,0.75,5556.68
1303809,São Gabriel da Cachoeira,AM,1990,3468.41,1180.19,30.89,22.35,87.07,0.46,1.51,5373.36
1303809,São Gabriel da Cachoeira,AM,1991,3043.07,1190.88,31.2,22.29,87.4,0.45,1.32,5485.05
1303809,São Gabriel da Cachoeira,AM,1992,2832.72,1222.15,31.19,22.37,87.31,0.45,1.5,5621.19
1303809,São Gabriel da Cachoeira,AM,1993,3456.72,1137.45,30.76,22.05,88.6,0.4,0.71,5416.87
1303809,São Gabriel da Cachoeira,AM,1994,2958.28,1141.9,31.13,21.9,88.66,0.4,0.82,5397.87
1303809,São Gabriel da Cachoeira,AM,1995,3052.95,1193.03,31.66,22.11,87.61,0.44,0.88,5585.11
1303809,São Gabriel da Cachoeira,AM,1996,3708.53,1126.8,31.2,21.76,88.84,0.39,0.77,5323.66
1303809,São Gabriel da Cachoeira,AM,1997,2827.31,1156.39,31.37,21.56,87.88,0.42,0.68,5498.56
1303809,São Gabriel da Cachoeira,AM,1998,2970.53,1183.82,31.33,21.88,87.96,0.42,0.61,5647.95
1303809,São Gabriel da Cachoeira,AM,1999,3558.38,1162.68,30.65,21.62,88.51,0.39,0.61,5626.27
1303809,São Gabriel da Cachoeira,AM,2000,3349.46,1195.03,32.22,21.52,88.16,0.42,0.57,5657.16
1303908,São Paulo de Olivença,AM,1981,2233.22,1151.88,31.43,21.56,84.62,0.54,0.52,5492.9
1303908,São Paulo de Olivença,AM,1982,2766.77,1095.63,30.19,21.68,84.75,0.51,0.46,5287.12
1303908,São Paulo de Olivença,AM,1983,2212.34,1074.19,28.7,21.69,85.97,0.45,0.43,5307.07
1303908,São Paulo de Olivença,AM,1984,2788.07,1084.07,29.05,21.52,77.94,0.71,0.43,5260.67
1303908,São Paulo de Olivença,AM,1985,2683.71,1126.24,30.38,20.98,82.29,0.58,0.46,5465.88
1303908,São Paulo de Olivença,AM,1986,2905.51,1083.15,30.6,19.9,85.72,0.46,0.47,5274.87
1303908,São Paulo de Olivença,AM,1987,2712.02,1102.08,31.28,20.4,86.57,0.45,0.6,5242.35
1303908,São Paulo de Olivença,AM,1988,2422.2,1093.07,31.23,20.67,86.07,0.47,0.69,5140.82
1303908,São Paulo de Olivença,AM,1989,2805.4,1121.94,31.53,20.87,85.67,0.49,0.68,5277.54
1303908,São Paulo de Olivença,AM,1990,2519.43,1171.48,31.09,20.85,84.21,0.53,1.46,5215.17
1303908,São Paulo de Olivença,AM,1991,2527.61,1174.91,31.09,21.12,84.91,0.51,1.3,5327.18
1303908,São Paulo de Olivença,AM,1992,2171.96,1199.84,31.22,20.71,84.88,0.51,1.49,5407.7
1303908,São Paulo de Olivença,AM,1993,2760.03,1155.06,31.51,20.56,84.19,0.53,0.79,5408.39
1303908,São Paulo de Olivença,AM,1994,2844.42,1146.46,31.71,20.44,84.06,0.54,0.76,5343.51
1303908,São Paulo de Olivença,AM,1995,1848.34,1193.44,32.08,19.71,83.46,0.56,0.77,5583.7
1303908,São Paulo de Olivença,AM,1996,2342.53,1169.39,31.56,19.8,83.32,0.55,0.68,5542.33
1303908,São Paulo de Olivença,AM,1997,2550.38,1158.38,32.07,20.05,83.08,0.58,0.71,5373.68
1303908,São Paulo de Olivença,AM,1998,1995.42,1204.09,32.82,21.44,84.06,0.58,0.6,5588.41
1303908,São Paulo de Olivença,AM,1999,2418.32,1171.89,31.79,21.27,86.66,0.47,0.61,5547.88
1303908,São Paulo de Olivença,AM,2000,2141.42,1179.11,31.83,21.81,87.54,0.45,0.59,5567.46
1303957,São Sebastião do Uatumã,AM,1981,1941.06,1262.33,30.93,21.74,86.25,0.48,1.07,6010.5
1303957,São Sebastião do Uatumã,AM,1982,2133.01,1315.87,31.19,21.98,84.71,0.55,1.17,6157.69
1303957,São Sebastião do Uatumã,AM,1983,1566.66,1350.67,31.65,22.41,81.95,0.65,1.09,6224.77
1303957,São Sebastião do Uatumã,AM,1984,2502.84,1264.99,30.55,21.57,80.64,0.66,0.93,5947.3
1303957,São Sebastião do Uatumã,AM,1985,2188.29,1249.89,30.71,21.6,82.21,0.61,1.01,5849.18
1303957,São Sebastião do Uatumã,AM,1986,2500.84,1222.92,30.46,21.8,86.3,0.47,0.97,5847.6
1303957,São Sebastião do Uatumã,AM,1987,2112.19,1270.57,31.45,22.22,85.4,0.53,0.87,5987.88
1303957,São Sebastião do Uatumã,AM,1988,2791.02,1230.5,30.81,22.79,86.56,0.48,0.7,5864.51
1303957,São Sebastião do Uatumã,AM,1989,2834.53,1258.13,30.43,22.35,86.13,0.49,0.85,6042.08
1303957,São Sebastião do Uatumã,AM,1990,2288.72,1333.37,31.35,22.63,84.95,0.55,1.23,6195.71
1303957,São Sebastião do Uatumã,AM,1991,2259.02,1284.9,32.07,22.16,84.36,0.57,1.08,5867.4
1303957,São Sebastião do Uatumã,AM,1992,1837.51,1322.47,31.67,22.0,84.0,0.57,1.14,6121.98
1303957,São Sebastião do Uatumã,AM,1993,2482.42,1248.87,30.94,21.9,84.83,0.53,0.84,5940.44
1303957,São Sebastião do Uatumã,AM,1994,2209.25,1249.59,30.96,22.51,85.51,0.52,0.79,5935.26
1303957,São Sebastião do Uatumã,AM,1995,2104.4,1288.23,31.58,23.08,83.96,0.6,0.75,6034.07
1303957,São Sebastião do Uatumã,AM,1996,2531.3,1276.0,31.12,22.88,84.43,0.57,0.76,6031.65
1303957,São Sebastião do Uatumã,AM,1997,1652.57,1368.74,32.06,23.21,80.66,0.74,0.85,6323.58
1303957,São Sebastião do Uatumã,AM,1998,2166.61,1341.25,32.06,23.23,84.36,0.59,0.75,6296.4
1303957,São Sebastião do Uatumã,AM,1999,2337.08,1291.81,31.4,22.27,85.84,0.51,0.71,6187.07
1303957,São Sebastião do Uatumã,AM,2000,2172.88,1268.52,31.54,21.98,85.25,0.53,0.72,6017.36
1304005,Silves,AM,1981,2098.2,1256.55,31.18,21.27,86.04,0.48,1.04,5982.07
1304005,Silves,AM,1982,1874.39,1309.52,31.47,21.37,84.67,0.54,1.11,6152.51
1304005,Silves,AM,1983,1797.07,1337.26,31.92,21.66,82.24,0.63,1.04,6196.97
1304005,Silves,AM,1984,2424.94,1253.83,30.78,20.84,80.4,0.65,0.9,5923.26
1304005,Silves,AM,1985,2575.12,1242.42,30.88,20.86,81.01,0.64,0.97,5827.5
1304005,Silves,AM,1986,2673.88,1212.38,30.52,21.28,86.3,0.47,0.94,5826.4
1304005,Silves,AM,1987,2247.95,1266.63,31.62,21.67,85.29,0.52,0.84,6003.12
1304005,Silves,AM,1988,2832.82,1228.4,30.97,23.06,85.91,0.51,0.66,5843.15
1304005,Silves,AM,1989,2733.17,1269.55,30.81,22.72,85.83,0.51,0.78,6061.87
1304005,Silves,AM,1990,2081.14,1342.53,31.75,22.98,84.56,0.57,1.18,6190.68
1304005,Silves,AM,1991,2185.23,1309.42,33.21,22.54,84.33,0.6,1.03,5868.34
1304005,Silves,AM,1992,1922.09,1321.65,32.1,22.07,83.71,0.59,1.09,6080.66
1304005,Silves,AM,1993,2183.74,1244.26,31.17,21.53,84.88,0.53,0.81,5931.18
1304005,Silves,AM,1994,2383.49,1249.94,31.27,22.62,85.56,0.52,0.78,5916.72
1304005,Silves,AM,1995,2051.21,1291.76,31.77,23.44,84.02,0.6,0.74,6028.1
1304005,Silves,AM,1996,2548.87,1277.79,31.37,23.2,84.55,0.57,0.77,6007.46
1304005,Silves,AM,1997,1704.66,1372.68,32.38,23.45,80.67,0.75,0.87,6299.39
1304005,Silves,AM,1998,1976.06,1350.06,32.35,23.89,84.45,0.6,0.78,6270.32
1304005,Silves,AM,1999,2526.82,1307.83,31.87,22.89,85.85,0.53,0.72,6198.22
1304005,Silves,AM,2000,2329.65,1280.96,32.19,21.9,85.33,0.54,0.69,6046.26
1304062,Tabatinga,AM,1981,2231.23,1138.63,31.55,21.72,84.57,0.54,0.54,5384.67
1304062,Tabatinga,AM,1982,2765.87,1094.0,30.27,21.79,85.01,0.51,0.48,5263.87
1304062,Tabatinga,AM,1983,2174.39,1079.2,28.65,21.85,85.94,0.46,0.45,5329.85
1304062,Tabatinga,AM,1984,2597.25,1093.28,29.06,21.67,77.95,0.71,0.45,5285.81
1304062,Tabatinga,AM,1985,2565.52,1124.55,30.46,21.11,82.55,0.58,0.47,5434.15
1304062,Tabatinga,AM,1986,2863.81,1089.39,30.69,20.01,85.84,0.46,0.49,5292.3
1304062,Tabatinga,AM,1987,2522.36,1102.59,31.38,20.47,86.82,0.45,0.61,5234.81
1304062,Tabatinga,AM,1988,2294.31,1097.27,31.33,20.84,86.29,0.46,0.69,5159.35
1304062,Tabatinga,AM,1989,2731.81,1123.22,31.62,21.03,85.85,0.49,0.68,5277.38
1304062,Tabatinga,AM,1990,2493.9,1168.72,31.2,20.97,84.6,0.52,1.48,5194.44
1304062,Tabatinga,AM,1991,2589.34,1178.75,31.19,21.25,85.16,0.51,1.31,5345.24
1304062,Tabatinga,AM,1992,2221.32,1202.19,31.33,20.82,85.32,0.5,1.5,5427.03
1304062,Tabatinga,AM,1993,2416.54,1133.97,31.56,20.71,84.75,0.52,0.59,5383.41
1304062,Tabatinga,AM,1994,2642.52,1124.3,31.8,20.56,84.59,0.53,0.52,5336.92
1304062,Tabatinga,AM,1995,2279.61,1168.52,32.18,19.84,83.89,0.55,0.5,5582.29
1304062,Tabatinga,AM,1996,2504.36,1146.87,31.64,19.9,83.74,0.54,0.51,5502.74
1304062,Tabatinga,AM,1997,2504.46,1135.61,32.14,20.08,83.49,0.56,0.47,5387.66
1304062,Tabatinga,AM,1998,1850.72,1187.91,32.69,21.53,84.39,0.56,0.45,5596.27
1304062,Tabatinga,AM,1999,2176.14,1165.39,31.7,21.39,86.8,0.46,0.5,5555.9
1304062,Tabatinga,AM,2000,1993.63,1179.16,31.92,21.94,87.65,0.44,0.47,5588.2
1304104,Tapauá,AM,1981,2337.43,1209.56,31.47,22.0,86.46,0.48,0.54,5825.14
1304104,Tapauá,AM,1982,2397.94,1185.87,31.73,21.91,87.32,0.45,0.68,5639.31
1304104,Tapauá,AM,1983,2334.14,1236.43,32.11,21.59,86.2,0.49,0.66,5878.71
1304104,Tapauá,AM,1984,3185.52,1226.45,31.51,21.37,79.03,0.72,0.74,5733.03
1304104,Tapauá,AM,1985,2813.55,1202.96,31.4,20.77,81.35,0.63,0.73,5685.33
1304104,Tapauá,AM,1986,2808.73,1160.22,31.37,20.04,85.99,0.47,0.71,5588.26
1304104,Tapauá,AM,1987,2790.31,1168.87,31.82,19.72,86.51,0.45,0.59,5646.69
1304104,Tapauá,AM,1988,3014.59,1166.98,31.55,19.74,87.19,0.43,0.74,5625.11
1304104,Tapauá,AM,1989,3078.46,1188.99,31.19,19.2,86.45,0.44,0.83,5778.64
1304104,Tapauá,AM,1990,2960.11,1239.15,31.69,20.98,84.08,0.55,1.14,5687.38
1304104,Tapauá,AM,1991,2737.54,1202.09,31.39,22.12,85.27,0.52,1.14,5508.61
1304104,Tapauá,AM,1992,2632.05,1225.38,31.58,21.69,85.65,0.5,1.24,5626.84
1304104,Tapauá,AM,1993,3123.92,1213.56,31.64,20.96,85.79,0.49,1.05,5668.68
1304104,Tapauá,AM,1994,2412.39,1225.12,31.78,20.82,86.33,0.47,1.11,5733.87
1304104,Tapauá,AM,1995,1920.81,1249.64,31.75,21.58,84.77,0.54,1.24,5735.92
1304104,Tapauá,AM,1996,2420.11,1204.34,31.58,20.64,85.2,0.5,1.0,5650.25
1304104,Tapauá,AM,1997,2469.95,1214.89,31.75,22.16,85.0,0.54,1.15,5562.81
1304104,Tapauá,AM,1998,2349.96,1265.25,32.47,22.47,84.44,0.58,1.02,5764.35
1304104,Tapauá,AM,1999,2748.38,1231.37,32.02,22.0,85.01,0.54,0.9,5708.27
1304104,Tapauá,AM,2000,2501.94,1231.06,32.04,21.68,85.1,0.53,0.97,5709.47
1304203,Tefé,AM,1981,2687.35,1212.74,31.46,22.4,86.24,0.49,0.64,5770.32
1304203,Tefé,AM,1982,2897.17,1197.23,31.51,22.23,86.98,0.46,0.75,5668.53
1304203,Tefé,AM,1983,2472.42,1255.42,32.08,22.36,86.23,0.5,0.76,5910.28
1304203,Tefé,AM,1984,2846.62,1227.02,31.28,21.72,79.25,0.72,0.71,5752.51
1304203,Tefé,AM,1985,2746.4,1214.02,31.26,21.43,82.18,0.61,0.68,5764.19
1304203,Tefé,AM,1986,2630.15,1170.77,31.31,21.28,86.09,0.48,0.65,5595.17
1304203,Tefé,AM,1987,2487.65,1190.52,31.79,21.63,88.04,0.42,0.67,5668.84
1304203,Tefé,AM,1988,3111.93,1172.15,31.39,21.51,88.48,0.4,0.78,5588.36
1304203,Tefé,AM,1989,2688.07,1202.6,31.08,21.52,86.96,0.45,0.8,5762.94
1304203,Tefé,AM,1990,2866.87,1228.55,30.89,22.03,84.55,0.54,1.35,5611.35
1304203,Tefé,AM,1991,2735.86,1200.56,31.16,22.29,85.96,0.49,1.15,5535.16
1304203,Tefé,AM,1992,2513.94,1231.62,31.4,22.01,86.58,0.47,1.25,5718.42
1304203,Tefé,AM,1993,2907.75,1222.0,31.94,21.86,87.49,0.45,1.09,5677.79
1304203,Tefé,AM,1994,2565.75,1221.85,32.08,21.65,87.79,0.43,1.21,5656.9
1304203,Tefé,AM,1995,2363.09,1265.66,31.66,21.84,86.35,0.48,1.33,5866.61
1304203,Tefé,AM,1996,2595.93,1210.69,31.42,21.77,86.5,0.47,1.05,5671.61
1304203,Tefé,AM,1997,2516.8,1212.53,31.58,22.67,86.02,0.51,1.17,5561.86
1304203,Tefé,AM,1998,2428.36,1285.93,32.31,22.88,85.91,0.52,1.05,5914.84
1304203,Tefé,AM,1999,3001.45,1214.73,31.54,22.16,86.8,0.47,0.94,5693.19
1304203,Tefé,AM,2000,2983.49,1220.26,31.89,22.0,86.7,0.48,1.0,5673.02
1304237,Tonantins,AM,1981,2394.43,1186.58,31.18,22.14,85.87,0.5,0.79,5591.4
1304237,Tonantins,AM,1982,2717.67,1162.27,30.92,22.1,86.85,0.46,0.75,5520.24
1304237,Tonantins,AM,1983,3184.07,1195.08,30.9,22.39,85.82,0.5,0.7,5689.89
1304237,Tonantins,AM,1984,3789.33,1188.02,30.56,21.78,79.2,0.7,0.7,5559.61
1304237,Tonantins,AM,1985,3243.46,1167.7,30.73,21.44,82.83,0.58,0.67,5538.46
1304237,Tonantins,AM,1986,3586.45,1132.02,31.04,21.27,86.19,0.47,0.68,5373.83
1304237,Tonantins,AM,1987,3299.8,1145.48,31.42,22.01,88.73,0.4,0.71,5410.43
1304237,Tonantins,AM,1988,3309.68,1126.96,30.82,22.13,88.67,0.39,0.73,5356.5
1304237,Tonantins,AM,1989,3319.63,1143.44,30.68,22.05,86.83,0.45,0.7,5440.59
1304237,Tonantins,AM,1990,3159.42,1169.9,30.6,22.07,85.69,0.49,1.45,5312.88
1304237,Tonantins,AM,1991,2951.88,1171.23,30.91,21.92,86.87,0.45,1.25,5414.52
1304237,Tonantins,AM,1992,2924.24,1199.33,31.01,21.75,86.83,0.45,1.4,5540.6
1304237,Tonantins,AM,1993,3383.36,1157.05,30.94,21.72,87.21,0.44,0.85,5468.08
1304237,Tonantins,AM,1994,2917.93,1168.67,31.19,21.72,87.02,0.45,0.95,5474.68
1304237,Tonantins,AM,1995,2579.16,1206.34,31.45,21.66,86.31,0.48,1.02,5624.86
1304237,Tonantins,AM,1996,2794.79,1159.1,31.16,21.16,86.49,0.46,0.85,5459.23
1304237,Tonantins,AM,1997,2626.92,1166.42,31.3,21.7,86.15,0.48,0.86,5451.43
1304237,Tonantins,AM,1998,2505.84,1193.39,31.49,22.2,86.57,0.48,0.73,5617.16
1304237,Tonantins,AM,1999,2746.03,1161.61,30.72,21.59,88.15,0.41,0.7,5586.21
1304237,Tonantins,AM,2000,2484.18,1190.22,31.72,21.76,88.31,0.41,0.68,5645.22
1304260,Uarini,AM,1981,2627.12,1220.98,31.23,22.52,86.21,0.49,0.72,5795.3
1304260,Uarini,AM,1982,2828.19,1204.44,31.23,22.25,87.02,0.46,0.76,5720.84
1304260,Uarini,AM,1983,2574.02,1270.72,31.97,22.37,85.89,0.51,0.79,5985.21
1304260,Uarini,AM,1984,3200.7,1248.61,31.03,21.61,79.34,0.71,0.78,5850.53
1304260,Uarini,AM,1985,2932.99,1239.76,31.02,21.35,82.36,0.6,0.72,5918.61
1304260,Uarini,AM,1986,2768.3,1189.5,31.12,21.25,86.31,0.47,0.7,5704.5
1304260,Uarini,AM,1987,2678.97,1194.67,31.61,21.8,89.36,0.38,0.68,5715.5
1304260,Uarini,AM,1988,3500.56,1171.07,31.09,21.96,89.58,0.36,0.74,5609.88
1304260,Uarini,AM,1989,3261.76,1198.3,30.82,21.96,87.34,0.44,0.69,5771.73
1304260,Uarini,AM,1990,3029.93,1212.22,30.46,22.3,85.17,0.52,1.37,5572.08
1304260,Uarini,AM,1991,3197.08,1196.92,30.83,22.36,86.89,0.46,1.15,5585.11
1304260,Uarini,AM,1992,2799.66,1218.72,31.03,22.14,87.48,0.44,1.25,5719.84
1304260,Uarini,AM,1993,3043.66,1195.69,31.78,21.97,88.8,0.4,1.07,5572.86
1304260,Uarini,AM,1994,2944.07,1209.26,31.96,21.84,88.51,0.41,1.25,5592.65
1304260,Uarini,AM,1995,2514.72,1259.36,31.25,21.89,86.56,0.47,1.4,5861.9
1304260,Uarini,AM,1996,2814.78,1212.99,31.23,21.91,86.98,0.46,1.11,5684.34
1304260,Uarini,AM,1997,2908.72,1216.17,31.48,22.61,86.33,0.49,1.21,5584.96
1304260,Uarini,AM,1998,2677.48,1278.71,32.16,22.8,85.94,0.52,0.98,5901.64
1304260,Uarini,AM,1999,2877.3,1207.67,31.22,21.99,86.89,0.46,0.87,5708.74
1304260,Uarini,AM,2000,3424.43,1219.19,31.73,21.97,86.88,0.47,0.91,5709.0
1304302,Urucará,AM,1981,1992.21,1283.01,31.11,22.3,85.44,0.51,0.99,6071.92
1304302,Urucará,AM,1982,2206.03,1335.16,31.33,22.49,83.72,0.59,1.13,6212.05
1304302,Urucará,AM,1983,1801.39,1368.94,31.87,22.84,81.55,0.68,0.99,6318.86
1304302,Urucará,AM,1984,2417.44,1295.29,30.83,22.03,80.8,0.66,1.09,5993.17
1304302,Urucará,AM,1985,2033.44,1293.76,31.03,22.05,82.94,0.6,1.12,6046.48
1304302,Urucará,AM,1986,2500.23,1266.58,30.88,22.28,85.08,0.53,1.05,5973.12
1304302,Urucará,AM,1987,2070.23,1301.33,31.72,22.75,85.12,0.55,0.95,6071.14
1304302,Urucará,AM,1988,2402.39,1243.85,31.1,22.83,86.55,0.48,0.81,5886.82
1304302,Urucará,AM,1989,2681.67,1266.53,30.83,22.37,86.31,0.49,0.88,6043.34
1304302,Urucará,AM,1990,2326.01,1331.48,31.18,22.67,85.14,0.54,1.28,6192.25
1304302,Urucará,AM,1991,2187.25,1283.26,31.73,22.17,84.56,0.56,1.14,5886.72
1304302,Urucará,AM,1992,1601.42,1325.03,31.7,22.27,83.57,0.59,1.24,6065.11
1304302,Urucará,AM,1993,2611.9,1253.53,31.13,22.25,84.57,0.55,0.88,5908.56
1304302,Urucará,AM,1994,2479.54,1255.17,31.19,22.72,84.94,0.54,0.83,5908.56
1304302,Urucará,AM,1995,2183.91,1300.87,31.84,23.13,83.6,0.61,0.79,6057.63
1304302,Urucará,AM,1996,2628.84,1268.88,31.21,22.89,84.48,0.56,0.77,5987.98
1304302,Urucará,AM,1997,1881.24,1355.28,32.15,23.13,80.69,0.73,0.84,6253.05
1304302,Urucará,AM,1998,2307.77,1336.8,32.34,23.19,83.58,0.62,0.74,6232.62
1304302,Urucará,AM,1999,2683.23,1296.47,31.51,22.32,85.85,0.51,0.69,6205.29
1304302,Urucará,AM,2000,2355.84,1289.82,31.76,22.24,84.91,0.55,0.66,6129.2
1304401,Urucurituba,AM,1981,2059.56,1283.98,31.57,22.57,85.49,0.52,0.99,6022.76
1304401,Urucurituba,AM,1982,1996.13,1336.85,31.82,22.67,84.69,0.57,1.07,6197.44
1304401,Urucurituba,AM,1983,1628.79,1363.41,32.35,23.01,82.55,0.65,1.05,6237.34
1304401,Urucurituba,AM,1984,2561.77,1277.84,31.16,22.13,80.6,0.68,0.9,5959.08
1304401,Urucurituba,AM,1985,2456.67,1260.33,31.33,22.12,81.94,0.64,0.95,5854.2
1304401,Urucurituba,AM,1986,2459.6,1246.16,31.12,22.33,85.42,0.52,0.92,5886.72
1304401,Urucurituba,AM,1987,2129.87,1313.67,32.12,22.74,83.23,0.63,0.84,6098.79
1304401,Urucurituba,AM,1988,2903.41,1251.53,31.41,23.52,86.48,0.5,0.68,5904.88
1304401,Urucurituba,AM,1989,2909.38,1287.77,31.24,23.0,86.05,0.51,0.82,6104.76
1304401,Urucurituba,AM,1990,1939.04,1365.31,32.06,23.3,84.85,0.57,1.16,6291.53
1304401,Urucurituba,AM,1991,2163.67,1312.08,33.11,22.23,85.22,0.56,1.05,5951.91
1304401,Urucurituba,AM,1992,1982.54,1358.04,32.48,22.32,84.5,0.57,1.15,6244.03
1304401,Urucurituba,AM,1993,2404.51,1274.67,31.67,22.51,85.3,0.54,0.79,6022.13
1304401,Urucurituba,AM,1994,2352.38,1274.87,31.64,23.21,85.92,0.53,0.77,6001.24
1304401,Urucurituba,AM,1995,2273.67,1315.61,32.35,23.75,84.37,0.6,0.73,6092.82
1304401,Urucurituba,AM,1996,2628.92,1304.15,31.85,23.61,84.81,0.58,0.79,6083.18
1304401,Urucurituba,AM,1997,1407.56,1395.2,32.82,23.89,80.88,0.76,0.87,6354.52
1304401,Urucurituba,AM,1998,1686.25,1374.93,32.86,24.25,84.13,0.63,0.79,6328.13
1304401,Urucurituba,AM,1999,2334.78,1326.26,32.09,23.31,85.86,0.54,0.74,6248.96
1304401,Urucurituba,AM,2000,2480.29,1295.14,32.26,22.76,85.38,0.55,0.71,6071.08
1400027,Amajari,RR,1981,1742.76,1209.82,30.38,21.29,83.93,0.54,0.7,5806.45
1400027,Amajari,RR,1982,1610.03,1193.9,30.76,21.68,82.03,0.62,0.77,5579.3
1400027,Amajari,RR,1983,1136.65,1255.22,31.49,21.93,80.95,0.67,0.57,5940.44
1400027,Amajari,RR,1984,1812.21,1246.87,30.59,21.4,81.87,0.6,1.1,5763.51
1400027,Amajari,RR,1985,1719.59,1266.07,30.63,21.31,83.35,0.56,1.05,5982.23
1400027,Amajari,RR,1986,1965.91,1216.73,30.55,21.86,85.97,0.48,0.98,5749.43
1400027,Amajari,RR,1987,1695.55,1266.94,31.16,22.09,87.11,0.45,0.97,6005.95
1400027,Amajari,RR,1988,2057.01,1187.71,30.77,21.58,87.27,0.43,0.9,5608.46
1400027,Amajari,RR,1989,2369.72,1180.13,30.12,20.97,86.36,0.45,0.82,5693.5
1400027,Amajari,RR,1990,2196.21,1249.33,29.56,21.56,84.66,0.51,1.49,5862.37
1400027,Amajari,RR,1991,1764.18,1216.22,30.11,21.34,85.26,0.49,1.37,5653.92
1400027,Amajari,RR,1992,1480.15,1288.54,30.63,21.82,83.75,0.56,1.57,5849.12
1400027,Amajari,RR,1993,2239.38,1160.17,30.25,21.7,84.99,0.51,0.76,5503.58
1400027,Amajari,RR,1994,2540.34,1191.6,30.83,22.06,84.98,0.52,1.15,5434.31
1400027,Amajari,RR,1995,1988.82,1220.62,31.25,21.53,84.55,0.54,0.92,5645.75
1400027,Amajari,RR,1996,2368.42,1184.02,30.61,21.36,86.08,0.47,0.99,5556.94
1400027,Amajari,RR,1997,1892.05,1220.11,31.27,21.51,85.15,0.52,1.22,5562.02
1400027,Amajari,RR,1998,2548.08,1270.57,32.19,22.23,82.03,0.66,1.14,5551.65
1400027,Amajari,RR,1999,2489.62,1248.82,31.34,21.55,84.08,0.56,1.09,5717.38
1400027,Amajari,RR,2000,2394.04,1293.3,31.24,21.53,83.38,0.58,1.06,5987.98
1400050,Alto Alegre,RR,1981,1710.04,1199.63,29.85,20.8,84.08,0.52,0.68,5824.51
1400050,Alto Alegre,RR,1982,1636.31,1179.11,30.16,21.06,82.59,0.58,0.76,5596.74
1400050,Alto Alegre,RR,1983,1148.01,1245.95,30.92,21.32,81.17,0.64,0.6,5954.42
1400050,Alto Alegre,RR,1984,1815.33,1236.74,30.08,20.76,81.88,0.58,1.1,5784.4
1400050,Alto Alegre,RR,1985,1786.45,1252.66,30.1,20.69,83.43,0.54,1.04,5994.95
1400050,Alto Alegre,RR,1986,2038.46,1210.94,30.06,21.3,86.22,0.46,0.98,5798.75
1400050,Alto Alegre,RR,1987,1671.04,1255.32,30.67,21.53,87.33,0.43,0.98,6022.91
1400050,Alto Alegre,RR,1988,2068.4,1175.58,30.29,21.06,88.0,0.4,0.9,5627.78
1400050,Alto Alegre,RR,1989,2405.14,1174.15,29.66,20.53,86.47,0.44,0.84,5720.68
1400050,Alto Alegre,RR,1990,2359.3,1228.55,29.03,21.08,84.8,0.49,1.47,5828.75
1400050,Alto Alegre,RR,1991,1884.39,1202.04,29.66,20.89,85.41,0.48,1.33,5653.92
1400050,Alto Alegre,RR,1992,1545.21,1268.78,30.14,21.35,84.0,0.54,1.52,5848.18
1400050,Alto Alegre,RR,1993,2237.26,1168.11,29.9,21.13,85.25,0.49,0.91,5551.34
1400050,Alto Alegre,RR,1994,2260.12,1184.33,30.41,21.4,85.19,0.5,1.2,5454.26
1400050,Alto Alegre,RR,1995,2029.96,1217.75,30.79,20.94,84.73,0.51,1.03,5670.25
1400050,Alto Alegre,RR,1996,2328.97,1174.86,30.05,20.74,86.21,0.45,0.96,5594.17
1400050,Alto Alegre,RR,1997,1911.37,1194.41,30.76,20.82,85.23,0.5,1.18,5504.21
1400050,Alto Alegre,RR,1998,2422.74,1252.66,31.69,21.6,82.39,0.63,1.1,5570.35
1400050,Alto Alegre,RR,1999,2505.17,1231.11,30.78,20.96,84.35,0.53,1.05,5733.09
1400050,Alto Alegre,RR,2000,2491.54,1275.28,30.78,20.96,83.77,0.55,1.02,5988.45
1400100,Boa Vista,RR,1981,1882.47,1259.26,31.92,22.72,84.04,0.59,0.66,5885.15
1400100,Boa Vista,RR,1982,1419.82,1260.64,32.64,23.54,80.89,0.74,0.75,5669.78
1400100,Boa Vista,RR,1983,1057.16,1312.8,33.19,23.88,80.64,0.76,0.57,6001.24
1400100,Boa Vista,RR,1984,1783.12,1295.75,32.01,23.27,81.92,0.66,1.09,5820.22
1400100,Boa Vista,RR,1985,1675.77,1327.18,32.04,23.1,82.66,0.64,1.07,6063.13
1400100,Boa Vista,RR,1986,1634.6,1275.94,31.95,23.38,85.56,0.54,1.0,5867.71
1400100,Boa Vista,RR,1987,1575.16,1327.89,32.65,23.5,85.69,0.55,1.0,6078.84
1400100,Boa Vista,RR,1988,1659.67,1242.17,32.16,22.81,86.89,0.48,0.86,5737.74
1400100,Boa Vista,RR,1989,1711.78,1234.85,31.55,22.11,86.7,0.48,0.9,5811.0
1400100,Boa Vista,RR,1990,1684.83,1322.62,31.25,22.77,84.23,0.57,1.46,6030.77
1400100,Boa Vista,RR,1991,1519.22,1272.11,31.53,22.28,84.66,0.55,1.34,5766.08
1400100,Boa Vista,RR,1992,1053.14,1356.61,31.97,23.07,83.17,0.63,1.54,6004.48
1400100,Boa Vista,RR,1993,1718.14,1242.88,31.77,23.23,83.54,0.61,0.83,5715.02
1400100,Boa Vista,RR,1994,1414.16,1268.88,32.24,23.7,83.77,0.62,1.18,5614.17
1400100,Boa Vista,RR,1995,1456.33,1302.56,32.66,23.35,82.85,0.66,0.93,5850.28
1400100,Boa Vista,RR,1996,1720.5,1273.03,32.37,23.31,84.88,0.58,1.0,5761.15
1400100,Boa Vista,RR,1997,1082.21,1328.51,32.85,23.96,82.53,0.69,1.26,5775.66
1400100,Boa Vista,RR,1998,1969.08,1365.41,33.77,24.39,80.33,0.81,1.19,5727.59
1400100,Boa Vista,RR,1999,2073.24,1322.62,33.2,23.51,83.18,0.66,1.12,5784.46
1400100,Boa Vista,RR,2000,1701.12,1352.61,32.48,23.35,82.95,0.65,1.09,6077.21
1400159,Bonfim,RR,1981,1953.38,1252.86,31.64,22.47,83.71,0.59,0.68,5871.32
1400159,Bonfim,RR,1982,1448.31,1247.39,32.3,23.2,80.54,0.74,0.77,5629.73
1400159,Bonfim,RR,1983,1071.38,1296.93,32.94,23.51,81.06,0.73,0.59,5950.5
1400159,Bonfim,RR,1984,1462.58,1287.51,31.78,22.93,81.92,0.65,1.12,5798.07
1400159,Bonfim,RR,1985,1654.29,1310.54,31.8,22.79,82.44,0.63,1.07,6005.63
1400159,Bonfim,RR,1986,1432.9,1272.41,31.7,23.16,85.55,0.53,1.02,5871.32
1400159,Bonfim,RR,1987,1324.13,1341.76,32.39,23.28,84.82,0.57,1.05,6141.04
1400159,Bonfim,RR,1988,1749.84,1252.35,31.93,22.62,85.62,0.52,0.87,5802.94
1400159,Bonfim,RR,1989,1732.89,1256.8,31.33,21.88,86.59,0.47,0.92,5958.04
1400159,Bonfim,RR,1990,1812.06,1320.52,31.11,22.49,85.07,0.53,1.44,6102.08
1400159,Bonfim,RR,1991,1542.69,1277.02,31.37,22.0,84.69,0.54,1.33,5832.05
1400159,Bonfim,RR,1992,1189.22,1354.82,31.7,22.83,83.31,0.62,1.52,6058.83
1400159,Bonfim,RR,1993,1629.75,1274.87,31.57,23.04,83.18,0.62,0.84,5916.72
1400159,Bonfim,RR,1994,1319.62,1264.53,32.0,23.47,83.5,0.62,1.18,5605.22
1400159,Bonfim,RR,1995,1578.8,1325.54,32.45,23.11,82.52,0.66,0.93,5996.99
1400159,Bonfim,RR,1996,1778.49,1273.85,32.04,22.96,84.68,0.57,1.0,5813.93
1400159,Bonfim,RR,1997,1243.88,1320.88,32.58,23.5,82.54,0.67,1.26,5775.82
1400159,Bonfim,RR,1998,1776.72,1359.52,33.54,24.0,79.73,0.82,1.2,5701.36
1400159,Bonfim,RR,1999,1878.47,1313.2,32.91,23.15,82.68,0.67,1.13,5759.79
1400159,Bonfim,RR,2000,1718.47,1345.19,32.28,23.03,82.47,0.66,1.09,6053.96
1400175,Cantá,RR,1981,1972.2,1247.9,31.48,22.43,83.84,0.59,0.67,5878.24
1400175,Cantá,RR,1982,1588.25,1235.87,31.93,22.85,80.71,0.71,0.76,5637.89
1400175,Cantá,RR,1983,1385.71,1295.29,32.92,23.04,80.37,0.75,0.57,5973.43
1400175,Cantá,RR,1984,1825.06,1284.9,31.81,22.57,81.93,0.65,1.1,5806.55
1400175,Cantá,RR,1985,1720.41,1312.8,31.83,22.5,82.73,0.62,1.07,6036.89
1400175,Cantá,RR,1986,1745.9,1270.93,31.65,23.21,85.59,0.53,1.01,5876.82
1400175,Cantá,RR,1987,1608.4,1325.18,32.31,23.34,85.75,0.54,1.0,6106.01
1400175,Cantá,RR,1988,1840.2,1245.08,31.91,22.69,86.98,0.48,0.87,5789.58
1400175,Cantá,RR,1989,1899.0,1250.0,31.33,22.0,86.75,0.47,0.93,5912.01
1400175,Cantá,RR,1990,1654.51,1317.91,31.15,22.67,85.13,0.54,1.42,6075.7
1400175,Cantá,RR,1991,1664.82,1270.88,31.45,22.17,84.69,0.55,1.3,5787.44
1400175,Cantá,RR,1992,1133.95,1345.91,31.78,22.91,83.35,0.62,1.47,6014.84
1400175,Cantá,RR,1993,1739.88,1259.98,31.6,23.08,83.35,0.61,0.85,5821.37
1400175,Cantá,RR,1994,1657.67,1261.1,32.0,23.52,83.62,0.62,1.16,5596.42
1400175,Cantá,RR,1995,1937.48,1298.11,32.39,22.77,82.64,0.65,0.91,5876.04
1400175,Cantá,RR,1996,1957.55,1250.41,31.71,22.49,84.83,0.55,0.97,5758.64
1400175,Cantá,RR,1997,1480.54,1296.88,32.43,22.67,82.72,0.65,1.22,5726.96
1400175,Cantá,RR,1998,2049.09,1348.47,33.6,23.43,79.87,0.8,1.15,5685.81
1400175,Cantá,RR,1999,1961.74,1301.07,32.74,22.71,82.8,0.65,1.09,5762.15
1400175,Cantá,RR,2000,2144.55,1343.71,32.42,22.7,82.55,0.65,1.05,6064.48
1400209,Caracaraí,RR,1981,2000.55,1248.2,31.49,22.43,85.15,0.53,0.67,5921.59
1400209,Caracaraí,RR,1982,2143.14,1236.59,31.64,22.51,83.26,0.6,0.78,5764.51
1400209,Caracaraí,RR,1983,1803.52,1312.44,32.61,22.65,80.99,0.71,0.62,6128.0
1400209,Caracaraí,RR,1984,1935.14,1297.8,31.83,22.12,80.42,0.69,1.06,5882.42
1400209,Caracaraí,RR,1985,1974.89,1311.11,31.91,22.05,83.39,0.59,1.05,6096.12
1400209,Caracaraí,RR,1986,2129.68,1260.08,31.77,22.81,86.37,0.5,0.97,5874.15
1400209,Caracaraí,RR,1987,1816.83,1285.26,32.43,23.09,86.37,0.51,0.93,5942.33
1400209,Caracaraí,RR,1988,1801.62,1236.54,32.15,22.84,87.9,0.45,0.87,5740.57
1400209,Caracaraí,RR,1989,2063.27,1239.45,31.48,22.47,86.43,0.49,0.86,5837.55
1400209,Caracaraí,RR,1990,2095.71,1289.87,30.84,23.06,84.64,0.56,1.38,5910.28
1400209,Caracaraí,RR,1991,1961.41,1254.76,31.77,22.74,84.79,0.56,1.22,5662.4
1400209,Caracaraí,RR,1992,1521.8,1315.97,32.04,23.06,83.84,0.6,1.34,5889.65
1400209,Caracaraí,RR,1993,1996.47,1229.93,31.78,22.72,85.34,0.53,0.92,5690.99
1400209,Caracaraí,RR,1994,1827.95,1239.04,32.19,22.97,85.09,0.56,1.07,5601.61
1400209,Caracaraí,RR,1995,1944.5,1287.51,32.66,22.51,84.07,0.59,0.91,5863.78
1400209,Caracaraí,RR,1996,2074.67,1221.74,31.56,22.14,85.76,0.51,0.92,5691.4
1400209,Caracaraí,RR,1997,1443.45,1262.64,32.46,21.89,83.22,0.61,1.12,5651.25
1400209,Caracaraí,RR,1998,2129.4,1312.33,33.51,22.88,81.54,0.72,1.02,5704.5
1400209,Caracaraí,RR,1999,2252.39,1273.54,32.47,22.36,83.82,0.6,0.94,5797.97
1400209,Caracaraí,RR,2000,2395.57,1329.63,32.72,22.47,84.19,0.59,0.92,6092.29
1400233,Caroebe,RR,1981,1967.02,1235.05,30.9,21.82,84.62,0.53,0.75,5876.35
1400233,Caroebe,RR,1982,1702.3,1234.74,31.18,22.04,81.8,0.64,0.83,5738.74
1400233,Caroebe,RR,1983,1594.08,1283.47,32.0,22.24,81.29,0.68,0.69,5988.67
1400233,Caroebe,RR,1984,1983.71,1256.14,31.02,21.71,81.94,0.62,1.05,5801.84
1400233,Caroebe,RR,1985,1899.89,1277.17,31.08,21.74,82.42,0.61,1.02,5977.36
1400233,Caroebe,RR,1986,2018.76,1252.25,31.0,22.33,84.82,0.54,1.0,5856.72
1400233,Caroebe,RR,1987,1705.32,1310.34,31.7,22.62,84.86,0.55,1.01,6091.87
1400233,Caroebe,RR,1988,1906.92,1231.21,31.38,22.26,86.46,0.48,0.82,5794.61
1400233,Caroebe,RR,1989,2330.02,1254.24,30.72,21.72,86.37,0.47,0.91,6008.93
1400233,Caroebe,RR,1990,2216.24,1329.94,30.64,22.12,85.35,0.51,1.37,6271.11
1400233,Caroebe,RR,1991,1821.31,1272.26,31.01,21.69,84.85,0.53,1.24,5900.54
1400233,Caroebe,RR,1992,1437.11,1331.99,31.29,22.04,83.47,0.59,1.39,6080.35
1400233,Caroebe,RR,1993,1847.75,1256.7,31.04,22.27,83.57,0.58,0.85,5913.58
1400233,Caroebe,RR,1994,1885.27,1241.76,31.36,22.62,83.86,0.58,1.06,5674.02
1400233,Caroebe,RR,1995,1984.23,1303.02,31.96,22.39,82.71,0.63,0.88,6012.7
1400233,Caroebe,RR,1996,2379.2,1246.36,31.08,21.95,84.64,0.54,0.95,5843.15
1400233,Caroebe,RR,1997,1485.33,1308.09,31.92,22.04,81.81,0.66,1.17,5890.18
1400233,Caroebe,RR,1998,2275.5,1325.39,32.75,22.67,81.05,0.71,1.08,5829.07
1400233,Caroebe,RR,1999,2608.2,1272.0,31.84,21.98,83.75,0.59,0.99,5842.11
1400233,Caroebe,RR,2000,2647.44,1308.7,31.83,22.0,83.89,0.58,0.94,6074.07
1400282,Iracema,RR,1981,1898.34,1224.76,30.74,21.71,84.27,0.54,0.69,5856.24
1400282,Iracema,RR,1982,1977.82,1207.21,30.97,21.89,82.55,0.61,0.77,5652.97
1400282,Iracema,RR,1983,1675.18,1273.39,31.86,22.07,81.09,0.68,0.59,6010.03
1400282,Iracema,RR,1984,1767.25,1261.87,31.05,21.58,81.72,0.62,1.09,5795.55
1400282,Iracema,RR,1985,1804.07,1275.33,31.09,21.51,83.49,0.56,1.04,5991.65
1400282,Iracema,RR,1986,1988.59,1229.37,30.99,22.22,86.33,0.48,0.98,5781.31
1400282,Iracema,RR,1987,1639.94,1272.98,31.62,22.48,87.36,0.46,0.98,5987.1
1400282,Iracema,RR,1988,1935.29,1196.2,31.29,22.01,88.08,0.42,0.89,5620.09
1400282,Iracema,RR,1989,2241.0,1194.52,30.6,21.51,86.52,0.46,0.82,5715.34
1400282,Iracema,RR,1990,2120.98,1254.96,29.97,22.08,84.76,0.52,1.44,5840.06
1400282,Iracema,RR,1991,1932.62,1227.02,30.75,21.89,85.4,0.51,1.28,5655.96
1400282,Iracema,RR,1992,1385.75,1290.38,31.11,22.32,84.08,0.57,1.44,5850.69
1400282,Iracema,RR,1993,2056.08,1188.99,30.89,22.08,85.38,0.51,0.88,5562.34
1400282,Iracema,RR,1994,1968.0,1197.69,31.32,22.38,85.19,0.53,1.08,5451.12
1400282,Iracema,RR,1995,1993.42,1251.94,31.77,21.81,84.47,0.55,1.0,5745.34
1400282,Iracema,RR,1996,2151.9,1198.87,30.88,21.53,86.18,0.48,0.95,5640.66
1400282,Iracema,RR,1997,1571.2,1227.73,31.7,21.44,85.09,0.53,1.16,5584.17
1400282,Iracema,RR,1998,2108.23,1278.56,32.69,22.31,82.34,0.66,1.06,5610.09
1400282,Iracema,RR,1999,2362.31,1259.41,31.72,21.73,84.35,0.56,1.0,5799.38
1400282,Iracema,RR,2000,2326.97,1305.48,31.82,21.8,83.82,0.58,0.99,6034.01
1400308,Mucajaí,RR,1981,1905.38,1230.75,31.01,22.0,84.12,0.56,0.68,5854.05
1400308,Mucajaí,RR,1982,1690.75,1213.5,31.32,22.24,81.91,0.64,0.77,5623.91
1400308,Mucajaí,RR,1983,1300.38,1280.24,32.35,22.39,80.92,0.7,0.58,5991.81
1400308,Mucajaí,RR,1984,1724.37,1272.26,31.39,21.94,81.89,0.63,1.12,5798.38
1400308,Mucajaí,RR,1985,1763.44,1290.69,31.42,21.88,83.36,0.58,1.08,6007.68
1400308,Mucajaí,RR,1986,1879.85,1241.65,31.25,22.68,86.28,0.49,1.01,5798.12
1400308,Mucajaí,RR,1987,1751.94,1280.65,31.89,22.82,87.12,0.47,1.0,5972.65
1400308,Mucajaí,RR,1988,1767.6,1207.72,31.54,22.27,87.87,0.43,0.93,5636.89
1400308,Mucajaí,RR,1989,2198.2,1209.87,30.86,21.73,86.39,0.47,0.9,5735.92
1400308,Mucajaí,RR,1990,1812.84,1271.54,30.39,22.39,84.58,0.54,1.44,5865.04
1400308,Mucajaí,RR,1991,1729.08,1236.28,31.03,22.07,85.24,0.52,1.31,5654.7
1400308,Mucajaí,RR,1992,1156.61,1308.96,31.43,22.62,83.61,0.59,1.48,5864.67
1400308,Mucajaí,RR,1993,1874.3,1214.68,31.22,22.51,85.0,0.53,0.96,5619.52
1400308,Mucajaí,RR,1994,1841.67,1216.88,31.61,22.92,84.81,0.56,1.16,5457.24
1400308,Mucajaí,RR,1995,1959.97,1263.56,31.97,22.09,84.46,0.56,1.03,5759.32
1400308,Mucajaí,RR,1996,2043.92,1211.1,31.16,21.84,85.95,0.49,0.96,5653.7
1400308,Mucajaí,RR,1997,1436.35,1237.0,31.96,21.81,85.0,0.54,1.19,5574.59
1400308,Mucajaí,RR,1998,2165.3,1301.54,33.11,22.68,81.57,0.71,1.1,5610.4
1400308,Mucajaí,RR,1999,2296.08,1271.65,32.16,22.06,83.79,0.59,1.04,5757.44
1400308,Mucajaí,RR,2000,2430.84,1321.44,32.09,22.11,83.15,0.61,1.03,6035.11
1400407,Normandia,RR,1981,2006.21,1246.98,31.35,22.21,83.96,0.58,0.68,5888.92
1400407,Normandia,RR,1982,1175.81,1241.91,31.92,22.82,80.94,0.7,0.77,5670.72
1400407,Normandia,RR,1983,828.99,1292.58,32.61,23.13,81.33,0.7,0.59,5982.54
1400407,Normandia,RR,1984,1371.69,1284.65,31.51,22.54,81.16,0.67,1.13,5808.59
1400407,Normandia,RR,1985,1592.92,1306.86,31.54,22.44,82.17,0.63,1.06,6034.07
1400407,Normandia,RR,1986,1181.15,1278.96,31.44,22.88,83.66,0.59,1.02,5889.08
1400407,Normandia,RR,1987,1279.47,1335.78,32.11,23.04,84.61,0.57,1.05,6146.38
1400407,Normandia,RR,1988,1797.73,1248.31,31.71,22.42,85.13,0.53,0.87,5804.19
1400407,Normandia,RR,1989,1580.15,1253.68,31.04,21.7,85.72,0.5,0.92,5958.82
1400407,Normandia,RR,1990,1665.45,1320.11,30.87,22.27,84.22,0.56,1.48,6080.88
1400407,Normandia,RR,1991,1259.62,1279.94,31.09,21.78,84.28,0.55,1.4,5852.32
1400407,Normandia,RR,1992,962.7,1352.97,31.48,22.58,83.25,0.61,1.57,6068.1
1400407,Normandia,RR,1993,1695.67,1269.8,31.33,22.78,83.28,0.6,0.84,5931.49
1400407,Normandia,RR,1994,1698.05,1261.1,31.74,23.18,83.63,0.61,1.19,5642.45
1400407,Normandia,RR,1995,1724.51,1321.7,32.22,22.82,82.53,0.65,0.94,6017.57
1400407,Normandia,RR,1996,1757.26,1266.58,31.7,22.59,84.63,0.56,1.01,5831.52
1400407,Normandia,RR,1997,1149.7,1320.42,32.31,23.03,82.2,0.67,1.28,5812.26
1400407,Normandia,RR,1998,1502.46,1352.77,33.27,23.57,80.25,0.78,1.21,5741.89
1400407,Normandia,RR,1999,1704.64,1303.94,32.56,22.77,83.13,0.64,1.14,5784.46
1400407,Normandia,RR,2000,1316.07,1336.7,32.05,22.67,82.99,0.63,1.1,6068.88
1400456,Pacaraima,RR,1981,1567.53,1231.16,31.21,22.07,84.08,0.57,0.69,5817.6
1400456,Pacaraima,RR,1982,1206.7,1225.89,31.74,22.66,81.14,0.69,0.76,5614.96
1400456,Pacaraima,RR,1983,896.55,1283.78,32.45,22.95,81.41,0.69,0.56,5980.81
1400456,Pacaraima,RR,1984,1910.68,1271.24,31.38,22.38,81.93,0.64,1.11,5776.86
1400456,Pacaraima,RR,1985,1807.39,1297.34,31.39,22.27,82.44,0.62,1.08,6000.61
1400456,Pacaraima,RR,1986,1379.33,1246.41,31.31,22.73,86.08,0.5,1.01,5806.61
1400456,Pacaraima,RR,1987,1775.35,1306.96,31.97,22.95,85.58,0.53,1.0,6059.2
1400456,Pacaraima,RR,1988,2089.2,1215.65,31.56,22.3,86.79,0.47,0.87,5663.91
1400456,Pacaraima,RR,1989,1843.23,1229.63,30.95,21.62,85.85,0.49,0.89,5837.55
1400456,Pacaraima,RR,1990,1663.71,1308.75,30.65,22.24,84.18,0.55,1.5,6029.2
1400456,Pacaraima,RR,1991,1508.14,1257.98,30.96,21.73,84.55,0.54,1.41,5743.3
1400456,Pacaraima,RR,1992,1077.2,1345.7,31.37,22.47,83.15,0.61,1.58,6032.75
1400456,Pacaraima,RR,1993,1808.14,1227.17,31.16,22.58,84.0,0.57,0.83,5728.38
1400456,Pacaraima,RR,1994,1935.96,1229.01,31.61,23.01,84.56,0.57,1.21,5504.06
1400456,Pacaraima,RR,1995,1931.87,1290.94,32.06,22.59,83.27,0.61,0.95,5887.82
1400456,Pacaraima,RR,1996,2081.04,1240.89,31.54,22.39,85.73,0.51,1.02,5738.53
1400456,Pacaraima,RR,1997,1283.87,1275.84,32.14,22.77,83.64,0.61,1.27,5653.13
1400456,Pacaraima,RR,1998,2018.76,1311.36,33.1,23.34,81.21,0.73,1.19,5574.9
1400456,Pacaraima,RR,1999,2230.57,1286.95,32.37,22.56,83.51,0.62,1.14,5729.48
1400456,Pacaraima,RR,2000,1842.22,1337.82,31.94,22.51,82.9,0.63,1.1,6088.2
1400472,Rorainópolis,RR,1981,2056.84,1246.93,31.61,22.26,85.4,0.52,0.74,5894.73
1400472,Rorainópolis,RR,1982,2171.03,1242.22,31.78,22.51,83.44,0.6,0.84,5759.48
1400472,Rorainópolis,RR,1983,1997.84,1316.53,32.42,22.92,81.37,0.69,0.71,6108.06
1400472,Rorainópolis,RR,1984,2049.74,1287.77,31.66,22.23,80.37,0.69,1.0,5873.62
1400472,Rorainópolis,RR,1985,1944.1,1301.43,31.82,22.18,83.32,0.59,1.01,6057.16
1400472,Rorainópolis,RR,1986,2327.53,1247.74,31.75,22.52,86.56,0.49,0.95,5840.22
1400472,Rorainópolis,RR,1987,1947.98,1274.92,32.48,22.92,86.37,0.51,0.87,5906.04
1400472,Rorainópolis,RR,1988,2009.6,1226.96,32.14,22.92,88.15,0.44,0.83,5710.25
1400472,Rorainópolis,RR,1989,2368.96,1243.65,31.6,22.59,86.73,0.48,0.85,5851.38
1400472,Rorainópolis,RR,1990,2503.71,1296.93,30.93,23.14,84.75,0.56,1.34,5955.21
1400472,Rorainópolis,RR,1991,2079.45,1259.41,31.82,22.86,84.62,0.57,1.17,5695.86
1400472,Rorainópolis,RR,1992,1615.09,1303.99,32.0,22.89,84.23,0.58,1.27,5888.55
1400472,Rorainópolis,RR,1993,2531.42,1223.69,31.66,22.55,85.27,0.53,0.93,5673.55
1400472,Rorainópolis,RR,1994,2246.77,1232.59,32.15,22.67,85.39,0.54,1.04,5617.16
1400472,Rorainópolis,RR,1995,2010.31,1291.81,32.66,22.7,83.58,0.62,0.93,5866.77
1400472,Rorainópolis,RR,1996,2492.98,1229.06,31.81,22.49,85.75,0.52,0.92,5694.39
1400472,Rorainópolis,RR,1997,1782.78,1277.63,32.55,22.56,82.82,0.64,1.12,5697.59
1400472,Rorainópolis,RR,1998,2026.05,1307.32,33.13,23.16,82.33,0.68,1.02,5757.59
1400472,Rorainópolis,RR,1999,2609.66,1264.53,32.26,22.53,84.39,0.58,0.94,5785.56
1400472,Rorainópolis,RR,2000,2664.31,1317.3,32.42,22.64,84.59,0.57,0.91,6074.22
1400506,São João da Baliza,RR,1981,2003.54,1235.92,31.07,21.97,84.96,0.53,0.74,5876.04
1400506,São João da Baliza,RR,1982,1948.53,1239.96,31.31,22.16,82.01,0.64,0.83,5757.91
1400506,São João da Baliza,RR,1983,1793.22,1290.79,32.14,22.35,80.87,0.7,0.68,6009.56
1400506,São João da Baliza,RR,1984,2129.76,1258.49,31.19,21.83,81.9,0.62,1.02,5808.9
1400506,São João da Baliza,RR,1985,1905.36,1279.78,31.26,21.86,83.0,0.59,1.02,5990.55
1400506,São João da Baliza,RR,1986,2106.64,1243.8,31.19,22.43,86.31,0.49,0.98,5848.39
1400506,São João da Baliza,RR,1987,1751.49,1297.75,31.89,22.75,85.41,0.54,0.95,6048.68
1400506,São João da Baliza,RR,1988,1760.39,1229.78,31.57,22.47,87.07,0.46,0.81,5771.99
1400506,São João da Baliza,RR,1989,2391.61,1248.61,30.94,21.92,86.46,0.47,0.92,5946.41
1400506,São João da Baliza,RR,1990,2290.99,1319.3,30.79,22.3,85.24,0.52,1.36,6175.29
1400506,São João da Baliza,RR,1991,1855.41,1266.07,31.28,21.79,85.12,0.53,1.22,5849.49
1400506,São João da Baliza,RR,1992,1437.49,1320.01,31.48,22.26,83.79,0.58,1.35,6018.62
1400506,São João da Baliza,RR,1993,1939.61,1244.06,31.21,22.39,83.76,0.58,0.87,5814.15
1400506,São João da Baliza,RR,1994,1988.9,1241.65,31.57,22.7,84.0,0.58,1.04,5663.81
1400506,São João da Baliza,RR,1995,1879.62,1283.11,32.11,22.45,82.84,0.63,0.86,5890.02
1400506,São João da Baliza,RR,1996,2463.26,1237.2,31.22,22.05,84.75,0.54,0.9,5787.7
1400506,São João da Baliza,RR,1997,1588.93,1302.87,32.09,22.08,81.89,0.66,1.14,5855.3
1400506,São João da Baliza,RR,1998,2218.69,1323.39,32.92,22.75,81.29,0.71,1.05,5828.6
1400506,São João da Baliza,RR,1999,2622.26,1273.8,31.97,22.09,83.91,0.58,0.95,5855.93
1400506,São João da Baliza,RR,2000,2643.49,1311.62,32.03,22.13,84.11,0.58,0.91,6082.71
1400605,São Luiz,RR,1981,1984.18,1238.84,31.14,22.09,84.86,0.53,0.72,5886.4
1400605,São Luiz,RR,1982,1823.42,1239.45,31.37,22.24,82.01,0.64,0.81,5760.26
1400605,São Luiz,RR,1983,1596.36,1293.35,32.3,22.38,80.75,0.7,0.65,6023.54
1400605,São Luiz,RR,1984,2003.3,1265.09,31.36,21.9,81.89,0.63,1.04,5815.82
1400605,São Luiz,RR,1985,1920.81,1287.15,31.42,21.92,83.05,0.59,1.03,6007.2
1400605,São Luiz,RR,1986,2124.31,1249.59,31.32,22.61,86.3,0.49,0.98,5856.72
1400605,São Luiz,RR,1987,1766.5,1303.07,31.99,22.91,85.47,0.54,0.96,6057.16
1400605,São Luiz,RR,1988,1789.03,1234.18,31.69,22.58,87.12,0.47,0.82,5772.62
1400605,São Luiz,RR,1989,2304.84,1250.25,31.09,21.96,86.51,0.48,0.92,5939.97
1400605,São Luiz,RR,1990,2284.12,1320.83,30.85,22.38,85.28,0.52,1.37,6172.46
1400605,São Luiz,RR,1991,1852.57,1267.76,31.35,21.88,85.16,0.53,1.23,5846.66
1400605,São Luiz,RR,1992,1501.48,1323.7,31.58,22.42,83.77,0.59,1.35,6014.69
1400605,São Luiz,RR,1993,1859.93,1246.82,31.34,22.53,83.77,0.58,0.87,5811.95
1400605,São Luiz,RR,1994,1888.74,1244.88,31.71,22.85,83.98,0.59,1.04,5654.86
1400605,São Luiz,RR,1995,1983.4,1285.93,32.22,22.44,82.86,0.63,0.86,5888.76
1400605,São Luiz,RR,1996,2309.16,1236.48,31.27,22.01,84.83,0.54,0.9,5785.5
1400605,São Luiz,RR,1997,1594.25,1296.93,32.15,21.94,82.08,0.65,1.14,5830.01
1400605,São Luiz,RR,1998,2229.07,1326.26,33.12,22.74,81.13,0.72,1.04,5807.7
1400605,São Luiz,RR,1999,2575.93,1277.53,32.12,22.13,83.81,0.59,0.95,5857.03
1400605,São Luiz,RR,2000,2610.56,1316.58,32.2,22.19,84.03,0.58,0.92,6087.42
1400704,Uiramutã,RR,1981,1763.9,1177.37,28.0,18.84,84.08,0.47,0.8,5893.16
1400704,Uiramutã,RR,1982,1071.79,1176.96,28.49,19.37,81.83,0.55,0.95,5671.82
1400704,Uiramutã,RR,1983,808.6,1227.37,29.21,19.7,81.54,0.57,0.76,5986.63
1400704,Uiramutã,RR,1984,1473.13,1210.69,28.16,19.09,81.07,0.55,1.24,5815.66
1400704,Uiramutã,RR,1985,1564.03,1233.67,28.19,19.01,82.04,0.52,1.18,6052.76
1400704,Uiramutã,RR,1986,1239.51,1191.55,28.09,19.5,85.56,0.43,1.08,5908.56
1400704,Uiramutã,RR,1987,1510.67,1248.72,28.76,19.75,84.88,0.46,1.05,6150.47
1400704,Uiramutã,RR,1988,1985.5,1174.61,28.37,19.15,85.39,0.43,0.91,5805.61
1400704,Uiramutã,RR,1989,1667.86,1169.9,27.71,18.46,85.63,0.41,0.89,5925.21
1400704,Uiramutã,RR,1990,1556.6,1231.62,27.49,18.98,84.06,0.46,1.54,6069.25
1400704,Uiramutã,RR,1991,1303.6,1199.07,27.82,18.5,84.26,0.45,1.46,5850.59
1400704,Uiramutã,RR,1992,872.89,1260.9,28.21,19.27,83.31,0.5,1.62,6061.66
1400704,Uiramutã,RR,1993,1682.26,1186.58,27.99,19.36,84.1,0.47,0.83,5933.84
1400704,Uiramutã,RR,1994,1666.86,1178.55,28.39,19.77,84.73,0.46,1.22,5688.63
1400704,Uiramutã,RR,1995,1703.51,1235.82,28.91,19.46,83.48,0.5,0.96,6033.6
1400704,Uiramutã,RR,1996,1634.84,1189.86,28.32,19.19,85.07,0.44,1.02,5878.02
1400704,Uiramutã,RR,1997,1178.66,1231.67,28.98,19.54,82.71,0.53,1.29,5834.1
1400704,Uiramutã,RR,1998,1637.6,1263.56,29.9,20.11,81.08,0.61,1.22,5784.93
1400704,Uiramutã,RR,1999,1966.94,1217.65,29.14,19.33,83.64,0.5,1.16,5811.0
1400704,Uiramutã,RR,2000,1678.49,1249.07,28.75,19.27,83.31,0.51,1.12,6071.24
1500107,Abaetetuba,PA,1981,2064.99,1467.52,31.84,22.77,82.05,0.66,1.26,6826.57
1500107,Abaetetuba,PA,1982,2633.59,1398.73,31.45,22.61,85.23,0.53,1.27,6616.07
1500107,Abaetetuba,PA,1983,2018.06,1512.09,31.85,22.78,80.07,0.72,1.58,6857.2
1500107,Abaetetuba,PA,1984,2953.41,1409.37,31.28,22.14,82.21,0.63,1.26,6611.3
1500107,Abaetetuba,PA,1985,3084.93,1372.47,30.9,22.28,80.71,0.68,1.27,6357.66
1500107,Abaetetuba,PA,1986,2632.72,1384.09,31.18,22.35,85.46,0.52,1.35,6584.34
1500107,Abaetetuba,PA,1987,2074.13,1451.19,31.92,22.97,84.5,0.57,1.3,6806.93
1500107,Abaetetuba,PA,1988,3072.93,1366.54,31.59,22.87,86.27,0.5,1.15,6473.54
1500107,Abaetetuba,PA,1989,3116.61,1340.13,31.29,22.48,86.05,0.5,1.04,6402.91
1500107,Abaetetuba,PA,1990,2363.68,1438.44,31.74,22.76,85.03,0.54,1.2,6842.12
1500107,Abaetetuba,PA,1991,2136.66,1366.43,31.18,22.64,84.79,0.54,1.39,6373.53
1500107,Abaetetuba,PA,1992,2030.2,1485.28,31.23,22.69,83.5,0.59,1.66,6949.82
1500107,Abaetetuba,PA,1993,2460.95,1434.76,31.17,23.0,85.1,0.54,1.59,6781.8
1500107,Abaetetuba,PA,1994,3037.41,1411.17,31.17,23.31,86.0,0.51,1.5,6693.2
1500107,Abaetetuba,PA,1995,2376.7,1423.24,31.6,23.18,84.56,0.57,1.39,6630.37
1500107,Abaetetuba,PA,1996,2788.28,1422.83,31.57,23.12,85.13,0.55,1.44,6632.04
1500107,Abaetetuba,PA,1997,2289.81,1457.74,32.0,23.3,83.88,0.6,1.58,6654.4
1500107,Abaetetuba,PA,1998,2388.41,1513.78,32.69,24.0,84.06,0.62,1.72,6816.99
1500107,Abaetetuba,PA,1999,2666.74,1415.82,32.05,23.31,84.7,0.57,1.35,6541.3
1500107,Abaetetuba,PA,2000,3110.8,1468.13,31.92,23.22,84.63,0.57,1.4,6851.96
1500131,Abel Figueiredo,PA,1981,1597.43,1422.43,31.94,21.66,72.12,1.0,1.09,6317.45
1500131,Abel Figueiredo,PA,1982,1610.9,1392.89,31.73,21.48,78.33,0.76,1.09,6428.51
1500131,Abel Figueiredo,PA,1983,1433.09,1449.86,32.08,21.86,76.16,0.86,1.4,6323.42
1500131,Abel Figueiredo,PA,1984,2194.48,1432.1,31.43,21.2,74.83,0.87,1.19,6506.53
1500131,Abel Figueiredo,PA,1985,2549.0,1337.72,31.09,21.56,77.81,0.77,1.13,6142.61
1500131,Abel Figueiredo,PA,1986,2119.07,1354.92,31.33,21.31,81.84,0.63,1.18,6306.61
1500131,Abel Figueiredo,PA,1987,1417.12,1430.41,32.66,21.84,78.3,0.8,1.21,6375.26
1500131,Abel Figueiredo,PA,1988,2236.95,1419.41,31.96,21.42,79.08,0.74,1.11,6557.11
1500131,Abel Figueiredo,PA,1989,2424.0,1367.61,31.34,21.73,80.83,0.67,1.05,6419.4
1500131,Abel Figueiredo,PA,1990,1502.76,1435.22,31.99,21.95,78.95,0.76,1.12,6621.1
1500131,Abel Figueiredo,PA,1991,1577.33,1361.88,32.03,21.86,80.18,0.71,1.08,6242.21
1500131,Abel Figueiredo,PA,1992,1610.82,1444.28,32.4,22.13,79.12,0.77,1.11,6601.09
1500131,Abel Figueiredo,PA,1993,1458.42,1419.61,31.97,22.15,81.59,0.67,0.97,6672.0
1500131,Abel Figueiredo,PA,1994,1914.46,1401.7,31.8,21.99,81.21,0.67,1.05,6546.48
1500131,Abel Figueiredo,PA,1995,2068.97,1401.49,32.14,22.14,78.83,0.78,0.83,6552.61
1500131,Abel Figueiredo,PA,1996,1974.23,1423.65,31.99,22.12,77.47,0.82,0.91,6571.72
1500131,Abel Figueiredo,PA,1997,1649.02,1449.55,32.19,22.26,75.53,0.9,1.01,6616.86
1500131,Abel Figueiredo,PA,1998,1715.84,1476.68,32.8,22.99,76.29,0.9,1.01,6666.81
1500131,Abel Figueiredo,PA,1999,2123.67,1414.9,31.89,22.08,78.53,0.78,0.93,6627.23
1500131,Abel Figueiredo,PA,2000,1803.98,1416.23,31.91,22.39,79.03,0.77,0.89,6641.31
1500206,Acará,PA,1981,1963.59,1460.71,31.7,22.48,80.67,0.7,1.27,6763.11
1500206,Acará,PA,1982,2491.64,1383.68,31.31,22.36,84.97,0.53,1.28,6533.6
1500206,Acará,PA,1983,1742.59,1522.84,31.76,22.53,79.24,0.75,1.61,6886.42
1500206,Acará,PA,1984,2801.2,1413.93,31.15,21.96,81.36,0.65,1.26,6627.48
1500206,Acará,PA,1985,2929.57,1370.43,30.79,22.09,80.69,0.67,1.27,6371.96
1500206,Acará,PA,1986,2548.64,1393.35,31.06,22.17,85.4,0.51,1.44,6635.08
1500206,Acará,PA,1987,2059.04,1463.17,31.8,22.8,84.59,0.56,1.28,6921.29
1500206,Acará,PA,1988,2903.71,1386.96,31.45,22.74,86.09,0.5,1.23,6590.57
1500206,Acará,PA,1989,2947.63,1354.1,31.19,22.31,85.77,0.5,1.02,6510.98
1500206,Acará,PA,1990,2183.87,1439.16,31.69,22.61,83.75,0.59,1.16,6809.29
1500206,Acará,PA,1991,2165.9,1387.32,31.16,22.53,82.93,0.61,1.44,6385.78
1500206,Acará,PA,1992,1719.12,1504.01,31.19,22.59,81.45,0.66,1.68,6940.56
1500206,Acará,PA,1993,2279.38,1428.0,31.08,22.85,84.58,0.55,1.53,6746.93
1500206,Acará,PA,1994,2920.78,1408.61,31.06,23.12,85.41,0.53,1.45,6683.93
1500206,Acará,PA,1995,2253.5,1414.8,31.48,23.04,84.74,0.56,1.35,6627.38
1500206,Acará,PA,1996,2683.62,1424.17,31.45,22.99,84.88,0.55,1.5,6607.85
1500206,Acará,PA,1997,2189.41,1475.09,31.86,23.11,83.57,0.61,1.68,6721.64
1500206,Acará,PA,1998,2313.54,1515.37,32.56,23.81,83.92,0.62,1.82,6812.12
1500206,Acará,PA,1999,2881.36,1428.41,31.92,23.1,84.75,0.57,1.46,6619.21
1500206,Acará,PA,2000,3016.77,1460.96,31.78,23.05,84.73,0.56,1.35,6856.2
1500305,Afuá,PA,1981,2511.29,1443.87,31.4,23.62,84.16,0.59,1.55,6654.4
1500305,Afuá,PA,1982,3290.97,1410.81,30.92,23.35,83.54,0.6,1.52,6491.5
1500305,Afuá,PA,1983,1818.13,1488.24,31.62,23.65,80.79,0.71,1.62,6699.8
1500305,Afuá,PA,1984,2371.01,1373.34,30.78,23.14,82.29,0.64,1.3,6363.58
1500305,Afuá,PA,1985,2833.18,1323.44,30.58,22.83,80.72,0.68,1.18,6113.24
1500305,Afuá,PA,1986,3046.97,1328.56,31.02,23.14,84.92,0.55,1.02,6260.43
1500305,Afuá,PA,1987,1969.68,1387.26,31.67,23.72,84.06,0.6,0.9,6521.51
1500305,Afuá,PA,1988,2294.8,1317.76,31.21,23.56,85.77,0.52,0.82,6246.7
1500305,Afuá,PA,1989,2608.65,1274.51,30.81,23.22,87.35,0.46,1.01,6046.63
1500305,Afuá,PA,1990,2359.06,1407.84,31.54,23.43,85.09,0.55,1.2,6598.32
1500305,Afuá,PA,1991,2350.38,1373.5,31.49,23.36,84.28,0.58,1.33,6292.79
1500305,Afuá,PA,1992,1935.05,1498.17,31.7,23.5,82.33,0.66,1.5,6867.35
1500305,Afuá,PA,1993,2069.53,1443.51,31.4,23.27,83.87,0.59,1.6,6663.67
1500305,Afuá,PA,1994,2337.89,1417.36,31.33,23.6,85.25,0.55,1.49,6621.41
1500305,Afuá,PA,1995,2182.01,1421.81,31.62,23.44,85.09,0.56,1.29,6633.2
1500305,Afuá,PA,1996,2191.14,1408.76,31.44,23.25,85.16,0.55,1.4,6538.26
1500305,Afuá,PA,1997,1973.8,1457.74,31.83,23.89,83.53,0.63,1.65,6598.64
1500305,Afuá,PA,1998,1856.47,1501.14,32.15,24.46,83.51,0.64,1.57,6777.09
1500305,Afuá,PA,1999,2073.12,1427.75,31.52,24.05,83.98,0.61,1.24,6593.61
1500305,Afuá,PA,2000,2341.62,1462.6,31.42,24.06,83.71,0.62,1.22,6800.28
1500347,Água Azul do Norte,PA,1981,1354.12,1338.28,31.47,20.58,77.05,0.78,1.2,6035.17
1500347,Água Azul do Norte,PA,1982,1759.95,1323.65,31.31,20.7,80.69,0.65,1.23,6122.19
1500347,Água Azul do Norte,PA,1983,1465.58,1422.99,31.99,21.15,71.58,1.0,1.36,6008.78
1500347,Água Azul do Norte,PA,1984,1822.87,1373.7,31.42,20.46,73.03,0.91,1.26,6047.83
1500347,Água Azul do Norte,PA,1985,2711.56,1244.88,30.94,20.49,78.95,0.71,1.2,5608.05
1500347,Água Azul do Norte,PA,1986,2575.15,1291.66,31.27,20.64,82.35,0.6,1.23,5960.71
1500347,Água Azul do Norte,PA,1987,1735.44,1335.98,32.32,21.41,80.2,0.71,1.21,5969.35
1500347,Água Azul do Norte,PA,1988,1894.39,1342.38,31.95,21.0,80.18,0.69,1.26,6045.32
1500347,Água Azul do Norte,PA,1989,2038.59,1294.68,31.24,21.03,82.19,0.61,1.2,6004.69
1500347,Água Azul do Norte,PA,1990,1598.77,1373.8,32.06,21.27,80.64,0.68,1.26,6248.65
1500347,Água Azul do Norte,PA,1991,1784.96,1264.58,31.84,20.99,81.57,0.64,1.28,5632.4
1500347,Água Azul do Norte,PA,1992,1673.45,1335.83,31.91,20.88,80.73,0.67,1.39,5953.9
1500347,Água Azul do Norte,PA,1993,1637.99,1333.83,31.8,20.6,82.87,0.59,1.31,6154.4
1500347,Água Azul do Norte,PA,1994,1841.82,1328.0,31.68,20.75,80.81,0.66,1.24,6076.48
1500347,Água Azul do Norte,PA,1995,2038.84,1364.49,32.15,21.29,78.29,0.78,1.2,6124.71
1500347,Água Azul do Norte,PA,1996,1671.95,1364.23,32.11,21.29,78.59,0.76,1.0,6233.51
1500347,Água Azul do Norte,PA,1997,1579.48,1428.62,31.96,21.29,74.29,0.91,1.06,6493.39
1500347,Água Azul do Norte,PA,1998,1697.73,1481.64,32.88,22.04,73.93,0.97,1.06,6625.5
1500347,Água Azul do Norte,PA,1999,2197.57,1403.28,31.77,21.25,80.88,0.67,1.05,6585.28
1500347,Água Azul do Norte,PA,2000,2152.81,1415.41,31.67,21.5,81.07,0.67,1.04,6706.34
1500404,Alenquer,PA,1981,1702.25,1340.02,29.09,20.74,84.13,0.51,1.68,6454.43
1500404,Alenquer,PA,1982,1964.14,1357.83,28.93,20.6,84.51,0.5,1.87,6511.92
1500404,Alenquer,PA,1983,1205.35,1454.93,29.92,21.0,81.1,0.62,1.93,6752.74
1500404,Alenquer,PA,1984,2536.86,1339.41,28.58,20.26,80.94,0.59,1.57,6421.54
1500404,Alenquer,PA,1985,2253.78,1300.92,28.45,20.27,80.52,0.6,1.57,6150.47
1500404,Alenquer,PA,1986,1992.86,1307.63,28.56,20.26,83.89,0.5,1.52,6402.12
1500404,Alenquer,PA,1987,1709.0,1378.05,29.51,20.67,82.66,0.56,1.6,6559.36
1500404,Alenquer,PA,1988,2591.65,1262.54,28.66,20.25,85.73,0.44,1.33,6241.05
1500404,Alenquer,PA,1989,2683.98,1244.26,28.35,19.85,87.69,0.38,1.29,6296.72
1500404,Alenquer,PA,1990,2096.16,1290.63,28.83,20.04,87.19,0.4,1.35,6481.29
1500404,Alenquer,PA,1991,2062.46,1229.78,28.81,19.79,86.22,0.42,1.33,6045.85
1500404,Alenquer,PA,1992,1198.94,1342.53,29.54,19.85,85.77,0.45,1.45,6619.47
1500404,Alenquer,PA,1993,1916.88,1303.38,28.76,20.22,85.16,0.46,1.32,6479.25
1500404,Alenquer,PA,1994,2475.19,1264.07,28.46,20.43,86.98,0.4,1.19,6365.99
1500404,Alenquer,PA,1995,1860.19,1327.02,29.18,20.82,85.58,0.47,1.33,6526.22
1500404,Alenquer,PA,1996,2458.26,1336.03,29.14,20.72,85.92,0.45,1.28,6616.17
1500404,Alenquer,PA,1997,1587.28,1387.32,29.6,21.07,83.1,0.56,1.4,6692.89
1500404,Alenquer,PA,1998,1823.17,1395.56,30.11,21.56,83.8,0.55,1.3,6708.75
1500404,Alenquer,PA,1999,2329.85,1315.56,28.95,20.69,86.74,0.42,1.19,6591.41
1500404,Alenquer,PA,2000,2463.91,1301.89,28.87,20.63,86.19,0.44,1.22,6469.14
1500503,Almeirim,PA,1981,1824.56,1340.13,29.72,20.94,84.16,0.52,1.62,6360.49
1500503,Almeirim,PA,1982,2196.74,1334.65,29.45,20.95,84.67,0.5,1.82,6287.45
1500503,Almeirim,PA,1983,1436.39,1434.4,30.34,21.36,80.9,0.64,1.82,6569.42
1500503,Almeirim,PA,1984,2514.17,1338.64,29.15,20.8,81.16,0.6,1.58,6304.98
1500503,Almeirim,PA,1985,2691.07,1299.28,28.86,20.55,80.6,0.61,1.51,6099.57
1500503,Almeirim,PA,1986,2107.22,1298.72,29.26,20.75,83.28,0.54,1.35,6249.59
1500503,Almeirim,PA,1987,1772.4,1378.26,30.2,21.2,82.08,0.6,1.34,6501.24
1500503,Almeirim,PA,1988,2857.31,1290.48,29.46,20.89,84.41,0.5,1.16,6279.69
1500503,Almeirim,PA,1989,2519.11,1263.0,29.08,20.65,86.33,0.44,1.3,6210.0
1500503,Almeirim,PA,1990,2002.77,1322.93,29.62,20.71,85.2,0.48,1.39,6429.14
1500503,Almeirim,PA,1991,1928.52,1282.14,29.56,20.89,85.17,0.48,1.35,6163.82
1500503,Almeirim,PA,1992,1566.57,1381.02,29.93,20.68,84.49,0.51,1.56,6660.16
1500503,Almeirim,PA,1993,2367.06,1325.33,29.28,20.64,85.34,0.47,1.49,6502.18
1500503,Almeirim,PA,1994,2418.1,1291.71,29.08,20.81,86.67,0.43,1.33,6429.77
1500503,Almeirim,PA,1995,2001.94,1350.0,29.58,21.12,86.03,0.46,1.35,6614.34
1500503,Almeirim,PA,1996,2608.88,1372.42,29.72,21.21,85.13,0.49,1.32,6677.28
1500503,Almeirim,PA,1997,1837.83,1408.15,30.1,21.56,82.99,0.58,1.43,6697.44
1500503,Almeirim,PA,1998,1568.73,1434.61,30.51,22.1,82.9,0.59,1.34,6802.22
1500503,Almeirim,PA,1999,1811.71,1366.33,29.57,21.47,84.57,0.51,1.21,6673.88
1500503,Almeirim,PA,2000,2293.51,1365.1,29.42,21.49,84.14,0.52,1.18,6651.83
1500602,Altamira,PA,1981,1668.91,1262.94,30.89,21.27,83.55,0.56,1.08,5934.94
1500602,Altamira,PA,1982,2236.94,1296.57,30.77,21.42,84.63,0.53,1.23,6125.33
1500602,Altamira,PA,1983,1754.91,1369.61,31.52,21.75,78.38,0.76,1.32,6171.52
1500602,Altamira,PA,1984,2148.35,1287.56,30.76,20.84,78.3,0.73,1.16,5885.09
1500602,Altamira,PA,1985,2783.73,1200.91,30.32,20.91,80.87,0.64,1.19,5462.59
1500602,Altamira,PA,1986,1890.07,1248.0,30.63,21.02,84.66,0.52,1.24,5855.46
1500602,Altamira,PA,1987,2146.17,1296.21,31.7,21.06,84.06,0.55,1.27,5975.94
1500602,Altamira,PA,1988,2309.87,1262.18,31.36,20.83,84.67,0.52,1.2,5877.39
1500602,Altamira,PA,1989,2374.51,1256.85,30.63,20.92,85.26,0.49,1.22,5979.09
1500602,Altamira,PA,1990,1826.77,1284.85,31.41,20.73,85.79,0.48,1.17,6078.21
1500602,Altamira,PA,1991,1900.11,1204.09,31.27,20.41,85.82,0.48,1.13,5629.57
1500602,Altamira,PA,1992,1637.0,1310.44,31.62,20.5,84.98,0.51,1.36,6105.64
1500602,Altamira,PA,1993,2128.58,1302.0,31.4,21.3,85.92,0.49,1.22,6161.46
1500602,Altamira,PA,1994,2374.42,1262.38,31.17,21.23,87.04,0.45,1.11,6028.25
1500602,Altamira,PA,1995,2018.7,1309.16,31.89,21.21,86.41,0.48,1.08,6179.84
1500602,Altamira,PA,1996,1849.39,1317.86,31.78,20.86,86.37,0.47,1.13,6237.59
1500602,Altamira,PA,1997,1631.9,1391.15,31.48,20.74,81.94,0.63,1.21,6518.21
1500602,Altamira,PA,1998,1723.73,1401.13,31.96,21.17,81.4,0.65,0.92,6641.68
1500602,Altamira,PA,1999,2038.42,1345.91,31.08,20.71,82.65,0.59,0.85,6523.39
1500602,Altamira,PA,2000,2210.51,1348.42,30.92,20.97,82.19,0.6,0.84,6534.64
1500701,Anajás,PA,1981,2313.3,1490.19,31.64,23.06,83.86,0.59,1.58,6930.72
1500701,Anajás,PA,1982,3082.05,1433.68,31.19,22.84,84.31,0.57,1.58,6696.82
1500701,Anajás,PA,1983,1850.06,1537.63,31.66,23.07,80.49,0.71,1.79,6947.21
1500701,Anajás,PA,1984,2937.69,1420.79,31.2,22.57,82.47,0.63,1.41,6607.85
1500701,Anajás,PA,1985,3102.37,1385.01,30.9,22.6,80.75,0.68,1.38,6362.69
1500701,Anajás,PA,1986,2727.27,1396.83,31.09,22.59,84.7,0.55,1.44,6568.16
1500701,Anajás,PA,1987,2249.09,1460.09,31.63,23.0,83.0,0.62,1.42,6793.11
1500701,Anajás,PA,1988,2980.43,1366.13,31.38,22.86,85.2,0.54,1.12,6445.42
1500701,Anajás,PA,1989,3056.24,1336.34,30.93,22.73,85.8,0.51,1.07,6382.17
1500701,Anajás,PA,1990,2322.64,1456.36,31.51,23.01,84.24,0.58,1.27,6880.92
1500701,Anajás,PA,1991,2204.56,1386.55,31.19,23.03,84.01,0.58,1.38,6418.46
1500701,Anajás,PA,1992,2206.59,1491.72,31.31,23.2,82.26,0.65,1.62,6864.53
1500701,Anajás,PA,1993,2149.32,1459.89,31.21,23.29,83.74,0.6,1.65,6784.78
1500701,Anajás,PA,1994,2347.43,1416.08,31.07,23.66,85.11,0.55,1.54,6636.34
1500701,Anajás,PA,1995,2439.5,1425.09,31.45,23.18,84.46,0.57,1.34,6675.45
1500701,Anajás,PA,1996,2691.22,1402.41,31.33,22.95,84.82,0.55,1.36,6558.21
1500701,Anajás,PA,1997,1884.31,1444.89,31.79,23.5,83.46,0.62,1.5,6599.74
1500701,Anajás,PA,1998,2596.62,1497.92,32.19,24.1,83.52,0.63,1.61,6789.81
1500701,Anajás,PA,1999,2861.81,1424.01,31.7,23.46,83.67,0.61,1.3,6574.44
1500701,Anajás,PA,2000,2769.89,1464.09,31.65,23.45,83.44,0.62,1.29,6816.3
1500800,Ananindeua,PA,1981,2148.49,1462.14,31.85,22.38,81.77,0.66,1.39,6737.5
1500800,Ananindeua,PA,1982,2979.84,1383.48,31.57,22.08,84.63,0.54,1.35,6466.68
1500800,Ananindeua,PA,1983,2444.48,1514.65,31.93,22.14,79.91,0.72,1.66,6834.74
1500800,Ananindeua,PA,1984,3151.46,1396.58,31.27,21.61,82.39,0.61,1.27,6561.66
1500800,Ananindeua,PA,1985,3626.77,1361.11,30.77,21.86,80.81,0.66,1.28,6324.52
1500800,Ananindeua,PA,1986,3199.28,1383.53,31.03,22.09,85.19,0.52,1.4,6579.0
1500800,Ananindeua,PA,1987,2456.39,1468.64,31.86,22.84,84.12,0.58,1.35,6888.93
1500800,Ananindeua,PA,1988,3574.43,1379.94,31.43,22.84,85.89,0.51,1.23,6542.5
1500800,Ananindeua,PA,1989,3497.19,1349.65,31.24,22.38,85.61,0.51,0.99,6478.15
1500800,Ananindeua,PA,1990,2567.62,1439.93,31.72,22.75,84.12,0.58,1.15,6822.8
1500800,Ananindeua,PA,1991,2429.16,1367.82,31.19,22.59,84.86,0.54,1.62,6310.38
1500800,Ananindeua,PA,1992,2467.8,1487.02,31.21,22.57,83.34,0.59,1.91,6881.65
1500800,Ananindeua,PA,1993,2680.06,1431.13,31.09,22.82,84.75,0.55,1.74,6728.39
1500800,Ananindeua,PA,1994,3302.0,1396.53,31.16,23.02,85.75,0.51,1.51,6596.28
1500800,Ananindeua,PA,1995,2848.64,1426.62,31.61,23.2,84.57,0.57,1.42,6631.94
1500800,Ananindeua,PA,1996,3015.49,1428.87,31.51,23.2,85.04,0.55,1.51,6628.9
1500800,Ananindeua,PA,1997,2634.56,1468.69,31.89,22.92,83.92,0.59,1.65,6715.35
1500800,Ananindeua,PA,1998,2758.85,1525.15,32.7,23.66,84.0,0.61,1.79,6870.24
1500800,Ananindeua,PA,1999,2758.64,1431.07,32.05,22.98,84.58,0.57,1.5,6600.84
1500800,Ananindeua,PA,2000,3113.4,1460.25,31.89,22.77,84.54,0.57,1.34,6844.26
1500859,Anapu,PA,1981,1451.09,1332.86,31.28,22.06,83.12,0.59,1.05,6287.45
1500859,Anapu,PA,1982,1870.75,1338.33,31.22,22.27,85.49,0.51,1.12,6366.78
1500859,Anapu,PA,1983,1288.08,1429.13,31.85,22.4,77.85,0.8,1.34,6373.84
1500859,Anapu,PA,1984,2408.08,1358.45,31.06,21.37,79.36,0.71,1.02,6412.12
1500859,Anapu,PA,1985,2270.92,1283.93,30.74,21.35,79.24,0.71,1.0,6009.4
1500859,Anapu,PA,1986,2328.63,1287.92,30.81,21.41,86.61,0.46,0.9,6271.27
1500859,Anapu,PA,1987,1477.55,1321.8,31.48,22.2,84.63,0.55,1.01,6234.04
1500859,Anapu,PA,1988,2300.31,1299.49,31.01,22.17,85.49,0.51,0.94,6223.93
1500859,Anapu,PA,1989,2585.87,1292.02,30.69,21.96,86.65,0.46,0.88,6280.06
1500859,Anapu,PA,1990,1899.59,1359.37,31.51,22.29,85.37,0.52,1.05,6450.19
1500859,Anapu,PA,1991,1813.69,1246.11,31.38,22.1,85.52,0.51,1.15,5749.9
1500859,Anapu,PA,1992,1389.94,1400.21,31.81,21.62,83.83,0.57,1.65,6374.89
1500859,Anapu,PA,1993,1975.52,1357.94,31.4,22.18,85.14,0.53,1.56,6298.76
1500859,Anapu,PA,1994,2251.41,1331.53,31.5,22.22,86.01,0.5,1.42,6226.34
1500859,Anapu,PA,1995,1793.07,1372.11,31.71,22.22,84.32,0.57,1.45,6311.01
1500859,Anapu,PA,1996,2108.63,1387.52,31.72,21.99,83.39,0.6,1.52,6299.64
1500859,Anapu,PA,1997,1795.6,1458.3,32.04,21.51,80.38,0.7,1.69,6448.93
1500859,Anapu,PA,1998,1739.59,1462.96,32.35,21.9,81.28,0.68,1.62,6532.66
1500859,Anapu,PA,1999,2137.45,1394.74,31.76,22.23,84.36,0.56,1.39,6473.44
1500859,Anapu,PA,2000,2415.91,1424.17,31.89,22.3,84.85,0.55,1.44,6617.12
1500909,Augusto Corrêa,PA,1981,1840.27,1502.68,31.45,20.82,78.72,0.73,1.72,6722.73
1500909,Augusto Corrêa,PA,1982,2366.31,1424.06,30.95,21.27,81.33,0.64,1.76,6404.32
1500909,Augusto Corrêa,PA,1983,1306.42,1555.55,31.93,21.62,77.3,0.8,1.71,6898.36
1500909,Augusto Corrêa,PA,1984,2551.88,1367.3,30.94,21.58,82.43,0.61,1.27,6394.84
1500909,Augusto Corrêa,PA,1985,3753.2,1328.97,30.49,21.51,81.03,0.64,1.27,6188.17
1500909,Augusto Corrêa,PA,1986,3121.43,1397.3,30.99,21.58,83.31,0.58,1.64,6459.46
1500909,Augusto Corrêa,PA,1987,1773.01,1476.17,31.0,21.82,83.17,0.59,1.81,6864.43
1500909,Augusto Corrêa,PA,1988,3121.07,1377.9,31.19,22.15,84.82,0.54,1.5,6430.02
1500909,Augusto Corrêa,PA,1989,2785.47,1364.39,31.31,21.61,84.14,0.55,1.24,6454.74
1500909,Augusto Corrêa,PA,1990,1814.57,1470.43,32.0,21.08,81.79,0.63,1.34,6878.56
1500909,Augusto Corrêa,PA,1991,2930.63,1425.24,31.68,22.35,82.26,0.64,1.83,6302.06
1500909,Augusto Corrêa,PA,1992,1969.58,1564.2,31.46,23.25,79.89,0.74,2.12,6891.23
1500909,Augusto Corrêa,PA,1993,2116.34,1487.73,31.35,22.2,82.07,0.64,1.98,6752.27
1500909,Augusto Corrêa,PA,1994,2787.4,1418.64,30.92,21.9,83.26,0.58,1.76,6550.57
1500909,Augusto Corrêa,PA,1995,2512.23,1466.7,31.35,22.14,81.86,0.64,1.74,6656.29
1500909,Augusto Corrêa,PA,1996,2215.43,1468.13,31.3,22.45,82.04,0.64,1.71,6663.3
1500909,Augusto Corrêa,PA,1997,1882.36,1529.96,31.72,22.11,81.1,0.68,1.7,6929.93
1500909,Augusto Corrêa,PA,1998,2064.0,1568.8,32.44,22.57,81.34,0.69,2.0,6953.18
1500909,Augusto Corrêa,PA,1999,2275.39,1475.76,31.61,21.41,81.94,0.63,1.81,6715.98
1500909,Augusto Corrêa,PA,2000,2214.7,1476.78,31.51,22.45,83.23,0.6,1.62,6805.3
1500958,Aurora do Pará,PA,1981,1710.86,1473.86,31.5,21.97,79.41,0.73,1.45,6734.36
1500958,Aurora do Pará,PA,1982,2259.83,1395.66,31.07,22.04,82.59,0.61,1.32,6493.39
1500958,Aurora do Pará,PA,1983,1423.04,1531.08,31.69,22.27,78.27,0.77,1.67,6853.12
1500958,Aurora do Pará,PA,1984,2900.16,1400.01,31.01,21.86,81.93,0.63,1.25,6587.27
1500958,Aurora do Pará,PA,1985,2963.67,1362.85,30.71,21.92,80.55,0.67,1.27,6338.97
1500958,Aurora do Pará,PA,1986,2610.79,1399.44,30.98,21.99,83.83,0.57,1.42,6603.82
1500958,Aurora do Pará,PA,1987,1942.96,1476.68,31.59,22.51,83.82,0.58,1.49,6930.25
1500958,Aurora do Pará,PA,1988,2655.7,1392.43,31.3,22.55,84.76,0.55,1.31,6564.96
1500958,Aurora do Pará,PA,1989,2702.38,1366.94,31.21,22.08,84.35,0.55,1.0,6561.25
1500958,Aurora do Pará,PA,1990,1917.12,1483.54,31.89,22.37,82.69,0.63,1.28,6969.67
1500958,Aurora do Pará,PA,1991,2028.46,1409.12,31.39,22.46,82.24,0.64,1.49,6416.42
1500958,Aurora do Pará,PA,1992,1621.47,1516.6,31.3,22.7,80.65,0.7,1.7,6936.94
1500958,Aurora do Pará,PA,1993,2141.46,1451.34,31.16,22.73,83.59,0.59,1.59,6799.86
1500958,Aurora do Pará,PA,1994,2672.9,1429.95,30.98,22.9,83.58,0.59,1.59,6663.67
1500958,Aurora do Pará,PA,1995,2439.8,1464.85,31.41,22.77,81.92,0.66,1.52,6725.4
1500958,Aurora do Pará,PA,1996,2624.58,1459.48,31.42,22.77,82.34,0.64,1.57,6662.51
1500958,Aurora do Pará,PA,1997,1956.64,1523.25,31.8,22.88,81.4,0.69,1.66,6876.36
1500958,Aurora do Pará,PA,1998,2272.58,1559.64,32.49,23.57,81.81,0.69,1.82,6960.88
1500958,Aurora do Pará,PA,1999,2853.77,1456.36,31.79,22.81,82.35,0.65,1.5,6680.95
1500958,Aurora do Pará,PA,2000,2508.01,1489.22,31.65,22.95,83.26,0.61,1.43,6920.92
1501006,Aveiro,PA,1981,1488.53,1298.77,31.04,22.53,84.94,0.54,0.99,6139.47
1501006,Aveiro,PA,1982,1858.63,1349.24,31.09,22.4,85.23,0.53,1.01,6396.78
1501006,Aveiro,PA,1983,1445.38,1398.57,31.77,22.7,82.03,0.65,1.04,6521.82
1501006,Aveiro,PA,1984,3247.8,1300.1,30.69,21.89,80.65,0.67,0.87,6165.33
1501006,Aveiro,PA,1985,2474.89,1273.33,30.57,21.88,80.49,0.67,0.88,6013.33
1501006,Aveiro,PA,1986,1808.97,1285.46,30.77,22.09,85.68,0.5,0.91,6159.42
1501006,Aveiro,PA,1987,1961.26,1340.33,31.59,22.41,84.03,0.58,0.84,6340.07
1501006,Aveiro,PA,1988,2539.86,1277.84,31.04,22.39,86.02,0.5,0.75,6125.9
1501006,Aveiro,PA,1989,2533.05,1298.67,30.57,21.9,86.57,0.47,0.99,6283.05
1501006,Aveiro,PA,1990,2011.26,1337.0,31.6,21.44,86.1,0.49,1.02,6370.08
1501006,Aveiro,PA,1991,2099.08,1262.59,31.81,20.86,86.65,0.47,0.96,5974.69
1501006,Aveiro,PA,1992,1666.98,1363.62,32.4,21.89,85.48,0.53,1.14,6328.55
1501006,Aveiro,PA,1993,2138.07,1309.06,31.59,22.14,87.09,0.46,0.76,6274.57
1501006,Aveiro,PA,1994,2269.09,1296.93,31.51,22.11,87.63,0.44,0.69,6234.98
1501006,Aveiro,PA,1995,2134.76,1340.43,32.13,22.24,86.03,0.51,0.69,6379.81
1501006,Aveiro,PA,1996,2261.22,1333.47,31.78,22.07,86.03,0.51,0.74,6384.63
1501006,Aveiro,PA,1997,1629.32,1387.78,32.48,22.34,82.81,0.65,0.71,6560.15
1501006,Aveiro,PA,1998,1788.82,1387.88,32.8,22.95,84.26,0.6,0.66,6530.15
1501006,Aveiro,PA,1999,2246.83,1338.23,31.85,21.95,86.47,0.49,0.65,6450.19
1501006,Aveiro,PA,2000,2433.58,1305.73,31.57,22.28,86.68,0.48,0.65,6268.54
1501105,Bagre,PA,1981,1693.45,1413.47,31.98,22.8,82.85,0.63,1.09,6605.23
1501105,Bagre,PA,1982,2588.33,1386.55,31.59,22.79,85.79,0.52,1.16,6582.46
1501105,Bagre,PA,1983,1820.28,1488.96,32.0,23.01,78.4,0.79,1.43,6658.33
1501105,Bagre,PA,1984,3139.14,1398.22,31.53,22.33,81.29,0.67,1.09,6559.78
1501105,Bagre,PA,1985,3022.03,1342.94,31.16,22.35,80.45,0.7,1.08,6246.45
1501105,Bagre,PA,1986,2774.59,1337.16,31.33,22.14,87.14,0.46,0.96,6471.24
1501105,Bagre,PA,1987,2046.42,1374.37,31.88,22.52,85.78,0.52,1.06,6515.07
1501105,Bagre,PA,1988,2988.03,1327.48,31.67,22.27,87.06,0.46,0.95,6359.81
1501105,Bagre,PA,1989,3089.2,1305.32,31.13,22.17,87.38,0.45,0.88,6329.08
1501105,Bagre,PA,1990,2311.53,1404.36,31.63,22.19,85.88,0.51,1.13,6716.76
1501105,Bagre,PA,1991,2268.06,1315.2,31.49,22.13,85.27,0.52,1.25,6119.68
1501105,Bagre,PA,1992,2167.83,1443.15,31.82,22.03,83.62,0.59,1.49,6672.57
1501105,Bagre,PA,1993,2512.9,1393.25,31.41,22.65,85.91,0.51,1.52,6562.98
1501105,Bagre,PA,1994,2929.11,1363.87,31.5,23.19,87.01,0.48,1.43,6435.27
1501105,Bagre,PA,1995,2776.99,1380.46,31.82,22.94,85.19,0.55,1.27,6417.04
1501105,Bagre,PA,1996,2700.68,1393.46,31.74,22.93,85.37,0.54,1.33,6490.03
1501105,Bagre,PA,1997,2117.64,1434.56,32.38,23.39,82.99,0.65,1.48,6438.72
1501105,Bagre,PA,1998,2696.61,1469.15,32.81,23.77,83.44,0.64,1.41,6624.71
1501105,Bagre,PA,1999,3061.15,1385.32,32.34,23.15,86.02,0.53,1.26,6416.1
1501105,Bagre,PA,2000,3509.66,1432.2,32.32,23.22,86.32,0.52,1.31,6683.09
1501204,Baião,PA,1981,1556.08,1413.47,32.32,22.98,80.35,0.73,1.02,6508.0
1501204,Baião,PA,1982,2545.77,1387.78,32.05,23.11,85.15,0.55,1.09,6510.35
1501204,Baião,PA,1983,1672.1,1494.54,32.59,23.49,77.77,0.85,1.38,6551.35
1501204,Baião,PA,1984,3071.1,1425.34,32.17,22.8,80.85,0.71,1.07,6586.95
1501204,Baião,PA,1985,2898.69,1360.91,31.69,22.7,80.28,0.72,1.08,6249.59
1501204,Baião,PA,1986,2798.58,1363.46,31.82,22.51,86.63,0.49,1.06,6499.2
1501204,Baião,PA,1987,1877.45,1391.51,32.33,23.3,84.52,0.59,1.08,6464.01
1501204,Baião,PA,1988,2866.47,1359.47,31.94,23.02,85.54,0.53,0.99,6412.59
1501204,Baião,PA,1989,2727.18,1335.52,31.58,22.78,85.61,0.53,0.9,6360.49
1501204,Baião,PA,1990,2141.59,1433.12,32.24,22.88,84.93,0.56,1.08,6759.18
1501204,Baião,PA,1991,1965.23,1328.87,32.07,22.81,85.22,0.54,1.18,6128.48
1501204,Baião,PA,1992,1706.37,1444.54,32.41,22.8,84.13,0.59,1.37,6655.76
1501204,Baião,PA,1993,2694.81,1401.85,32.01,22.89,85.8,0.53,1.32,6569.89
1501204,Baião,PA,1994,3129.54,1379.89,31.93,22.93,85.7,0.53,1.31,6450.66
1501204,Baião,PA,1995,2501.17,1402.26,32.26,23.3,83.81,0.62,1.23,6415.47
1501204,Baião,PA,1996,2326.01,1439.78,32.16,23.36,82.82,0.65,1.34,6554.91
1501204,Baião,PA,1997,1597.6,1470.38,32.7,23.55,80.33,0.76,1.42,6495.12
1501204,Baião,PA,1998,1746.41,1490.55,33.18,24.03,81.29,0.74,1.37,6601.15
1501204,Baião,PA,1999,2624.86,1423.65,32.71,23.54,83.63,0.63,1.25,6474.22
1501204,Baião,PA,2000,2742.22,1473.71,32.99,23.62,84.04,0.62,1.31,6697.54
1501253,Bannach,PA,1981,1374.91,1312.39,30.32,19.02,76.43,0.74,1.18,6080.41
1501253,Bannach,PA,1982,1902.48,1295.96,30.16,19.16,79.04,0.66,1.16,6146.86
1501253,Bannach,PA,1983,1534.76,1403.08,30.96,19.48,71.17,0.94,1.38,6073.34
1501253,Bannach,PA,1984,1915.56,1343.45,30.3,18.76,72.96,0.84,1.28,6058.67
1501253,Bannach,PA,1985,2523.21,1222.61,29.72,18.99,77.29,0.7,1.19,5610.25
1501253,Bannach,PA,1986,2489.85,1273.28,30.12,19.25,80.81,0.6,1.21,5994.8
1501253,Bannach,PA,1987,1748.71,1318.58,31.07,19.98,78.88,0.7,1.22,6009.4
1501253,Bannach,PA,1988,1825.45,1317.71,30.75,19.56,78.86,0.68,1.25,6038.41
1501253,Bannach,PA,1989,2015.06,1257.37,30.01,19.61,81.35,0.59,1.21,5945.94
1501253,Bannach,PA,1990,1771.58,1348.78,30.89,19.89,78.87,0.69,1.27,6227.13
1501253,Bannach,PA,1991,2115.66,1248.31,30.62,19.53,79.88,0.64,1.3,5638.05
1501253,Bannach,PA,1992,1808.41,1301.69,30.62,19.28,79.2,0.66,1.34,5957.98
1501253,Bannach,PA,1993,1901.04,1315.92,30.65,18.95,80.72,0.61,1.32,6158.79
1501253,Bannach,PA,1994,1830.34,1302.1,30.48,19.26,80.79,0.61,1.28,6107.9
1501253,Bannach,PA,1995,2041.27,1325.28,30.91,19.85,79.74,0.67,1.27,6100.67
1501253,Bannach,PA,1996,1755.7,1339.56,30.98,19.89,78.41,0.71,1.03,6256.76
1501253,Bannach,PA,1997,1739.84,1398.78,30.8,19.93,74.06,0.86,1.08,6499.83
1501253,Bannach,PA,1998,1776.58,1455.59,31.84,20.66,73.3,0.93,1.07,6639.48
1501253,Bannach,PA,1999,2243.4,1396.43,30.76,19.88,78.34,0.71,1.09,6606.65
1501253,Bannach,PA,2000,2143.99,1405.94,30.63,19.96,78.68,0.7,1.0,6816.3
1501303,Barcarena,PA,1981,2172.43,1461.99,31.84,22.48,81.98,0.65,1.31,6787.77
1501303,Barcarena,PA,1982,2643.84,1387.47,31.53,22.2,85.1,0.53,1.31,6537.37
1501303,Barcarena,PA,1983,2081.39,1517.32,31.92,22.29,80.01,0.72,1.59,6896.32
1501303,Barcarena,PA,1984,2995.98,1406.87,31.28,21.74,82.43,0.61,1.26,6634.08
1501303,Barcarena,PA,1985,3139.62,1370.02,30.8,21.98,80.76,0.67,1.27,6378.56
1501303,Barcarena,PA,1986,2988.72,1394.48,31.07,22.19,85.38,0.52,1.46,6633.82
1501303,Barcarena,PA,1987,2225.67,1469.46,31.88,22.92,84.4,0.57,1.31,6917.21
1501303,Barcarena,PA,1988,3398.76,1386.09,31.47,22.9,86.22,0.5,1.2,6589.15
1501303,Barcarena,PA,1989,3496.55,1358.14,31.26,22.45,85.86,0.5,1.06,6508.94
1501303,Barcarena,PA,1990,2690.95,1443.72,31.74,22.82,84.48,0.56,1.2,6838.51
1501303,Barcarena,PA,1991,2424.94,1369.2,31.19,22.67,84.66,0.55,1.41,6369.6
1501303,Barcarena,PA,1992,2327.14,1483.54,31.21,22.68,83.44,0.59,1.68,6935.84
1501303,Barcarena,PA,1993,2738.74,1432.56,31.1,22.92,84.91,0.54,1.6,6776.3
1501303,Barcarena,PA,1994,2962.2,1408.86,31.15,23.12,85.79,0.51,1.51,6679.54
1501303,Barcarena,PA,1995,2671.18,1424.68,31.59,23.22,84.5,0.57,1.41,6626.44
1501303,Barcarena,PA,1996,2943.77,1421.81,31.51,23.19,85.07,0.55,1.43,6630.47
1501303,Barcarena,PA,1997,2315.92,1456.26,31.88,23.02,83.84,0.6,1.57,6681.26
1501303,Barcarena,PA,1998,2481.83,1514.76,32.67,23.76,84.0,0.62,1.7,6844.16
1501303,Barcarena,PA,1999,2627.43,1415.93,32.02,23.08,84.62,0.57,1.35,6557.95
1501303,Barcarena,PA,2000,2792.08,1462.86,31.86,22.9,84.57,0.57,1.39,6846.93
1501402,Belém,PA,1981,2079.98,1465.72,31.83,22.55,81.94,0.65,1.39,6756.35
1501402,Belém,PA,1982,2901.62,1385.93,31.52,22.28,84.7,0.54,1.36,6479.41
1501402,Belém,PA,1983,2482.46,1517.67,31.92,22.37,79.95,0.72,1.65,6853.9
1501402,Belém,PA,1984,3142.59,1401.24,31.29,21.83,82.43,0.61,1.28,6577.22
1501402,Belém,PA,1985,3600.87,1365.97,30.81,22.06,80.82,0.67,1.29,6336.14
1501402,Belém,PA,1986,3114.84,1389.52,31.08,22.3,85.17,0.53,1.42,6584.5
1501402,Belém,PA,1987,2365.13,1471.76,31.89,23.02,84.11,0.59,1.35,6892.7
1501402,Belém,PA,1988,3471.43,1382.25,31.48,22.99,85.91,0.51,1.2,6546.43
1501402,Belém,PA,1989,3449.26,1355.74,31.27,22.53,85.63,0.51,1.02,6487.89
1501402,Belém,PA,1990,2608.25,1446.22,31.77,22.93,84.13,0.58,1.19,6832.85
1501402,Belém,PA,1991,2626.05,1369.86,31.18,22.77,84.4,0.56,1.44,6341.8
1501402,Belém,PA,1992,2453.23,1488.55,31.2,22.8,83.07,0.61,1.73,6917.78
1501402,Belém,PA,1993,2809.12,1435.83,31.1,23.03,84.53,0.56,1.62,6753.21
1501402,Belém,PA,1994,2879.6,1406.87,31.13,23.2,85.4,0.53,1.51,6641.84
1501402,Belém,PA,1995,2794.99,1426.21,31.58,23.25,84.44,0.57,1.42,6628.8
1501402,Belém,PA,1996,2933.67,1420.89,31.5,23.2,84.98,0.55,1.41,6625.28
1501402,Belém,PA,1997,2410.61,1462.81,31.85,23.07,83.81,0.6,1.56,6722.58
1501402,Belém,PA,1998,2606.35,1520.95,32.63,23.84,83.91,0.62,1.73,6865.68
1501402,Belém,PA,1999,2610.97,1425.44,31.98,23.17,84.49,0.58,1.37,6598.01
1501402,Belém,PA,2000,2824.75,1462.91,31.82,22.98,84.44,0.57,1.37,6845.2
1501451,Belterra,PA,1981,1382.99,1340.48,30.94,21.76,84.83,0.53,1.44,6295.46
1501451,Belterra,PA,1982,1688.42,1368.68,30.82,21.31,85.36,0.5,1.5,6477.36
1501451,Belterra,PA,1983,1171.83,1469.77,31.73,21.62,81.72,0.64,1.58,6761.06
1501451,Belterra,PA,1984,2257.07,1368.22,30.5,20.99,79.36,0.69,1.28,6378.66
1501451,Belterra,PA,1985,2321.72,1301.33,29.96,21.26,79.64,0.67,1.29,6025.58
1501451,Belterra,PA,1986,2156.81,1318.07,30.24,21.19,85.16,0.5,1.38,6325.15
1501451,Belterra,PA,1987,1597.53,1387.37,31.13,21.42,83.37,0.58,1.37,6506.74
1501451,Belterra,PA,1988,2364.76,1291.86,30.4,21.12,85.69,0.48,1.17,6234.92
1501451,Belterra,PA,1989,2477.13,1280.4,29.96,20.85,87.44,0.41,1.16,6317.29
1501451,Belterra,PA,1990,1785.57,1312.64,30.54,20.96,87.18,0.43,1.15,6417.04
1501451,Belterra,PA,1991,1796.33,1246.77,30.52,20.75,86.79,0.44,1.1,6013.33
1501451,Belterra,PA,1992,1303.8,1379.28,31.41,21.04,85.41,0.51,1.38,6530.72
1501451,Belterra,PA,1993,1746.6,1321.8,30.67,21.29,85.71,0.48,1.18,6386.1
1501451,Belterra,PA,1994,2108.64,1284.95,30.21,21.13,86.54,0.45,1.02,6299.7
1501451,Belterra,PA,1995,2006.73,1353.69,30.9,21.76,84.9,0.53,1.13,6482.24
1501451,Belterra,PA,1996,1936.43,1385.88,31.29,21.86,84.68,0.54,1.09,6614.13
1501451,Belterra,PA,1997,1324.04,1439.52,31.63,22.4,82.13,0.65,1.15,6744.41
1501451,Belterra,PA,1998,1449.12,1438.7,32.08,23.07,83.16,0.63,1.07,6708.44
1501451,Belterra,PA,1999,2203.64,1371.3,30.96,22.27,85.25,0.52,0.99,6614.19
1501451,Belterra,PA,2000,2435.95,1335.37,30.62,22.35,85.07,0.52,1.01,6411.96
1501501,Benevides,PA,1981,2135.53,1456.72,31.7,22.33,81.79,0.65,1.38,6730.75
1501501,Benevides,PA,1982,2964.0,1379.79,31.4,22.06,84.61,0.54,1.34,6464.17
1501501,Benevides,PA,1983,2429.16,1511.68,31.79,22.15,79.87,0.72,1.67,6831.44
1501501,Benevides,PA,1984,3152.84,1393.46,31.15,21.62,82.37,0.61,1.27,6559.15
1501501,Benevides,PA,1985,3643.51,1358.3,30.66,21.85,80.83,0.66,1.28,6321.69
1501501,Benevides,PA,1986,3183.37,1380.92,30.94,22.07,85.21,0.52,1.4,6576.02
1501501,Benevides,PA,1987,2438.59,1464.5,31.74,22.8,84.19,0.58,1.33,6888.3
1501501,Benevides,PA,1988,3562.42,1377.44,31.33,22.79,85.92,0.51,1.23,6539.51
1501501,Benevides,PA,1989,3582.78,1345.91,31.13,22.33,85.67,0.51,0.98,6477.36
1501501,Benevides,PA,1990,2589.8,1435.53,31.62,22.71,84.17,0.57,1.13,6815.73
1501501,Benevides,PA,1991,2433.27,1362.95,31.06,22.57,84.98,0.53,1.63,6302.84
1501501,Benevides,PA,1992,2548.05,1483.64,31.08,22.59,83.43,0.59,1.92,6879.76
1501501,Benevides,PA,1993,2742.24,1427.59,30.97,22.82,84.82,0.54,1.75,6725.4
1501501,Benevides,PA,1994,3386.45,1390.69,31.01,22.99,85.86,0.51,1.5,6590.78
1501501,Benevides,PA,1995,2829.32,1420.07,31.46,23.09,84.66,0.56,1.41,6626.6
1501501,Benevides,PA,1996,2990.1,1424.17,31.37,23.06,85.12,0.54,1.51,6631.25
1501501,Benevides,PA,1997,2635.3,1464.24,31.73,22.88,84.01,0.59,1.66,6721.48
1501501,Benevides,PA,1998,2753.67,1520.74,32.52,23.64,84.07,0.61,1.83,6872.28
1501501,Benevides,PA,1999,2755.52,1426.37,31.88,22.95,84.66,0.57,1.51,6602.41
1501501,Benevides,PA,2000,3141.51,1455.23,31.71,22.77,84.63,0.56,1.33,6845.05
1501576,Bom Jesus do Tocantins,PA,1981,1568.76,1419.35,32.07,22.06,72.6,0.99,1.09,6302.68
1501576,Bom Jesus do Tocantins,PA,1982,1488.6,1397.09,31.86,21.95,78.45,0.77,1.08,6424.27
1501576,Bom Jesus do Tocantins,PA,1983,1385.91,1459.84,32.19,22.44,76.22,0.87,1.43,6317.45
1501576,Bom Jesus do Tocantins,PA,1984,2163.03,1439.93,31.61,21.82,75.18,0.88,1.22,6504.01
1501576,Bom Jesus do Tocantins,PA,1985,2495.7,1344.94,31.31,21.98,77.78,0.79,1.12,6141.04
1501576,Bom Jesus do Tocantins,PA,1986,2052.91,1362.03,31.57,21.93,82.01,0.64,1.17,6308.97
1501576,Bom Jesus do Tocantins,PA,1987,1411.98,1439.62,32.97,22.55,78.49,0.82,1.21,6348.4
1501576,Bom Jesus do Tocantins,PA,1988,2240.84,1428.11,32.28,22.09,79.24,0.76,1.11,6549.88
1501576,Bom Jesus do Tocantins,PA,1989,2307.14,1375.08,31.56,22.24,80.96,0.68,1.06,6414.22
1501576,Bom Jesus do Tocantins,PA,1990,1531.33,1441.77,32.18,22.52,79.2,0.76,1.11,6617.96
1501576,Bom Jesus do Tocantins,PA,1991,1390.62,1366.38,32.26,22.34,80.42,0.72,1.07,6226.18
1501576,Bom Jesus do Tocantins,PA,1992,1425.4,1452.32,32.69,22.57,79.35,0.77,1.11,6595.59
1501576,Bom Jesus do Tocantins,PA,1993,1394.04,1425.7,32.17,22.58,81.76,0.67,0.97,6668.22
1501576,Bom Jesus do Tocantins,PA,1994,1912.39,1405.43,32.1,22.39,81.37,0.68,1.05,6519.94
1501576,Bom Jesus do Tocantins,PA,1995,2013.59,1407.17,32.32,22.58,78.97,0.79,0.84,6540.2
1501576,Bom Jesus do Tocantins,PA,1996,2010.5,1424.83,32.09,22.66,77.51,0.83,0.94,6515.95
1501576,Bom Jesus do Tocantins,PA,1997,1641.23,1440.39,32.25,22.85,75.55,0.92,1.04,6502.97
1501576,Bom Jesus do Tocantins,PA,1998,1733.35,1473.61,32.78,23.59,76.34,0.92,1.01,6617.02
1501576,Bom Jesus do Tocantins,PA,1999,2064.63,1419.61,32.07,22.65,78.65,0.79,0.94,6600.84
1501576,Bom Jesus do Tocantins,PA,2000,1760.48,1423.65,32.02,22.97,79.12,0.78,0.9,6635.81
1501600,Bonito,PA,1981,1826.97,1451.85,31.37,21.05,81.06,0.65,1.48,6707.34
1501600,Bonito,PA,1982,2384.35,1386.29,30.89,21.41,82.9,0.59,1.59,6382.8
1501600,Bonito,PA,1983,1765.5,1531.13,31.79,21.74,78.13,0.77,1.72,6817.93
1501600,Bonito,PA,1984,2803.18,1368.84,30.87,21.61,82.34,0.61,1.27,6424.53
1501600,Bonito,PA,1985,3641.59,1336.95,30.6,21.57,80.77,0.65,1.26,6213.77
1501600,Bonito,PA,1986,3043.69,1374.32,30.91,21.66,84.63,0.53,1.49,6472.34
1501600,Bonito,PA,1987,2088.13,1478.78,31.13,21.99,82.98,0.6,1.77,6862.23
1501600,Bonito,PA,1988,2644.74,1375.85,31.13,22.24,84.62,0.54,1.44,6444.01
1501600,Bonito,PA,1989,2834.26,1359.47,31.21,21.73,83.98,0.56,1.1,6488.2
1501600,Bonito,PA,1990,2136.67,1463.32,31.71,21.61,82.34,0.62,1.27,6919.09
1501600,Bonito,PA,1991,2320.12,1398.57,31.1,22.38,82.4,0.63,1.77,6280.38
1501600,Bonito,PA,1992,1889.86,1540.09,31.15,23.07,80.35,0.71,2.06,6880.86
1501600,Bonito,PA,1993,2304.13,1471.82,31.14,22.46,82.73,0.61,1.93,6751.48
1501600,Bonito,PA,1994,3513.4,1403.64,30.83,22.3,84.48,0.54,1.74,6570.2
1501600,Bonito,PA,1995,2615.98,1448.12,31.22,22.36,82.58,0.62,1.68,6643.41
1501600,Bonito,PA,1996,2341.33,1452.62,31.2,22.52,82.9,0.61,1.63,6679.16
1501600,Bonito,PA,1997,1995.69,1501.14,31.56,22.39,81.99,0.65,1.65,6861.13
1501600,Bonito,PA,1998,2572.44,1547.92,32.27,22.98,82.25,0.66,1.93,6941.56
1501600,Bonito,PA,1999,2537.14,1455.03,31.49,21.97,82.92,0.6,1.7,6712.21
1501600,Bonito,PA,2000,2332.21,1465.52,31.38,22.68,84.29,0.57,1.55,6853.22
1501709,Bragança,PA,1981,1806.48,1499.96,31.47,20.68,78.73,0.72,1.71,6718.34
1501709,Bragança,PA,1982,2333.74,1421.81,30.97,21.18,81.37,0.64,1.74,6400.71
1501709,Bragança,PA,1983,1572.21,1553.24,31.95,21.53,77.35,0.8,1.71,6886.89
1501709,Bragança,PA,1984,2582.92,1367.87,30.96,21.52,82.43,0.6,1.27,6398.29
1501709,Bragança,PA,1985,3795.64,1330.04,30.55,21.44,81.03,0.64,1.27,6189.11
1501709,Bragança,PA,1986,3302.77,1395.66,31.03,21.51,83.34,0.58,1.62,6458.51
1501709,Bragança,PA,1987,1986.79,1473.04,30.93,21.71,83.17,0.58,1.79,6865.21
1501709,Bragança,PA,1988,3176.63,1376.82,31.21,22.09,84.83,0.53,1.48,6431.12
1501709,Bragança,PA,1989,2779.73,1363.46,31.35,21.54,84.12,0.55,1.21,6454.9
1501709,Bragança,PA,1990,1882.72,1464.39,31.96,20.86,81.79,0.63,1.32,6874.48
1501709,Bragança,PA,1991,2997.93,1419.97,31.56,22.27,82.23,0.64,1.81,6298.44
1501709,Bragança,PA,1992,1937.39,1562.46,31.41,23.26,79.87,0.74,2.11,6889.82
1501709,Bragança,PA,1993,2099.04,1484.61,31.35,22.05,82.07,0.63,1.97,6746.3
1501709,Bragança,PA,1994,2658.26,1416.69,30.9,21.79,83.25,0.58,1.74,6551.51
1501709,Bragança,PA,1995,2612.32,1463.27,31.37,22.02,81.95,0.64,1.72,6653.77
1501709,Bragança,PA,1996,2474.67,1465.21,31.29,22.38,82.12,0.64,1.69,6661.57
1501709,Bragança,PA,1997,2020.67,1526.83,31.73,22.0,81.18,0.67,1.69,6926.16
1501709,Bragança,PA,1998,2346.26,1566.45,32.48,22.36,81.41,0.68,1.99,6952.08
1501709,Bragança,PA,1999,2496.57,1471.05,31.62,21.17,82.01,0.62,1.79,6714.1
1501709,Bragança,PA,2000,2569.44,1474.73,31.54,22.34,83.25,0.6,1.6,6804.99
1501725,Brasil Novo,PA,1981,1148.1,1333.93,30.82,21.91,84.68,0.53,1.52,6227.13
1501725,Brasil Novo,PA,1982,1751.07,1349.03,30.73,22.03,87.07,0.45,1.55,6457.26
1501725,Brasil Novo,PA,1983,1141.66,1468.08,31.66,22.1,78.7,0.76,1.65,6520.72
1501725,Brasil Novo,PA,1984,2517.72,1365.0,30.67,20.78,79.39,0.69,1.3,6342.53
1501725,Brasil Novo,PA,1985,2464.54,1301.38,30.25,20.88,79.67,0.67,1.3,6017.1
1501725,Brasil Novo,PA,1986,1966.76,1315.56,30.49,21.05,83.93,0.54,1.26,6254.3
1501725,Brasil Novo,PA,1987,1622.18,1390.39,31.35,21.92,82.15,0.63,1.42,6372.75
1501725,Brasil Novo,PA,1988,1806.55,1305.94,30.77,22.08,84.87,0.53,1.24,6157.95
1501725,Brasil Novo,PA,1989,2414.55,1289.71,30.53,21.79,87.35,0.44,1.24,6212.99
1501725,Brasil Novo,PA,1990,1888.58,1365.31,31.16,22.24,86.36,0.48,1.28,6503.13
1501725,Brasil Novo,PA,1991,1738.97,1272.16,30.85,21.69,85.87,0.49,1.27,5954.42
1501725,Brasil Novo,PA,1992,1436.22,1397.14,31.25,20.89,84.59,0.52,1.67,6486.1
1501725,Brasil Novo,PA,1993,1923.27,1357.58,31.16,22.08,85.69,0.51,1.53,6366.46
1501725,Brasil Novo,PA,1994,2265.29,1323.08,31.24,22.09,87.21,0.45,1.4,6271.58
1501725,Brasil Novo,PA,1995,1817.72,1375.34,31.62,21.92,85.66,0.52,1.46,6398.35
1501725,Brasil Novo,PA,1996,2244.02,1385.57,31.47,21.49,85.19,0.52,1.49,6465.21
1501725,Brasil Novo,PA,1997,1614.65,1427.95,31.92,20.61,82.61,0.6,1.59,6494.8
1501725,Brasil Novo,PA,1998,1757.96,1435.43,32.19,20.99,82.91,0.6,1.52,6560.94
1501725,Brasil Novo,PA,1999,2099.06,1381.53,31.49,21.82,85.64,0.51,1.37,6503.13
1501725,Brasil Novo,PA,2000,2418.31,1394.38,31.55,21.8,85.64,0.51,1.38,6560.56
1501758,Brejo Grande do Araguaia,PA,1981,1277.39,1441.36,32.29,21.83,71.65,1.03,1.16,6298.44
1501758,Brejo Grande do Araguaia,PA,1982,1353.44,1406.56,32.09,21.62,76.48,0.84,1.15,6383.9
1501758,Brejo Grande do Araguaia,PA,1983,1526.72,1480.31,32.38,21.99,72.42,1.0,1.33,6340.54
1501758,Brejo Grande do Araguaia,PA,1984,1773.06,1427.65,31.71,21.29,74.34,0.9,1.15,6492.7
1501758,Brejo Grande do Araguaia,PA,1985,2193.3,1339.56,31.4,21.62,76.42,0.83,0.99,6207.49
1501758,Brejo Grande do Araguaia,PA,1986,1824.07,1395.61,31.67,21.39,78.29,0.76,1.2,6357.82
1501758,Brejo Grande do Araguaia,PA,1987,1268.76,1469.82,33.08,21.84,74.79,0.94,1.19,6460.24
1501758,Brejo Grande do Araguaia,PA,1988,1771.21,1457.79,32.37,21.42,75.63,0.87,1.18,6562.61
1501758,Brejo Grande do Araguaia,PA,1989,1994.48,1381.28,31.71,21.78,79.54,0.73,1.1,6390.81
1501758,Brejo Grande do Araguaia,PA,1990,1366.94,1448.07,32.4,21.98,78.01,0.8,1.17,6570.99
1501758,Brejo Grande do Araguaia,PA,1991,1315.82,1354.71,32.38,21.89,79.36,0.75,1.15,6068.78
1501758,Brejo Grande do Araguaia,PA,1992,1295.96,1416.8,32.71,22.17,78.09,0.81,1.17,6305.93
1501758,Brejo Grande do Araguaia,PA,1993,1298.92,1405.28,32.32,22.23,80.68,0.71,1.03,6485.53
1501758,Brejo Grande do Araguaia,PA,1994,1857.89,1381.33,32.16,22.11,80.25,0.72,1.06,6341.64
1501758,Brejo Grande do Araguaia,PA,1995,1904.22,1428.06,32.57,22.19,76.79,0.87,0.87,6592.98
1501758,Brejo Grande do Araguaia,PA,1996,1758.73,1421.5,32.36,22.14,75.34,0.91,0.81,6558.84
1501758,Brejo Grande do Araguaia,PA,1997,1497.72,1445.05,32.54,22.29,72.35,1.03,0.92,6553.08
1501758,Brejo Grande do Araguaia,PA,1998,1316.13,1488.55,33.24,23.0,72.73,1.05,0.95,6649.85
1501758,Brejo Grande do Araguaia,PA,1999,1898.96,1411.78,32.24,22.07,78.19,0.8,0.9,6590.15
1501758,Brejo Grande do Araguaia,PA,2000,1989.21,1419.05,32.2,22.41,78.38,0.8,0.85,6659.53
1501782,Breu Branco,PA,1981,1610.2,1401.18,32.09,22.57,79.29,0.76,1.02,6454.74
1501782,Breu Branco,PA,1982,2196.06,1394.43,32.0,22.76,83.56,0.6,1.07,6519.15
1501782,Breu Branco,PA,1983,1496.58,1490.65,32.56,23.25,76.65,0.88,1.34,6509.72
1501782,Breu Branco,PA,1984,2776.49,1438.96,32.2,22.59,79.47,0.76,1.05,6633.77
1501782,Breu Branco,PA,1985,2952.66,1355.33,31.62,22.45,80.2,0.72,1.06,6241.74
1501782,Breu Branco,PA,1986,2801.28,1361.78,31.7,22.29,86.22,0.5,1.04,6497.47
1501782,Breu Branco,PA,1987,1913.2,1396.63,32.05,23.28,83.95,0.6,1.08,6500.46
1501782,Breu Branco,PA,1988,2725.27,1371.14,31.59,23.0,84.73,0.56,0.98,6501.81
1501782,Breu Branco,PA,1989,2573.55,1344.78,31.34,22.76,85.16,0.54,0.89,6427.88
1501782,Breu Branco,PA,1990,1943.01,1430.67,32.01,22.87,83.34,0.61,1.06,6717.08
1501782,Breu Branco,PA,1991,1767.07,1340.48,31.86,22.82,83.35,0.61,1.13,6173.25
1501782,Breu Branco,PA,1992,1593.97,1441.41,32.29,22.87,82.55,0.65,1.23,6635.02
1501782,Breu Branco,PA,1993,2436.78,1398.63,31.97,22.65,84.84,0.56,1.13,6580.1
1501782,Breu Branco,PA,1994,2825.11,1380.71,31.8,22.37,84.42,0.56,1.14,6501.56
1501782,Breu Branco,PA,1995,2044.21,1403.49,32.13,23.09,83.15,0.64,1.06,6493.54
1501782,Breu Branco,PA,1996,2189.99,1442.9,32.14,23.13,81.92,0.68,1.24,6580.04
1501782,Breu Branco,PA,1997,1580.07,1473.86,32.53,23.24,79.25,0.79,1.38,6528.58
1501782,Breu Branco,PA,1998,1674.57,1488.7,33.02,23.83,80.43,0.76,1.32,6603.51
1501782,Breu Branco,PA,1999,2635.18,1422.63,32.47,23.2,82.8,0.65,1.17,6526.38
1501782,Breu Branco,PA,2000,2103.88,1469.0,32.93,23.37,83.38,0.64,1.21,6697.54
1501808,Breves,PA,1981,2212.67,1452.37,31.83,22.65,84.26,0.58,1.41,6770.02
1501808,Breves,PA,1982,2546.06,1424.47,31.37,22.49,84.18,0.57,1.45,6653.77
1501808,Breves,PA,1983,1885.68,1515.06,31.86,22.66,80.77,0.7,1.69,6875.27
1501808,Breves,PA,1984,2844.21,1414.49,31.33,22.33,81.63,0.65,1.38,6543.6
1501808,Breves,PA,1985,2926.72,1368.28,31.14,22.31,80.7,0.68,1.32,6288.08
1501808,Breves,PA,1986,2654.95,1361.26,31.17,22.25,85.13,0.53,1.2,6474.38
1501808,Breves,PA,1987,2208.97,1409.02,31.55,22.49,83.51,0.59,1.11,6681.89
1501808,Breves,PA,1988,2897.6,1328.87,31.34,22.43,85.44,0.52,0.98,6321.95
1501808,Breves,PA,1989,2906.23,1297.03,30.84,22.52,86.93,0.46,1.07,6214.09
1501808,Breves,PA,1990,2244.41,1437.52,31.52,22.76,85.04,0.55,1.25,6817.14
1501808,Breves,PA,1991,2315.45,1372.47,31.41,23.01,84.49,0.57,1.35,6330.96
1501808,Breves,PA,1992,2256.73,1504.67,31.67,23.17,82.18,0.66,1.59,6881.02
1501808,Breves,PA,1993,2182.78,1455.74,31.42,23.03,83.85,0.59,1.64,6747.24
1501808,Breves,PA,1994,2552.34,1412.44,31.3,23.48,85.46,0.54,1.52,6616.54
1501808,Breves,PA,1995,2300.77,1415.57,31.6,23.08,84.99,0.55,1.31,6630.05
1501808,Breves,PA,1996,2542.97,1395.86,31.36,22.92,85.37,0.53,1.45,6504.01
1501808,Breves,PA,1997,1921.07,1450.98,31.92,23.36,83.61,0.61,1.74,6551.98
1501808,Breves,PA,1998,2400.72,1482.97,32.19,23.73,83.65,0.62,1.66,6714.41
1501808,Breves,PA,1999,2636.55,1413.78,31.83,23.08,84.37,0.58,1.27,6559.99
1501808,Breves,PA,2000,3018.53,1453.39,31.83,23.17,84.11,0.59,1.27,6781.9
1501907,Bujaru,PA,1981,1793.72,1458.1,31.63,22.26,80.6,0.69,1.34,6726.98
1501907,Bujaru,PA,1982,2422.26,1377.69,31.27,22.11,84.74,0.54,1.32,6480.98
1501907,Bujaru,PA,1983,1818.76,1520.54,31.75,22.26,79.15,0.74,1.67,6841.96
1501907,Bujaru,PA,1984,2811.78,1396.83,31.1,21.77,82.24,0.62,1.26,6572.97
1501907,Bujaru,PA,1985,3107.3,1359.83,30.68,21.93,80.83,0.66,1.27,6329.7
1501907,Bujaru,PA,1986,2596.78,1382.86,30.96,22.08,85.29,0.52,1.4,6590.15
1501907,Bujaru,PA,1987,2100.22,1459.33,31.7,22.76,84.45,0.57,1.29,6899.61
1501907,Bujaru,PA,1988,2961.7,1378.67,31.34,22.75,86.12,0.5,1.24,6553.18
1501907,Bujaru,PA,1989,2987.67,1345.76,31.13,22.31,85.66,0.51,0.97,6484.28
1501907,Bujaru,PA,1990,2241.71,1437.42,31.64,22.66,83.29,0.6,1.11,6797.98
1501907,Bujaru,PA,1991,2064.83,1361.72,31.06,22.6,85.06,0.53,1.62,6299.07
1501907,Bujaru,PA,1992,2300.38,1484.97,31.09,22.69,83.48,0.59,1.92,6883.53
1501907,Bujaru,PA,1993,2576.36,1426.06,30.98,22.87,85.14,0.53,1.74,6734.52
1501907,Bujaru,PA,1994,3524.08,1387.88,30.97,23.03,86.08,0.5,1.48,6596.75
1501907,Bujaru,PA,1995,2600.21,1414.18,31.4,23.02,84.81,0.55,1.38,6622.04
1501907,Bujaru,PA,1996,2494.58,1421.71,31.34,22.97,84.92,0.55,1.51,6607.06
1501907,Bujaru,PA,1997,2351.52,1476.78,31.7,22.93,83.67,0.6,1.66,6773.32
1501907,Bujaru,PA,1998,2577.72,1521.05,32.44,23.68,83.97,0.61,1.89,6852.02
1501907,Bujaru,PA,1999,2654.19,1422.58,31.79,22.97,84.79,0.56,1.51,6605.23
1501907,Bujaru,PA,2000,3103.12,1453.65,31.64,22.89,84.76,0.56,1.31,6849.92
1501956,Cachoeira do Piriá,PA,1981,1700.32,1511.38,31.44,21.58,77.92,0.77,1.74,6668.54
1501956,Cachoeira do Piriá,PA,1982,1982.35,1422.99,30.9,21.77,81.66,0.64,1.69,6438.56
1501956,Cachoeira do Piriá,PA,1983,1466.76,1570.7,31.88,22.08,75.45,0.88,1.71,6829.4
1501956,Cachoeira do Piriá,PA,1984,2559.1,1387.42,30.81,21.87,80.49,0.68,1.26,6436.62
1501956,Cachoeira do Piriá,PA,1985,2879.78,1332.7,30.38,21.74,80.79,0.65,1.27,6208.43
1501956,Cachoeira do Piriá,PA,1986,2798.29,1389.72,30.8,21.87,83.97,0.56,1.58,6511.61
1501956,Cachoeira do Piriá,PA,1987,1923.0,1490.7,31.34,22.23,83.22,0.6,1.79,6894.74
1501956,Cachoeira do Piriá,PA,1988,2613.42,1398.42,31.14,22.34,84.76,0.54,1.47,6562.14
1501956,Cachoeira do Piriá,PA,1989,2677.95,1370.58,31.14,21.8,83.67,0.57,1.19,6502.34
1501956,Cachoeira do Piriá,PA,1990,1906.8,1492.8,32.24,22.07,81.55,0.67,1.32,6903.38
1501956,Cachoeira do Piriá,PA,1991,2475.04,1436.6,32.07,22.57,82.02,0.66,1.78,6281.48
1501956,Cachoeira do Piriá,PA,1992,1560.12,1568.7,31.75,22.89,79.62,0.75,2.06,6889.97
1501956,Cachoeira do Piriá,PA,1993,2049.29,1490.85,31.46,22.7,81.94,0.65,1.9,6746.45
1501956,Cachoeira do Piriá,PA,1994,2434.26,1423.96,31.11,22.39,83.21,0.6,1.73,6539.89
1501956,Cachoeira do Piriá,PA,1995,2091.62,1468.39,31.28,22.64,81.63,0.66,1.73,6643.41
1501956,Cachoeira do Piriá,PA,1996,2065.04,1469.77,31.43,22.82,81.81,0.66,1.65,6662.98
1501956,Cachoeira do Piriá,PA,1997,1740.1,1528.68,31.77,22.53,80.86,0.7,1.61,6925.53
1501956,Cachoeira do Piriá,PA,1998,2201.35,1570.18,32.39,23.38,81.13,0.71,1.98,6912.34
1501956,Cachoeira do Piriá,PA,1999,2094.55,1469.51,31.62,22.35,81.72,0.66,1.74,6640.74
1501956,Cachoeira do Piriá,PA,2000,2128.95,1462.24,31.45,22.78,83.83,0.59,1.61,6762.89
1502004,Cachoeira do Arari,PA,1981,1510.34,1472.22,31.33,23.83,83.01,0.63,1.4,6823.58
1502004,Cachoeira do Arari,PA,1982,2792.84,1402.46,30.83,23.67,84.47,0.57,1.37,6582.14
1502004,Cachoeira do Arari,PA,1983,2171.6,1520.85,31.47,23.98,80.08,0.74,1.65,6853.43
1502004,Cachoeira do Arari,PA,1984,3259.87,1415.57,31.11,23.37,82.56,0.64,1.31,6571.87
1502004,Cachoeira do Arari,PA,1985,3866.4,1382.2,30.8,23.44,80.8,0.7,1.31,6324.99
1502004,Cachoeira do Arari,PA,1986,3313.1,1397.19,31.12,23.64,84.96,0.56,1.36,6540.99
1502004,Cachoeira do Arari,PA,1987,2395.53,1479.44,31.86,24.24,83.19,0.64,1.41,6781.96
1502004,Cachoeira do Arari,PA,1988,3697.88,1380.61,31.56,23.98,85.33,0.55,1.16,6430.02
1502004,Cachoeira do Arari,PA,1989,3495.79,1348.01,31.22,23.64,85.62,0.53,1.04,6355.47
1502004,Cachoeira do Arari,PA,1990,2538.85,1470.84,31.76,24.23,84.46,0.59,1.21,6879.04
1502004,Cachoeira do Arari,PA,1991,2909.67,1375.65,30.79,24.11,84.34,0.58,1.4,6370.39
1502004,Cachoeira do Arari,PA,1992,2357.72,1502.37,30.78,24.47,82.95,0.64,1.67,6960.82
1502004,Cachoeira do Arari,PA,1993,2829.05,1465.52,30.9,24.53,84.07,0.6,1.71,6783.68
1502004,Cachoeira do Arari,PA,1994,2972.26,1430.67,30.59,24.47,84.58,0.58,1.61,6681.11
1502004,Cachoeira do Arari,PA,1995,3008.31,1429.18,31.0,23.46,84.19,0.58,1.43,6705.77
1502004,Cachoeira do Arari,PA,1996,2957.44,1406.1,31.06,22.96,84.91,0.55,1.4,6614.13
1502004,Cachoeira do Arari,PA,1997,2438.25,1451.44,31.17,23.95,83.74,0.61,1.55,6691.94
1502004,Cachoeira do Arari,PA,1998,2608.27,1502.42,31.65,25.07,83.84,0.63,1.67,6836.62
1502004,Cachoeira do Arari,PA,1999,2754.78,1422.22,31.07,24.5,84.45,0.59,1.37,6613.09
1502004,Cachoeira do Arari,PA,2000,3007.97,1456.82,30.94,24.41,84.41,0.59,1.31,6837.82
1502103,Cametá,PA,1981,1738.04,1463.57,32.15,23.43,82.03,0.68,1.19,6747.55
1502103,Cametá,PA,1982,2416.54,1403.03,31.59,23.53,85.95,0.52,1.23,6617.96
1502103,Cametá,PA,1983,1733.67,1501.91,31.82,23.8,79.53,0.77,1.53,6712.05
1502103,Cametá,PA,1984,2997.37,1421.09,31.36,22.87,81.45,0.67,1.21,6620.26
1502103,Cametá,PA,1985,2797.06,1366.64,31.12,22.7,80.61,0.7,1.19,6292.47
1502103,Cametá,PA,1986,2838.24,1369.04,31.58,22.42,86.58,0.48,1.22,6513.02
1502103,Cametá,PA,1987,1988.17,1413.98,32.36,22.78,85.01,0.56,1.25,6570.2
1502103,Cametá,PA,1988,3013.33,1362.7,32.09,22.43,86.27,0.5,1.07,6425.63
1502103,Cametá,PA,1989,3105.89,1329.58,31.52,22.04,86.4,0.48,1.01,6357.19
1502103,Cametá,PA,1990,2484.96,1432.35,31.7,22.03,85.59,0.51,1.21,6868.04
1502103,Cametá,PA,1991,2193.75,1346.52,31.41,21.71,85.32,0.52,1.29,6347.14
1502103,Cametá,PA,1992,1876.53,1462.81,31.64,21.64,83.97,0.57,1.51,6884.95
1502103,Cametá,PA,1993,2736.89,1432.51,31.37,22.56,85.32,0.53,1.54,6776.3
1502103,Cametá,PA,1994,3344.53,1410.24,31.44,23.49,85.9,0.52,1.46,6634.45
1502103,Cametá,PA,1995,2634.42,1423.09,31.97,23.06,84.52,0.58,1.3,6602.25
1502103,Cametá,PA,1996,2781.78,1428.46,32.08,23.09,84.94,0.57,1.4,6590.25
1502103,Cametá,PA,1997,2078.29,1469.36,32.88,23.99,83.58,0.64,1.53,6548.84
1502103,Cametá,PA,1998,2512.61,1512.71,33.49,24.42,83.76,0.65,1.44,6729.02
1502103,Cametá,PA,1999,3032.96,1429.64,32.76,23.71,85.08,0.58,1.29,6524.33
1502103,Cametá,PA,2000,3607.09,1471.35,32.67,23.7,85.05,0.58,1.35,6746.08
1502152,Canaã dos Carajás,PA,1981,1375.14,1349.85,31.71,21.09,76.6,0.82,1.19,6030.45
1502152,Canaã dos Carajás,PA,1982,1356.78,1338.69,31.54,21.11,79.76,0.7,1.25,6124.39
1502152,Canaã dos Carajás,PA,1983,1424.79,1416.44,32.12,21.62,73.89,0.93,1.36,6043.02
1502152,Canaã dos Carajás,PA,1984,1802.48,1383.63,31.51,20.88,73.11,0.92,1.24,6102.03
1502152,Canaã dos Carajás,PA,1985,2601.05,1264.33,31.13,20.95,77.98,0.75,1.17,5676.54
1502152,Canaã dos Carajás,PA,1986,2383.32,1297.9,31.47,20.91,82.72,0.59,1.24,5979.87
1502152,Canaã dos Carajás,PA,1987,1825.79,1351.8,32.62,21.59,80.11,0.72,1.25,5988.51
1502152,Canaã dos Carajás,PA,1988,1915.39,1344.94,32.12,21.17,80.73,0.68,1.24,6078.31
1502152,Canaã dos Carajás,PA,1989,1981.45,1310.54,31.41,21.34,82.3,0.61,1.22,6057.79
1502152,Canaã dos Carajás,PA,1990,1520.69,1381.02,32.17,21.57,80.77,0.69,1.26,6274.57
1502152,Canaã dos Carajás,PA,1991,1555.1,1269.44,32.04,21.39,81.51,0.65,1.27,5634.28
1502152,Canaã dos Carajás,PA,1992,1554.36,1346.32,32.21,21.36,81.17,0.67,1.36,6005.11
1502152,Canaã dos Carajás,PA,1993,1411.54,1345.4,31.97,21.18,82.48,0.62,1.28,6176.23
1502152,Canaã dos Carajás,PA,1994,1584.86,1334.85,31.88,21.23,81.05,0.67,1.21,6100.67
1502152,Canaã dos Carajás,PA,1995,1675.01,1377.39,32.29,21.58,79.08,0.76,1.25,6149.21
1502152,Canaã dos Carajás,PA,1996,1411.33,1378.41,32.21,21.61,78.19,0.78,1.05,6273.1
1502152,Canaã dos Carajás,PA,1997,1535.52,1432.46,32.16,21.71,74.26,0.93,1.05,6495.74
1502152,Canaã dos Carajás,PA,1998,1465.41,1481.95,32.95,22.44,73.98,0.98,1.05,6615.92
1502152,Canaã dos Carajás,PA,1999,2199.78,1402.57,31.95,21.58,81.16,0.67,1.02,6575.23
1502152,Canaã dos Carajás,PA,2000,1959.08,1422.68,31.88,21.87,81.33,0.67,1.09,6666.91
1502202,Capanema,PA,1981,1795.61,1456.0,31.5,20.8,81.07,0.65,1.51,6704.67
1502202,Capanema,PA,1982,2368.79,1389.77,31.01,21.28,82.82,0.59,1.59,6377.93
1502202,Capanema,PA,1983,1568.59,1539.12,31.97,21.62,78.07,0.77,1.75,6820.6
1502202,Capanema,PA,1984,2624.32,1370.94,30.99,21.59,82.48,0.6,1.27,6423.74
1502202,Capanema,PA,1985,3737.02,1339.46,30.68,21.52,80.64,0.66,1.26,6213.15
1502202,Capanema,PA,1986,3237.54,1377.8,31.05,21.59,84.56,0.54,1.49,6471.55
1502202,Capanema,PA,1987,1987.49,1477.96,31.04,21.82,83.0,0.59,1.78,6868.51
1502202,Capanema,PA,1988,3065.0,1378.92,31.24,22.17,84.57,0.55,1.44,6444.01
1502202,Capanema,PA,1989,2991.87,1359.88,31.38,21.63,84.14,0.55,1.09,6486.79
1502202,Capanema,PA,1990,1967.47,1462.96,31.87,21.12,81.8,0.63,1.25,6909.35
1502202,Capanema,PA,1991,2578.39,1400.57,31.27,22.32,82.45,0.63,1.78,6271.58
1502202,Capanema,PA,1992,1974.17,1549.1,31.31,23.31,80.4,0.72,2.08,6884.48
1502202,Capanema,PA,1993,2091.92,1475.5,31.35,22.21,82.73,0.61,1.94,6747.08
1502202,Capanema,PA,1994,2738.2,1403.44,30.94,21.99,84.48,0.54,1.74,6565.96
1502202,Capanema,PA,1995,2723.76,1448.73,31.38,22.17,82.72,0.61,1.67,6641.99
1502202,Capanema,PA,1996,2660.02,1458.66,31.32,22.47,83.04,0.61,1.61,6712.31
1502202,Capanema,PA,1997,2169.15,1502.32,31.73,22.16,82.16,0.64,1.65,6862.7
1502202,Capanema,PA,1998,2438.18,1551.91,32.47,22.59,82.4,0.65,1.96,6946.27
1502202,Capanema,PA,1999,2690.88,1453.44,31.63,21.45,83.06,0.59,1.71,6712.37
1502202,Capanema,PA,2000,2678.97,1467.98,31.55,22.52,84.31,0.57,1.54,6851.65
1502301,Capitão Poço,PA,1981,1892.38,1456.51,31.25,21.42,80.73,0.67,1.49,6717.86
1502301,Capitão Poço,PA,1982,2215.21,1405.07,30.78,21.63,81.6,0.63,1.65,6388.77
1502301,Capitão Poço,PA,1983,1675.97,1530.42,31.63,21.91,78.06,0.77,1.7,6839.61
1502301,Capitão Poço,PA,1984,2944.78,1367.2,30.78,21.7,82.06,0.62,1.26,6415.42
1502301,Capitão Poço,PA,1985,3243.04,1335.88,30.5,21.67,80.53,0.66,1.26,6207.02
1502301,Capitão Poço,PA,1986,2715.25,1386.09,30.76,21.79,83.49,0.57,1.54,6472.18
1502301,Capitão Poço,PA,1987,1898.37,1479.85,31.22,22.2,83.12,0.6,1.78,6861.44
1502301,Capitão Poço,PA,1988,2706.47,1376.0,31.02,22.35,84.57,0.54,1.46,6444.95
1502301,Capitão Poço,PA,1989,2782.92,1363.36,31.11,21.82,84.11,0.55,1.15,6499.04
1502301,Capitão Poço,PA,1990,2027.74,1478.37,31.81,22.05,82.53,0.62,1.32,6939.67
1502301,Capitão Poço,PA,1991,1996.0,1418.13,31.36,22.41,82.17,0.64,1.77,6334.42
1502301,Capitão Poço,PA,1992,1794.59,1542.44,31.29,22.74,80.12,0.72,2.03,6879.45
1502301,Capitão Poço,PA,1993,2206.65,1471.61,31.16,22.63,82.65,0.62,1.9,6744.73
1502301,Capitão Poço,PA,1994,2385.99,1420.12,30.9,22.51,83.3,0.59,1.69,6565.8
1502301,Capitão Poço,PA,1995,2542.58,1456.0,31.21,22.51,81.87,0.65,1.68,6631.78
1502301,Capitão Poço,PA,1996,2373.36,1472.07,31.25,22.65,82.21,0.64,1.65,6733.67
1502301,Capitão Poço,PA,1997,1946.22,1519.72,31.57,22.55,81.31,0.68,1.67,6902.13
1502301,Capitão Poço,PA,1998,2261.55,1556.11,32.24,23.24,81.65,0.69,1.91,6945.95
1502301,Capitão Poço,PA,1999,2326.09,1468.9,31.51,22.33,82.25,0.64,1.72,6714.57
1502301,Capitão Poço,PA,2000,2354.48,1477.75,31.35,22.73,83.09,0.61,1.57,6840.18
1502400,Castanhal,PA,1981,1734.29,1449.76,31.45,22.14,81.73,0.65,1.4,6715.04
1502400,Castanhal,PA,1982,2498.91,1383.89,31.03,22.14,83.39,0.58,1.36,6448.78
1502400,Castanhal,PA,1983,1879.72,1515.11,31.66,22.37,79.73,0.72,1.7,6826.88
1502400,Castanhal,PA,1984,2805.84,1392.28,30.96,21.96,82.46,0.61,1.27,6546.11
1502400,Castanhal,PA,1985,3294.1,1357.73,30.62,22.05,80.83,0.66,1.27,6308.97
1502400,Castanhal,PA,1986,2932.22,1386.7,30.93,22.19,84.66,0.54,1.4,6564.39
1502400,Castanhal,PA,1987,2113.19,1490.96,31.56,22.77,83.24,0.61,1.68,6898.67
1502400,Castanhal,PA,1988,3059.81,1384.81,31.28,22.77,85.41,0.53,1.36,6530.4
1502400,Castanhal,PA,1989,3109.0,1354.35,31.1,22.34,84.32,0.56,1.0,6485.06
1502400,Castanhal,PA,1990,2346.24,1465.83,31.6,22.72,82.45,0.63,1.26,6886.42
1502400,Castanhal,PA,1991,1824.03,1398.06,30.91,22.81,82.39,0.63,1.75,6294.83
1502400,Castanhal,PA,1992,2118.76,1533.54,30.98,23.09,80.39,0.71,2.03,6884.32
1502400,Castanhal,PA,1993,2296.45,1465.26,30.93,23.09,83.16,0.61,1.9,6752.74
1502400,Castanhal,PA,1994,4084.21,1410.6,30.8,23.12,84.44,0.56,1.73,6580.26
1502400,Castanhal,PA,1995,2663.66,1439.42,31.2,22.92,83.74,0.59,1.66,6645.45
1502400,Castanhal,PA,1996,2862.03,1425.34,31.18,22.82,84.6,0.56,1.61,6627.17
1502400,Castanhal,PA,1997,2508.47,1472.94,31.49,22.98,83.74,0.6,1.66,6790.6
1502400,Castanhal,PA,1998,2677.4,1522.48,32.17,23.79,83.98,0.61,1.91,6899.14
1502400,Castanhal,PA,1999,2909.69,1433.94,31.5,23.05,84.54,0.57,1.66,6643.56
1502400,Castanhal,PA,2000,2821.27,1466.95,31.35,23.13,84.24,0.58,1.54,6846.15
1502509,Chaves,PA,1981,2579.9,1478.37,31.63,23.38,83.73,0.6,1.67,6789.81
1502509,Chaves,PA,1982,3486.76,1411.22,31.18,23.16,83.94,0.59,1.59,6488.83
1502509,Chaves,PA,1983,1628.44,1520.8,31.79,23.44,80.35,0.73,1.76,6796.56
1502509,Chaves,PA,1984,2892.64,1408.91,31.13,22.95,82.57,0.63,1.41,6510.92
1502509,Chaves,PA,1985,3655.9,1363.98,30.81,22.79,80.75,0.69,1.37,6219.59
1502509,Chaves,PA,1986,3405.02,1376.31,31.13,23.04,84.75,0.56,1.36,6429.45
1502509,Chaves,PA,1987,2180.38,1447.45,31.77,23.59,82.89,0.64,1.24,6708.75
1502509,Chaves,PA,1988,2938.71,1354.25,31.46,23.49,85.13,0.55,1.04,6339.07
1502509,Chaves,PA,1989,3044.51,1321.04,31.06,23.2,85.82,0.52,1.02,6249.28
1502509,Chaves,PA,1990,2316.77,1448.22,31.68,23.46,84.19,0.59,1.23,6780.23
1502509,Chaves,PA,1991,2832.92,1389.98,31.36,23.36,83.96,0.59,1.36,6395.37
1502509,Chaves,PA,1992,1960.04,1495.31,31.48,23.54,82.28,0.66,1.59,6844.73
1502509,Chaves,PA,1993,2345.26,1454.57,31.27,23.52,84.01,0.59,1.61,6757.29
1502509,Chaves,PA,1994,2808.78,1417.05,31.08,23.74,84.69,0.57,1.51,6624.87
1502509,Chaves,PA,1995,2658.49,1431.89,31.49,23.39,84.41,0.58,1.36,6682.21
1502509,Chaves,PA,1996,2467.54,1407.74,31.39,23.11,84.75,0.56,1.33,6576.43
1502509,Chaves,PA,1997,2324.63,1451.19,31.74,23.8,83.42,0.63,1.48,6628.64
1502509,Chaves,PA,1998,2223.49,1507.54,32.17,24.49,83.44,0.64,1.58,6827.04
1502509,Chaves,PA,1999,2605.08,1432.51,31.61,23.94,83.5,0.63,1.29,6597.69
1502509,Chaves,PA,2000,2812.42,1466.9,31.52,23.9,83.26,0.63,1.22,6822.11
1502608,Colares,PA,1981,1667.5,1465.57,31.33,23.45,81.91,0.67,1.44,6735.46
1502608,Colares,PA,1982,2686.08,1386.34,30.85,23.31,84.02,0.58,1.4,6452.39
1502608,Colares,PA,1983,2255.7,1521.72,31.49,23.59,79.89,0.74,1.7,6844.48
1502608,Colares,PA,1984,3123.12,1408.25,31.04,23.01,82.46,0.63,1.31,6551.3
1502608,Colares,PA,1985,3965.79,1374.62,30.69,23.1,80.83,0.69,1.31,6312.9
1502608,Colares,PA,1986,3411.03,1400.21,31.04,23.32,84.95,0.55,1.44,6560.94
1502608,Colares,PA,1987,3218.64,1502.83,31.79,23.93,83.31,0.63,1.58,6894.43
1502608,Colares,PA,1988,3687.46,1396.27,31.47,23.73,85.57,0.54,1.32,6524.75
1502608,Colares,PA,1989,3542.53,1361.37,31.17,23.36,85.37,0.54,1.02,6461.66
1502608,Colares,PA,1990,2584.55,1462.86,31.74,23.94,84.05,0.6,1.15,6854.37
1502608,Colares,PA,1991,3021.02,1379.94,30.77,23.84,84.28,0.58,1.68,6310.7
1502608,Colares,PA,1992,2412.41,1510.66,30.78,24.18,82.6,0.65,1.98,6898.93
1502608,Colares,PA,1993,2826.92,1466.49,30.85,24.23,83.67,0.61,1.92,6733.1
1502608,Colares,PA,1994,3089.41,1415.26,30.59,24.18,84.95,0.56,1.72,6597.38
1502608,Colares,PA,1995,3166.17,1435.17,31.01,23.35,84.39,0.57,1.65,6688.33
1502608,Colares,PA,1996,3379.2,1417.56,31.05,22.92,85.02,0.54,1.61,6626.38
1502608,Colares,PA,1997,2692.22,1462.7,31.19,23.72,83.93,0.6,1.67,6731.37
1502608,Colares,PA,1998,2745.35,1513.68,31.72,24.79,83.98,0.62,1.81,6883.28
1502608,Colares,PA,1999,3126.06,1432.97,31.12,24.2,84.56,0.58,1.61,6631.62
1502608,Colares,PA,2000,3307.25,1465.37,30.98,24.11,84.52,0.58,1.54,6845.36
1502707,Conceição do Araguaia,PA,1981,1671.64,1444.69,32.75,20.62,74.83,0.9,1.24,6380.76
1502707,Conceição do Araguaia,PA,1982,1759.99,1406.76,32.65,20.92,76.95,0.82,1.15,6367.88
1502707,Conceição do Araguaia,PA,1983,1773.16,1521.15,33.65,21.36,71.22,1.08,1.34,6414.69
1502707,Conceição do Araguaia,PA,1984,1760.78,1485.02,32.77,20.64,73.15,0.95,1.29,6528.68
1502707,Conceição do Araguaia,PA,1985,2715.62,1358.65,32.1,20.91,77.35,0.8,1.14,6164.92
1502707,Conceição do Araguaia,PA,1986,1944.17,1417.51,32.55,21.27,77.73,0.8,1.16,6382.8
1502707,Conceição do Araguaia,PA,1987,1523.79,1463.57,33.56,22.18,75.72,0.93,1.14,6398.66
1502707,Conceição do Araguaia,PA,1988,2030.75,1489.11,33.19,21.81,75.15,0.93,1.2,6510.92
1502707,Conceição do Araguaia,PA,1989,2326.71,1381.12,32.39,21.8,79.17,0.76,1.11,6274.57
1502707,Conceição do Araguaia,PA,1990,1501.83,1474.94,33.43,22.17,76.97,0.88,1.16,6533.92
1502707,Conceição do Araguaia,PA,1991,1964.99,1386.09,32.97,21.82,79.29,0.77,1.21,6103.81
1502707,Conceição do Araguaia,PA,1992,1737.38,1432.76,32.99,21.18,75.91,0.88,1.26,6233.2
1502707,Conceição do Araguaia,PA,1993,1924.44,1455.23,33.24,20.35,77.36,0.81,1.29,6455.37
1502707,Conceição do Araguaia,PA,1994,2200.3,1421.04,32.99,21.02,76.05,0.88,1.22,6265.61
1502707,Conceição do Araguaia,PA,1995,2125.38,1454.31,33.16,21.69,75.37,0.93,1.08,6494.49
1502707,Conceição do Araguaia,PA,1996,1517.07,1476.88,33.41,22.23,75.25,0.95,0.97,6613.97
1502707,Conceição do Araguaia,PA,1997,1978.6,1471.71,33.27,22.35,74.2,0.99,1.07,6500.93
1502707,Conceição do Araguaia,PA,1998,1621.3,1547.51,34.46,23.05,73.19,1.08,1.1,6663.67
1502707,Conceição do Araguaia,PA,1999,1823.42,1481.49,33.19,22.32,77.08,0.88,1.12,6589.84
1502707,Conceição do Araguaia,PA,2000,2047.28,1500.99,33.13,22.27,76.77,0.89,1.04,6854.16
1502756,Concórdia do Pará,PA,1981,1744.65,1456.77,31.6,22.18,80.45,0.7,1.32,6728.7
1502756,Concórdia do Pará,PA,1982,2345.23,1376.31,31.21,22.13,84.8,0.53,1.32,6485.85
1502756,Concórdia do Pará,PA,1983,1677.56,1523.66,31.75,22.32,78.91,0.75,1.66,6847.62
1502756,Concórdia do Pará,PA,1984,2953.49,1398.98,31.08,21.85,82.15,0.62,1.26,6581.61
1502756,Concórdia do Pará,PA,1985,3012.85,1361.62,30.72,21.97,80.8,0.66,1.27,6334.26
1502756,Concórdia do Pará,PA,1986,2624.94,1385.06,31.0,22.09,85.32,0.52,1.4,6598.64
1502756,Concórdia do Pará,PA,1987,2092.81,1457.23,31.67,22.7,84.51,0.56,1.27,6904.01
1502756,Concórdia do Pará,PA,1988,2723.06,1379.23,31.35,22.71,86.18,0.5,1.24,6558.52
1502756,Concórdia do Pará,PA,1989,2671.96,1346.42,31.15,22.26,85.7,0.51,0.97,6486.48
1502756,Concórdia do Pará,PA,1990,2156.94,1437.11,31.69,22.58,83.32,0.6,1.11,6794.68
1502756,Concórdia do Pará,PA,1991,2238.65,1362.44,31.12,22.61,85.14,0.53,1.61,6301.9
1502756,Concórdia do Pará,PA,1992,1937.1,1486.86,31.14,22.75,83.58,0.59,1.91,6889.5
1502756,Concórdia do Pará,PA,1993,2350.18,1426.52,31.02,22.88,85.22,0.53,1.73,6738.44
1502756,Concórdia do Pará,PA,1994,3513.93,1386.96,30.97,23.02,86.19,0.5,1.47,6600.99
1502756,Concórdia do Pará,PA,1995,2723.74,1411.63,31.39,22.96,84.84,0.55,1.37,6619.69
1502756,Concórdia do Pará,PA,1996,2362.01,1422.32,31.33,22.92,84.92,0.55,1.52,6605.8
1502756,Concórdia do Pará,PA,1997,2116.76,1477.8,31.7,22.96,83.65,0.6,1.67,6775.83
1502756,Concórdia do Pará,PA,1998,2568.99,1520.95,32.42,23.69,83.97,0.61,1.9,6850.92
1502756,Concórdia do Pará,PA,1999,2561.44,1420.07,31.76,22.95,84.81,0.56,1.51,6598.32
1502756,Concórdia do Pará,PA,2000,2950.68,1454.0,31.62,22.96,84.78,0.56,1.31,6851.02
1502764,Cumaru do Norte,PA,1981,1412.88,1355.12,31.57,19.97,75.5,0.82,1.14,6168.38
1502764,Cumaru do Norte,PA,1982,1970.25,1333.57,31.43,20.23,77.63,0.75,1.11,6170.58
1502764,Cumaru do Norte,PA,1983,1840.93,1420.22,32.24,20.6,71.03,1.01,1.26,6116.85
1502764,Cumaru do Norte,PA,1984,2018.29,1382.04,31.56,19.9,72.35,0.92,1.25,6093.55
1502764,Cumaru do Norte,PA,1985,2199.45,1250.15,30.98,20.12,77.17,0.76,1.18,5595.8
1502764,Cumaru do Norte,PA,1986,1840.83,1298.62,31.41,20.39,79.75,0.68,1.1,5977.99
1502764,Cumaru do Norte,PA,1987,1460.09,1341.61,32.3,21.1,78.18,0.77,1.11,6019.3
1502764,Cumaru do Norte,PA,1988,1681.74,1351.95,32.01,20.67,77.75,0.77,1.18,6056.94
1502764,Cumaru do Norte,PA,1989,1930.3,1289.25,31.21,20.72,80.68,0.66,1.14,5972.49
1502764,Cumaru do Norte,PA,1990,1542.67,1379.74,32.17,21.03,78.39,0.76,1.14,6278.96
1502764,Cumaru do Norte,PA,1991,1991.18,1273.64,31.86,20.63,79.64,0.7,1.17,5688.32
1502764,Cumaru do Norte,PA,1992,1761.26,1325.95,31.83,20.37,78.43,0.74,1.19,5997.41
1502764,Cumaru do Norte,PA,1993,1605.34,1362.85,31.91,20.08,78.75,0.72,1.22,6225.4
1502764,Cumaru do Norte,PA,1994,1531.8,1336.03,31.77,20.32,78.86,0.72,1.19,6102.24
1502764,Cumaru do Norte,PA,1995,1879.15,1352.46,32.13,20.82,78.86,0.75,1.15,6141.51
1502764,Cumaru do Norte,PA,1996,1725.01,1375.24,32.29,20.84,78.27,0.76,1.02,6303.1
1502764,Cumaru do Norte,PA,1997,2262.32,1429.64,32.31,20.79,74.18,0.91,1.07,6507.68
1502764,Cumaru do Norte,PA,1998,1493.41,1499.86,33.5,21.51,73.17,1.0,1.07,6657.39
1502764,Cumaru do Norte,PA,1999,1783.27,1442.54,32.26,20.84,76.76,0.82,1.09,6604.61
1502764,Cumaru do Norte,PA,2000,2104.59,1479.29,32.15,20.93,76.26,0.84,1.15,6839.55
1502772,Curionópolis,PA,1981,1323.49,1352.87,31.38,20.95,76.02,0.83,1.19,6075.07
1502772,Curionópolis,PA,1982,1257.31,1339.31,31.22,20.93,79.52,0.7,1.22,6181.88
1502772,Curionópolis,PA,1983,1360.03,1429.23,31.72,21.45,72.36,0.97,1.36,6108.84
1502772,Curionópolis,PA,1984,1702.99,1372.73,31.08,20.72,74.25,0.87,1.23,6158.74
1502772,Curionópolis,PA,1985,2296.21,1263.61,30.73,20.74,77.91,0.74,1.13,5750.53
1502772,Curionópolis,PA,1986,1555.02,1324.16,31.09,20.75,79.71,0.69,1.27,6030.45
1502772,Curionópolis,PA,1987,1452.88,1382.15,32.33,21.36,77.06,0.82,1.26,6079.31
1502772,Curionópolis,PA,1988,1983.83,1376.0,31.74,20.93,77.72,0.77,1.29,6145.07
1502772,Curionópolis,PA,1989,2091.87,1315.71,31.01,21.12,80.0,0.68,1.23,6043.65
1502772,Curionópolis,PA,1990,1434.82,1404.61,31.73,21.37,77.44,0.79,1.3,6307.24
1502772,Curionópolis,PA,1991,1567.52,1295.19,31.65,21.16,78.74,0.74,1.31,5682.35
1502772,Curionópolis,PA,1992,1498.13,1370.43,31.92,21.21,77.84,0.78,1.36,6040.29
1502772,Curionópolis,PA,1993,1364.25,1358.19,31.57,21.14,80.28,0.68,1.27,6212.99
1502772,Curionópolis,PA,1994,1777.85,1341.97,31.52,21.14,80.4,0.68,1.24,6135.7
1502772,Curionópolis,PA,1995,1686.16,1374.83,31.92,21.38,78.9,0.75,1.24,6193.04
1502772,Curionópolis,PA,1996,1452.33,1372.47,31.73,21.4,77.74,0.79,1.0,6317.86
1502772,Curionópolis,PA,1997,1669.99,1421.2,31.75,21.54,74.19,0.92,1.03,6501.4
1502772,Curionópolis,PA,1998,1357.8,1464.8,32.47,22.28,74.45,0.94,1.03,6621.1
1502772,Curionópolis,PA,1999,1891.46,1399.5,31.59,21.37,79.39,0.72,1.0,6575.54
1502772,Curionópolis,PA,2000,1986.81,1411.42,31.47,21.64,78.72,0.75,0.97,6681.36
1502806,Curralinho,PA,1981,2178.85,1478.98,31.85,22.76,83.69,0.6,1.45,6890.97
1502806,Curralinho,PA,1982,2388.08,1424.47,31.42,22.55,85.02,0.54,1.46,6714.72
1502806,Curralinho,PA,1983,1790.13,1531.59,31.79,22.76,79.99,0.73,1.69,6926.63
1502806,Curralinho,PA,1984,2939.38,1430.51,31.47,22.3,81.9,0.64,1.34,6654.97
1502806,Curralinho,PA,1985,3027.01,1379.54,31.11,22.4,80.7,0.69,1.33,6336.62
1502806,Curralinho,PA,1986,2747.66,1384.7,31.16,22.21,85.1,0.53,1.38,6559.05
1502806,Curralinho,PA,1987,2176.2,1446.53,31.61,22.48,83.32,0.6,1.38,6784.31
1502806,Curralinho,PA,1988,3024.71,1361.67,31.48,22.32,85.48,0.52,1.11,6468.2
1502806,Curralinho,PA,1989,2980.24,1325.44,30.94,22.35,85.95,0.5,1.06,6352.8
1502806,Curralinho,PA,1990,2388.4,1437.06,31.47,22.49,85.07,0.54,1.25,6857.67
1502806,Curralinho,PA,1991,2248.05,1359.27,31.27,22.48,84.89,0.54,1.33,6351.85
1502806,Curralinho,PA,1992,2200.04,1478.06,31.45,22.53,83.45,0.6,1.58,6894.22
1502806,Curralinho,PA,1993,2287.11,1447.56,31.28,23.0,84.45,0.57,1.62,6774.73
1502806,Curralinho,PA,1994,2867.22,1415.06,31.26,23.52,85.29,0.54,1.52,6636.18
1502806,Curralinho,PA,1995,2525.9,1422.73,31.59,23.06,84.53,0.57,1.33,6652.83
1502806,Curralinho,PA,1996,2729.6,1402.26,31.46,22.91,84.98,0.55,1.39,6543.6
1502806,Curralinho,PA,1997,1927.73,1441.46,32.03,23.38,83.54,0.62,1.51,6557.48
1502806,Curralinho,PA,1998,2639.83,1477.7,32.4,23.81,83.65,0.63,1.44,6733.42
1502806,Curralinho,PA,1999,2881.14,1421.35,32.0,23.09,83.87,0.6,1.3,6549.78
1502806,Curralinho,PA,2000,3241.75,1467.0,31.96,23.13,83.73,0.6,1.32,6818.81
1502855,Curuá,PA,1981,1512.31,1392.13,31.46,22.97,84.51,0.57,1.63,6385.94
1502855,Curuá,PA,1982,1800.3,1427.24,31.29,22.87,84.94,0.55,1.81,6539.89
1502855,Curuá,PA,1983,1227.92,1525.91,32.31,23.27,81.66,0.69,1.89,6767.82
1502855,Curuá,PA,1984,2432.61,1424.01,30.93,22.54,79.41,0.73,1.54,6428.45
1502855,Curuá,PA,1985,2607.64,1385.06,30.93,22.58,79.7,0.72,1.54,6195.55
1502855,Curuá,PA,1986,1993.65,1369.56,30.88,22.53,84.52,0.55,1.61,6376.36
1502855,Curuá,PA,1987,1680.09,1452.78,31.78,22.85,82.91,0.63,1.61,6611.67
1502855,Curuá,PA,1988,2848.55,1328.71,30.86,22.37,85.35,0.52,1.35,6266.81
1502855,Curuá,PA,1989,2548.21,1321.7,30.64,22.02,86.9,0.46,1.34,6361.91
1502855,Curuá,PA,1990,1859.21,1370.48,31.13,22.09,86.24,0.49,1.35,6544.6
1502855,Curuá,PA,1991,2158.93,1297.54,31.21,21.88,86.09,0.49,1.3,6093.92
1502855,Curuá,PA,1992,1166.81,1419.41,31.99,22.0,85.06,0.54,1.49,6583.66
1502855,Curuá,PA,1993,1898.86,1361.88,31.11,22.29,85.97,0.5,1.37,6469.51
1502855,Curuá,PA,1994,2265.81,1325.9,30.85,22.76,87.56,0.44,1.19,6375.1
1502855,Curuá,PA,1995,1734.44,1398.47,31.54,23.22,85.86,0.53,1.34,6559.21
1502855,Curuá,PA,1996,2180.81,1407.84,31.48,22.92,85.92,0.52,1.28,6656.07
1502855,Curuá,PA,1997,1526.78,1466.75,31.91,23.26,83.2,0.63,1.36,6780.7
1502855,Curuá,PA,1998,1797.79,1471.46,32.44,23.81,83.77,0.63,1.27,6753.21
1502855,Curuá,PA,1999,2191.72,1383.63,31.22,22.68,86.73,0.48,1.17,6642.62
1502855,Curuá,PA,2000,2596.11,1359.01,31.22,22.55,86.26,0.5,1.18,6463.33
1502905,Curuçá,PA,1981,1686.18,1456.92,31.43,22.6,81.78,0.66,1.44,6713.94
1502905,Curuçá,PA,1982,2423.01,1388.75,30.95,22.65,83.31,0.59,1.41,6437.94
1502905,Curuçá,PA,1983,1951.12,1524.02,31.67,22.94,79.71,0.74,1.73,6834.42
1502905,Curuçá,PA,1984,2868.78,1399.19,31.03,22.53,82.54,0.62,1.31,6535.74
1502905,Curuçá,PA,1985,3555.81,1366.48,30.71,22.57,80.81,0.68,1.3,6298.76
1502905,Curuçá,PA,1986,3244.76,1396.12,31.07,22.72,84.53,0.56,1.43,6551.2
1502905,Curuçá,PA,1987,3265.53,1499.25,31.67,23.26,83.19,0.62,1.68,6897.57
1502905,Curuçá,PA,1988,3451.48,1390.18,31.42,23.19,85.57,0.53,1.35,6518.15
1502905,Curuçá,PA,1989,3258.33,1358.24,31.23,22.82,85.15,0.54,1.01,6481.61
1502905,Curuçá,PA,1990,2626.62,1473.96,31.77,23.3,82.6,0.64,1.22,6887.99
1502905,Curuçá,PA,1991,3332.2,1379.33,30.89,23.48,84.27,0.57,1.72,6296.4
1502905,Curuçá,PA,1992,1999.46,1519.0,30.92,23.95,82.4,0.65,2.06,6894.22
1502905,Curuçá,PA,1993,2222.39,1471.87,30.99,23.74,83.6,0.6,1.98,6755.72
1502905,Curuçá,PA,1994,2996.74,1409.68,30.71,23.69,84.99,0.55,1.74,6580.57
1502905,Curuçá,PA,1995,2970.89,1433.07,31.12,23.11,84.57,0.56,1.66,6676.08
1502905,Curuçá,PA,1996,2827.59,1419.46,31.15,22.87,85.19,0.54,1.62,6631.88
1502905,Curuçá,PA,1997,2097.45,1463.42,31.36,23.4,84.14,0.59,1.67,6745.36
1502905,Curuçá,PA,1998,2121.94,1523.25,31.95,24.33,84.14,0.61,1.9,6921.92
1502905,Curuçá,PA,1999,2775.97,1432.05,31.29,23.61,84.74,0.57,1.65,6641.99
1502905,Curuçá,PA,2000,3265.24,1470.64,31.16,23.75,84.12,0.59,1.54,6845.83
1502939,Dom Eliseu,PA,1981,1508.06,1465.57,32.25,21.7,72.66,0.99,1.25,6394.11
1502939,Dom Eliseu,PA,1982,1804.74,1429.69,31.96,21.55,78.93,0.75,1.3,6452.23
1502939,Dom Eliseu,PA,1983,1187.09,1496.64,32.46,21.81,74.18,0.93,1.41,6430.08
1502939,Dom Eliseu,PA,1984,2446.29,1418.23,31.68,21.16,76.78,0.81,1.08,6535.43
1502939,Dom Eliseu,PA,1985,2626.91,1337.36,31.27,21.68,78.86,0.74,1.05,6181.88
1502939,Dom Eliseu,PA,1986,2044.65,1388.18,31.43,21.31,81.5,0.64,1.32,6410.76
1502939,Dom Eliseu,PA,1987,1357.01,1489.27,32.71,21.77,78.46,0.79,1.38,6623.61
1502939,Dom Eliseu,PA,1988,2470.04,1462.45,32.03,21.44,79.39,0.73,1.24,6731.63
1502939,Dom Eliseu,PA,1989,2677.32,1418.28,31.58,21.63,81.43,0.66,1.16,6637.91
1502939,Dom Eliseu,PA,1990,1323.06,1484.3,32.23,21.83,80.18,0.71,1.26,6840.39
1502939,Dom Eliseu,PA,1991,1287.9,1417.26,32.29,21.87,80.58,0.7,1.25,6430.4
1502939,Dom Eliseu,PA,1992,1354.18,1486.61,32.59,22.16,79.33,0.76,1.29,6714.35
1502939,Dom Eliseu,PA,1993,1550.03,1458.3,32.26,22.2,81.59,0.67,1.2,6733.42
1502939,Dom Eliseu,PA,1994,1848.31,1430.0,31.79,22.19,82.13,0.64,1.22,6647.49
1502939,Dom Eliseu,PA,1995,1485.27,1448.53,32.24,22.28,79.03,0.77,1.15,6563.76
1502939,Dom Eliseu,PA,1996,1559.05,1458.15,32.16,22.18,79.01,0.76,1.2,6620.73
1502939,Dom Eliseu,PA,1997,1236.0,1480.87,32.39,22.26,77.34,0.84,1.24,6641.36
1502939,Dom Eliseu,PA,1998,1463.77,1512.86,33.02,22.95,78.33,0.83,1.18,6784.78
1502939,Dom Eliseu,PA,1999,1988.81,1437.52,32.08,22.21,80.0,0.73,1.08,6657.54
1502939,Dom Eliseu,PA,2000,1746.24,1480.67,32.19,22.45,80.58,0.72,1.28,6756.14
1502954,Eldorado do Carajás,PA,1981,1302.58,1402.93,32.14,21.96,75.29,0.9,1.18,6214.72
1502954,Eldorado do Carajás,PA,1982,1308.81,1381.58,31.96,21.87,78.89,0.75,1.23,6266.08
1502954,Eldorado do Carajás,PA,1983,1385.18,1473.61,32.32,22.42,72.55,1.01,1.34,6285.88
1502954,Eldorado do Carajás,PA,1984,1745.2,1435.48,31.74,21.72,74.4,0.91,1.21,6458.46
1502954,Eldorado do Carajás,PA,1985,2287.94,1340.38,31.45,21.76,77.83,0.78,1.1,6153.77
1502954,Eldorado do Carajás,PA,1986,1658.32,1380.2,31.77,21.76,80.87,0.68,1.24,6326.72
1502954,Eldorado do Carajás,PA,1987,1440.62,1442.74,33.14,22.37,77.8,0.84,1.22,6346.83
1502954,Eldorado do Carajás,PA,1988,2016.95,1435.68,32.47,21.92,78.26,0.79,1.22,6456.1
1502954,Eldorado do Carajás,PA,1989,2102.7,1375.65,31.72,22.09,80.74,0.69,1.15,6362.38
1502954,Eldorado do Carajás,PA,1990,1522.36,1437.42,32.42,22.35,78.66,0.79,1.21,6481.92
1502954,Eldorado do Carajás,PA,1991,1648.11,1319.65,32.38,22.16,79.94,0.73,1.23,5797.18
1502954,Eldorado do Carajás,PA,1992,1493.77,1399.39,32.76,22.27,78.77,0.79,1.35,6076.27
1502954,Eldorado do Carajás,PA,1993,1266.82,1377.18,32.32,22.26,81.4,0.68,1.24,6241.11
1502954,Eldorado do Carajás,PA,1994,1772.57,1369.15,32.3,22.17,78.95,0.77,1.15,6150.31
1502954,Eldorado do Carajás,PA,1995,1668.65,1428.31,32.58,22.36,76.26,0.89,1.1,6388.45
1502954,Eldorado do Carajás,PA,1996,1548.77,1413.98,32.34,22.4,77.29,0.84,0.97,6450.13
1502954,Eldorado do Carajás,PA,1997,1527.43,1440.24,32.45,22.57,74.12,0.97,1.0,6505.48
1502954,Eldorado do Carajás,PA,1998,1507.32,1482.82,33.08,23.31,74.46,0.99,1.0,6623.77
1502954,Eldorado do Carajás,PA,1999,1950.59,1420.17,32.29,22.39,79.04,0.77,0.97,6571.77
1502954,Eldorado do Carajás,PA,2000,2001.66,1433.68,32.17,22.69,78.47,0.8,0.94,6679.01
1503002,Faro,PA,1981,1944.29,1284.13,30.6,22.0,85.04,0.52,1.13,6085.9
1503002,Faro,PA,1982,2222.16,1334.24,30.73,22.08,84.85,0.54,1.3,6252.57
1503002,Faro,PA,1983,1513.6,1376.41,31.39,22.42,82.08,0.64,1.25,6335.2
1503002,Faro,PA,1984,2773.58,1287.67,30.16,21.56,80.83,0.64,1.07,6051.92
1503002,Faro,PA,1985,2204.01,1260.18,30.28,21.59,81.95,0.61,1.11,5885.93
1503002,Faro,PA,1986,2566.4,1252.91,30.17,21.62,84.95,0.51,1.06,5989.3
1503002,Faro,PA,1987,1837.38,1317.86,31.1,22.02,82.82,0.61,0.93,6206.39
1503002,Faro,PA,1988,2558.44,1242.93,30.32,22.19,86.51,0.47,0.81,5986.57
1503002,Faro,PA,1989,2645.71,1260.64,30.05,21.71,86.45,0.46,0.88,6131.77
1503002,Faro,PA,1990,2299.67,1336.49,30.77,21.95,85.32,0.51,1.27,6331.75
1503002,Faro,PA,1991,2357.78,1280.19,31.22,21.25,84.88,0.53,1.16,5977.67
1503002,Faro,PA,1992,1680.99,1342.33,31.31,21.36,84.19,0.55,1.28,6265.87
1503002,Faro,PA,1993,2291.17,1264.07,30.55,21.67,84.34,0.54,0.86,6060.46
1503002,Faro,PA,1994,2653.96,1252.15,30.38,22.1,85.24,0.51,0.86,5996.05
1503002,Faro,PA,1995,2215.93,1301.84,31.17,22.59,83.99,0.58,0.84,6137.74
1503002,Faro,PA,1996,2608.69,1293.24,30.8,22.5,84.42,0.55,0.86,6137.69
1503002,Faro,PA,1997,1825.87,1376.62,31.63,22.86,80.86,0.71,0.89,6412.02
1503002,Faro,PA,1998,2254.6,1350.62,31.8,23.07,83.57,0.61,0.79,6347.77
1503002,Faro,PA,1999,2655.46,1300.15,30.84,22.14,85.76,0.5,0.74,6284.31
1503002,Faro,PA,2000,2321.87,1271.95,30.9,21.92,84.87,0.53,0.75,6083.65
1503044,Floresta do Araguaia,PA,1981,1545.12,1400.32,32.35,20.62,75.21,0.87,1.23,6189.58
1503044,Floresta do Araguaia,PA,1982,1684.54,1382.66,32.23,20.84,77.36,0.79,1.2,6242.68
1503044,Floresta do Araguaia,PA,1983,1508.06,1468.95,33.14,21.19,71.19,1.06,1.32,6174.82
1503044,Floresta do Araguaia,PA,1984,1595.56,1443.51,32.32,20.46,72.94,0.94,1.28,6332.79
1503044,Floresta do Araguaia,PA,1985,2684.25,1345.96,31.64,20.68,77.35,0.78,1.18,6141.67
1503044,Floresta do Araguaia,PA,1986,1985.35,1392.33,32.08,20.97,80.48,0.69,1.23,6389.71
1503044,Floresta do Araguaia,PA,1987,1518.12,1433.63,33.13,21.75,78.51,0.8,1.24,6320.12
1503044,Floresta do Araguaia,PA,1988,1792.69,1411.63,32.67,21.36,78.47,0.78,1.26,6239.16
1503044,Floresta do Araguaia,PA,1989,2263.33,1328.35,31.9,21.4,81.16,0.67,1.2,6054.02
1503044,Floresta do Araguaia,PA,1990,1540.94,1428.46,32.93,21.69,78.54,0.79,1.28,6327.82
1503044,Floresta do Araguaia,PA,1991,1769.05,1327.23,32.48,21.33,79.66,0.73,1.33,5770.0
1503044,Floresta do Araguaia,PA,1992,1640.45,1384.19,32.58,20.95,78.85,0.76,1.4,6029.77
1503044,Floresta do Araguaia,PA,1993,1910.87,1397.3,32.7,20.45,80.46,0.69,1.36,6255.24
1503044,Floresta do Araguaia,PA,1994,2020.63,1383.12,32.54,20.9,78.67,0.76,1.29,6152.2
1503044,Floresta do Araguaia,PA,1995,2039.93,1429.64,32.77,21.35,76.77,0.85,1.2,6349.03
1503044,Floresta do Araguaia,PA,1996,1662.08,1427.39,32.86,21.67,77.86,0.82,1.04,6451.55
1503044,Floresta do Araguaia,PA,1997,1737.27,1452.93,32.79,21.78,74.41,0.95,1.09,6487.58
1503044,Floresta do Araguaia,PA,1998,1666.88,1516.14,33.88,22.5,73.87,1.02,1.09,6642.62
1503044,Floresta do Araguaia,PA,1999,1867.49,1451.14,32.72,21.73,78.51,0.79,1.1,6592.67
1503044,Floresta do Araguaia,PA,2000,1972.13,1459.48,32.61,21.77,78.87,0.78,1.01,6795.88
1503077,Garrafão do Norte,PA,1981,1869.73,1479.75,31.25,21.09,77.89,0.76,1.55,6664.93
1503077,Garrafão do Norte,PA,1982,2046.52,1411.52,30.74,21.35,81.43,0.63,1.63,6430.87
1503077,Garrafão do Norte,PA,1983,1714.56,1525.45,31.65,21.66,77.92,0.77,1.7,6793.58
1503077,Garrafão do Norte,PA,1984,2795.78,1376.77,30.62,21.4,80.79,0.65,1.25,6444.79
1503077,Garrafão do Norte,PA,1985,3247.61,1329.68,30.29,21.33,80.56,0.65,1.26,6217.07
1503077,Garrafão do Norte,PA,1986,2689.24,1385.68,30.63,21.45,83.37,0.57,1.51,6519.78
1503077,Garrafão do Norte,PA,1987,1870.56,1478.93,31.14,21.85,83.01,0.59,1.79,6868.2
1503077,Garrafão do Norte,PA,1988,2532.43,1391.82,30.93,21.97,84.41,0.54,1.45,6567.79
1503077,Garrafão do Norte,PA,1989,2827.73,1362.18,30.94,21.46,83.99,0.55,1.14,6531.56
1503077,Garrafão do Norte,PA,1990,2029.63,1484.05,31.79,21.84,81.78,0.65,1.33,6946.11
1503077,Garrafão do Norte,PA,1991,2296.93,1419.05,31.35,22.21,82.11,0.64,1.78,6339.44
1503077,Garrafão do Norte,PA,1992,1736.11,1541.93,31.2,22.59,80.05,0.71,2.04,6885.73
1503077,Garrafão do Norte,PA,1993,2104.54,1469.56,31.06,22.42,82.6,0.62,1.9,6750.85
1503077,Garrafão do Norte,PA,1994,2167.06,1417.15,30.78,22.25,83.24,0.59,1.7,6569.1
1503077,Garrafão do Norte,PA,1995,2274.18,1453.24,31.04,22.3,81.72,0.65,1.69,6633.04
1503077,Garrafão do Norte,PA,1996,2134.6,1470.48,31.11,22.45,82.02,0.64,1.66,6732.57
1503077,Garrafão do Norte,PA,1997,1837.2,1518.54,31.44,22.32,81.13,0.68,1.68,6909.98
1503077,Garrafão do Norte,PA,1998,2113.94,1554.22,32.09,23.05,81.49,0.69,1.92,6949.41
1503077,Garrafão do Norte,PA,1999,2131.43,1467.57,31.35,22.13,82.09,0.63,1.73,6718.02
1503077,Garrafão do Norte,PA,2000,2178.52,1472.38,31.19,22.52,83.04,0.61,1.58,6837.51
1503093,Goianésia do Pará,PA,1981,1750.89,1397.76,31.82,22.23,77.87,0.8,1.02,6439.66
1503093,Goianésia do Pará,PA,1982,2052.51,1387.98,31.7,22.32,82.07,0.65,1.09,6487.42
1503093,Goianésia do Pará,PA,1983,1477.45,1471.05,32.16,22.78,76.3,0.87,1.31,6490.09
1503093,Goianésia do Pará,PA,1984,2777.36,1422.83,31.73,22.11,79.27,0.74,1.05,6628.9
1503093,Goianésia do Pará,PA,1985,2972.62,1357.58,31.24,22.1,78.93,0.75,1.05,6288.86
1503093,Goianésia do Pará,PA,1986,2642.94,1371.86,31.37,21.93,84.18,0.56,1.13,6513.97
1503093,Goianésia do Pará,PA,1987,1814.55,1421.91,32.02,22.77,81.01,0.7,1.15,6541.3
1503093,Goianésia do Pará,PA,1988,2773.95,1389.21,31.51,22.46,82.69,0.62,1.04,6561.04
1503093,Goianésia do Pará,PA,1989,2613.52,1352.2,31.15,22.32,83.14,0.6,0.95,6436.37
1503093,Goianésia do Pará,PA,1990,1806.75,1432.41,31.84,22.42,82.2,0.64,1.1,6730.75
1503093,Goianésia do Pará,PA,1991,1493.36,1347.96,31.79,22.4,83.08,0.61,1.12,6240.79
1503093,Goianésia do Pará,PA,1992,1529.73,1425.5,32.18,22.5,82.36,0.65,1.21,6578.32
1503093,Goianésia do Pará,PA,1993,2054.69,1396.83,31.72,22.35,83.67,0.59,1.11,6578.53
1503093,Goianésia do Pará,PA,1994,2287.93,1361.16,31.57,22.22,84.07,0.57,1.13,6406.83
1503093,Goianésia do Pará,PA,1995,1994.42,1405.69,31.86,22.73,81.8,0.67,1.05,6527.16
1503093,Goianésia do Pará,PA,1996,2260.63,1430.87,31.95,22.72,81.06,0.7,1.21,6536.53
1503093,Goianésia do Pará,PA,1997,1767.25,1439.11,32.3,22.88,78.96,0.79,1.27,6436.05
1503093,Goianésia do Pará,PA,1998,1797.49,1459.02,32.81,23.53,80.15,0.76,1.17,6553.08
1503093,Goianésia do Pará,PA,1999,2762.56,1392.23,32.14,22.75,81.91,0.67,1.06,6435.58
1503093,Goianésia do Pará,PA,2000,2101.38,1461.22,32.46,23.01,81.62,0.7,1.17,6691.26
1503101,Gurupá,PA,1981,2139.49,1415.57,31.67,22.78,84.55,0.57,1.47,6539.1
1503101,Gurupá,PA,1982,2437.18,1412.85,31.37,23.0,83.69,0.6,1.52,6476.42
1503101,Gurupá,PA,1983,1784.29,1499.91,32.18,23.1,80.13,0.74,1.59,6695.72
1503101,Gurupá,PA,1984,2519.39,1369.3,31.25,22.45,81.08,0.67,1.21,6330.43
1503101,Gurupá,PA,1985,2716.24,1313.05,30.92,22.22,80.71,0.68,1.14,6079.46
1503101,Gurupá,PA,1986,2744.81,1313.46,31.23,22.52,85.11,0.54,0.88,6255.4
1503101,Gurupá,PA,1987,2044.32,1374.93,31.97,23.07,84.19,0.59,0.9,6463.38
1503101,Gurupá,PA,1988,2702.22,1302.81,31.41,22.83,85.95,0.51,0.79,6211.52
1503101,Gurupá,PA,1989,2859.51,1263.35,30.96,22.69,87.71,0.44,0.87,6048.52
1503101,Gurupá,PA,1990,2395.5,1377.39,31.66,22.88,85.42,0.54,1.14,6450.19
1503101,Gurupá,PA,1991,2483.16,1340.18,31.53,22.97,84.56,0.57,1.38,6070.35
1503101,Gurupá,PA,1992,2039.8,1491.78,32.03,22.88,82.71,0.64,1.86,6673.67
1503101,Gurupá,PA,1993,2439.53,1432.1,31.59,22.78,84.08,0.58,1.94,6501.56
1503101,Gurupá,PA,1994,2670.15,1393.25,31.55,22.9,85.69,0.52,1.71,6466.37
1503101,Gurupá,PA,1995,2590.17,1420.79,31.83,22.87,84.9,0.56,1.66,6494.33
1503101,Gurupá,PA,1996,2335.06,1422.68,31.76,23.03,85.0,0.56,1.69,6509.67
1503101,Gurupá,PA,1997,1952.21,1471.97,32.25,23.38,83.04,0.64,1.85,6511.3
1503101,Gurupá,PA,1998,2230.62,1501.81,32.56,23.67,83.3,0.64,1.78,6689.59
1503101,Gurupá,PA,1999,2419.15,1438.75,32.0,23.34,84.12,0.6,1.61,6529.05
1503101,Gurupá,PA,2000,2931.02,1463.57,31.83,23.49,83.98,0.6,1.55,6701.31
1503200,Igarapé-Açu,PA,1981,1759.21,1452.88,31.39,21.39,81.28,0.65,1.48,6706.08
1503200,Igarapé-Açu,PA,1982,2424.06,1382.86,30.92,21.66,82.92,0.59,1.37,6440.76
1503200,Igarapé-Açu,PA,1983,1682.61,1522.38,31.74,21.96,79.1,0.74,1.73,6823.74
1503200,Igarapé-Açu,PA,1984,2698.19,1387.62,30.89,21.75,82.45,0.61,1.27,6537.0
1503200,Igarapé-Açu,PA,1985,3462.87,1354.71,30.61,21.75,80.62,0.66,1.27,6300.33
1503200,Igarapé-Açu,PA,1986,3124.44,1383.83,30.94,21.84,84.6,0.54,1.4,6557.48
1503200,Igarapé-Açu,PA,1987,2082.75,1490.09,31.3,22.25,82.97,0.6,1.76,6902.44
1503200,Igarapé-Açu,PA,1988,3143.94,1388.75,31.2,22.41,84.63,0.55,1.39,6525.38
1503200,Igarapé-Açu,PA,1989,2926.96,1356.04,31.17,21.95,84.08,0.56,0.99,6510.82
1503200,Igarapé-Açu,PA,1990,2067.59,1465.47,31.62,22.09,82.38,0.63,1.27,6915.32
1503200,Igarapé-Açu,PA,1991,2084.23,1395.2,30.9,22.62,82.41,0.63,1.77,6283.36
1503200,Igarapé-Açu,PA,1992,1853.03,1539.58,31.04,23.21,80.38,0.71,2.06,6884.01
1503200,Igarapé-Açu,PA,1993,2184.19,1470.94,31.05,22.76,82.74,0.62,1.92,6749.91
1503200,Igarapé-Açu,PA,1994,3891.92,1405.07,30.78,22.67,84.45,0.55,1.73,6571.46
1503200,Igarapé-Açu,PA,1995,2502.55,1447.09,31.18,22.57,82.69,0.62,1.66,6649.06
1503200,Igarapé-Açu,PA,1996,2708.22,1449.6,31.16,22.61,83.02,0.61,1.61,6680.11
1503200,Igarapé-Açu,PA,1997,2180.37,1497.61,31.49,22.65,82.12,0.65,1.66,6842.28
1503200,Igarapé-Açu,PA,1998,2558.15,1548.79,32.17,23.34,82.37,0.66,1.95,6941.24
1503200,Igarapé-Açu,PA,1999,2736.54,1456.05,31.44,22.43,83.02,0.61,1.68,6711.9
1503200,Igarapé-Açu,PA,2000,2538.89,1465.88,31.32,22.92,84.26,0.57,1.54,6855.1
1503309,Igarapé-Miri,PA,1981,1880.76,1462.86,32.05,23.23,82.12,0.67,1.22,6770.02
1503309,Igarapé-Miri,PA,1982,2407.81,1395.86,31.55,23.25,85.87,0.52,1.25,6588.58
1503309,Igarapé-Miri,PA,1983,1760.32,1504.47,31.85,23.51,79.45,0.76,1.52,6742.21
1503309,Igarapé-Miri,PA,1984,2910.7,1421.2,31.38,22.67,81.48,0.67,1.21,6619.63
1503309,Igarapé-Miri,PA,1985,2853.12,1371.6,31.09,22.61,80.68,0.69,1.24,6316.04
1503309,Igarapé-Miri,PA,1986,2620.13,1374.06,31.46,22.41,86.32,0.49,1.27,6539.26
1503309,Igarapé-Miri,PA,1987,1933.06,1430.05,32.19,22.86,84.71,0.57,1.32,6644.35
1503309,Igarapé-Miri,PA,1988,3023.96,1369.35,31.91,22.57,86.26,0.5,1.12,6467.41
1503309,Igarapé-Miri,PA,1989,3097.12,1343.81,31.42,22.23,86.13,0.5,1.04,6421.28
1503309,Igarapé-Miri,PA,1990,2402.74,1438.09,31.69,22.28,85.15,0.53,1.22,6874.79
1503309,Igarapé-Miri,PA,1991,2068.72,1359.17,31.23,22.03,84.9,0.53,1.36,6387.83
1503309,Igarapé-Miri,PA,1992,1778.81,1478.67,31.39,22.02,83.62,0.58,1.59,6959.72
1503309,Igarapé-Miri,PA,1993,2381.39,1438.6,31.33,22.72,85.13,0.54,1.57,6793.58
1503309,Igarapé-Miri,PA,1994,2912.03,1418.89,31.35,23.42,86.1,0.51,1.51,6704.36
1503309,Igarapé-Miri,PA,1995,2213.74,1433.79,31.84,23.09,84.33,0.58,1.4,6647.33
1503309,Igarapé-Miri,PA,1996,2990.34,1439.98,31.87,23.08,84.85,0.56,1.46,6674.14
1503309,Igarapé-Miri,PA,1997,2393.45,1472.68,32.55,23.76,83.88,0.62,1.57,6633.51
1503309,Igarapé-Miri,PA,1998,2403.66,1515.22,33.17,24.27,84.09,0.63,1.48,6809.92
1503309,Igarapé-Miri,PA,1999,2949.72,1425.8,32.5,23.59,84.8,0.58,1.33,6520.72
1503309,Igarapé-Miri,PA,2000,3520.34,1475.65,32.43,23.57,84.74,0.58,1.41,6785.51
1503408,Inhangapi,PA,1981,1781.06,1452.88,31.67,22.34,81.8,0.65,1.37,6718.65
1503408,Inhangapi,PA,1982,2421.14,1382.56,31.29,22.24,84.18,0.56,1.34,6460.24
1503408,Inhangapi,PA,1983,1899.77,1523.92,31.83,22.42,79.17,0.75,1.69,6829.55
1503408,Inhangapi,PA,1984,2845.3,1397.45,31.17,21.96,82.29,0.62,1.27,6555.85
1503408,Inhangapi,PA,1985,3279.72,1361.06,30.77,22.1,80.89,0.66,1.27,6316.51
1503408,Inhangapi,PA,1986,2916.33,1386.65,31.06,22.24,85.11,0.53,1.39,6574.44
1503408,Inhangapi,PA,1987,2116.87,1492.24,31.76,22.88,83.38,0.61,1.6,6897.41
1503408,Inhangapi,PA,1988,3132.04,1387.52,31.42,22.88,85.72,0.52,1.34,6539.99
1503408,Inhangapi,PA,1989,3161.71,1346.01,31.23,22.44,85.38,0.52,0.97,6457.57
1503408,Inhangapi,PA,1990,2360.9,1440.85,31.72,22.81,83.14,0.61,1.11,6797.19
1503408,Inhangapi,PA,1991,1627.58,1367.15,31.11,22.8,84.99,0.54,1.68,6290.9
1503408,Inhangapi,PA,1992,2163.23,1492.65,31.16,22.95,83.36,0.6,1.96,6881.34
1503408,Inhangapi,PA,1993,2391.41,1440.44,31.07,23.07,84.71,0.55,1.86,6726.5
1503408,Inhangapi,PA,1994,3666.1,1403.85,31.01,23.18,85.55,0.52,1.72,6583.56
1503408,Inhangapi,PA,1995,2564.05,1429.13,31.44,23.1,84.78,0.56,1.65,6620.78
1503408,Inhangapi,PA,1996,2555.85,1427.24,31.39,23.03,84.92,0.55,1.62,6613.82
1503408,Inhangapi,PA,1997,2397.63,1479.18,31.73,23.06,83.71,0.6,1.66,6780.23
1503408,Inhangapi,PA,1998,2748.08,1523.87,32.45,23.82,83.98,0.61,1.9,6860.97
1503408,Inhangapi,PA,1999,2622.6,1437.88,31.79,23.11,84.78,0.56,1.65,6632.41
1503408,Inhangapi,PA,2000,2890.87,1467.36,31.65,23.08,84.76,0.56,1.54,6844.73
1503457,Ipixuna do Pará,PA,1981,1466.4,1436.76,31.63,21.88,78.84,0.75,1.26,6580.41
1503457,Ipixuna do Pará,PA,1982,1999.59,1367.56,31.22,22.03,84.21,0.56,1.19,6452.55
1503457,Ipixuna do Pará,PA,1983,1143.51,1509.94,31.8,22.28,77.84,0.79,1.65,6662.1
1503457,Ipixuna do Pará,PA,1984,2670.91,1409.68,31.14,21.82,80.76,0.67,1.24,6580.99
1503457,Ipixuna do Pará,PA,1985,2993.3,1354.25,30.84,21.78,80.32,0.68,1.25,6265.93
1503457,Ipixuna do Pará,PA,1986,2665.64,1358.3,31.04,21.77,86.38,0.47,1.23,6546.01
1503457,Ipixuna do Pará,PA,1987,1839.03,1445.35,31.62,22.38,83.18,0.61,1.42,6703.57
1503457,Ipixuna do Pará,PA,1988,2566.2,1383.94,31.31,22.31,84.25,0.56,1.19,6553.34
1503457,Ipixuna do Pará,PA,1989,2603.23,1349.39,31.14,21.92,84.2,0.55,0.88,6525.59
1503457,Ipixuna do Pará,PA,1990,1723.56,1458.35,32.12,22.32,82.74,0.63,1.1,6856.89
1503457,Ipixuna do Pará,PA,1991,1792.49,1401.8,31.62,22.33,82.25,0.64,1.4,6399.14
1503457,Ipixuna do Pará,PA,1992,1427.34,1499.96,31.43,22.48,80.72,0.69,1.55,6905.68
1503457,Ipixuna do Pará,PA,1993,2034.31,1442.95,31.11,22.61,83.53,0.59,1.47,6805.52
1503457,Ipixuna do Pará,PA,1994,2326.8,1402.52,30.94,22.8,85.23,0.53,1.39,6688.49
1503457,Ipixuna do Pará,PA,1995,1737.22,1409.73,31.38,22.75,84.75,0.55,1.3,6637.44
1503457,Ipixuna do Pará,PA,1996,2555.96,1432.46,31.54,22.7,83.49,0.6,1.34,6626.85
1503457,Ipixuna do Pará,PA,1997,1731.33,1490.8,31.89,22.88,81.24,0.69,1.43,6817.77
1503457,Ipixuna do Pará,PA,1998,2110.98,1517.67,32.52,23.55,81.67,0.7,1.38,6895.37
1503457,Ipixuna do Pará,PA,1999,2637.47,1426.42,31.81,22.88,85.05,0.55,1.28,6705.46
1503457,Ipixuna do Pará,PA,2000,2494.5,1450.57,31.79,23.04,85.2,0.55,1.31,6813.32
1503507,Irituia,PA,1981,1966.12,1458.92,31.42,21.49,80.87,0.67,1.48,6715.67
1503507,Irituia,PA,1982,2293.69,1393.1,30.95,21.73,82.88,0.59,1.62,6390.65
1503507,Irituia,PA,1983,1778.81,1533.44,31.79,22.03,78.17,0.78,1.71,6829.87
1503507,Irituia,PA,1984,3062.68,1370.63,30.91,21.8,82.15,0.62,1.26,6416.99
1503507,Irituia,PA,1985,3268.53,1340.74,30.65,21.79,80.59,0.67,1.27,6208.9
1503507,Irituia,PA,1986,2868.11,1377.08,30.93,21.9,84.63,0.54,1.52,6471.87
1503507,Irituia,PA,1987,2030.48,1484.05,31.35,22.31,83.13,0.6,1.78,6863.64
1503507,Irituia,PA,1988,2671.51,1379.28,31.19,22.47,84.61,0.55,1.45,6444.32
1503507,Irituia,PA,1989,2752.23,1364.74,31.22,21.96,84.11,0.56,1.14,6494.8
1503507,Irituia,PA,1990,2040.53,1478.72,31.86,22.09,82.54,0.63,1.32,6944.7
1503507,Irituia,PA,1991,1881.4,1409.99,31.35,22.51,82.24,0.64,1.77,6295.93
1503507,Irituia,PA,1992,1757.44,1543.47,31.31,22.93,80.22,0.72,2.03,6882.59
1503507,Irituia,PA,1993,2347.91,1476.88,31.16,22.75,82.7,0.62,1.93,6766.88
1503507,Irituia,PA,1994,3150.66,1413.11,30.98,22.65,84.48,0.55,1.78,6581.67
1503507,Irituia,PA,1995,2663.5,1459.07,31.28,22.66,82.14,0.64,1.72,6643.56
1503507,Irituia,PA,1996,2387.96,1465.67,31.3,22.73,82.43,0.63,1.67,6687.65
1503507,Irituia,PA,1997,1974.33,1515.88,31.64,22.7,81.5,0.67,1.67,6879.04
1503507,Irituia,PA,1998,2469.52,1556.11,32.32,23.41,81.87,0.68,1.91,6936.53
1503507,Irituia,PA,1999,2313.44,1467.41,31.58,22.49,82.55,0.63,1.7,6714.88
1503507,Irituia,PA,2000,2455.72,1472.99,31.45,22.92,84.26,0.57,1.6,6857.14
1503606,Itaituba,PA,1981,1707.53,1253.99,30.68,21.88,85.33,0.51,0.92,6003.28
1503606,Itaituba,PA,1982,2202.93,1312.39,30.8,21.82,85.45,0.51,0.97,6281.48
1503606,Itaituba,PA,1983,1639.92,1364.39,31.45,22.22,83.19,0.6,1.01,6458.83
1503606,Itaituba,PA,1984,2135.77,1285.98,30.35,21.42,78.79,0.71,0.85,6125.28
1503606,Itaituba,PA,1985,2474.6,1237.87,30.25,21.43,80.34,0.66,0.86,5875.72
1503606,Itaituba,PA,1986,2176.82,1254.86,30.4,21.64,86.29,0.47,0.87,6095.49
1503606,Itaituba,PA,1987,1817.98,1299.08,31.24,21.95,85.06,0.53,0.8,6216.6
1503606,Itaituba,PA,1988,2586.49,1256.85,30.66,22.07,85.09,0.52,0.71,6069.2
1503606,Itaituba,PA,1989,2966.05,1253.94,30.27,21.54,86.44,0.46,0.74,6137.27
1503606,Itaituba,PA,1990,2519.64,1285.0,31.23,21.22,86.49,0.47,1.0,6130.05
1503606,Itaituba,PA,1991,2455.63,1229.73,31.62,20.78,88.26,0.41,0.79,5920.34
1503606,Itaituba,PA,1992,1920.69,1300.41,32.04,21.57,86.79,0.47,0.81,6192.67
1503606,Itaituba,PA,1993,2905.11,1269.34,31.17,21.7,86.82,0.46,0.7,6140.57
1503606,Itaituba,PA,1994,2855.72,1251.74,31.1,21.79,87.46,0.44,0.69,6042.08
1503606,Itaituba,PA,1995,2767.89,1291.15,31.71,22.01,85.9,0.51,0.68,6159.74
1503606,Itaituba,PA,1996,2609.05,1304.3,31.38,21.83,85.98,0.5,0.74,6273.25
1503606,Itaituba,PA,1997,1632.49,1374.21,32.1,22.11,82.5,0.65,0.75,6524.18
1503606,Itaituba,PA,1998,1943.0,1366.54,32.39,22.71,84.08,0.59,0.68,6467.15
1503606,Itaituba,PA,1999,2289.03,1317.76,31.46,21.71,86.43,0.48,0.65,6396.94
1503606,Itaituba,PA,2000,2423.32,1265.2,31.26,21.88,86.42,0.48,0.66,6084.75
1503705,Itupiranga,PA,1981,1541.44,1334.65,31.92,22.14,77.55,0.81,0.92,6121.41
1503705,Itupiranga,PA,1982,1666.14,1340.07,31.71,22.13,81.6,0.66,1.06,6221.78
1503705,Itupiranga,PA,1983,1393.75,1413.16,32.14,22.62,76.91,0.85,1.22,6243.62
1503705,Itupiranga,PA,1984,2072.48,1364.9,31.64,21.94,77.19,0.81,1.07,6227.85
1503705,Itupiranga,PA,1985,2551.25,1275.38,31.35,22.01,78.43,0.77,1.04,5773.46
1503705,Itupiranga,PA,1986,1928.09,1304.76,31.56,21.95,83.33,0.59,1.12,6052.45
1503705,Itupiranga,PA,1987,1452.46,1360.85,32.81,22.62,80.63,0.73,1.14,6060.93
1503705,Itupiranga,PA,1988,2224.91,1360.91,32.18,22.19,81.23,0.68,1.09,6249.22
1503705,Itupiranga,PA,1989,2233.9,1328.05,31.52,22.25,82.68,0.62,1.06,6198.54
1503705,Itupiranga,PA,1990,1676.5,1394.43,32.14,22.5,81.58,0.67,1.1,6433.22
1503705,Itupiranga,PA,1991,1682.0,1271.08,32.18,22.34,82.39,0.64,1.06,5749.58
1503705,Itupiranga,PA,1992,1508.37,1370.58,32.59,22.49,81.99,0.67,1.1,6237.28
1503705,Itupiranga,PA,1993,1416.26,1349.24,32.11,22.48,83.24,0.62,0.99,6281.01
1503705,Itupiranga,PA,1994,1773.41,1332.04,32.05,22.34,83.51,0.6,1.08,6162.88
1503705,Itupiranga,PA,1995,1702.4,1353.28,32.26,22.61,81.12,0.71,0.96,6220.53
1503705,Itupiranga,PA,1996,1636.13,1378.15,32.14,22.63,80.2,0.73,1.07,6248.9
1503705,Itupiranga,PA,1997,1639.83,1439.78,32.29,22.76,76.84,0.87,1.21,6391.44
1503705,Itupiranga,PA,1998,1436.31,1477.24,32.8,23.48,78.21,0.84,1.24,6551.67
1503705,Itupiranga,PA,1999,1878.27,1405.94,32.1,22.66,80.68,0.71,1.08,6485.38
1503705,Itupiranga,PA,2000,1873.8,1444.59,32.1,22.95,80.95,0.71,1.13,6671.15
1503754,Jacareacanga,PA,1981,2170.56,1186.63,30.27,20.72,85.79,0.47,0.81,5757.12
1503754,Jacareacanga,PA,1982,2063.95,1247.18,30.37,20.78,85.07,0.5,0.77,6090.62
1503754,Jacareacanga,PA,1983,1976.5,1285.82,30.71,21.34,81.54,0.62,0.75,6195.55
1503754,Jacareacanga,PA,1984,2298.18,1210.28,29.85,20.72,79.14,0.68,0.6,5919.02
1503754,Jacareacanga,PA,1985,2931.11,1193.8,29.86,20.84,79.5,0.67,0.66,5777.23
1503754,Jacareacanga,PA,1986,2505.75,1185.41,29.99,21.02,86.7,0.44,0.66,5814.93
1503754,Jacareacanga,PA,1987,2016.2,1249.38,31.31,20.39,85.21,0.49,0.66,6083.24
1503754,Jacareacanga,PA,1988,2501.33,1199.28,30.56,20.79,86.01,0.47,0.48,5905.67
1503754,Jacareacanga,PA,1989,2708.4,1217.24,30.04,20.71,86.06,0.46,0.65,6018.67
1503754,Jacareacanga,PA,1990,1988.94,1272.21,30.82,20.66,86.84,0.44,0.99,6150.78
1503754,Jacareacanga,PA,1991,2194.28,1190.01,30.99,20.29,87.56,0.41,0.81,5743.14
1503754,Jacareacanga,PA,1992,2257.48,1211.92,31.36,20.32,86.45,0.45,0.82,5820.84
1503754,Jacareacanga,PA,1993,2344.87,1230.09,30.67,21.06,86.19,0.46,0.57,6033.75
1503754,Jacareacanga,PA,1994,2339.75,1212.63,30.69,21.14,87.63,0.42,0.54,5936.99
1503754,Jacareacanga,PA,1995,2371.27,1233.77,31.15,20.86,87.44,0.43,0.51,6036.89
1503754,Jacareacanga,PA,1996,2138.97,1247.54,30.83,20.72,87.63,0.42,0.62,6141.3
1503754,Jacareacanga,PA,1997,1696.84,1282.39,31.44,21.05,84.0,0.56,0.62,6211.58
1503754,Jacareacanga,PA,1998,1900.73,1294.57,31.69,21.27,85.74,0.5,0.45,6323.42
1503754,Jacareacanga,PA,1999,1914.19,1256.91,30.97,20.36,85.85,0.48,0.46,6246.6
1503754,Jacareacanga,PA,2000,2408.04,1255.78,31.38,20.49,83.86,0.54,0.38,6214.82
1503804,Jacundá,PA,1981,1767.28,1398.73,32.15,22.36,77.4,0.83,1.01,6396.62
1503804,Jacundá,PA,1982,1908.91,1397.04,31.96,22.35,80.9,0.69,1.06,6487.1
1503804,Jacundá,PA,1983,1487.65,1474.43,32.41,22.82,76.07,0.89,1.28,6475.64
1503804,Jacundá,PA,1984,2540.61,1423.45,31.88,22.17,78.9,0.76,1.03,6619.47
1503804,Jacundá,PA,1985,3047.56,1349.24,31.48,22.23,78.47,0.77,0.98,6250.38
1503804,Jacundá,PA,1986,2594.97,1370.48,31.69,22.12,83.54,0.59,1.08,6442.18
1503804,Jacundá,PA,1987,1768.3,1422.94,32.71,22.83,80.38,0.74,1.11,6443.12
1503804,Jacundá,PA,1988,2696.79,1411.93,32.11,22.44,81.44,0.68,1.03,6590.88
1503804,Jacundá,PA,1989,2528.43,1369.25,31.55,22.44,82.87,0.62,0.96,6483.18
1503804,Jacundá,PA,1990,1805.86,1439.72,32.28,22.63,81.76,0.67,1.07,6702.63
1503804,Jacundá,PA,1991,1609.64,1355.84,32.28,22.56,82.67,0.64,1.08,6223.98
1503804,Jacundá,PA,1992,1606.94,1437.22,32.7,22.7,81.91,0.68,1.18,6555.22
1503804,Jacundá,PA,1993,1896.97,1406.61,32.15,22.64,83.35,0.62,1.09,6563.61
1503804,Jacundá,PA,1994,2287.36,1383.58,32.05,22.48,83.76,0.59,1.1,6460.87
1503804,Jacundá,PA,1995,1962.93,1409.78,32.29,22.83,80.87,0.72,1.02,6481.29
1503804,Jacundá,PA,1996,2118.67,1429.54,32.23,22.86,80.25,0.74,1.06,6543.44
1503804,Jacundá,PA,1997,1755.0,1443.05,32.51,23.06,78.49,0.82,1.15,6461.34
1503804,Jacundá,PA,1998,1812.05,1465.11,33.01,23.76,79.66,0.79,1.13,6556.38
1503804,Jacundá,PA,1999,2378.94,1401.39,32.32,22.89,81.34,0.7,1.02,6468.25
1503804,Jacundá,PA,2000,1815.94,1452.16,32.45,23.17,81.23,0.71,1.11,6658.12
1503903,Juruti,PA,1981,1535.16,1332.5,31.25,23.51,84.94,0.56,1.05,6219.59
1503903,Juruti,PA,1982,1902.38,1385.11,31.37,23.59,85.16,0.56,1.17,6412.65
1503903,Juruti,PA,1983,1158.15,1434.61,32.13,23.87,81.9,0.69,1.19,6523.23
1503903,Juruti,PA,1984,3383.49,1329.99,30.79,22.93,80.75,0.69,1.0,6189.21
1503903,Juruti,PA,1985,2573.17,1306.45,30.99,22.88,81.48,0.67,1.01,6050.4
1503903,Juruti,PA,1986,2000.46,1309.42,31.01,22.76,85.4,0.53,1.02,6196.02
1503903,Juruti,PA,1987,2007.82,1372.93,31.9,23.19,83.34,0.63,0.95,6366.62
1503903,Juruti,PA,1988,2800.18,1296.37,31.04,23.1,85.69,0.52,0.84,6151.04
1503903,Juruti,PA,1989,3079.31,1317.3,30.75,22.46,86.14,0.49,1.07,6295.46
1503903,Juruti,PA,1990,2146.16,1358.35,31.49,22.85,85.4,0.54,1.14,6366.3
1503903,Juruti,PA,1991,2403.61,1271.03,31.17,21.31,85.7,0.5,1.08,6019.93
1503903,Juruti,PA,1992,1722.24,1355.17,31.79,21.61,84.96,0.53,1.23,6332.79
1503903,Juruti,PA,1993,2631.46,1327.79,31.43,22.86,86.23,0.5,0.84,6305.2
1503903,Juruti,PA,1994,2458.55,1309.01,31.11,23.03,86.94,0.48,0.78,6261.21
1503903,Juruti,PA,1995,2723.92,1362.65,32.16,23.23,85.44,0.55,0.78,6394.89
1503903,Juruti,PA,1996,3075.29,1353.13,31.64,23.3,85.49,0.54,0.82,6393.58
1503903,Juruti,PA,1997,1602.89,1416.59,32.5,23.64,82.27,0.7,0.78,6577.12
1503903,Juruti,PA,1998,1904.48,1407.58,32.68,24.02,83.6,0.64,0.73,6542.24
1503903,Juruti,PA,1999,2490.44,1348.37,31.4,23.24,86.3,0.51,0.72,6447.68
1503903,Juruti,PA,2000,2482.82,1318.63,31.3,23.12,85.94,0.52,0.71,6284.88
1504000,Limoeiro do Ajuru,PA,1981,1860.41,1465.93,32.06,23.25,82.93,0.64,1.25,6794.52
1504000,Limoeiro do Ajuru,PA,1982,2372.53,1402.57,31.55,23.26,85.69,0.53,1.26,6616.7
1504000,Limoeiro do Ajuru,PA,1983,1754.52,1504.37,31.84,23.52,79.67,0.76,1.53,6755.25
1504000,Limoeiro do Ajuru,PA,1984,2908.06,1423.14,31.4,22.72,81.64,0.66,1.24,6622.14
1504000,Limoeiro do Ajuru,PA,1985,2957.63,1373.85,31.12,22.64,80.7,0.69,1.24,6322.79
1504000,Limoeiro do Ajuru,PA,1986,2709.94,1376.11,31.47,22.43,86.11,0.5,1.27,6535.96
1504000,Limoeiro do Ajuru,PA,1987,1992.56,1428.87,32.18,22.84,84.63,0.57,1.31,6641.21
1504000,Limoeiro do Ajuru,PA,1988,3069.22,1364.85,31.92,22.55,86.17,0.51,1.11,6441.34
1504000,Limoeiro do Ajuru,PA,1989,3205.99,1336.59,31.4,22.24,86.13,0.5,1.04,6380.44
1504000,Limoeiro do Ajuru,PA,1990,2566.32,1444.02,31.64,22.29,85.08,0.54,1.26,6899.93
1504000,Limoeiro do Ajuru,PA,1991,2327.31,1364.44,31.24,22.04,84.82,0.54,1.37,6406.52
1504000,Limoeiro do Ajuru,PA,1992,1858.03,1484.76,31.41,22.02,83.47,0.59,1.61,6975.59
1504000,Limoeiro do Ajuru,PA,1993,2417.42,1448.68,31.34,22.77,84.89,0.55,1.62,6819.03
1504000,Limoeiro do Ajuru,PA,1994,3059.26,1430.15,31.38,23.5,85.45,0.54,1.54,6718.34
1504000,Limoeiro do Ajuru,PA,1995,2419.74,1436.35,31.85,23.1,84.26,0.58,1.38,6662.57
1504000,Limoeiro do Ajuru,PA,1996,2858.39,1435.53,31.87,23.08,84.72,0.57,1.44,6647.43
1504000,Limoeiro do Ajuru,PA,1997,2132.9,1473.86,32.56,23.8,83.59,0.63,1.56,6625.34
1504000,Limoeiro do Ajuru,PA,1998,2449.11,1520.13,33.15,24.3,83.62,0.65,1.48,6810.08
1504000,Limoeiro do Ajuru,PA,1999,2905.97,1427.95,32.51,23.6,84.7,0.59,1.34,6525.9
1504000,Limoeiro do Ajuru,PA,2000,3545.35,1473.5,32.44,23.58,84.72,0.59,1.38,6783.63
1504059,Mãe do Rio,PA,1981,1900.16,1461.83,31.5,21.72,80.96,0.67,1.47,6720.38
1504059,Mãe do Rio,PA,1982,2240.84,1389.31,31.06,21.88,82.94,0.59,1.33,6475.01
1504059,Mãe do Rio,PA,1983,1632.26,1533.28,31.76,22.14,78.26,0.77,1.69,6839.76
1504059,Mãe do Rio,PA,1984,3054.59,1394.43,30.95,21.83,82.17,0.62,1.26,6568.26
1504059,Mãe do Rio,PA,1985,3144.77,1359.32,30.67,21.85,80.63,0.67,1.27,6326.25
1504059,Mãe do Rio,PA,1986,2791.97,1389.06,30.99,21.94,84.66,0.54,1.41,6586.85
1504059,Mãe do Rio,PA,1987,1966.84,1495.31,31.49,22.43,83.18,0.6,1.76,6917.21
1504059,Mãe do Rio,PA,1988,2772.74,1394.53,31.29,22.51,84.62,0.55,1.38,6550.98
1504059,Mãe do Rio,PA,1989,2747.65,1360.75,31.19,22.04,84.17,0.56,1.01,6531.56
1504059,Mãe do Rio,PA,1990,2097.52,1479.39,31.79,22.31,82.64,0.62,1.32,6951.3
1504059,Mãe do Rio,PA,1991,1828.87,1409.07,31.27,22.54,82.21,0.64,1.76,6303.0
1504059,Mãe do Rio,PA,1992,1744.81,1540.09,31.26,22.84,80.21,0.71,2.02,6885.89
1504059,Mãe do Rio,PA,1993,2258.15,1475.55,31.09,22.83,82.72,0.62,1.92,6769.7
1504059,Mãe do Rio,PA,1994,2502.64,1415.36,30.97,22.81,84.49,0.55,1.78,6591.25
1504059,Mãe do Rio,PA,1995,2498.59,1460.61,31.28,22.77,82.13,0.65,1.71,6650.63
1504059,Mãe do Rio,PA,1996,2311.15,1464.7,31.3,22.79,82.44,0.64,1.67,6686.08
1504059,Mãe do Rio,PA,1997,1971.98,1515.78,31.64,22.82,81.53,0.68,1.67,6878.56
1504059,Mãe do Rio,PA,1998,2257.94,1554.68,32.32,23.58,81.89,0.69,1.89,6935.74
1504059,Mãe do Rio,PA,1999,2492.1,1468.95,31.6,22.73,82.57,0.63,1.68,6714.25
1504059,Mãe do Rio,PA,2000,2588.44,1473.45,31.46,22.98,84.25,0.57,1.6,6861.23
1504109,Magalhães Barata,PA,1981,1702.62,1449.4,31.48,21.9,81.72,0.65,1.42,6708.44
1504109,Magalhães Barata,PA,1982,2430.04,1384.81,31.01,22.09,83.25,0.59,1.4,6435.89
1504109,Magalhães Barata,PA,1983,1867.01,1522.43,31.79,22.39,79.66,0.73,1.74,6829.08
1504109,Magalhães Barata,PA,1984,2873.51,1392.74,31.01,22.11,82.52,0.61,1.28,6533.23
1504109,Magalhães Barata,PA,1985,3544.8,1358.81,30.72,22.12,80.82,0.67,1.27,6297.03
1504109,Magalhães Barata,PA,1986,3278.2,1389.93,31.06,22.22,84.55,0.55,1.41,6549.78
1504109,Magalhães Barata,PA,1987,3045.62,1491.32,31.51,22.69,83.18,0.61,1.7,6896.79
1504109,Magalhães Barata,PA,1988,3457.42,1386.04,31.35,22.76,85.38,0.53,1.37,6518.94
1504109,Magalhães Barata,PA,1989,3278.6,1356.3,31.25,22.35,84.32,0.56,1.0,6477.05
1504109,Magalhães Barata,PA,1990,2641.19,1465.83,31.73,22.64,82.4,0.64,1.25,6875.58
1504109,Magalhães Barata,PA,1991,3339.1,1400.11,30.94,23.06,82.44,0.63,1.77,6288.7
1504109,Magalhães Barata,PA,1992,2033.42,1545.21,31.06,23.64,80.42,0.72,2.06,6889.82
1504109,Magalhães Barata,PA,1993,2132.04,1473.45,31.1,23.23,83.13,0.61,1.93,6753.21
1504109,Magalhães Barata,PA,1994,3269.2,1411.73,30.83,23.14,84.4,0.56,1.73,6575.54
1504109,Magalhães Barata,PA,1995,3087.63,1438.91,31.22,22.85,83.81,0.59,1.66,6646.86
1504109,Magalhães Barata,PA,1996,2804.38,1426.52,31.21,22.78,84.61,0.56,1.61,6631.1
1504109,Magalhães Barata,PA,1997,2099.04,1474.89,31.5,23.02,83.78,0.6,1.66,6795.31
1504109,Magalhães Barata,PA,1998,2051.11,1523.51,32.15,23.81,83.99,0.61,1.93,6906.53
1504109,Magalhães Barata,PA,1999,2710.8,1434.15,31.44,22.97,84.56,0.56,1.68,6656.44
1504109,Magalhães Barata,PA,2000,3005.59,1469.15,31.32,23.33,84.17,0.58,1.54,6842.22
1504208,Marabá,PA,1981,1389.86,1347.96,31.98,21.84,77.35,0.81,1.14,6017.73
1504208,Marabá,PA,1982,1340.09,1333.22,31.79,21.88,80.26,0.7,1.14,6111.04
1504208,Marabá,PA,1983,1293.69,1414.49,32.27,22.34,75.38,0.9,1.37,6046.01
1504208,Marabá,PA,1984,1946.94,1369.35,31.69,21.67,76.85,0.82,1.2,6149.78
1504208,Marabá,PA,1985,2516.32,1269.14,31.3,21.74,78.45,0.76,1.12,5704.03
1504208,Marabá,PA,1986,1883.37,1299.64,31.62,21.7,82.98,0.6,1.16,5991.81
1504208,Marabá,PA,1987,1458.53,1344.27,32.76,22.38,80.39,0.73,1.18,5946.26
1504208,Marabá,PA,1988,2122.36,1344.07,32.16,21.95,81.01,0.68,1.17,6101.09
1504208,Marabá,PA,1989,2214.03,1315.1,31.5,22.06,82.5,0.62,1.14,6092.82
1504208,Marabá,PA,1990,1554.83,1378.26,32.15,22.32,81.18,0.69,1.17,6293.73
1504208,Marabá,PA,1991,1664.93,1261.77,32.15,22.16,81.96,0.65,1.14,5647.95
1504208,Marabá,PA,1992,1509.02,1336.34,32.5,22.26,81.58,0.68,1.13,6025.53
1504208,Marabá,PA,1993,1353.21,1334.34,32.07,22.16,82.82,0.62,1.03,6191.0
1504208,Marabá,PA,1994,1756.49,1319.19,32.0,22.05,83.05,0.61,1.1,6084.81
1504208,Marabá,PA,1995,1697.14,1352.72,32.37,22.4,80.93,0.71,1.0,6191.0
1504208,Marabá,PA,1996,1588.05,1386.24,32.25,22.38,78.44,0.8,1.07,6242.78
1504208,Marabá,PA,1997,1670.72,1430.2,32.35,22.51,74.47,0.95,1.07,6394.58
1504208,Marabá,PA,1998,1386.78,1474.17,32.98,23.26,75.39,0.95,1.03,6570.05
1504208,Marabá,PA,1999,1812.27,1404.56,32.14,22.37,81.34,0.69,1.0,6535.64
1504208,Marabá,PA,2000,2090.74,1428.46,32.12,22.71,81.47,0.69,1.06,6639.58
1504307,Maracanã,PA,1981,1865.76,1452.32,31.47,21.37,81.67,0.64,1.5,6709.85
1504307,Maracanã,PA,1982,2568.44,1390.64,30.98,21.69,82.83,0.59,1.6,6377.93
1504307,Maracanã,PA,1983,1807.4,1524.28,31.87,22.01,79.51,0.73,1.75,6825.31
1504307,Maracanã,PA,1984,2810.89,1372.73,30.99,21.85,82.62,0.6,1.28,6428.77
1504307,Maracanã,PA,1985,3729.94,1345.24,30.71,21.82,80.51,0.67,1.27,6217.07
1504307,Maracanã,PA,1986,3471.15,1380.05,31.03,21.92,84.5,0.54,1.5,6467.78
1504307,Maracanã,PA,1987,3062.66,1487.12,31.31,22.28,82.94,0.61,1.77,6864.74
1504307,Maracanã,PA,1988,3408.93,1380.82,31.27,22.48,84.62,0.55,1.44,6441.65
1504307,Maracanã,PA,1989,3083.92,1364.74,31.31,22.01,84.04,0.56,1.1,6486.32
1504307,Maracanã,PA,1990,2557.43,1469.41,31.75,22.01,81.92,0.64,1.26,6909.35
1504307,Maracanã,PA,1991,3394.78,1398.22,30.99,22.77,82.46,0.63,1.78,6281.95
1504307,Maracanã,PA,1992,2132.9,1548.13,31.15,23.55,80.44,0.72,2.07,6887.46
1504307,Maracanã,PA,1993,2113.79,1477.14,31.2,22.8,82.73,0.62,1.93,6751.95
1504307,Maracanã,PA,1994,3421.98,1409.27,30.89,22.65,84.42,0.55,1.74,6571.77
1504307,Maracanã,PA,1995,3182.12,1449.5,31.29,22.58,82.74,0.62,1.67,6651.73
1504307,Maracanã,PA,1996,3100.04,1452.32,31.27,22.66,83.08,0.61,1.61,6679.79
1504307,Maracanã,PA,1997,2357.84,1500.48,31.6,22.66,82.16,0.65,1.66,6843.06
1504307,Maracanã,PA,1998,2143.75,1551.81,32.28,23.32,82.42,0.66,1.96,6944.54
1504307,Maracanã,PA,1999,2766.74,1458.56,31.53,22.36,83.03,0.61,1.7,6717.39
1504307,Maracanã,PA,2000,2886.72,1470.48,31.42,23.0,84.2,0.58,1.54,6854.79
1504406,Marapanim,PA,1981,1722.0,1452.88,31.47,22.22,81.77,0.65,1.43,6710.8
1504406,Marapanim,PA,1982,2424.08,1386.96,31.01,22.34,83.24,0.59,1.4,6436.21
1504406,Marapanim,PA,1983,1900.7,1523.0,31.75,22.63,79.69,0.73,1.73,6831.12
1504406,Marapanim,PA,1984,2867.2,1396.17,31.03,22.28,82.53,0.62,1.3,6535.74
1504406,Marapanim,PA,1985,3548.44,1363.87,30.73,22.31,80.81,0.67,1.3,6297.03
1504406,Marapanim,PA,1986,3245.2,1392.94,31.07,22.44,84.54,0.55,1.42,6551.04
1504406,Marapanim,PA,1987,3108.48,1495.26,31.6,22.95,83.18,0.62,1.69,6897.26
1504406,Marapanim,PA,1988,3442.2,1388.95,31.39,22.96,85.38,0.53,1.37,6518.94
1504406,Marapanim,PA,1989,3264.3,1358.96,31.25,22.56,84.29,0.56,1.0,6478.62
1504406,Marapanim,PA,1990,2635.27,1475.04,31.74,22.95,82.05,0.66,1.26,6881.86
1504406,Marapanim,PA,1991,3336.18,1401.29,30.93,23.23,82.43,0.64,1.77,6290.9
1504406,Marapanim,PA,1992,1990.71,1544.65,31.01,23.75,80.42,0.72,2.06,6892.02
1504406,Marapanim,PA,1993,2220.61,1474.27,31.06,23.45,83.12,0.62,1.92,6753.52
1504406,Marapanim,PA,1994,3082.36,1413.62,30.81,23.38,84.39,0.57,1.73,6576.64
1504406,Marapanim,PA,1995,2987.24,1440.08,31.2,22.99,83.79,0.59,1.66,6648.59
1504406,Marapanim,PA,1996,2794.44,1426.52,31.2,22.84,84.59,0.56,1.61,6630.0
1504406,Marapanim,PA,1997,2068.95,1475.09,31.46,23.19,83.77,0.6,1.66,6794.68
1504406,Marapanim,PA,1998,2048.76,1524.02,32.09,24.05,83.97,0.61,1.92,6906.37
1504406,Marapanim,PA,1999,2726.13,1434.96,31.41,23.27,84.53,0.57,1.66,6655.82
1504406,Marapanim,PA,2000,3037.44,1470.07,31.27,23.51,84.16,0.58,1.54,6843.48
1504422,Marituba,PA,1981,2148.49,1462.14,31.85,22.38,81.77,0.66,1.39,6737.5
1504422,Marituba,PA,1982,2979.84,1383.48,31.57,22.08,84.63,0.54,1.35,6466.68
1504422,Marituba,PA,1983,2444.48,1514.65,31.93,22.14,79.91,0.72,1.66,6834.74
1504422,Marituba,PA,1984,3151.46,1396.58,31.27,21.61,82.39,0.61,1.27,6561.66
1504422,Marituba,PA,1985,3626.77,1361.11,30.77,21.86,80.81,0.66,1.28,6324.52
1504422,Marituba,PA,1986,3199.28,1383.53,31.03,22.09,85.19,0.52,1.4,6579.0
1504422,Marituba,PA,1987,2456.39,1468.64,31.86,22.84,84.12,0.58,1.35,6888.93
1504422,Marituba,PA,1988,3574.43,1379.94,31.43,22.84,85.89,0.51,1.23,6542.5
1504422,Marituba,PA,1989,3497.19,1349.65,31.24,22.38,85.61,0.51,0.99,6478.15
1504422,Marituba,PA,1990,2567.62,1439.93,31.72,22.75,84.12,0.58,1.15,6822.8
1504422,Marituba,PA,1991,2429.16,1367.82,31.19,22.59,84.86,0.54,1.62,6310.38
1504422,Marituba,PA,1992,2467.8,1487.02,31.21,22.57,83.34,0.59,1.91,6881.65
1504422,Marituba,PA,1993,2680.06,1431.13,31.09,22.82,84.75,0.55,1.74,6728.39
1504422,Marituba,PA,1994,3302.0,1396.53,31.16,23.02,85.75,0.51,1.51,6596.28
1504422,Marituba,PA,1995,2848.64,1426.62,31.61,23.2,84.57,0.57,1.42,6631.94
1504422,Marituba,PA,1996,3015.49,1428.87,31.51,23.2,85.04,0.55,1.51,6628.9
1504422,Marituba,PA,1997,2634.56,1468.69,31.89,22.92,83.92,0.59,1.65,6715.35
1504422,Marituba,PA,1998,2758.85,1525.15,32.7,23.66,84.0,0.61,1.79,6870.24
1504422,Marituba,PA,1999,2758.64,1431.07,32.05,22.98,84.58,0.57,1.5,6600.84
1504422,Marituba,PA,2000,3113.4,1460.25,31.89,22.77,84.54,0.57,1.34,6844.26
1504455,Medicilândia,PA,1981,1104.37,1329.33,30.62,21.92,84.75,0.53,1.55,6223.51
1504455,Medicilândia,PA,1982,1682.35,1342.33,30.5,21.9,86.72,0.46,1.65,6400.39
1504455,Medicilândia,PA,1983,1101.04,1458.25,31.48,22.09,78.8,0.75,1.69,6463.54
1504455,Medicilândia,PA,1984,2466.03,1359.06,30.36,21.03,79.36,0.69,1.39,6275.92
1504455,Medicilândia,PA,1985,2462.08,1308.39,29.95,21.07,79.66,0.67,1.41,6022.44
1504455,Medicilândia,PA,1986,1880.21,1319.76,30.23,21.24,83.82,0.54,1.34,6271.42
1504455,Medicilândia,PA,1987,1394.59,1404.0,31.18,21.95,81.71,0.65,1.49,6416.1
1504455,Medicilândia,PA,1988,1963.54,1307.78,30.51,21.85,84.5,0.53,1.26,6184.18
1504455,Medicilândia,PA,1989,2266.43,1304.2,30.18,21.54,86.37,0.46,1.22,6324.52
1504455,Medicilândia,PA,1990,1771.35,1353.18,30.73,21.88,85.98,0.49,1.21,6516.64
1504455,Medicilândia,PA,1991,1787.49,1246.41,30.53,21.44,86.09,0.47,1.15,5922.06
1504455,Medicilândia,PA,1992,1412.12,1376.87,31.12,21.11,84.5,0.53,1.46,6466.78
1504455,Medicilândia,PA,1993,1888.94,1336.8,30.7,21.88,85.54,0.5,1.27,6392.07
1504455,Medicilândia,PA,1994,2203.33,1291.2,30.61,21.86,87.47,0.43,1.11,6253.05
1504455,Medicilândia,PA,1995,1777.09,1358.09,31.08,21.91,85.64,0.51,1.24,6454.9
1504455,Medicilândia,PA,1996,2155.83,1372.01,31.06,21.71,85.28,0.51,1.26,6513.91
1504455,Medicilândia,PA,1997,1501.67,1411.17,31.49,21.35,82.67,0.61,1.41,6538.32
1504455,Medicilândia,PA,1998,1650.14,1428.52,31.87,21.78,83.0,0.61,1.32,6632.88
1504455,Medicilândia,PA,1999,2057.34,1372.88,31.03,21.99,85.09,0.52,1.15,6554.02
1504455,Medicilândia,PA,2000,2333.05,1380.87,30.98,22.01,84.81,0.54,1.22,6561.51
1504505,Melgaço,PA,1981,2180.33,1417.46,31.77,22.53,84.46,0.56,1.36,6607.59
1504505,Melgaço,PA,1982,2427.45,1407.79,31.5,22.58,84.82,0.55,1.43,6572.09
1504505,Melgaço,PA,1983,1836.03,1497.2,32.16,22.65,80.02,0.73,1.59,6698.23
1504505,Melgaço,PA,1984,2741.82,1392.48,31.39,22.13,80.98,0.67,1.24,6464.43
1504505,Melgaço,PA,1985,2840.71,1336.85,31.1,22.11,80.71,0.68,1.22,6173.87
1504505,Melgaço,PA,1986,2628.85,1344.43,31.17,22.14,84.98,0.53,1.08,6409.98
1504505,Melgaço,PA,1987,2087.17,1392.28,31.67,22.51,83.23,0.61,1.16,6523.55
1504505,Melgaço,PA,1988,2901.21,1317.3,31.35,22.36,85.11,0.53,0.97,6255.82
1504505,Melgaço,PA,1989,2814.39,1298.21,30.86,22.4,86.62,0.47,0.95,6253.83
1504505,Melgaço,PA,1990,2207.89,1402.36,31.6,22.6,85.09,0.54,1.04,6675.77
1504505,Melgaço,PA,1991,2058.74,1325.74,31.57,22.74,84.76,0.56,1.12,6132.09
1504505,Melgaço,PA,1992,2367.4,1452.93,32.07,22.66,82.6,0.64,1.29,6680.42
1504505,Melgaço,PA,1993,2230.79,1413.52,31.62,22.71,84.41,0.57,1.41,6592.98
1504505,Melgaço,PA,1994,2277.86,1374.57,31.65,22.94,86.29,0.5,1.33,6472.81
1504505,Melgaço,PA,1995,2249.93,1389.16,31.8,22.84,85.12,0.55,1.21,6475.01
1504505,Melgaço,PA,1996,2437.24,1391.2,31.59,22.81,85.27,0.54,1.49,6419.81
1504505,Melgaço,PA,1997,1968.17,1448.17,32.09,23.11,83.08,0.63,1.84,6424.9
1504505,Melgaço,PA,1998,2304.93,1476.22,32.37,23.4,83.33,0.63,1.77,6598.48
1504505,Melgaço,PA,1999,2452.97,1396.94,31.97,22.91,84.28,0.58,1.26,6449.4
1504505,Melgaço,PA,2000,2818.44,1433.89,31.89,23.06,84.08,0.59,1.2,6690.95
1504604,Mocajuba,PA,1981,1664.85,1447.71,32.09,23.29,81.08,0.71,1.16,6671.68
1504604,Mocajuba,PA,1982,2370.73,1391.05,31.58,23.36,85.76,0.53,1.23,6554.81
1504604,Mocajuba,PA,1983,1744.74,1504.67,31.85,23.63,78.51,0.8,1.53,6669.01
1504604,Mocajuba,PA,1984,2991.22,1425.6,31.4,22.77,81.27,0.68,1.18,6653.56
1504604,Mocajuba,PA,1985,2758.35,1358.04,31.12,22.63,80.56,0.7,1.17,6259.49
1504604,Mocajuba,PA,1986,2734.44,1358.3,31.51,22.38,86.91,0.47,1.19,6489.46
1504604,Mocajuba,PA,1987,1989.96,1405.69,32.24,22.79,85.12,0.55,1.24,6546.01
1504604,Mocajuba,PA,1988,2917.16,1364.39,31.97,22.47,86.11,0.51,1.08,6444.48
1504604,Mocajuba,PA,1989,2955.53,1335.98,31.43,22.12,86.28,0.49,1.0,6401.81
1504604,Mocajuba,PA,1990,2302.42,1423.91,31.91,22.14,84.99,0.54,1.2,6762.79
1504604,Mocajuba,PA,1991,2102.39,1322.32,31.66,21.85,85.19,0.52,1.3,6156.12
1504604,Mocajuba,PA,1992,1718.6,1432.05,31.89,21.81,84.01,0.57,1.46,6666.44
1504604,Mocajuba,PA,1993,2709.23,1391.51,31.37,22.61,85.75,0.52,1.39,6584.34
1504604,Mocajuba,PA,1994,3292.5,1377.33,31.42,23.4,85.66,0.53,1.38,6446.58
1504604,Mocajuba,PA,1995,2574.5,1406.87,31.9,23.05,84.37,0.58,1.3,6511.61
1504604,Mocajuba,PA,1996,2661.49,1430.77,32.0,23.07,83.45,0.62,1.39,6536.53
1504604,Mocajuba,PA,1997,2000.41,1475.91,32.74,23.87,80.91,0.74,1.52,6474.22
1504604,Mocajuba,PA,1998,2039.83,1506.52,33.32,24.33,81.74,0.73,1.42,6637.75
1504604,Mocajuba,PA,1999,2620.63,1426.83,32.62,23.61,84.59,0.59,1.29,6518.52
1504604,Mocajuba,PA,2000,3178.47,1467.26,32.57,23.6,85.11,0.57,1.39,6742.31
1504703,Moju,PA,1981,1675.78,1456.97,31.96,23.05,80.4,0.72,1.2,6709.38
1504703,Moju,PA,1982,2326.65,1387.01,31.5,23.08,85.84,0.52,1.24,6554.18
1504703,Moju,PA,1983,1715.26,1497.71,31.86,23.37,79.06,0.78,1.53,6673.57
1504703,Moju,PA,1984,2945.02,1418.02,31.41,22.58,81.14,0.68,1.18,6604.39
1504703,Moju,PA,1985,2875.81,1361.78,31.08,22.5,80.55,0.69,1.19,6280.06
1504703,Moju,PA,1986,2760.89,1360.8,31.39,22.32,86.67,0.48,1.21,6507.84
1504703,Moju,PA,1987,2117.64,1407.22,32.07,22.84,85.05,0.55,1.26,6566.12
1504703,Moju,PA,1988,3058.55,1363.52,31.77,22.56,86.09,0.51,1.09,6457.2
1504703,Moju,PA,1989,2828.5,1339.31,31.31,22.24,86.03,0.5,1.0,6420.34
1504703,Moju,PA,1990,2176.61,1431.89,31.92,22.29,84.85,0.55,1.14,6816.36
1504703,Moju,PA,1991,1971.02,1327.64,31.58,22.09,85.07,0.53,1.28,6185.66
1504703,Moju,PA,1992,1573.28,1439.83,31.72,22.11,83.91,0.58,1.44,6738.23
1504703,Moju,PA,1993,2529.49,1398.47,31.33,22.65,85.43,0.53,1.41,6618.43
1504703,Moju,PA,1994,3190.47,1381.63,31.31,23.21,85.92,0.51,1.39,6517.26
1504703,Moju,PA,1995,2375.85,1413.01,31.78,23.02,84.59,0.57,1.29,6587.48
1504703,Moju,PA,1996,2630.09,1414.59,31.78,23.0,84.52,0.57,1.36,6547.84
1504703,Moju,PA,1997,1923.43,1458.1,32.41,23.59,83.37,0.64,1.52,6584.66
1504703,Moju,PA,1998,2085.93,1478.83,32.99,24.11,84.06,0.63,1.41,6667.13
1504703,Moju,PA,1999,2608.61,1427.49,32.38,23.45,85.0,0.57,1.29,6581.36
1504703,Moju,PA,2000,2976.36,1460.91,32.38,23.45,85.04,0.57,1.35,6744.83
1504752,Mojuí dos Campos,PA,1981,1414.17,1349.34,31.1,22.17,84.92,0.53,1.53,6282.58
1504752,Mojuí dos Campos,PA,1982,1719.63,1378.92,31.01,21.63,85.43,0.51,1.63,6466.37
1504752,Mojuí dos Campos,PA,1983,1262.53,1513.32,31.94,21.96,79.61,0.73,1.73,6773.63
1504752,Mojuí dos Campos,PA,1984,2211.25,1389.82,30.7,21.33,79.4,0.7,1.39,6401.59
1504752,Mojuí dos Campos,PA,1985,2863.76,1318.02,30.17,21.57,79.66,0.68,1.4,6017.1
1504752,Mojuí dos Campos,PA,1986,1970.46,1338.64,30.46,21.52,84.71,0.52,1.51,6341.96
1504752,Mojuí dos Campos,PA,1987,1522.72,1411.88,31.37,21.77,82.84,0.61,1.51,6521.51
1504752,Mojuí dos Campos,PA,1988,2261.19,1308.6,30.64,21.45,85.26,0.5,1.27,6243.09
1504752,Mojuí dos Campos,PA,1989,2451.77,1293.6,30.19,21.17,87.33,0.43,1.27,6328.29
1504752,Mojuí dos Campos,PA,1990,1684.68,1328.35,30.74,21.31,86.87,0.45,1.22,6437.78
1504752,Mojuí dos Campos,PA,1991,1794.38,1260.18,30.73,21.17,86.47,0.46,1.18,6009.4
1504752,Mojuí dos Campos,PA,1992,1330.44,1398.57,31.6,21.39,85.0,0.53,1.52,6532.13
1504752,Mojuí dos Campos,PA,1993,1692.21,1336.13,30.84,21.65,85.37,0.5,1.31,6380.44
1504752,Mojuí dos Campos,PA,1994,2154.5,1295.19,30.38,21.49,86.25,0.47,1.12,6291.85
1504752,Mojuí dos Campos,PA,1995,1971.76,1369.91,31.07,22.09,84.68,0.54,1.25,6490.87
1504752,Mojuí dos Campos,PA,1996,1945.15,1404.36,31.44,22.18,84.44,0.56,1.21,6635.49
1504752,Mojuí dos Campos,PA,1997,1317.99,1461.02,31.78,22.67,81.88,0.67,1.29,6762.63
1504752,Mojuí dos Campos,PA,1998,1366.06,1458.35,32.23,23.35,82.87,0.65,1.21,6718.65
1504752,Mojuí dos Campos,PA,1999,2263.19,1386.85,31.07,22.57,84.89,0.54,1.11,6632.88
1504752,Mojuí dos Campos,PA,2000,2387.31,1355.38,30.82,22.63,84.64,0.55,1.12,6442.12
1504802,Monte Alegre,PA,1981,1657.6,1367.51,29.95,21.59,84.03,0.54,1.72,6453.17
1504802,Monte Alegre,PA,1982,1864.42,1380.61,29.73,21.47,84.5,0.52,1.89,6505.17
1504802,Monte Alegre,PA,1983,1239.78,1487.63,30.74,21.94,80.84,0.66,1.95,6754.62
1504802,Monte Alegre,PA,1984,2221.52,1367.0,29.43,21.21,80.93,0.62,1.58,6429.24
1504802,Monte Alegre,PA,1985,2363.31,1324.06,29.18,21.23,80.54,0.63,1.58,6156.28
1504802,Monte Alegre,PA,1986,1752.67,1332.4,29.37,21.24,83.82,0.53,1.49,6408.4
1504802,Monte Alegre,PA,1987,1507.56,1406.41,30.41,21.72,82.63,0.6,1.61,6554.02
1504802,Monte Alegre,PA,1988,2466.53,1293.91,29.62,21.29,85.07,0.49,1.33,6237.91
1504802,Monte Alegre,PA,1989,2626.49,1282.14,29.24,20.88,86.3,0.44,1.34,6298.76
1504802,Monte Alegre,PA,1990,2105.51,1333.27,29.65,21.09,85.37,0.48,1.39,6492.76
1504802,Monte Alegre,PA,1991,2164.56,1263.97,29.62,20.99,85.06,0.49,1.38,6033.91
1504802,Monte Alegre,PA,1992,1159.94,1388.13,30.35,21.0,84.35,0.52,1.55,6620.41
1504802,Monte Alegre,PA,1993,2246.75,1328.71,29.54,21.34,85.31,0.48,1.38,6481.92
1504802,Monte Alegre,PA,1994,2166.45,1288.13,29.23,21.42,86.81,0.43,1.28,6364.73
1504802,Monte Alegre,PA,1995,1562.48,1359.47,29.92,21.75,84.96,0.51,1.4,6528.58
1504802,Monte Alegre,PA,1996,2054.11,1373.8,29.92,21.7,84.57,0.52,1.34,6615.86
1504802,Monte Alegre,PA,1997,1520.22,1422.99,30.34,21.98,81.88,0.63,1.44,6671.52
1504802,Monte Alegre,PA,1998,1368.02,1435.32,30.86,22.51,82.36,0.62,1.35,6711.27
1504802,Monte Alegre,PA,1999,1902.09,1352.46,29.73,21.77,85.23,0.5,1.22,6593.14
1504802,Monte Alegre,PA,2000,2012.41,1344.78,29.7,21.73,84.44,0.52,1.2,6497.89
1504901,Muaná,PA,1981,1700.88,1484.46,31.81,23.2,83.57,0.61,1.47,6888.15
1504901,Muaná,PA,1982,2361.24,1424.37,31.37,23.04,84.84,0.55,1.47,6680.48
1504901,Muaná,PA,1983,1933.11,1532.93,31.8,23.26,80.29,0.73,1.69,6923.65
1504901,Muaná,PA,1984,3009.12,1428.72,31.36,22.64,82.39,0.63,1.35,6654.19
1504901,Muaná,PA,1985,3042.93,1384.19,31.01,22.69,80.72,0.69,1.36,6345.41
1504901,Muaná,PA,1986,2726.33,1395.4,31.25,22.69,85.02,0.54,1.42,6566.9
1504901,Muaná,PA,1987,2058.53,1470.28,31.94,23.19,83.24,0.62,1.43,6805.83
1504901,Muaná,PA,1988,3153.87,1379.38,31.65,23.0,85.52,0.53,1.15,6492.86
1504901,Muaná,PA,1989,3316.63,1346.93,31.24,22.73,85.81,0.51,1.09,6401.65
1504901,Muaná,PA,1990,2491.67,1452.21,31.69,23.02,84.85,0.56,1.27,6875.89
1504901,Muaná,PA,1991,2222.05,1371.86,31.15,22.91,84.67,0.55,1.38,6402.75
1504901,Muaná,PA,1992,2051.79,1492.29,31.22,23.0,83.28,0.61,1.62,6972.6
1504901,Muaná,PA,1993,2533.85,1455.03,31.21,23.34,84.4,0.57,1.64,6811.02
1504901,Muaná,PA,1994,2923.81,1426.88,31.15,23.7,85.19,0.55,1.54,6704.2
1504901,Muaná,PA,1995,2391.52,1432.46,31.57,23.28,84.36,0.58,1.38,6680.95
1504901,Muaná,PA,1996,2561.85,1420.99,31.54,23.1,84.77,0.56,1.41,6617.9
1504901,Muaná,PA,1997,1974.01,1459.79,31.98,23.61,83.52,0.62,1.55,6644.35
1504901,Muaná,PA,1998,2348.29,1516.29,32.54,24.31,83.51,0.64,1.66,6819.03
1504901,Muaná,PA,1999,2758.79,1429.03,31.96,23.65,83.73,0.62,1.35,6556.07
1504901,Muaná,PA,2000,2925.8,1475.19,31.86,23.59,83.63,0.62,1.36,6836.56
1504950,Nova Esperança do Piriá,PA,1981,1841.07,1484.87,31.26,21.21,77.73,0.77,1.56,6667.28
1504950,Nova Esperança do Piriá,PA,1982,1921.02,1414.75,30.73,21.43,81.32,0.64,1.64,6432.75
1504950,Nova Esperança do Piriá,PA,1983,1374.6,1527.3,31.65,21.73,77.82,0.78,1.69,6799.39
1504950,Nova Esperança do Piriá,PA,1984,2618.84,1380.61,30.6,21.43,80.2,0.67,1.25,6447.93
1504950,Nova Esperança do Piriá,PA,1985,2913.03,1330.2,30.25,21.35,80.48,0.65,1.26,6219.59
1504950,Nova Esperança do Piriá,PA,1986,2556.02,1387.06,30.59,21.48,83.22,0.57,1.52,6521.51
1504950,Nova Esperança do Piriá,PA,1987,1720.85,1481.8,31.21,21.88,83.01,0.6,1.79,6870.4
1504950,Nova Esperança do Piriá,PA,1988,2385.3,1394.74,30.92,21.97,84.34,0.54,1.46,6575.8
1504950,Nova Esperança do Piriá,PA,1989,2589.37,1365.61,30.93,21.43,83.89,0.55,1.16,6538.16
1504950,Nova Esperança do Piriá,PA,1990,1935.89,1490.75,31.85,21.92,81.75,0.65,1.36,6953.65
1504950,Nova Esperança do Piriá,PA,1991,2033.73,1431.38,31.67,22.18,82.02,0.65,1.78,6347.3
1504950,Nova Esperança do Piriá,PA,1992,1472.78,1549.92,31.41,22.49,79.95,0.72,2.05,6889.19
1504950,Nova Esperança do Piriá,PA,1993,1839.42,1472.89,31.12,22.41,82.54,0.62,1.9,6755.41
1504950,Nova Esperança do Piriá,PA,1994,1977.5,1420.63,30.86,22.24,83.17,0.59,1.7,6574.44
1504950,Nova Esperança do Piriá,PA,1995,1885.61,1455.74,31.03,22.3,81.55,0.65,1.69,6634.45
1504950,Nova Esperança do Piriá,PA,1996,2119.73,1475.35,31.17,22.44,81.84,0.65,1.67,6735.72
1504950,Nova Esperança do Piriá,PA,1997,1496.29,1523.35,31.48,22.31,80.96,0.68,1.69,6912.02
1504950,Nova Esperança do Piriá,PA,1998,1884.97,1556.47,32.12,23.08,81.35,0.69,1.91,6949.41
1504950,Nova Esperança do Piriá,PA,1999,1921.8,1471.71,31.39,22.18,81.93,0.64,1.74,6720.54
1504950,Nova Esperança do Piriá,PA,2000,2094.36,1474.07,31.2,22.5,82.98,0.61,1.59,6837.82
1504976,Nova Ipixuna,PA,1981,1707.49,1394.58,32.2,22.39,76.54,0.86,0.96,6367.09
1504976,Nova Ipixuna,PA,1982,1818.27,1397.5,31.99,22.33,80.02,0.72,1.06,6465.74
1504976,Nova Ipixuna,PA,1983,1420.99,1481.28,32.36,22.84,76.72,0.87,1.4,6463.54
1504976,Nova Ipixuna,PA,1984,2019.84,1437.42,31.8,22.22,77.94,0.79,1.15,6609.1
1504976,Nova Ipixuna,PA,1985,2502.1,1355.79,31.5,22.3,78.42,0.78,1.05,6244.88
1504976,Nova Ipixuna,PA,1986,2122.08,1377.13,31.74,22.31,83.5,0.6,1.14,6435.89
1504976,Nova Ipixuna,PA,1987,1554.78,1439.01,33.14,22.97,80.37,0.76,1.16,6419.56
1504976,Nova Ipixuna,PA,1988,2135.48,1427.03,32.46,22.51,81.33,0.69,1.09,6585.38
1504976,Nova Ipixuna,PA,1989,2322.24,1379.33,31.73,22.56,82.56,0.63,1.03,6471.55
1504976,Nova Ipixuna,PA,1990,1670.2,1446.53,32.38,22.84,81.66,0.68,1.09,6699.33
1504976,Nova Ipixuna,PA,1991,1481.48,1359.88,32.46,22.68,82.65,0.65,1.08,6212.67
1504976,Nova Ipixuna,PA,1992,1491.69,1452.67,32.92,22.86,81.83,0.69,1.17,6607.06
1504976,Nova Ipixuna,PA,1993,1329.19,1433.48,32.31,22.86,83.23,0.63,1.08,6679.54
1504976,Nova Ipixuna,PA,1994,1761.84,1391.15,32.29,22.68,83.62,0.61,1.07,6465.74
1504976,Nova Ipixuna,PA,1995,1960.02,1418.38,32.41,22.91,80.76,0.73,1.02,6510.98
1504976,Nova Ipixuna,PA,1996,1893.79,1419.35,32.26,22.99,78.66,0.8,1.07,6388.4
1504976,Nova Ipixuna,PA,1997,1707.9,1438.65,32.44,23.21,76.14,0.91,1.12,6399.76
1504976,Nova Ipixuna,PA,1998,1708.69,1478.93,32.94,23.95,77.26,0.89,1.08,6584.03
1504976,Nova Ipixuna,PA,1999,2150.85,1418.33,32.29,23.01,80.29,0.74,0.98,6543.66
1504976,Nova Ipixuna,PA,2000,1778.56,1455.64,32.23,23.34,80.8,0.73,1.06,6703.83
1505007,Nova Timboteua,PA,1981,1734.18,1452.52,31.42,21.01,81.19,0.65,1.49,6705.93
1505007,Nova Timboteua,PA,1982,2441.66,1386.85,30.93,21.41,82.87,0.59,1.58,6378.24
1505007,Nova Timboteua,PA,1983,1631.6,1533.13,31.85,21.74,78.24,0.77,1.74,6819.5
1505007,Nova Timboteua,PA,1984,2659.66,1369.45,30.92,21.63,82.42,0.6,1.27,6423.9
1505007,Nova Timboteua,PA,1985,3576.65,1339.31,30.65,21.59,80.69,0.66,1.27,6214.09
1505007,Nova Timboteua,PA,1986,3113.64,1375.9,30.97,21.67,84.56,0.54,1.49,6469.67
1505007,Nova Timboteua,PA,1987,2004.56,1479.65,31.13,21.98,82.97,0.6,1.77,6864.11
1505007,Nova Timboteua,PA,1988,2939.44,1377.13,31.18,22.25,84.62,0.54,1.44,6444.95
1505007,Nova Timboteua,PA,1989,2818.81,1360.7,31.27,21.74,83.99,0.56,1.09,6488.05
1505007,Nova Timboteua,PA,1990,2068.66,1463.22,31.71,21.54,81.89,0.63,1.25,6912.65
1505007,Nova Timboteua,PA,1991,2322.75,1396.32,31.01,22.44,82.42,0.63,1.77,6277.08
1505007,Nova Timboteua,PA,1992,1926.51,1545.16,31.17,23.26,80.38,0.72,2.07,6883.22
1505007,Nova Timboteua,PA,1993,2216.42,1472.53,31.2,22.45,82.73,0.61,1.93,6747.24
1505007,Nova Timboteua,PA,1994,3761.83,1403.74,30.86,22.27,84.47,0.54,1.74,6568.16
1505007,Nova Timboteua,PA,1995,2833.17,1446.94,31.27,22.34,82.71,0.62,1.67,6643.56
1505007,Nova Timboteua,PA,1996,2679.1,1450.88,31.23,22.52,83.04,0.61,1.61,6679.01
1505007,Nova Timboteua,PA,1997,2126.34,1497.71,31.61,22.37,82.13,0.64,1.66,6842.91
1505007,Nova Timboteua,PA,1998,2611.87,1551.04,32.32,22.92,82.39,0.65,1.98,6940.93
1505007,Nova Timboteua,PA,1999,2745.11,1453.24,31.53,21.89,83.05,0.6,1.7,6712.52
1505007,Nova Timboteua,PA,2000,2500.08,1466.59,31.42,22.69,84.28,0.57,1.53,6852.74
1505031,Novo Progresso,PA,1981,2130.61,1183.2,30.98,20.92,84.4,0.53,0.65,5684.86
1505031,Novo Progresso,PA,1982,2162.77,1255.47,30.93,20.77,85.26,0.5,0.85,6070.35
1505031,Novo Progresso,PA,1983,1877.38,1319.96,31.61,20.85,79.41,0.71,0.87,6246.45
1505031,Novo Progresso,PA,1984,2021.57,1263.87,30.88,20.13,77.35,0.74,0.82,6023.01
1505031,Novo Progresso,PA,1985,2669.32,1193.13,30.61,20.32,80.07,0.65,0.87,5616.53
1505031,Novo Progresso,PA,1986,1932.65,1246.21,31.01,20.62,86.22,0.46,0.87,6032.18
1505031,Novo Progresso,PA,1987,2000.7,1286.59,32.6,20.27,85.19,0.51,0.86,6072.87
1505031,Novo Progresso,PA,1988,2331.81,1252.04,31.88,19.85,85.66,0.48,0.86,5993.32
1505031,Novo Progresso,PA,1989,2554.49,1231.72,30.52,20.41,85.85,0.46,0.83,6036.27
1505031,Novo Progresso,PA,1990,2163.3,1269.24,31.44,20.14,87.19,0.43,0.93,6130.52
1505031,Novo Progresso,PA,1991,2199.65,1193.39,31.32,19.69,87.9,0.4,0.98,5720.52
1505031,Novo Progresso,PA,1992,2330.75,1271.65,31.74,19.31,87.03,0.42,1.34,6019.4
1505031,Novo Progresso,PA,1993,2822.34,1290.99,31.67,20.85,86.59,0.46,0.8,6247.7
1505031,Novo Progresso,PA,1994,2492.91,1254.4,31.41,21.08,87.58,0.43,0.82,6058.26
1505031,Novo Progresso,PA,1995,2575.47,1259.72,32.04,20.31,86.77,0.45,0.63,6100.2
1505031,Novo Progresso,PA,1996,2314.04,1295.91,32.06,20.09,87.21,0.43,0.74,6281.89
1505031,Novo Progresso,PA,1997,1810.17,1328.56,32.23,20.35,84.45,0.54,0.62,6459.93
1505031,Novo Progresso,PA,1998,1812.49,1338.8,32.92,20.3,84.27,0.55,0.53,6484.12
1505031,Novo Progresso,PA,1999,2075.98,1315.0,32.41,19.45,84.65,0.52,0.53,6467.47
1505031,Novo Progresso,PA,2000,2333.62,1301.54,32.19,20.14,84.86,0.52,0.44,6411.8
1505064,Novo Repartimento,PA,1981,1631.69,1301.54,31.43,21.87,80.09,0.7,0.93,6051.97
1505064,Novo Repartimento,PA,1982,1863.65,1316.94,31.32,21.98,83.98,0.56,1.03,6217.07
1505064,Novo Repartimento,PA,1983,1439.21,1383.27,31.81,22.42,77.4,0.81,1.24,6122.98
1505064,Novo Repartimento,PA,1984,2398.11,1343.66,31.35,21.68,79.13,0.73,1.05,6210.42
1505064,Novo Repartimento,PA,1985,2535.71,1271.59,30.91,21.66,78.66,0.74,1.08,5786.97
1505064,Novo Repartimento,PA,1986,2290.53,1293.09,31.04,21.58,85.27,0.51,1.06,6160.84
1505064,Novo Repartimento,PA,1987,1632.34,1320.11,31.79,22.4,82.69,0.63,1.07,6082.92
1505064,Novo Repartimento,PA,1988,2527.1,1304.76,31.3,22.1,83.59,0.58,1.05,6113.18
1505064,Novo Repartimento,PA,1989,2569.93,1276.92,30.88,21.96,84.25,0.55,0.99,6058.57
1505064,Novo Repartimento,PA,1990,1846.05,1344.27,31.54,22.1,83.9,0.57,1.02,6338.19
1505064,Novo Repartimento,PA,1991,1662.8,1243.96,31.53,21.99,84.52,0.55,1.02,5758.54
1505064,Novo Repartimento,PA,1992,1452.13,1351.44,31.94,21.98,83.63,0.59,1.16,6258.33
1505064,Novo Repartimento,PA,1993,1746.14,1330.96,31.5,22.02,84.4,0.56,1.09,6257.92
1505064,Novo Repartimento,PA,1994,2088.5,1309.11,31.36,21.93,84.91,0.53,1.11,6174.19
1505064,Novo Repartimento,PA,1995,1900.17,1344.17,31.64,22.35,82.86,0.62,1.03,6262.47
1505064,Novo Repartimento,PA,1996,2063.38,1367.71,31.73,22.29,81.7,0.66,1.16,6252.83
1505064,Novo Repartimento,PA,1997,1827.38,1417.36,31.99,22.18,77.92,0.8,1.28,6325.46
1505064,Novo Repartimento,PA,1998,1737.09,1430.61,32.4,22.82,79.36,0.77,1.17,6446.89
1505064,Novo Repartimento,PA,1999,2190.42,1378.0,31.71,22.3,81.41,0.67,1.04,6413.74
1505064,Novo Repartimento,PA,2000,2026.28,1433.33,31.94,22.61,81.94,0.66,1.15,6643.03
1505106,Óbidos,PA,1981,1793.1,1352.61,29.69,21.37,84.58,0.51,1.65,6458.83
1505106,Óbidos,PA,1982,2293.75,1378.1,29.56,21.27,84.53,0.51,1.85,6518.21
1505106,Óbidos,PA,1983,1423.4,1464.34,30.53,21.63,81.8,0.62,1.91,6751.64
1505106,Óbidos,PA,1984,2835.23,1356.45,29.19,20.88,80.95,0.61,1.55,6416.52
1505106,Óbidos,PA,1985,2434.97,1318.22,29.1,20.88,80.49,0.62,1.56,6145.13
1505106,Óbidos,PA,1986,2292.53,1325.33,29.2,20.86,83.93,0.52,1.52,6397.25
1505106,Óbidos,PA,1987,2014.67,1396.48,30.14,21.27,82.64,0.58,1.59,6558.42
1505106,Óbidos,PA,1988,2677.7,1279.22,29.28,20.87,85.74,0.46,1.32,6244.98
1505106,Óbidos,PA,1989,2598.57,1258.85,28.98,20.46,87.8,0.39,1.27,6289.65
1505106,Óbidos,PA,1990,1831.27,1306.35,29.48,20.68,87.33,0.41,1.33,6475.32
1505106,Óbidos,PA,1991,2054.71,1253.22,29.48,20.32,86.51,0.43,1.31,6111.51
1505106,Óbidos,PA,1992,1296.8,1361.32,30.11,20.33,85.43,0.47,1.43,6626.23
1505106,Óbidos,PA,1993,2280.1,1320.88,29.42,20.81,85.05,0.48,1.3,6471.87
1505106,Óbidos,PA,1994,2973.42,1282.85,29.12,21.03,86.59,0.43,1.15,6366.78
1505106,Óbidos,PA,1995,2360.28,1346.93,29.87,21.42,85.38,0.49,1.32,6521.35
1505106,Óbidos,PA,1996,2769.29,1355.17,29.79,21.35,85.8,0.47,1.3,6611.3
1505106,Óbidos,PA,1997,1830.25,1417.82,30.28,21.7,82.28,0.61,1.45,6686.45
1505106,Óbidos,PA,1998,2090.05,1420.63,30.74,22.19,83.1,0.59,1.38,6688.18
1505106,Óbidos,PA,1999,2727.3,1332.91,29.58,21.33,86.4,0.45,1.25,6564.39
1505106,Óbidos,PA,2000,2778.53,1310.03,29.49,21.24,85.46,0.48,1.24,6373.94
1505205,Oeiras do Pará,PA,1981,1701.53,1447.15,32.04,23.1,82.7,0.64,1.18,6730.43
1505205,Oeiras do Pará,PA,1982,2459.17,1397.86,31.57,23.09,85.84,0.52,1.24,6614.34
1505205,Oeiras do Pará,PA,1983,1823.7,1507.74,31.88,23.35,78.42,0.8,1.54,6705.61
1505205,Oeiras do Pará,PA,1984,3132.87,1415.57,31.46,22.59,81.37,0.67,1.18,6610.36
1505205,Oeiras do Pará,PA,1985,2946.73,1358.35,31.15,22.55,80.47,0.7,1.14,6278.96
1505205,Oeiras do Pará,PA,1986,2789.99,1354.97,31.42,22.31,86.68,0.48,1.15,6487.42
1505205,Oeiras do Pará,PA,1987,2169.94,1399.14,32.05,22.68,85.04,0.55,1.2,6554.02
1505205,Oeiras do Pará,PA,1988,3009.89,1346.27,31.83,22.4,86.39,0.49,1.04,6387.14
1505205,Oeiras do Pará,PA,1989,3030.16,1317.81,31.29,22.18,86.56,0.48,0.98,6321.22
1505205,Oeiras do Pará,PA,1990,2389.52,1420.17,31.64,22.2,85.66,0.51,1.18,6799.39
1505205,Oeiras do Pará,PA,1991,2284.04,1316.17,31.46,21.97,85.42,0.52,1.28,6140.41
1505205,Oeiras do Pará,PA,1992,2020.06,1443.97,31.76,21.93,83.59,0.59,1.5,6687.33
1505205,Oeiras do Pará,PA,1993,2485.62,1396.68,31.37,22.71,85.69,0.52,1.54,6574.13
1505205,Oeiras do Pará,PA,1994,3081.3,1365.92,31.41,23.39,87.19,0.47,1.45,6448.15
1505205,Oeiras do Pará,PA,1995,2744.45,1403.03,31.83,23.03,84.76,0.56,1.29,6525.12
1505205,Oeiras do Pará,PA,1996,2770.14,1395.86,31.85,23.01,85.31,0.54,1.35,6476.52
1505205,Oeiras do Pará,PA,1997,1986.68,1438.6,32.53,23.7,83.59,0.63,1.49,6455.06
1505205,Oeiras do Pará,PA,1998,2428.4,1478.67,33.03,24.13,83.92,0.63,1.42,6639.79
1505205,Oeiras do Pará,PA,1999,3032.84,1409.17,32.46,23.43,85.17,0.57,1.27,6472.34
1505205,Oeiras do Pará,PA,2000,3626.37,1455.44,32.42,23.44,85.08,0.57,1.32,6727.23
1505304,Oriximiná,PA,1981,1907.36,1331.89,30.36,21.84,84.39,0.53,1.52,6241.74
1505304,Oriximiná,PA,1982,2415.94,1371.91,30.29,21.75,84.58,0.53,1.69,6409.98
1505304,Oriximiná,PA,1983,1491.18,1440.75,31.15,22.13,81.66,0.65,1.77,6521.19
1505304,Oriximiná,PA,1984,3136.27,1341.51,29.83,21.33,80.93,0.63,1.46,6244.51
1505304,Oriximiná,PA,1985,2239.25,1327.02,29.82,21.35,81.46,0.61,1.47,6175.29
1505304,Oriximiná,PA,1986,2587.1,1310.9,29.89,21.38,84.66,0.51,1.5,6237.97
1505304,Oriximiná,PA,1987,1889.71,1388.75,30.77,21.76,82.57,0.61,1.5,6426.94
1505304,Oriximiná,PA,1988,2465.06,1289.66,29.94,21.69,86.03,0.47,1.24,6214.82
1505304,Oriximiná,PA,1989,2667.16,1281.63,29.75,21.22,86.35,0.45,1.32,6214.4
1505304,Oriximiná,PA,1990,2418.6,1323.54,30.27,21.55,85.51,0.49,1.35,6334.42
1505304,Oriximiná,PA,1991,2214.99,1272.36,30.44,20.94,85.03,0.5,1.28,6020.4
1505304,Oriximiná,PA,1992,1597.15,1356.61,30.83,21.16,83.95,0.55,1.46,6345.67
1505304,Oriximiná,PA,1993,2354.21,1316.17,30.14,21.46,84.21,0.53,1.33,6259.64
1505304,Oriximiná,PA,1994,2962.92,1282.7,29.88,21.82,85.22,0.5,1.17,6161.62
1505304,Oriximiná,PA,1995,2435.81,1358.35,30.67,22.21,84.19,0.55,1.28,6400.08
1505304,Oriximiná,PA,1996,2897.69,1350.21,30.46,22.11,84.88,0.53,1.26,6425.94
1505304,Oriximiná,PA,1997,1907.81,1429.28,31.1,22.42,82.04,0.65,1.39,6611.36
1505304,Oriximiná,PA,1998,2425.82,1420.28,31.52,22.94,81.24,0.68,1.32,6467.15
1505304,Oriximiná,PA,1999,3058.13,1349.44,30.29,22.03,84.56,0.53,1.19,6465.11
1505304,Oriximiná,PA,2000,2710.13,1332.96,30.32,21.77,84.27,0.54,1.18,6352.27
1505403,Ourém,PA,1981,1884.83,1451.09,31.21,20.72,80.87,0.65,1.52,6708.44
1505403,Ourém,PA,1982,2401.35,1397.04,30.72,21.13,81.73,0.62,1.62,6382.64
1505403,Ourém,PA,1983,1781.3,1529.7,31.66,21.46,77.93,0.77,1.72,6829.4
1505403,Ourém,PA,1984,2786.4,1364.03,30.71,21.39,82.24,0.6,1.27,6417.93
1505403,Ourém,PA,1985,3608.95,1330.81,30.4,21.33,80.75,0.65,1.26,6209.06
1505403,Ourém,PA,1986,3038.12,1379.94,30.76,21.41,83.61,0.56,1.51,6471.08
1505403,Ourém,PA,1987,2000.11,1470.38,30.88,21.69,83.0,0.59,1.78,6863.01
1505403,Ourém,PA,1988,2613.05,1372.01,30.96,21.98,84.55,0.54,1.45,6444.16
1505403,Ourém,PA,1989,2795.38,1355.33,31.08,21.45,84.1,0.55,1.12,6489.46
1505403,Ourém,PA,1990,2047.19,1461.43,31.64,21.19,81.8,0.63,1.27,6912.02
1505403,Ourém,PA,1991,2651.57,1401.03,31.08,22.13,82.38,0.62,1.79,6305.67
1505403,Ourém,PA,1992,1974.95,1537.12,31.06,22.91,80.34,0.71,2.07,6873.64
1505403,Ourém,PA,1993,2288.22,1463.42,31.07,22.14,82.71,0.61,1.92,6730.59
1505403,Ourém,PA,1994,3176.05,1406.0,30.69,21.93,83.49,0.57,1.69,6549.47
1505403,Ourém,PA,1995,2585.3,1442.49,31.11,22.06,82.35,0.62,1.66,6624.87
1505403,Ourém,PA,1996,2315.25,1456.67,31.07,22.3,82.68,0.61,1.62,6720.16
1505403,Ourém,PA,1997,1989.33,1504.57,31.45,22.06,81.8,0.65,1.66,6897.41
1505403,Ourém,PA,1998,2529.51,1546.23,32.17,22.57,82.08,0.66,1.94,6947.37
1505403,Ourém,PA,1999,2435.45,1451.85,31.36,21.5,82.67,0.6,1.72,6710.32
1505403,Ourém,PA,2000,2332.96,1467.21,31.26,22.36,83.31,0.59,1.54,6834.52
1505437,Ourilândia do Norte,PA,1981,1384.35,1321.44,31.17,20.01,77.09,0.76,1.15,6044.43
1505437,Ourilândia do Norte,PA,1982,2103.87,1301.64,30.99,20.25,80.46,0.65,1.15,6098.16
1505437,Ourilândia do Norte,PA,1983,1643.04,1411.11,31.77,20.61,71.82,0.97,1.35,6030.45
1505437,Ourilândia do Norte,PA,1984,2260.93,1355.28,31.22,19.86,73.24,0.88,1.26,5993.95
1505437,Ourilândia do Norte,PA,1985,2167.82,1227.78,30.67,20.0,78.44,0.7,1.2,5530.29
1505437,Ourilândia do Norte,PA,1986,2214.47,1285.21,31.01,20.25,80.93,0.63,1.19,5939.5
1505437,Ourilândia do Norte,PA,1987,1847.26,1322.01,31.86,20.96,79.04,0.73,1.19,5935.57
1505437,Ourilândia do Norte,PA,1988,1907.8,1331.07,31.68,20.53,78.96,0.71,1.25,5984.53
1505437,Ourilândia do Norte,PA,1989,1930.54,1273.44,31.0,20.58,81.69,0.61,1.21,5905.88
1505437,Ourilândia do Norte,PA,1990,1735.4,1367.56,31.78,20.85,78.98,0.72,1.27,6204.98
1505437,Ourilândia do Norte,PA,1991,2313.44,1260.54,31.61,20.49,80.1,0.67,1.29,5589.83
1505437,Ourilândia do Norte,PA,1992,1760.42,1315.92,31.5,20.3,79.33,0.7,1.32,5930.65
1505437,Ourilândia do Norte,PA,1993,1991.98,1325.18,31.5,20.01,81.09,0.63,1.3,6100.04
1505437,Ourilândia do Norte,PA,1994,2107.17,1311.82,31.3,20.28,80.87,0.64,1.26,6043.49
1505437,Ourilândia do Norte,PA,1995,2119.18,1342.12,31.94,21.12,79.85,0.72,1.25,6052.76
1505437,Ourilândia do Norte,PA,1996,1837.25,1359.98,32.02,20.9,78.57,0.75,1.02,6218.9
1505437,Ourilândia do Norte,PA,1997,1966.17,1422.73,31.72,20.87,74.1,0.9,1.07,6499.99
1505437,Ourilândia do Norte,PA,1998,1878.15,1481.85,32.74,21.61,73.25,0.98,1.07,6642.31
1505437,Ourilândia do Norte,PA,1999,2150.98,1423.4,31.68,20.83,78.32,0.75,1.09,6607.43
1505437,Ourilândia do Norte,PA,2000,2315.88,1431.33,31.54,20.91,78.67,0.74,0.99,6818.97
1505486,Pacajá,PA,1981,1611.5,1347.5,31.78,22.41,81.72,0.66,0.99,6281.48
1505486,Pacajá,PA,1982,2131.3,1352.46,31.61,22.57,85.37,0.53,1.06,6402.75
1505486,Pacajá,PA,1983,1406.82,1433.33,32.21,22.89,77.57,0.83,1.3,6325.46
1505486,Pacajá,PA,1984,2645.42,1380.41,31.67,22.11,79.53,0.73,1.02,6418.09
1505486,Pacajá,PA,1985,2568.26,1306.7,31.24,22.06,79.91,0.71,1.01,6052.92
1505486,Pacajá,PA,1986,2605.25,1319.4,31.3,21.95,85.86,0.5,0.98,6327.98
1505486,Pacajá,PA,1987,1638.3,1347.7,31.89,22.74,83.21,0.62,1.02,6266.08
1505486,Pacajá,PA,1988,2671.83,1329.84,31.46,22.56,84.2,0.57,0.97,6280.95
1505486,Pacajá,PA,1989,2830.44,1312.8,31.11,22.37,85.2,0.53,0.87,6302.21
1505486,Pacajá,PA,1990,2002.53,1392.64,31.76,22.56,84.95,0.55,1.0,6624.71
1505486,Pacajá,PA,1991,2122.41,1263.66,31.63,22.43,85.58,0.52,1.07,5853.73
1505486,Pacajá,PA,1992,1662.25,1381.43,32.07,22.24,83.95,0.58,1.29,6361.69
1505486,Pacajá,PA,1993,2152.28,1359.83,31.72,22.48,85.03,0.54,1.23,6367.56
1505486,Pacajá,PA,1994,2685.28,1330.91,31.65,22.42,86.22,0.5,1.24,6257.92
1505486,Pacajá,PA,1995,2020.54,1364.85,31.92,22.74,83.52,0.61,1.16,6291.06
1505486,Pacajá,PA,1996,2288.49,1390.49,31.89,22.64,82.84,0.63,1.32,6332.94
1505486,Pacajá,PA,1997,1722.17,1441.93,32.25,22.45,80.35,0.73,1.43,6427.57
1505486,Pacajá,PA,1998,1800.39,1450.78,32.62,22.85,81.26,0.7,1.35,6510.51
1505486,Pacajá,PA,1999,2376.34,1408.45,32.18,22.81,82.55,0.65,1.23,6444.85
1505486,Pacajá,PA,2000,2181.09,1450.73,32.44,22.96,82.53,0.66,1.27,6625.6
1505494,Palestina do Pará,PA,1981,1210.51,1440.85,32.48,21.79,72.0,1.02,1.14,6312.58
1505494,Palestina do Pará,PA,1982,1381.48,1421.04,32.28,21.57,76.33,0.85,1.19,6398.19
1505494,Palestina do Pará,PA,1983,1434.58,1486.61,32.66,21.84,72.42,1.01,1.33,6344.78
1505494,Palestina do Pará,PA,1984,1811.67,1429.49,31.91,21.11,74.39,0.9,1.15,6479.35
1505494,Palestina do Pará,PA,1985,2329.45,1339.56,31.52,21.52,76.51,0.83,0.98,6207.65
1505494,Palestina do Pará,PA,1986,1788.07,1398.93,31.82,21.24,78.18,0.77,1.22,6349.5
1505494,Palestina do Pará,PA,1987,1240.13,1472.94,33.16,21.66,74.73,0.94,1.2,6469.04
1505494,Palestina do Pará,PA,1988,1687.32,1460.35,32.45,21.25,75.54,0.87,1.2,6542.5
1505494,Palestina do Pará,PA,1989,2004.61,1379.84,31.83,21.61,79.49,0.73,1.11,6367.4
1505494,Palestina do Pará,PA,1990,1393.44,1454.36,32.59,21.76,77.82,0.81,1.19,6575.86
1505494,Palestina do Pará,PA,1991,1361.58,1364.9,32.49,21.75,79.14,0.75,1.2,6080.09
1505494,Palestina do Pará,PA,1992,1326.06,1435.22,32.76,21.98,77.83,0.82,1.31,6306.71
1505494,Palestina do Pará,PA,1993,1319.52,1420.12,32.43,22.02,80.54,0.71,1.18,6485.06
1505494,Palestina do Pará,PA,1994,1841.67,1396.22,32.29,21.98,78.53,0.78,1.11,6339.44
1505494,Palestina do Pará,PA,1995,2014.95,1453.59,32.75,22.05,75.77,0.9,1.02,6586.23
1505494,Palestina do Pará,PA,1996,1991.56,1437.88,32.6,21.95,75.1,0.92,0.89,6598.58
1505494,Palestina do Pará,PA,1997,1628.83,1444.28,32.73,22.09,72.5,1.02,0.91,6548.37
1505494,Palestina do Pará,PA,1998,1289.15,1488.86,33.49,22.79,72.67,1.06,0.93,6655.82
1505494,Palestina do Pará,PA,1999,1850.61,1417.1,32.45,21.84,78.23,0.79,0.92,6587.01
1505494,Palestina do Pará,PA,2000,1983.77,1428.52,32.39,22.17,77.88,0.81,0.88,6680.26
1505502,Paragominas,PA,1981,1269.95,1484.97,32.06,22.25,76.49,0.85,1.32,6632.1
1505502,Paragominas,PA,1982,1758.52,1423.4,31.64,22.14,81.13,0.67,1.32,6535.02
1505502,Paragominas,PA,1983,939.43,1511.12,32.17,22.42,76.88,0.84,1.47,6655.97
1505502,Paragominas,PA,1984,2313.02,1426.93,31.41,21.68,79.31,0.72,1.13,6660.63
1505502,Paragominas,PA,1985,2535.72,1359.78,31.01,21.89,80.17,0.69,1.16,6323.89
1505502,Paragominas,PA,1986,2118.22,1392.74,31.25,21.68,83.19,0.59,1.32,6550.57
1505502,Paragominas,PA,1987,1445.48,1470.74,32.2,22.22,81.36,0.68,1.41,6706.71
1505502,Paragominas,PA,1988,2075.06,1430.77,31.67,22.04,82.66,0.62,1.23,6714.51
1505502,Paragominas,PA,1989,2354.34,1402.52,31.36,21.71,82.58,0.61,1.13,6648.59
1505502,Paragominas,PA,1990,1414.51,1493.16,32.17,21.94,80.83,0.69,1.29,6919.09
1505502,Paragominas,PA,1991,1371.18,1412.6,32.02,22.13,80.5,0.7,1.34,6357.98
1505502,Paragominas,PA,1992,1148.07,1503.55,32.01,22.17,79.12,0.75,1.41,6838.76
1505502,Paragominas,PA,1993,1793.74,1445.15,31.68,22.26,82.16,0.64,1.3,6745.67
1505502,Paragominas,PA,1994,2050.45,1425.55,31.53,22.48,82.74,0.62,1.31,6640.26
1505502,Paragominas,PA,1995,1679.65,1454.16,31.88,22.63,80.53,0.72,1.25,6646.7
1505502,Paragominas,PA,1996,1933.91,1490.6,32.08,22.53,80.54,0.71,1.35,6794.47
1505502,Paragominas,PA,1997,1283.46,1500.37,32.36,22.46,79.61,0.75,1.33,6808.82
1505502,Paragominas,PA,1998,1530.94,1521.87,33.02,23.06,80.32,0.75,1.35,6819.66
1505502,Paragominas,PA,1999,2046.85,1446.43,32.3,22.38,81.88,0.66,1.18,6703.41
1505502,Paragominas,PA,2000,1966.87,1478.06,32.31,22.63,82.45,0.65,1.31,6782.06
1505536,Parauapebas,PA,1981,1347.93,1272.72,29.43,18.92,77.57,0.68,1.16,5987.1
1505536,Parauapebas,PA,1982,1649.68,1267.7,29.24,18.99,80.08,0.6,1.22,6076.17
1505536,Parauapebas,PA,1983,1496.09,1340.54,29.84,19.45,74.85,0.79,1.39,6010.35
1505536,Parauapebas,PA,1984,1937.12,1299.18,29.28,18.74,76.19,0.72,1.24,6088.99
1505536,Parauapebas,PA,1985,2719.16,1194.06,28.83,18.82,78.94,0.63,1.16,5620.14
1505536,Parauapebas,PA,1986,2391.16,1232.59,29.16,18.76,82.87,0.51,1.2,5970.6
1505536,Parauapebas,PA,1987,1852.47,1268.93,30.13,19.45,80.35,0.62,1.21,5909.34
1505536,Parauapebas,PA,1988,2174.64,1272.16,29.71,19.04,80.95,0.58,1.21,6049.56
1505536,Parauapebas,PA,1989,2188.98,1243.14,29.05,19.18,82.43,0.53,1.19,6033.75
1505536,Parauapebas,PA,1990,1637.29,1305.63,29.78,19.42,81.04,0.59,1.22,6239.85
1505536,Parauapebas,PA,1991,1669.49,1197.64,29.67,19.26,81.77,0.56,1.21,5596.58
1505536,Parauapebas,PA,1992,1620.9,1267.91,29.83,19.26,81.45,0.58,1.26,5978.87
1505536,Parauapebas,PA,1993,1583.86,1269.85,29.61,19.09,82.69,0.53,1.2,6143.24
1505536,Parauapebas,PA,1994,1724.43,1247.59,29.48,19.09,83.19,0.51,1.17,6045.53
1505536,Parauapebas,PA,1995,1875.75,1285.98,29.96,19.53,81.13,0.6,1.19,6093.44
1505536,Parauapebas,PA,1996,1620.19,1305.99,29.95,19.46,78.97,0.67,1.03,6220.94
1505536,Parauapebas,PA,1997,1597.72,1355.63,29.88,19.53,74.11,0.82,1.04,6389.87
1505536,Parauapebas,PA,1998,1548.45,1402.62,30.64,20.25,75.25,0.82,1.04,6574.92
1505536,Parauapebas,PA,1999,2245.29,1332.81,29.63,19.43,81.26,0.59,1.01,6535.96
1505536,Parauapebas,PA,2000,2203.98,1357.27,29.61,19.74,81.43,0.59,1.09,6651.2
1505551,Pau D'Arco,PA,1981,1430.05,1383.12,32.14,20.46,75.42,0.85,1.21,6157.54
1505551,Pau D'Arco,PA,1982,1782.83,1363.72,32.03,20.7,77.43,0.78,1.18,6199.16
1505551,Pau D'Arco,PA,1983,1511.03,1450.73,32.87,21.07,71.16,1.04,1.31,6120.62
1505551,Pau D'Arco,PA,1984,1773.65,1405.23,32.1,20.34,72.92,0.93,1.28,6125.28
1505551,Pau D'Arco,PA,1985,2585.68,1278.91,31.47,20.56,77.3,0.78,1.2,5687.85
1505551,Pau D'Arco,PA,1986,2530.79,1333.47,31.92,20.85,80.6,0.68,1.22,6055.74
1505551,Pau D'Arco,PA,1987,1660.58,1375.95,32.9,21.64,78.73,0.78,1.2,6076.48
1505551,Pau D'Arco,PA,1988,1778.04,1381.28,32.51,21.23,78.61,0.76,1.26,6101.09
1505551,Pau D'Arco,PA,1989,1942.37,1313.36,31.74,21.27,81.34,0.66,1.21,5999.35
1505551,Pau D'Arco,PA,1990,1684.89,1414.18,32.71,21.57,78.69,0.77,1.28,6287.6
1505551,Pau D'Arco,PA,1991,2087.12,1309.37,32.34,21.21,79.74,0.72,1.32,5702.46
1505551,Pau D'Arco,PA,1992,1806.76,1361.52,32.38,20.83,79.03,0.74,1.36,5996.62
1505551,Pau D'Arco,PA,1993,1843.88,1380.66,32.49,20.34,80.45,0.68,1.35,6211.58
1505551,Pau D'Arco,PA,1994,1939.17,1361.11,32.32,20.78,80.61,0.68,1.29,6143.08
1505551,Pau D'Arco,PA,1995,1958.4,1382.45,32.59,21.3,79.56,0.74,1.29,6142.14
1505551,Pau D'Arco,PA,1996,1654.66,1396.73,32.72,21.56,78.21,0.8,1.04,6301.06
1505551,Pau D'Arco,PA,1997,1741.94,1451.24,32.59,21.64,74.08,0.95,1.09,6499.04
1505551,Pau D'Arco,PA,1998,1639.9,1512.61,33.69,22.36,73.26,1.03,1.08,6640.89
1505551,Pau D'Arco,PA,1999,2019.64,1449.24,32.54,21.61,78.43,0.79,1.11,6606.49
1505551,Pau D'Arco,PA,2000,2098.58,1459.33,32.43,21.63,78.74,0.77,1.01,6821.01
1505601,Peixe-Boi,PA,1981,1739.94,1454.41,31.51,20.93,81.13,0.65,1.49,6704.67
1505601,Peixe-Boi,PA,1982,2388.13,1389.87,31.02,21.37,82.86,0.59,1.58,6378.24
1505601,Peixe-Boi,PA,1983,1544.48,1538.5,31.96,21.71,78.13,0.77,1.74,6820.6
1505601,Peixe-Boi,PA,1984,2649.78,1371.4,31.0,21.65,82.51,0.6,1.27,6423.58
1505601,Peixe-Boi,PA,1985,3713.65,1340.74,30.73,21.59,80.74,0.66,1.26,6212.2
1505601,Peixe-Boi,PA,1986,3250.86,1378.41,31.06,21.66,84.57,0.54,1.49,6470.92
1505601,Peixe-Boi,PA,1987,2026.0,1479.8,31.12,21.93,82.96,0.6,1.77,6863.33
1505601,Peixe-Boi,PA,1988,3095.14,1379.07,31.26,22.24,84.62,0.55,1.44,6445.11
1505601,Peixe-Boi,PA,1989,3019.8,1361.72,31.37,21.72,83.98,0.56,1.09,6485.53
1505601,Peixe-Boi,PA,1990,1981.01,1465.26,31.86,21.35,81.88,0.63,1.25,6912.5
1505601,Peixe-Boi,PA,1991,2392.05,1400.21,31.23,22.42,82.44,0.63,1.78,6273.31
1505601,Peixe-Boi,PA,1992,1915.15,1548.38,31.29,23.33,80.39,0.72,2.07,6884.32
1505601,Peixe-Boi,PA,1993,2215.82,1475.04,31.32,22.36,82.73,0.62,1.94,6746.77
1505601,Peixe-Boi,PA,1994,3693.38,1404.67,30.95,22.16,84.47,0.54,1.74,6566.75
1505601,Peixe-Boi,PA,1995,2804.89,1449.19,31.37,22.29,82.71,0.62,1.67,6643.09
1505601,Peixe-Boi,PA,1996,2745.35,1453.8,31.33,22.54,83.04,0.61,1.61,6676.18
1505601,Peixe-Boi,PA,1997,2260.33,1502.47,31.72,22.3,82.15,0.64,1.65,6859.56
1505601,Peixe-Boi,PA,1998,2477.2,1550.94,32.44,22.79,82.4,0.65,1.95,6941.71
1505601,Peixe-Boi,PA,1999,2740.09,1454.77,31.63,21.69,83.05,0.6,1.7,6713.15
1505601,Peixe-Boi,PA,2000,2591.05,1468.74,31.54,22.64,84.3,0.57,1.54,6851.96
1505635,Piçarra,PA,1981,1296.0,1429.95,32.27,21.4,74.68,0.91,1.18,6372.9
1505635,Piçarra,PA,1982,1232.5,1419.2,32.08,21.33,76.61,0.83,1.19,6438.25
1505635,Piçarra,PA,1983,1339.67,1494.13,32.54,21.74,72.34,1.01,1.36,6386.1
1505635,Piçarra,PA,1984,1584.48,1438.24,31.84,20.96,74.37,0.89,1.21,6498.36
1505635,Piçarra,PA,1985,2305.79,1324.82,31.41,20.98,77.9,0.76,1.04,6146.38
1505635,Piçarra,PA,1986,1601.63,1383.83,31.8,20.96,78.91,0.73,1.21,6314.94
1505635,Piçarra,PA,1987,1278.13,1452.37,32.99,21.55,75.97,0.88,1.21,6396.31
1505635,Piçarra,PA,1988,1636.48,1448.27,32.35,21.13,76.53,0.83,1.21,6506.84
1505635,Piçarra,PA,1989,1772.85,1372.32,31.65,21.34,79.49,0.72,1.13,6352.64
1505635,Piçarra,PA,1990,1298.69,1466.59,32.52,21.5,76.49,0.85,1.22,6605.86
1505635,Piçarra,PA,1991,1542.12,1374.88,32.24,21.32,78.18,0.77,1.28,6090.15
1505635,Piçarra,PA,1992,1421.4,1436.35,32.49,21.34,77.11,0.82,1.38,6291.0
1505635,Piçarra,PA,1993,1525.13,1430.77,32.24,21.3,79.15,0.74,1.28,6501.24
1505635,Piçarra,PA,1994,1964.46,1401.95,32.23,21.36,78.31,0.77,1.19,6352.48
1505635,Piçarra,PA,1995,1871.63,1443.31,32.63,21.52,76.11,0.87,1.13,6484.12
1505635,Piçarra,PA,1996,1600.33,1435.43,32.48,21.51,75.86,0.87,0.97,6580.2
1505635,Piçarra,PA,1997,1543.69,1433.74,32.54,21.65,74.15,0.94,1.0,6501.24
1505635,Piçarra,PA,1998,1338.17,1483.79,33.34,22.38,74.02,0.99,1.01,6632.57
1505635,Piçarra,PA,1999,1852.19,1423.19,32.39,21.45,77.81,0.8,0.99,6573.5
1505635,Piçarra,PA,2000,1911.04,1437.98,32.23,21.73,78.05,0.79,0.93,6757.39
1505650,Placas,PA,1981,1331.45,1337.06,31.08,22.31,84.62,0.54,1.45,6223.2
1505650,Placas,PA,1982,1743.48,1362.39,31.03,22.07,85.46,0.51,1.42,6414.53
1505650,Placas,PA,1983,1239.08,1453.54,31.88,22.3,79.16,0.75,1.49,6519.78
1505650,Placas,PA,1984,2469.06,1353.89,30.73,21.56,79.23,0.71,1.22,6259.43
1505650,Placas,PA,1985,2510.03,1299.69,30.34,21.71,79.84,0.68,1.24,5983.64
1505650,Placas,PA,1986,2114.61,1310.7,30.61,21.76,85.02,0.52,1.31,6213.77
1505650,Placas,PA,1987,1634.82,1378.26,31.47,22.12,83.24,0.6,1.32,6380.29
1505650,Placas,PA,1988,2256.7,1297.7,30.83,21.9,85.59,0.5,1.15,6180.57
1505650,Placas,PA,1989,2405.02,1291.35,30.4,21.56,87.39,0.43,1.11,6298.91
1505650,Placas,PA,1990,1694.56,1325.59,31.08,21.47,87.07,0.45,1.13,6394.42
1505650,Placas,PA,1991,1792.94,1254.96,31.12,21.25,86.69,0.46,1.08,5967.15
1505650,Placas,PA,1992,1587.18,1393.2,31.87,21.65,85.12,0.53,1.4,6499.14
1505650,Placas,PA,1993,1646.18,1338.13,31.13,21.97,85.58,0.51,1.2,6368.82
1505650,Placas,PA,1994,2091.93,1306.6,30.88,21.88,86.4,0.47,1.05,6289.02
1505650,Placas,PA,1995,1998.46,1370.83,31.48,22.22,84.77,0.55,1.15,6466.37
1505650,Placas,PA,1996,1819.63,1384.5,31.55,22.09,84.51,0.56,1.12,6538.41
1505650,Placas,PA,1997,1360.74,1431.43,31.99,22.34,81.94,0.66,1.19,6623.46
1505650,Placas,PA,1998,1543.0,1443.97,32.46,22.97,83.04,0.64,1.11,6677.49
1505650,Placas,PA,1999,2281.79,1382.25,31.45,22.28,84.94,0.54,1.02,6594.24
1505650,Placas,PA,2000,2190.81,1351.23,31.18,22.43,84.89,0.54,1.03,6419.34
1505700,Ponta de Pedras,PA,1981,1623.71,1466.39,31.66,23.21,83.47,0.61,1.36,6829.08
1505700,Ponta de Pedras,PA,1982,2333.17,1403.8,31.22,23.05,84.65,0.56,1.33,6602.72
1505700,Ponta de Pedras,PA,1983,2224.72,1516.09,31.73,23.28,80.17,0.73,1.62,6852.49
1505700,Ponta de Pedras,PA,1984,2927.06,1411.68,31.26,22.68,82.56,0.63,1.3,6585.86
1505700,Ponta de Pedras,PA,1985,3205.96,1377.18,30.91,22.79,80.76,0.69,1.3,6335.04
1505700,Ponta de Pedras,PA,1986,3007.52,1390.23,31.19,22.92,85.07,0.54,1.35,6550.88
1505700,Ponta de Pedras,PA,1987,2246.3,1467.62,31.9,23.51,83.33,0.62,1.38,6776.46
1505700,Ponta de Pedras,PA,1988,3448.62,1372.47,31.59,23.35,85.49,0.54,1.15,6434.58
1505700,Ponta de Pedras,PA,1989,3584.77,1338.85,31.27,23.0,85.73,0.52,1.04,6349.5
1505700,Ponta de Pedras,PA,1990,2634.74,1458.0,31.75,23.42,84.62,0.57,1.21,6882.81
1505700,Ponta de Pedras,PA,1991,2740.11,1372.22,31.04,23.34,84.49,0.57,1.38,6378.24
1505700,Ponta de Pedras,PA,1992,2383.27,1494.9,31.07,23.54,83.13,0.62,1.64,6962.08
1505700,Ponta de Pedras,PA,1993,2803.35,1455.28,31.1,23.7,84.28,0.58,1.69,6784.63
1505700,Ponta de Pedras,PA,1994,3122.66,1430.46,30.94,23.86,84.74,0.56,1.62,6688.8
1505700,Ponta de Pedras,PA,1995,2910.83,1437.22,31.38,23.33,84.2,0.58,1.44,6704.83
1505700,Ponta de Pedras,PA,1996,2998.09,1412.6,31.36,23.08,84.97,0.55,1.41,6607.85
1505700,Ponta de Pedras,PA,1997,2368.0,1453.18,31.67,23.59,83.78,0.61,1.55,6663.67
1505700,Ponta de Pedras,PA,1998,2598.02,1505.54,32.26,24.45,83.9,0.63,1.67,6817.3
1505700,Ponta de Pedras,PA,1999,2804.48,1423.96,31.66,23.8,84.52,0.58,1.37,6595.65
1505700,Ponta de Pedras,PA,2000,2687.94,1460.86,31.53,23.73,84.48,0.58,1.33,6834.05
1505809,Portel,PA,1981,1766.05,1377.23,31.77,22.51,83.6,0.59,1.09,6452.07
1505809,Portel,PA,1982,2430.3,1372.73,31.5,22.62,85.26,0.53,1.15,6500.93
1505809,Portel,PA,1983,1650.65,1448.22,32.16,22.75,79.09,0.77,1.37,6464.8
1505809,Portel,PA,1984,2900.44,1371.14,31.47,22.03,80.97,0.67,1.08,6420.13
1505809,Portel,PA,1985,3001.3,1310.34,31.13,22.01,80.64,0.68,1.06,6090.15
1505809,Portel,PA,1986,2644.08,1314.28,31.21,21.97,86.38,0.48,0.92,6339.76
1505809,Portel,PA,1987,1930.54,1348.16,31.79,22.49,84.65,0.56,1.02,6344.63
1505809,Portel,PA,1988,3103.72,1308.91,31.42,22.35,85.82,0.51,0.93,6238.69
1505809,Portel,PA,1989,2979.13,1298.62,30.98,22.29,86.89,0.46,0.92,6265.3
1505809,Portel,PA,1990,2320.83,1403.39,31.61,22.5,85.81,0.51,1.1,6684.88
1505809,Portel,PA,1991,2496.71,1316.89,31.52,22.45,85.41,0.53,1.19,6099.73
1505809,Portel,PA,1992,2042.82,1455.9,31.94,22.21,83.65,0.59,1.59,6652.93
1505809,Portel,PA,1993,2732.65,1410.96,31.61,22.61,84.85,0.55,1.55,6558.11
1505809,Portel,PA,1994,3430.48,1371.7,31.66,22.84,86.48,0.49,1.43,6436.68
1505809,Portel,PA,1995,2865.18,1381.43,31.88,22.75,84.83,0.56,1.25,6403.38
1505809,Portel,PA,1996,2875.98,1399.8,31.71,22.67,84.93,0.55,1.51,6432.07
1505809,Portel,PA,1997,2308.58,1452.42,32.18,22.79,82.74,0.64,1.87,6405.42
1505809,Portel,PA,1998,2631.02,1480.41,32.51,23.1,83.12,0.64,1.8,6582.93
1505809,Portel,PA,1999,2913.84,1386.55,32.12,22.82,85.11,0.55,1.26,6416.1
1505809,Portel,PA,2000,3321.02,1421.5,32.14,22.94,85.05,0.56,1.22,6627.95
1505908,Porto de Moz,PA,1981,1521.01,1385.88,31.46,22.47,84.65,0.55,1.61,6381.07
1505908,Porto de Moz,PA,1982,2189.02,1400.42,31.26,23.12,85.33,0.54,1.61,6502.03
1505908,Porto de Moz,PA,1983,1274.14,1499.66,32.26,22.97,79.54,0.76,1.71,6570.52
1505908,Porto de Moz,PA,1984,2419.58,1376.72,31.13,22.06,80.9,0.67,1.35,6330.43
1505908,Porto de Moz,PA,1985,2581.71,1329.07,30.83,21.8,80.6,0.67,1.33,6081.66
1505908,Porto de Moz,PA,1986,1929.02,1347.8,31.15,22.23,83.63,0.58,1.21,6301.74
1505908,Porto de Moz,PA,1987,1620.3,1419.56,32.19,22.95,82.28,0.66,1.39,6398.66
1505908,Porto de Moz,PA,1988,2437.76,1317.35,31.4,22.61,84.47,0.56,1.2,6124.33
1505908,Porto de Moz,PA,1989,2552.35,1306.35,30.95,22.37,86.95,0.46,1.28,6211.1
1505908,Porto de Moz,PA,1990,2321.26,1403.64,31.59,22.7,85.51,0.53,1.37,6577.43
1505908,Porto de Moz,PA,1991,2047.0,1314.84,31.28,22.65,84.87,0.54,1.37,6025.43
1505908,Porto de Moz,PA,1992,1454.54,1477.85,32.01,22.57,83.35,0.61,1.9,6605.49
1505908,Porto de Moz,PA,1993,2112.5,1420.17,31.52,22.58,84.13,0.57,1.88,6460.87
1505908,Porto de Moz,PA,1994,2217.39,1358.81,31.44,22.48,85.88,0.51,1.61,6330.33
1505908,Porto de Moz,PA,1995,2123.39,1399.65,31.78,22.46,85.47,0.53,1.57,6460.87
1505908,Porto de Moz,PA,1996,2077.61,1402.93,31.8,22.79,85.32,0.54,1.55,6449.66
1505908,Porto de Moz,PA,1997,1485.67,1447.71,32.26,23.0,83.04,0.64,1.65,6466.68
1505908,Porto de Moz,PA,1998,1595.74,1472.89,32.64,23.17,83.01,0.65,1.57,6589.84
1505908,Porto de Moz,PA,1999,2009.82,1412.5,31.94,23.06,84.58,0.57,1.42,6496.06
1505908,Porto de Moz,PA,2000,2521.28,1418.28,31.67,23.28,84.59,0.57,1.33,6579.41
1506005,Prainha,PA,1981,1394.41,1375.39,31.39,23.26,84.65,0.56,1.66,6275.67
1506005,Prainha,PA,1982,1668.88,1392.48,31.08,23.01,85.04,0.54,1.79,6404.79
1506005,Prainha,PA,1983,1096.1,1514.6,32.12,23.57,79.27,0.78,1.85,6551.98
1506005,Prainha,PA,1984,2159.98,1404.51,30.85,22.84,79.5,0.73,1.5,6343.31
1506005,Prainha,PA,1985,2482.31,1350.98,30.48,22.85,79.89,0.71,1.51,6070.82
1506005,Prainha,PA,1986,1725.16,1359.78,30.77,22.88,83.52,0.59,1.42,6317.14
1506005,Prainha,PA,1987,1315.36,1451.29,31.87,23.47,81.63,0.69,1.58,6477.99
1506005,Prainha,PA,1988,2229.38,1334.04,31.18,23.05,84.71,0.56,1.33,6194.71
1506005,Prainha,PA,1989,2367.96,1328.51,30.75,22.61,87.09,0.46,1.34,6364.58
1506005,Prainha,PA,1990,1888.7,1378.26,31.07,22.84,86.41,0.49,1.35,6555.12
1506005,Prainha,PA,1991,1731.52,1292.89,31.02,22.82,86.08,0.5,1.31,6027.31
1506005,Prainha,PA,1992,1156.07,1438.04,31.78,22.87,84.51,0.57,1.68,6559.62
1506005,Prainha,PA,1993,1854.84,1373.85,30.88,23.21,84.28,0.57,1.46,6413.59
1506005,Prainha,PA,1994,2041.75,1323.44,30.59,23.15,86.2,0.49,1.33,6282.89
1506005,Prainha,PA,1995,1650.72,1394.07,31.25,23.37,84.67,0.57,1.4,6487.42
1506005,Prainha,PA,1996,1999.85,1402.31,31.24,23.28,84.73,0.56,1.33,6553.81
1506005,Prainha,PA,1997,1295.0,1446.33,31.62,23.45,81.88,0.68,1.45,6574.6
1506005,Prainha,PA,1998,1406.73,1468.13,32.19,23.95,82.42,0.67,1.36,6662.88
1506005,Prainha,PA,1999,2097.1,1392.18,31.1,23.43,85.14,0.55,1.23,6578.37
1506005,Prainha,PA,2000,2047.19,1397.86,31.14,23.42,84.49,0.57,1.27,6539.2
1506104,Primavera,PA,1981,1763.46,1455.54,31.48,20.8,81.2,0.64,1.52,6706.71
1506104,Primavera,PA,1982,2429.19,1389.36,30.99,21.27,82.81,0.59,1.59,6377.62
1506104,Primavera,PA,1983,1424.59,1538.86,31.95,21.62,78.19,0.77,1.76,6827.35
1506104,Primavera,PA,1984,2779.18,1370.22,30.97,21.58,82.57,0.6,1.28,6423.9
1506104,Primavera,PA,1985,3881.75,1342.07,30.66,21.51,80.39,0.67,1.27,6212.2
1506104,Primavera,PA,1986,3569.81,1377.49,31.04,21.58,84.52,0.54,1.5,6468.57
1506104,Primavera,PA,1987,2063.07,1478.62,31.03,21.82,82.96,0.59,1.78,6871.34
1506104,Primavera,PA,1988,3454.33,1378.82,31.23,22.16,84.57,0.55,1.45,6441.65
1506104,Primavera,PA,1989,3059.9,1360.19,31.36,21.63,84.15,0.55,1.1,6485.06
1506104,Primavera,PA,1990,1931.17,1462.6,31.84,21.12,81.82,0.63,1.25,6907.63
1506104,Primavera,PA,1991,3024.26,1399.5,31.21,22.35,82.47,0.63,1.79,6274.41
1506104,Primavera,PA,1992,2076.49,1549.41,31.27,23.37,80.43,0.72,2.08,6886.68
1506104,Primavera,PA,1993,2150.63,1475.14,31.33,22.21,82.73,0.61,1.95,6746.61
1506104,Primavera,PA,1994,3017.55,1403.23,30.92,21.99,84.45,0.54,1.74,6566.59
1506104,Primavera,PA,1995,2923.3,1448.78,31.36,22.16,82.76,0.61,1.67,6646.23
1506104,Primavera,PA,1996,2721.06,1457.13,31.3,22.45,83.08,0.61,1.61,6712.0
1506104,Primavera,PA,1997,2212.62,1501.76,31.71,22.16,82.19,0.64,1.66,6863.33
1506104,Primavera,PA,1998,2433.19,1551.4,32.44,22.59,82.43,0.65,1.96,6948.62
1506104,Primavera,PA,1999,2705.7,1453.9,31.61,21.45,83.06,0.59,1.71,6715.67
1506104,Primavera,PA,2000,2692.97,1468.44,31.53,22.52,84.26,0.57,1.54,6851.02
1506112,Quatipuru,PA,1981,1764.79,1460.76,31.6,20.9,81.17,0.65,1.53,6708.28
1506112,Quatipuru,PA,1982,2405.06,1406.56,31.11,21.38,81.85,0.62,1.62,6378.56
1506112,Quatipuru,PA,1983,1417.11,1545.77,32.08,21.72,78.12,0.78,1.76,6835.36
1506112,Quatipuru,PA,1984,2788.91,1373.14,31.09,21.69,82.71,0.6,1.28,6422.01
1506112,Quatipuru,PA,1985,3923.86,1344.53,30.77,21.62,80.35,0.67,1.27,6208.28
1506112,Quatipuru,PA,1986,3617.96,1391.36,31.16,21.69,83.67,0.57,1.52,6466.37
1506112,Quatipuru,PA,1987,2063.66,1481.85,31.12,21.92,82.93,0.6,1.8,6867.41
1506112,Quatipuru,PA,1988,3504.35,1382.66,31.35,22.27,84.57,0.55,1.46,6439.92
1506112,Quatipuru,PA,1989,2976.91,1365.72,31.49,21.73,84.09,0.56,1.12,6486.32
1506112,Quatipuru,PA,1990,1926.61,1465.42,31.98,21.18,81.82,0.63,1.26,6898.67
1506112,Quatipuru,PA,1991,3067.74,1408.96,31.36,22.46,82.49,0.63,1.8,6296.4
1506112,Quatipuru,PA,1992,2097.76,1553.7,31.41,23.51,80.45,0.72,2.09,6879.29
1506112,Quatipuru,PA,1993,2118.81,1475.65,31.47,22.29,82.74,0.62,1.94,6729.33
1506112,Quatipuru,PA,1994,3009.59,1414.39,31.04,22.06,83.58,0.58,1.7,6546.33
1506112,Quatipuru,PA,1995,2939.04,1452.88,31.49,22.24,82.62,0.62,1.67,6632.57
1506112,Quatipuru,PA,1996,2967.18,1463.47,31.43,22.56,82.97,0.61,1.61,6716.86
1506112,Quatipuru,PA,1997,2206.58,1510.76,31.84,22.24,82.07,0.65,1.66,6880.76
1506112,Quatipuru,PA,1998,2382.73,1557.8,32.58,22.65,82.32,0.66,1.97,6953.02
1506112,Quatipuru,PA,1999,2750.41,1461.22,31.74,21.5,82.87,0.6,1.73,6715.82
1506112,Quatipuru,PA,2000,2887.85,1479.9,31.66,22.6,83.32,0.6,1.54,6837.66
1506138,Redenção,PA,1981,1481.94,1372.01,31.63,19.82,75.22,0.83,1.21,6176.54
1506138,Redenção,PA,1982,1837.67,1354.92,31.52,20.08,77.29,0.76,1.19,6207.65
1506138,Redenção,PA,1983,1662.42,1435.37,32.39,20.46,71.12,1.01,1.31,6129.26
1506138,Redenção,PA,1984,1782.85,1394.33,31.61,19.73,72.38,0.92,1.28,6123.08
1506138,Redenção,PA,1985,2608.62,1262.13,30.97,19.98,77.31,0.75,1.2,5657.53
1506138,Redenção,PA,1986,2103.9,1312.85,31.4,20.3,80.56,0.66,1.22,6015.53
1506138,Redenção,PA,1987,1443.26,1362.75,32.38,21.11,78.7,0.76,1.2,6085.43
1506138,Redenção,PA,1988,1969.39,1368.63,32.01,20.7,78.57,0.74,1.26,6109.57
1506138,Redenção,PA,1989,2109.36,1301.79,31.24,20.73,81.33,0.64,1.2,6011.92
1506138,Redenção,PA,1990,1645.88,1403.69,32.27,21.04,78.64,0.76,1.28,6302.21
1506138,Redenção,PA,1991,2212.47,1299.64,31.82,20.68,79.7,0.7,1.33,5725.39
1506138,Redenção,PA,1992,1819.31,1353.89,31.85,20.25,78.97,0.72,1.39,6005.73
1506138,Redenção,PA,1993,1902.9,1372.37,32.04,19.7,80.13,0.67,1.36,6222.26
1506138,Redenção,PA,1994,2041.03,1359.57,31.84,20.13,79.17,0.71,1.3,6155.97
1506138,Redenção,PA,1995,2107.61,1370.99,32.09,20.7,77.89,0.78,1.2,6168.85
1506138,Redenção,PA,1996,1670.28,1387.26,32.26,20.98,77.75,0.79,1.04,6307.65
1506138,Redenção,PA,1997,1955.47,1437.57,32.18,21.02,74.07,0.92,1.07,6504.07
1506138,Redenção,PA,1998,1658.31,1511.58,33.36,21.74,73.21,1.01,1.11,6666.65
1506138,Redenção,PA,1999,1949.13,1447.61,32.11,21.02,77.37,0.8,1.14,6593.45
1506138,Redenção,PA,2000,2048.21,1464.85,32.04,21.04,76.75,0.83,1.04,6848.35
1506161,Rio Maria,PA,1981,1501.58,1387.32,32.33,20.87,75.71,0.86,1.21,6145.28
1506161,Rio Maria,PA,1982,1545.82,1363.98,32.2,21.03,78.63,0.75,1.16,6214.4
1506161,Rio Maria,PA,1983,1513.23,1484.87,33.05,21.36,71.2,1.06,1.41,6142.77
1506161,Rio Maria,PA,1984,1597.28,1418.18,32.29,20.63,72.98,0.94,1.29,6157.17
1506161,Rio Maria,PA,1985,2570.86,1288.02,31.68,20.83,77.31,0.79,1.18,5730.1
1506161,Rio Maria,PA,1986,1886.99,1342.53,32.1,21.08,80.66,0.68,1.22,6083.39
1506161,Rio Maria,PA,1987,1444.16,1394.22,33.13,21.83,78.63,0.79,1.23,6100.67
1506161,Rio Maria,PA,1988,1874.15,1389.46,32.7,21.43,78.6,0.77,1.25,6124.02
1506161,Rio Maria,PA,1989,2005.74,1319.81,31.93,21.48,81.2,0.67,1.19,6013.49
1506161,Rio Maria,PA,1990,1579.53,1419.41,32.89,21.75,78.68,0.78,1.27,6295.46
1506161,Rio Maria,PA,1991,1713.93,1316.02,32.53,21.39,79.78,0.73,1.31,5717.38
1506161,Rio Maria,PA,1992,1652.98,1368.94,32.6,21.11,79.0,0.75,1.36,6003.69
1506161,Rio Maria,PA,1993,1840.32,1385.47,32.65,20.72,80.61,0.69,1.35,6218.8
1506161,Rio Maria,PA,1994,1954.22,1363.46,32.51,21.08,80.62,0.69,1.28,6124.55
1506161,Rio Maria,PA,1995,2036.1,1393.66,32.81,21.51,79.49,0.75,1.29,6168.69
1506161,Rio Maria,PA,1996,1607.11,1401.9,32.88,21.73,78.15,0.81,1.03,6310.17
1506161,Rio Maria,PA,1997,1718.26,1451.7,32.77,21.81,74.35,0.95,1.08,6492.13
1506161,Rio Maria,PA,1998,1502.42,1513.73,33.81,22.54,73.91,1.01,1.08,6643.41
1506161,Rio Maria,PA,1999,1791.47,1450.01,32.71,21.75,78.38,0.8,1.09,6593.45
1506161,Rio Maria,PA,2000,1822.76,1458.15,32.58,21.83,78.75,0.78,1.0,6791.01
1506187,Rondon do Pará,PA,1981,1600.21,1441.31,31.86,21.72,72.86,0.97,1.16,6414.84
1506187,Rondon do Pará,PA,1982,1741.37,1395.4,31.66,21.59,79.35,0.73,1.08,6487.26
1506187,Rondon do Pará,PA,1983,1407.84,1460.15,32.01,21.97,76.13,0.86,1.28,6492.92
1506187,Rondon do Pará,PA,1984,2332.95,1416.23,31.4,21.3,78.37,0.75,1.1,6625.13
1506187,Rondon do Pará,PA,1985,2782.28,1348.01,31.03,21.67,77.94,0.77,1.02,6270.32
1506187,Rondon do Pará,PA,1986,2341.83,1378.05,31.26,21.4,82.32,0.61,1.19,6476.58
1506187,Rondon do Pará,PA,1987,1451.59,1459.58,32.43,21.95,78.66,0.78,1.26,6560.62
1506187,Rondon do Pará,PA,1988,2386.69,1423.35,31.79,21.56,79.85,0.71,1.12,6622.61
1506187,Rondon do Pará,PA,1989,2455.94,1372.17,31.23,21.71,81.77,0.64,1.05,6495.59
1506187,Rondon do Pará,PA,1990,1347.69,1441.0,31.98,21.84,80.92,0.68,1.14,6719.12
1506187,Rondon do Pará,PA,1991,1393.13,1359.98,31.98,21.87,81.9,0.65,1.11,6270.32
1506187,Rondon do Pará,PA,1992,1530.11,1443.67,32.35,22.04,81.08,0.69,1.2,6635.34
1506187,Rondon do Pará,PA,1993,1637.88,1423.96,31.84,22.06,82.61,0.63,1.1,6694.77
1506187,Rondon do Pará,PA,1994,1994.64,1397.65,31.62,21.97,83.14,0.6,1.1,6599.74
1506187,Rondon do Pará,PA,1995,1886.15,1427.29,31.98,22.2,80.32,0.72,1.02,6638.22
1506187,Rondon do Pará,PA,1996,2133.31,1437.32,31.98,22.1,78.42,0.78,1.06,6592.77
1506187,Rondon do Pará,PA,1997,1653.25,1455.08,32.25,22.27,75.95,0.89,1.04,6614.19
1506187,Rondon do Pará,PA,1998,1715.61,1483.89,32.86,22.98,76.91,0.88,1.05,6688.8
1506187,Rondon do Pará,PA,1999,2365.88,1414.65,31.89,22.11,79.91,0.73,0.97,6611.67
1506187,Rondon do Pará,PA,2000,1823.8,1446.79,31.97,22.42,80.49,0.71,1.06,6722.68
1506195,Rurópolis,PA,1981,1506.25,1308.65,30.51,21.87,84.87,0.52,1.15,6229.64
1506195,Rurópolis,PA,1982,1826.86,1357.07,30.51,21.61,85.19,0.51,1.37,6450.19
1506195,Rurópolis,PA,1983,1352.05,1452.52,31.24,22.1,81.11,0.66,1.45,6742.84
1506195,Rurópolis,PA,1984,2504.37,1346.32,30.18,21.32,79.9,0.67,1.17,6350.54
1506195,Rurópolis,PA,1985,2483.32,1283.88,29.98,21.32,80.41,0.65,1.19,5991.18
1506195,Rurópolis,PA,1986,2104.98,1313.0,30.24,21.55,85.4,0.5,1.27,6297.66
1506195,Rurópolis,PA,1987,1773.79,1375.54,31.06,21.87,83.76,0.57,1.25,6469.35
1506195,Rurópolis,PA,1988,2327.41,1294.52,30.54,21.77,85.96,0.48,1.08,6215.92
1506195,Rurópolis,PA,1989,2562.84,1284.08,30.04,21.31,87.63,0.41,1.08,6298.76
1506195,Rurópolis,PA,1990,1942.16,1312.8,31.04,20.76,87.47,0.42,1.04,6369.13
1506195,Rurópolis,PA,1991,1978.11,1251.43,31.2,20.38,86.58,0.45,1.0,5979.4
1506195,Rurópolis,PA,1992,1572.75,1372.83,31.87,21.37,85.26,0.52,1.25,6429.71
1506195,Rurópolis,PA,1993,1828.72,1326.77,31.06,21.61,86.0,0.49,1.08,6354.21
1506195,Rurópolis,PA,1994,2143.96,1303.79,30.98,21.49,86.59,0.47,0.94,6286.35
1506195,Rurópolis,PA,1995,2076.84,1362.03,31.55,21.61,84.96,0.53,1.03,6457.89
1506195,Rurópolis,PA,1996,1850.37,1375.9,31.27,21.42,84.69,0.53,1.02,6591.82
1506195,Rurópolis,PA,1997,1498.28,1432.41,31.91,21.68,82.11,0.65,1.07,6727.6
1506195,Rurópolis,PA,1998,1563.42,1430.2,32.29,22.34,83.33,0.61,0.98,6696.34
1506195,Rurópolis,PA,1999,2222.36,1370.27,31.38,21.34,85.17,0.52,0.92,6601.46
1506195,Rurópolis,PA,2000,2341.02,1335.62,31.03,21.76,85.24,0.52,0.95,6394.05
1506203,Salinópolis,PA,1981,1736.17,1455.64,31.54,21.39,81.62,0.64,1.51,6712.52
1506203,Salinópolis,PA,1982,2557.48,1394.89,31.05,21.73,82.78,0.6,1.61,6379.03
1506203,Salinópolis,PA,1983,1743.86,1529.44,31.96,22.06,79.44,0.74,1.75,6833.48
1506203,Salinópolis,PA,1984,2844.5,1376.46,31.06,21.92,82.62,0.61,1.3,6426.41
1506203,Salinópolis,PA,1985,3773.59,1351.33,30.78,21.88,80.44,0.68,1.3,6214.24
1506203,Salinópolis,PA,1986,3546.72,1384.04,31.11,21.97,84.46,0.55,1.52,6466.06
1506203,Salinópolis,PA,1987,2946.93,1489.42,31.35,22.32,82.93,0.61,1.79,6866.63
1506203,Salinópolis,PA,1988,3474.71,1383.32,31.34,22.53,84.62,0.55,1.45,6438.35
1506203,Salinópolis,PA,1989,3113.12,1368.02,31.39,22.06,84.05,0.56,1.12,6487.1
1506203,Salinópolis,PA,1990,2448.27,1472.22,31.79,22.0,81.89,0.64,1.28,6912.5
1506203,Salinópolis,PA,1991,3425.94,1401.13,31.07,22.83,82.48,0.63,1.79,6284.93
1506203,Salinópolis,PA,1992,2159.02,1552.83,31.24,23.67,80.47,0.72,2.09,6892.02
1506203,Salinópolis,PA,1993,2084.53,1480.67,31.3,22.84,82.74,0.62,1.95,6753.52
1506203,Salinópolis,PA,1994,3043.38,1412.09,30.96,22.66,84.41,0.55,1.75,6572.56
1506203,Salinópolis,PA,1995,3149.39,1454.0,31.36,22.61,82.7,0.62,1.68,6652.67
1506203,Salinópolis,PA,1996,3162.21,1456.31,31.35,22.71,83.01,0.61,1.63,6680.74
1506203,Salinópolis,PA,1997,2284.92,1504.88,31.68,22.69,82.1,0.65,1.67,6845.42
1506203,Salinópolis,PA,1998,2149.26,1555.85,32.36,23.33,82.36,0.66,1.96,6947.37
1506203,Salinópolis,PA,1999,2750.19,1460.4,31.6,22.35,82.97,0.61,1.69,6718.18
1506203,Salinópolis,PA,2000,3020.91,1473.09,31.49,23.05,84.15,0.58,1.55,6853.37
1506302,Salvaterra,PA,1981,1577.95,1466.13,31.12,24.25,82.95,0.64,1.42,6769.55
1506302,Salvaterra,PA,1982,2816.49,1391.56,30.57,24.08,84.35,0.58,1.36,6502.81
1506302,Salvaterra,PA,1983,2133.47,1527.19,31.29,24.45,80.02,0.75,1.66,6875.27
1506302,Salvaterra,PA,1984,3323.2,1424.93,31.0,23.81,82.55,0.65,1.31,6600.31
1506302,Salvaterra,PA,1985,4040.18,1390.69,30.71,23.86,80.8,0.71,1.32,6352.64
1506302,Salvaterra,PA,1986,3476.66,1417.77,31.08,24.08,84.91,0.57,1.46,6603.82
1506302,Salvaterra,PA,1987,2501.09,1504.88,31.83,24.69,83.11,0.66,1.42,6897.26
1506302,Salvaterra,PA,1988,3740.27,1411.17,31.54,24.35,85.19,0.57,1.2,6561.66
1506302,Salvaterra,PA,1989,3649.63,1374.01,31.18,24.03,85.45,0.55,1.05,6472.34
1506302,Salvaterra,PA,1990,2615.79,1483.28,31.75,24.72,83.93,0.62,1.21,6888.62
1506302,Salvaterra,PA,1991,3060.47,1386.24,30.62,24.55,83.69,0.61,1.44,6367.25
1506302,Salvaterra,PA,1992,2669.63,1515.37,30.59,24.99,82.13,0.68,1.7,6955.64
1506302,Salvaterra,PA,1993,3057.24,1471.61,30.77,25.03,84.0,0.61,1.72,6784.63
1506302,Salvaterra,PA,1994,3264.71,1431.33,30.36,24.86,84.49,0.58,1.6,6678.12
1506302,Salvaterra,PA,1995,3293.75,1423.76,30.76,23.54,84.2,0.58,1.43,6703.57
1506302,Salvaterra,PA,1996,3404.73,1402.77,30.87,22.88,84.89,0.55,1.4,6621.98
1506302,Salvaterra,PA,1997,2737.64,1450.98,30.87,24.2,83.74,0.61,1.55,6703.73
1506302,Salvaterra,PA,1998,2771.83,1504.52,31.27,25.47,83.83,0.63,1.69,6863.8
1506302,Salvaterra,PA,1999,2964.36,1421.76,30.71,24.95,84.42,0.59,1.38,6618.43
1506302,Salvaterra,PA,2000,3066.22,1455.33,30.57,24.84,84.39,0.59,1.31,6839.24
1506351,Santa Bárbara do Pará,PA,1981,2058.43,1460.61,31.61,22.79,81.9,0.66,1.4,6738.6
1506351,Santa Bárbara do Pará,PA,1982,2646.96,1385.57,31.23,22.58,84.18,0.57,1.37,6459.14
1506351,Santa Bárbara do Pará,PA,1983,2263.34,1517.67,31.73,22.76,79.89,0.73,1.68,6838.51
1506351,Santa Bárbara do Pará,PA,1984,3064.2,1400.57,31.16,22.22,82.42,0.62,1.28,6556.48
1506351,Santa Bárbara do Pará,PA,1985,3713.02,1365.31,30.74,22.38,80.83,0.67,1.29,6317.14
1506351,Santa Bárbara do Pará,PA,1986,3222.74,1390.59,31.04,22.6,84.99,0.54,1.41,6568.79
1506351,Santa Bárbara do Pará,PA,1987,2406.16,1495.0,31.81,23.27,83.34,0.62,1.57,6892.86
1506351,Santa Bárbara do Pará,PA,1988,3504.21,1389.41,31.44,23.18,85.66,0.52,1.32,6532.92
1506351,Santa Bárbara do Pará,PA,1989,3575.97,1352.67,31.2,22.76,85.45,0.52,1.0,6462.76
1506351,Santa Bárbara do Pará,PA,1990,2606.65,1446.28,31.72,23.21,84.1,0.59,1.15,6821.54
1506351,Santa Bárbara do Pará,PA,1991,2609.49,1369.96,31.01,23.09,84.84,0.55,1.66,6308.18
1506351,Santa Bárbara do Pará,PA,1992,2665.3,1491.88,31.02,23.25,83.29,0.61,1.93,6888.09
1506351,Santa Bárbara do Pará,PA,1993,2794.42,1444.28,30.98,23.4,84.49,0.56,1.83,6728.23
1506351,Santa Bárbara do Pará,PA,1994,3386.96,1409.17,30.91,23.49,85.34,0.53,1.71,6594.71
1506351,Santa Bárbara do Pará,PA,1995,2821.56,1432.2,31.34,23.23,84.54,0.57,1.64,6634.92
1506351,Santa Bárbara do Pará,PA,1996,3083.85,1425.19,31.31,23.05,85.03,0.55,1.61,6631.25
1506351,Santa Bárbara do Pará,PA,1997,2662.62,1465.21,31.58,23.26,83.94,0.6,1.66,6725.4
1506351,Santa Bárbara do Pará,PA,1998,2662.05,1519.46,32.27,24.12,84.0,0.62,1.81,6877.94
1506351,Santa Bárbara do Pará,PA,1999,2843.41,1437.27,31.64,23.47,84.58,0.57,1.62,6623.77
1506351,Santa Bárbara do Pará,PA,2000,3030.68,1467.98,31.49,23.34,84.53,0.57,1.54,6844.11
1506401,Santa Cruz do Arari,PA,1981,1976.07,1495.36,31.53,23.57,83.59,0.61,1.6,6924.43
1506401,Santa Cruz do Arari,PA,1982,2869.09,1433.68,31.07,23.36,84.12,0.58,1.59,6668.22
1506401,Santa Cruz do Arari,PA,1983,2196.18,1545.0,31.63,23.63,80.22,0.73,1.79,6942.5
1506401,Santa Cruz do Arari,PA,1984,3239.36,1423.14,31.17,23.04,82.61,0.63,1.41,6592.45
1506401,Santa Cruz do Arari,PA,1985,3809.01,1390.28,30.85,23.09,80.77,0.69,1.4,6357.82
1506401,Santa Cruz do Arari,PA,1986,3292.06,1405.59,31.16,23.21,84.58,0.56,1.46,6563.92
1506401,Santa Cruz do Arari,PA,1987,2351.67,1479.59,31.85,23.76,82.93,0.64,1.46,6802.38
1506401,Santa Cruz do Arari,PA,1988,3594.86,1380.2,31.54,23.55,85.21,0.55,1.15,6453.27
1506401,Santa Cruz do Arari,PA,1989,3495.76,1354.15,31.15,23.27,85.63,0.53,1.1,6406.68
1506401,Santa Cruz do Arari,PA,1990,2623.6,1469.1,31.67,23.71,84.05,0.6,1.27,6878.09
1506401,Santa Cruz do Arari,PA,1991,2909.29,1388.08,31.02,23.61,83.87,0.59,1.4,6411.23
1506401,Santa Cruz do Arari,PA,1992,2391.21,1501.35,31.05,23.86,82.25,0.66,1.64,6919.66
1506401,Santa Cruz do Arari,PA,1993,2841.54,1468.95,31.09,23.94,83.95,0.6,1.69,6816.36
1506401,Santa Cruz do Arari,PA,1994,2985.0,1434.61,30.84,24.07,84.32,0.58,1.6,6690.85
1506401,Santa Cruz do Arari,PA,1995,3014.84,1439.88,31.29,23.39,84.24,0.58,1.39,6749.28
1506401,Santa Cruz do Arari,PA,1996,2984.61,1413.67,31.26,23.04,84.73,0.56,1.36,6628.11
1506401,Santa Cruz do Arari,PA,1997,2460.79,1455.69,31.53,23.78,83.49,0.62,1.51,6681.89
1506401,Santa Cruz do Arari,PA,1998,2615.76,1513.58,32.02,24.68,83.38,0.65,1.62,6854.69
1506401,Santa Cruz do Arari,PA,1999,2747.32,1434.4,31.45,24.09,83.53,0.62,1.33,6616.54
1506401,Santa Cruz do Arari,PA,2000,2781.65,1467.67,31.35,24.02,83.35,0.63,1.27,6835.94
1506500,Santa Izabel do Pará,PA,1981,2040.18,1456.87,31.7,22.43,81.78,0.66,1.37,6725.56
1506500,Santa Izabel do Pará,PA,1982,2700.78,1383.68,31.37,22.21,84.19,0.56,1.34,6461.03
1506500,Santa Izabel do Pará,PA,1983,2186.84,1515.06,31.81,22.34,79.83,0.72,1.68,6830.65
1506500,Santa Izabel do Pará,PA,1984,2991.73,1396.58,31.18,21.82,82.35,0.61,1.27,6557.11
1506500,Santa Izabel do Pará,PA,1985,3466.14,1359.78,30.72,22.01,80.84,0.66,1.28,6318.24
1506500,Santa Izabel do Pará,PA,1986,3025.56,1384.91,31.0,22.21,85.07,0.53,1.4,6574.29
1506500,Santa Izabel do Pará,PA,1987,2337.8,1492.03,31.78,22.92,83.36,0.61,1.58,6896.63
1506500,Santa Izabel do Pará,PA,1988,3548.64,1386.6,31.4,22.9,85.68,0.52,1.33,6539.99
1506500,Santa Izabel do Pará,PA,1989,3552.65,1346.73,31.19,22.45,85.35,0.52,0.98,6462.13
1506500,Santa Izabel do Pará,PA,1990,2564.06,1443.87,31.68,22.83,83.14,0.61,1.13,6804.42
1506500,Santa Izabel do Pará,PA,1991,2390.82,1368.74,31.09,22.72,84.86,0.54,1.67,6297.82
1506500,Santa Izabel do Pará,PA,1992,2503.26,1490.09,31.12,22.78,83.24,0.6,1.94,6879.45
1506500,Santa Izabel do Pará,PA,1993,2656.18,1437.73,31.02,22.99,84.62,0.55,1.84,6724.15
1506500,Santa Izabel do Pará,PA,1994,3438.48,1405.48,31.02,23.14,85.46,0.53,1.71,6588.27
1506500,Santa Izabel do Pará,PA,1995,2770.35,1431.94,31.46,23.14,84.7,0.56,1.65,6625.18
1506500,Santa Izabel do Pará,PA,1996,2888.44,1427.8,31.39,23.08,84.86,0.55,1.61,6612.09
1506500,Santa Izabel do Pará,PA,1997,2627.72,1476.22,31.74,23.01,83.66,0.6,1.66,6762.95
1506500,Santa Izabel do Pará,PA,1998,2738.58,1523.2,32.49,23.78,83.92,0.62,1.86,6859.24
1506500,Santa Izabel do Pará,PA,1999,2745.24,1439.47,31.85,23.09,84.68,0.57,1.63,6633.51
1506500,Santa Izabel do Pará,PA,2000,2945.48,1467.82,31.69,22.95,84.68,0.56,1.54,6845.36
1506559,Santa Luzia do Pará,PA,1981,1858.29,1485.07,31.39,21.02,78.33,0.74,1.55,6716.14
1506559,Santa Luzia do Pará,PA,1982,2314.57,1410.76,30.9,21.4,81.54,0.63,1.67,6391.91
1506559,Santa Luzia do Pará,PA,1983,1805.78,1544.29,31.84,21.73,77.59,0.79,1.72,6851.86
1506559,Santa Luzia do Pará,PA,1984,2732.84,1368.84,30.89,21.64,82.23,0.61,1.26,6411.96
1506559,Santa Luzia do Pará,PA,1985,3268.14,1334.09,30.54,21.57,80.8,0.65,1.27,6201.68
1506559,Santa Luzia do Pará,PA,1986,2902.8,1390.28,30.93,21.66,83.41,0.57,1.56,6468.1
1506559,Santa Luzia do Pará,PA,1987,1930.0,1479.7,31.11,21.96,82.99,0.6,1.8,6864.74
1506559,Santa Luzia do Pará,PA,1988,2505.14,1378.72,31.14,22.22,84.53,0.55,1.47,6439.29
1506559,Santa Luzia do Pará,PA,1989,2839.01,1365.67,31.27,21.68,84.06,0.55,1.17,6492.13
1506559,Santa Luzia do Pará,PA,1990,2082.01,1480.0,32.0,21.51,81.79,0.64,1.31,6927.58
1506559,Santa Luzia do Pará,PA,1991,2882.77,1420.38,31.59,22.35,82.35,0.64,1.8,6314.78
1506559,Santa Luzia do Pará,PA,1992,1834.04,1550.89,31.4,23.04,80.29,0.72,2.08,6882.59
1506559,Santa Luzia do Pará,PA,1993,2243.13,1474.78,31.3,22.42,82.68,0.62,1.93,6744.41
1506559,Santa Luzia do Pará,PA,1994,2512.05,1416.44,30.93,22.17,83.43,0.58,1.71,6556.69
1506559,Santa Luzia do Pará,PA,1995,2383.1,1455.33,31.3,22.32,82.01,0.64,1.68,6628.32
1506559,Santa Luzia do Pará,PA,1996,2251.48,1471.51,31.29,22.55,82.3,0.63,1.65,6725.98
1506559,Santa Luzia do Pará,PA,1997,1850.7,1520.85,31.67,22.31,81.42,0.67,1.68,6910.3
1506559,Santa Luzia do Pará,PA,1998,2347.51,1559.54,32.36,22.89,81.73,0.68,1.95,6947.68
1506559,Santa Luzia do Pará,PA,1999,2125.52,1467.0,31.57,21.84,82.34,0.62,1.75,6714.1
1506559,Santa Luzia do Pará,PA,2000,2191.83,1476.93,31.45,22.61,83.19,0.61,1.57,6831.85
1506583,Santa Maria das Barreiras,PA,1981,1499.84,1410.7,32.48,20.58,75.13,0.87,1.2,6281.01
1506583,Santa Maria das Barreiras,PA,1982,1779.9,1374.42,32.4,20.87,77.3,0.8,1.13,6244.72
1506583,Santa Maria das Barreiras,PA,1983,1733.42,1465.57,33.29,21.25,71.03,1.07,1.28,6184.87
1506583,Santa Maria das Barreiras,PA,1984,1688.91,1414.59,32.48,20.54,73.43,0.93,1.26,6165.18
1506583,Santa Maria das Barreiras,PA,1985,2576.34,1286.18,31.81,20.78,77.18,0.8,1.17,5701.67
1506583,Santa Maria das Barreiras,PA,1986,1937.54,1351.59,32.28,21.11,78.21,0.77,1.14,6060.46
1506583,Santa Maria das Barreiras,PA,1987,1427.6,1393.82,33.24,21.87,76.96,0.86,1.13,6115.28
1506583,Santa Maria das Barreiras,PA,1988,1925.75,1409.53,32.87,21.46,76.22,0.86,1.21,6138.32
1506583,Santa Maria das Barreiras,PA,1989,2087.15,1330.15,32.02,21.48,79.8,0.72,1.14,6039.72
1506583,Santa Maria das Barreiras,PA,1990,1565.37,1430.26,33.09,21.82,77.3,0.84,1.17,6355.47
1506583,Santa Maria das Barreiras,PA,1991,2040.54,1319.3,32.67,21.42,79.18,0.75,1.19,5779.74
1506583,Santa Maria das Barreiras,PA,1992,1784.55,1374.16,32.7,21.03,75.98,0.86,1.19,6048.78
1506583,Santa Maria das Barreiras,PA,1993,1705.15,1406.35,32.87,20.59,77.74,0.79,1.23,6281.01
1506583,Santa Maria das Barreiras,PA,1994,1678.54,1381.02,32.7,21.0,78.53,0.77,1.2,6199.64
1506583,Santa Maria das Barreiras,PA,1995,1806.43,1385.22,32.9,21.41,78.62,0.79,1.15,6196.65
1506583,Santa Maria das Barreiras,PA,1996,1628.52,1406.41,33.09,21.65,77.76,0.82,0.96,6365.78
1506583,Santa Maria das Barreiras,PA,1997,2297.9,1454.36,33.07,21.71,74.16,0.96,1.07,6511.61
1506583,Santa Maria das Barreiras,PA,1998,1481.11,1528.83,34.27,22.43,73.12,1.06,1.06,6682.36
1506583,Santa Maria das Barreiras,PA,1999,1824.47,1465.32,33.03,21.75,76.72,0.87,1.09,6602.72
1506583,Santa Maria das Barreiras,PA,2000,1878.07,1507.28,32.94,21.8,76.32,0.88,1.15,6856.04
1506609,Santa Maria do Pará,PA,1981,1721.23,1456.46,31.48,21.51,81.2,0.66,1.48,6707.03
1506609,Santa Maria do Pará,PA,1982,2346.57,1386.19,31.03,21.75,82.94,0.59,1.36,6449.72
1506609,Santa Maria do Pará,PA,1983,1850.46,1530.62,31.82,22.04,78.51,0.76,1.71,6825.0
1506609,Santa Maria do Pará,PA,1984,2865.82,1390.8,30.98,21.81,82.39,0.61,1.27,6542.66
1506609,Santa Maria do Pará,PA,1985,3371.51,1356.25,30.69,21.81,80.67,0.66,1.26,6305.67
1506609,Santa Maria do Pará,PA,1986,2925.38,1387.11,31.02,21.9,84.64,0.54,1.4,6567.22
1506609,Santa Maria do Pará,PA,1987,2138.44,1493.72,31.41,22.34,82.99,0.61,1.75,6906.06
1506609,Santa Maria do Pará,PA,1988,2893.3,1391.61,31.28,22.48,84.63,0.55,1.39,6530.87
1506609,Santa Maria do Pará,PA,1989,2844.52,1357.83,31.24,22.02,84.07,0.56,0.99,6514.6
1506609,Santa Maria do Pará,PA,1990,2180.54,1469.2,31.7,22.18,82.4,0.63,1.28,6923.33
1506609,Santa Maria do Pará,PA,1991,2045.63,1398.93,31.03,22.63,82.38,0.63,1.76,6285.25
1506609,Santa Maria do Pará,PA,1992,2018.21,1541.47,31.15,23.13,80.35,0.71,2.05,6883.38
1506609,Santa Maria do Pará,PA,1993,2330.47,1473.35,31.12,22.82,82.75,0.62,1.92,6752.58
1506609,Santa Maria do Pará,PA,1994,4058.25,1408.96,30.89,22.74,84.47,0.55,1.74,6573.34
1506609,Santa Maria do Pará,PA,1995,2453.35,1451.91,31.28,22.68,82.59,0.63,1.67,6645.76
1506609,Santa Maria do Pará,PA,1996,2264.65,1454.11,31.26,22.72,82.92,0.62,1.62,6679.32
1506609,Santa Maria do Pará,PA,1997,2194.13,1502.63,31.6,22.73,82.0,0.66,1.66,6842.28
1506609,Santa Maria do Pará,PA,1998,2512.53,1553.45,32.29,23.43,82.28,0.67,1.96,6938.73
1506609,Santa Maria do Pará,PA,1999,2716.56,1460.4,31.56,22.53,82.93,0.62,1.68,6709.85
1506609,Santa Maria do Pará,PA,2000,2388.64,1468.95,31.43,22.96,84.28,0.57,1.55,6855.57
1506708,Santana do Araguaia,PA,1981,1543.16,1427.29,32.58,20.59,75.03,0.88,1.22,6367.25
1506708,Santana do Araguaia,PA,1982,1732.66,1389.36,32.55,20.87,76.43,0.83,1.11,6310.54
1506708,Santana do Araguaia,PA,1983,1998.69,1464.96,33.34,21.23,71.14,1.06,1.25,6245.98
1506708,Santana do Araguaia,PA,1984,1648.62,1428.11,32.56,20.59,72.33,0.97,1.21,6240.58
1506708,Santana do Araguaia,PA,1985,2189.0,1289.46,31.81,20.83,77.07,0.8,1.15,5744.56
1506708,Santana do Araguaia,PA,1986,1571.09,1347.19,32.31,21.15,77.82,0.79,1.04,6097.53
1506708,Santana do Araguaia,PA,1987,1453.6,1387.26,33.27,21.8,76.51,0.88,1.05,6137.12
1506708,Santana do Araguaia,PA,1988,1702.22,1409.68,32.87,21.36,76.16,0.86,1.17,6176.64
1506708,Santana do Araguaia,PA,1989,1890.19,1331.68,31.97,21.41,79.31,0.74,1.09,6084.02
1506708,Santana do Araguaia,PA,1990,1339.75,1444.59,33.07,21.77,75.89,0.89,1.13,6417.67
1506708,Santana do Araguaia,PA,1991,1742.52,1342.63,32.67,21.33,76.61,0.84,1.16,5829.85
1506708,Santana do Araguaia,PA,1992,1750.61,1366.43,32.72,21.08,76.1,0.86,1.11,6074.54
1506708,Santana do Araguaia,PA,1993,1459.05,1414.59,32.93,20.81,76.12,0.85,1.17,6319.49
1506708,Santana do Araguaia,PA,1994,1371.67,1387.98,32.79,21.14,77.45,0.82,1.15,6230.74
1506708,Santana do Araguaia,PA,1995,1733.59,1388.59,33.01,21.56,77.56,0.83,1.09,6221.63
1506708,Santana do Araguaia,PA,1996,1665.56,1414.29,33.16,21.64,77.27,0.84,1.0,6380.86
1506708,Santana do Araguaia,PA,1997,2134.25,1457.64,33.13,21.55,73.61,0.98,1.05,6545.38
1506708,Santana do Araguaia,PA,1998,1237.36,1538.2,34.35,22.27,71.02,1.13,1.05,6696.5
1506708,Santana do Araguaia,PA,1999,1450.58,1473.4,33.14,21.62,76.36,0.88,1.08,6644.51
1506708,Santana do Araguaia,PA,2000,1875.98,1512.35,33.02,21.73,76.12,0.89,1.15,6875.84
1506807,Santarém,PA,1981,1389.1,1359.01,31.39,21.99,84.7,0.54,1.45,6326.4
1506807,Santarém,PA,1982,1760.99,1387.11,31.21,21.54,85.38,0.51,1.53,6506.9
1506807,Santarém,PA,1983,1247.48,1483.38,32.13,21.8,81.65,0.66,1.6,6759.81
1506807,Santarém,PA,1984,2498.29,1381.58,30.89,21.21,79.43,0.7,1.3,6387.3
1506807,Santarém,PA,1985,2700.6,1316.07,30.3,21.52,79.67,0.69,1.31,6057.79
1506807,Santarém,PA,1986,1859.62,1328.71,30.58,21.42,85.19,0.51,1.37,6344.63
1506807,Santarém,PA,1987,1682.37,1402.41,31.47,21.61,83.27,0.59,1.37,6541.93
1506807,Santarém,PA,1988,2488.49,1302.35,30.72,21.29,85.58,0.49,1.17,6253.3
1506807,Santarém,PA,1989,2619.99,1290.22,30.28,21.06,87.2,0.43,1.14,6329.23
1506807,Santarém,PA,1990,1732.1,1328.3,30.83,21.22,86.93,0.45,1.17,6454.74
1506807,Santarém,PA,1991,1887.06,1262.43,30.8,21.04,86.67,0.45,1.12,6059.51
1506807,Santarém,PA,1992,1091.24,1389.87,31.73,21.27,85.61,0.51,1.34,6564.18
1506807,Santarém,PA,1993,1719.3,1333.42,30.99,21.43,85.58,0.5,1.14,6417.83
1506807,Santarém,PA,1994,2075.22,1297.24,30.48,21.34,86.44,0.46,1.02,6335.99
1506807,Santarém,PA,1995,1827.55,1364.49,31.18,22.04,84.84,0.54,1.11,6504.38
1506807,Santarém,PA,1996,2023.83,1395.86,31.67,22.18,84.65,0.55,1.08,6617.59
1506807,Santarém,PA,1997,1507.25,1447.35,31.98,22.78,82.15,0.67,1.11,6749.12
1506807,Santarém,PA,1998,1578.4,1447.71,32.41,23.45,83.04,0.65,1.03,6713.62
1506807,Santarém,PA,1999,2159.41,1375.7,31.22,22.65,85.47,0.52,0.96,6610.89
1506807,Santarém,PA,2000,2584.83,1340.33,30.93,22.7,85.07,0.53,0.98,6399.08
1506906,Santarém Novo,PA,1981,1710.21,1453.29,31.47,21.09,81.26,0.65,1.5,6706.87
1506906,Santarém Novo,PA,1982,2452.88,1389.67,30.98,21.48,82.83,0.59,1.59,6377.77
1506906,Santarém Novo,PA,1983,1489.86,1537.43,31.91,21.82,78.25,0.77,1.75,6823.58
1506906,Santarém Novo,PA,1984,2795.47,1371.55,30.97,21.71,82.59,0.6,1.28,6427.67
1506906,Santarém Novo,PA,1985,3727.87,1343.15,30.7,21.66,80.57,0.66,1.27,6215.19
1506906,Santarém Novo,PA,1986,3434.74,1378.26,31.03,21.75,84.53,0.54,1.49,6467.47
1506906,Santarém Novo,PA,1987,2066.23,1482.51,31.19,22.06,82.95,0.6,1.77,6865.06
1506906,Santarém Novo,PA,1988,3316.8,1379.38,31.24,22.32,84.62,0.55,1.44,6443.53
1506906,Santarém Novo,PA,1989,3055.62,1362.85,31.33,21.82,84.0,0.56,1.1,6487.89
1506906,Santarém Novo,PA,1990,2091.74,1465.16,31.76,21.63,81.9,0.64,1.25,6909.51
1506906,Santarém Novo,PA,1991,3183.96,1397.45,31.03,22.57,82.45,0.63,1.78,6279.91
1506906,Santarém Novo,PA,1992,1996.17,1548.64,31.2,23.43,80.42,0.72,2.08,6887.46
1506906,Santarém Novo,PA,1993,2128.48,1475.3,31.25,22.54,82.73,0.62,1.94,6748.03
1506906,Santarém Novo,PA,1994,3393.47,1405.94,30.9,22.36,84.43,0.55,1.73,6569.26
1506906,Santarém Novo,PA,1995,2954.6,1449.09,31.32,22.4,82.75,0.62,1.67,6648.9
1506906,Santarém Novo,PA,1996,2819.48,1451.65,31.28,22.57,83.08,0.61,1.61,6680.11
1506906,Santarém Novo,PA,1997,2263.64,1499.5,31.65,22.44,82.17,0.64,1.66,6843.53
1506906,Santarém Novo,PA,1998,2399.47,1552.48,32.35,23.01,82.43,0.65,1.98,6942.34
1506906,Santarém Novo,PA,1999,2673.69,1456.0,31.57,21.97,83.06,0.6,1.7,6716.92
1506906,Santarém Novo,PA,2000,2800.45,1468.95,31.46,22.79,84.24,0.57,1.53,6852.74
1507003,Santo Antônio do Tauá,PA,1981,1902.31,1458.2,31.45,22.94,81.88,0.66,1.4,6727.92
1507003,Santo Antônio do Tauá,PA,1982,2477.06,1382.86,31.02,22.8,84.11,0.57,1.38,6451.6
1507003,Santo Antônio do Tauá,PA,1983,2110.99,1518.39,31.6,23.03,79.86,0.73,1.7,6836.78
1507003,Santo Antônio do Tauá,PA,1984,2840.59,1400.67,31.07,22.5,82.43,0.62,1.28,6547.37
1507003,Santo Antônio do Tauá,PA,1985,3589.08,1365.72,30.69,22.62,80.85,0.68,1.28,6309.6
1507003,Santo Antônio do Tauá,PA,1986,3172.31,1391.41,31.01,22.82,84.99,0.54,1.41,6562.35
1507003,Santo Antônio do Tauá,PA,1987,2370.96,1496.89,31.74,23.45,83.33,0.62,1.59,6893.96
1507003,Santo Antônio do Tauá,PA,1988,3490.78,1390.44,31.41,23.32,85.66,0.53,1.32,6526.48
1507003,Santo Antônio do Tauá,PA,1989,3434.63,1353.38,31.15,22.93,85.45,0.53,1.0,6458.51
1507003,Santo Antônio do Tauá,PA,1990,2543.21,1446.94,31.7,23.43,84.13,0.59,1.13,6816.67
1507003,Santo Antônio do Tauá,PA,1991,2582.85,1368.07,30.87,23.36,84.91,0.55,1.68,6300.33
1507003,Santo Antônio do Tauá,PA,1992,2407.97,1494.39,30.89,23.63,83.33,0.61,1.96,6892.02
1507003,Santo Antônio do Tauá,PA,1993,2577.3,1446.58,30.9,23.69,84.49,0.57,1.85,6727.76
1507003,Santo Antônio do Tauá,PA,1994,3216.0,1407.48,30.74,23.71,85.36,0.54,1.72,6591.25
1507003,Santo Antônio do Tauá,PA,1995,2738.99,1427.24,31.16,23.21,84.61,0.56,1.65,6634.92
1507003,Santo Antônio do Tauá,PA,1996,3080.49,1421.2,31.16,22.94,85.1,0.54,1.61,6634.87
1507003,Santo Antônio do Tauá,PA,1997,2626.31,1462.91,31.39,23.4,84.0,0.59,1.67,6731.22
1507003,Santo Antônio do Tauá,PA,1998,2647.76,1516.91,32.0,24.34,84.04,0.61,1.84,6883.12
1507003,Santo Antônio do Tauá,PA,1999,2975.03,1433.94,31.38,23.69,84.63,0.57,1.64,6629.27
1507003,Santo Antônio do Tauá,PA,2000,3036.1,1464.7,31.24,23.62,84.6,0.57,1.54,6845.05
1507102,São Caetano de Odivelas,PA,1981,1743.47,1461.43,31.37,23.15,81.85,0.66,1.44,6722.58
1507102,São Caetano de Odivelas,PA,1982,2581.6,1384.86,30.9,23.07,83.97,0.58,1.4,6443.28
1507102,São Caetano de Odivelas,PA,1983,2303.94,1523.0,31.56,23.36,79.85,0.74,1.72,6838.66
1507102,São Caetano de Odivelas,PA,1984,2834.91,1404.61,31.06,22.84,82.56,0.63,1.31,6541.87
1507102,São Caetano de Odivelas,PA,1985,3590.56,1371.45,30.71,22.91,80.79,0.68,1.31,6302.21
1507102,São Caetano de Odivelas,PA,1986,3120.21,1395.91,31.06,23.1,84.98,0.55,1.43,6553.4
1507102,São Caetano de Odivelas,PA,1987,3479.35,1500.99,31.75,23.69,83.31,0.63,1.6,6894.27
1507102,São Caetano de Odivelas,PA,1988,3504.7,1394.38,31.46,23.53,85.58,0.54,1.33,6520.82
1507102,São Caetano de Odivelas,PA,1989,3294.9,1356.81,31.2,23.16,85.34,0.54,1.0,6452.23
1507102,São Caetano de Odivelas,PA,1990,2815.37,1456.41,31.76,23.72,84.12,0.6,1.11,6842.75
1507102,São Caetano de Odivelas,PA,1991,3315.11,1377.9,30.82,23.72,84.42,0.57,1.71,6294.99
1507102,São Caetano de Odivelas,PA,1992,2194.48,1511.94,30.83,24.11,82.7,0.64,2.03,6897.51
1507102,São Caetano de Odivelas,PA,1993,2512.92,1466.7,30.91,24.06,83.69,0.61,1.95,6727.92
1507102,São Caetano de Odivelas,PA,1994,2805.46,1412.39,30.64,24.01,85.03,0.55,1.73,6587.95
1507102,São Caetano de Odivelas,PA,1995,2960.67,1434.15,31.06,23.27,84.51,0.57,1.66,6683.93
1507102,São Caetano de Odivelas,PA,1996,2947.12,1418.59,31.09,22.91,85.13,0.54,1.61,6631.57
1507102,São Caetano de Odivelas,PA,1997,2178.88,1462.5,31.26,23.62,84.07,0.59,1.67,6736.87
1507102,São Caetano de Odivelas,PA,1998,2282.76,1516.29,31.81,24.62,84.09,0.61,1.86,6888.93
1507102,São Caetano de Odivelas,PA,1999,2872.72,1432.71,31.2,23.99,84.69,0.57,1.63,6634.14
1507102,São Caetano de Odivelas,PA,2000,3064.56,1464.04,31.06,23.98,84.65,0.57,1.54,6844.11
1507151,São Domingos do Araguaia,PA,1981,1380.65,1418.13,32.07,21.95,73.34,0.96,1.13,6284.62
1507151,São Domingos do Araguaia,PA,1982,1436.84,1398.68,31.88,21.82,76.93,0.82,1.14,6375.26
1507151,São Domingos do Araguaia,PA,1983,1520.57,1455.44,32.14,22.35,74.86,0.92,1.33,6335.2
1507151,São Domingos do Araguaia,PA,1984,1755.08,1433.12,31.53,21.72,74.61,0.9,1.17,6510.45
1507151,São Domingos do Araguaia,PA,1985,2312.18,1341.87,31.24,21.86,76.48,0.83,1.05,6182.04
1507151,São Domingos do Araguaia,PA,1986,1911.51,1375.24,31.57,21.83,80.62,0.69,1.19,6329.86
1507151,São Domingos do Araguaia,PA,1987,1281.36,1433.84,32.93,22.43,77.48,0.85,1.17,6342.11
1507151,São Domingos do Araguaia,PA,1988,1894.68,1439.93,32.23,21.97,78.06,0.79,1.17,6550.67
1507151,São Domingos do Araguaia,PA,1989,2008.68,1373.34,31.49,22.12,80.33,0.7,1.09,6393.64
1507151,São Domingos do Araguaia,PA,1990,1431.43,1441.06,32.13,22.39,78.33,0.79,1.16,6565.02
1507151,São Domingos do Araguaia,PA,1991,1457.99,1350.11,32.18,22.25,79.71,0.74,1.14,6065.48
1507151,São Domingos do Araguaia,PA,1992,1442.91,1412.8,32.62,22.43,78.42,0.81,1.16,6299.96
1507151,São Domingos do Araguaia,PA,1993,1334.97,1399.85,32.09,22.45,80.91,0.7,1.03,6484.12
1507151,São Domingos do Araguaia,PA,1994,1871.73,1379.18,32.07,22.28,80.45,0.71,1.07,6335.36
1507151,São Domingos do Araguaia,PA,1995,1993.5,1414.95,32.34,22.47,77.7,0.83,0.88,6546.95
1507151,São Domingos do Araguaia,PA,1996,1705.19,1419.92,32.07,22.5,75.46,0.91,0.83,6550.35
1507151,São Domingos do Araguaia,PA,1997,1500.28,1442.59,32.24,22.69,72.6,1.02,0.94,6542.56
1507151,São Domingos do Araguaia,PA,1998,1476.2,1481.13,32.8,23.43,73.23,1.03,0.95,6652.67
1507151,São Domingos do Araguaia,PA,1999,1836.02,1412.6,32.05,22.49,78.31,0.8,0.9,6589.37
1507151,São Domingos do Araguaia,PA,2000,1873.84,1419.61,31.96,22.83,78.49,0.8,0.86,6660.78
1507201,São Domingos do Capim,PA,1981,1719.0,1462.19,31.6,22.02,81.26,0.67,1.46,6723.68
1507201,São Domingos do Capim,PA,1982,2278.17,1392.23,31.18,22.07,83.02,0.6,1.33,6475.95
1507201,São Domingos do Capim,PA,1983,1685.63,1533.49,31.81,22.3,78.44,0.77,1.68,6841.18
1507201,São Domingos do Capim,PA,1984,3001.74,1398.37,31.06,21.92,82.1,0.62,1.26,6571.09
1507201,São Domingos do Capim,PA,1985,3077.29,1362.29,30.74,21.99,80.67,0.67,1.28,6326.4
1507201,São Domingos do Capim,PA,1986,2712.46,1391.82,31.05,22.09,84.68,0.54,1.41,6588.9
1507201,São Domingos do Capim,PA,1987,2107.2,1499.91,31.64,22.64,83.2,0.61,1.75,6916.58
1507201,São Domingos do Capim,PA,1988,2793.0,1397.35,31.38,22.68,84.67,0.55,1.38,6552.24
1507201,São Domingos do Capim,PA,1989,2688.8,1363.57,31.23,22.23,84.22,0.56,1.01,6532.34
1507201,São Domingos do Capim,PA,1990,2071.32,1479.08,31.78,22.54,82.73,0.62,1.31,6950.67
1507201,São Domingos do Capim,PA,1991,2015.0,1407.02,31.2,22.65,82.25,0.64,1.75,6306.93
1507201,São Domingos do Capim,PA,1992,1867.84,1536.51,31.24,22.88,80.26,0.71,2.0,6885.89
1507201,São Domingos do Capim,PA,1993,2476.82,1475.04,31.11,22.95,82.76,0.62,1.91,6767.98
1507201,São Domingos do Capim,PA,1994,3569.37,1416.9,31.02,23.01,84.5,0.56,1.77,6592.2
1507201,São Domingos do Capim,PA,1995,2709.08,1462.45,31.37,22.94,82.24,0.65,1.69,6655.19
1507201,São Domingos do Capim,PA,1996,2336.49,1463.42,31.37,22.92,82.61,0.63,1.65,6679.32
1507201,São Domingos do Capim,PA,1997,2111.98,1516.91,31.71,22.97,81.67,0.68,1.66,6876.68
1507201,São Domingos do Capim,PA,1998,2545.01,1554.22,32.41,23.73,82.02,0.69,1.85,6936.37
1507201,São Domingos do Capim,PA,1999,2514.94,1471.05,31.72,22.94,82.7,0.63,1.66,6711.9
1507201,São Domingos do Capim,PA,2000,2912.98,1477.09,31.58,23.07,84.26,0.58,1.58,6865.94
1507300,São Félix do Xingu,PA,1981,1524.73,1299.49,31.21,20.23,78.3,0.73,1.19,5916.72
1507300,São Félix do Xingu,PA,1982,2164.96,1291.76,30.97,20.48,81.71,0.61,1.24,6026.06
1507300,São Félix do Xingu,PA,1983,1688.97,1351.69,31.74,20.87,76.76,0.8,1.4,5864.1
1507300,São Félix do Xingu,PA,1984,2332.56,1313.87,31.27,20.06,77.83,0.73,1.29,5896.4
1507300,São Félix do Xingu,PA,1985,2465.04,1220.77,30.75,20.14,78.63,0.7,1.25,5450.49
1507300,São Félix do Xingu,PA,1986,1748.73,1247.9,31.05,20.26,84.18,0.52,1.21,5843.99
1507300,São Félix do Xingu,PA,1987,1828.18,1302.15,31.88,20.72,81.24,0.64,1.2,5922.85
1507300,São Félix do Xingu,PA,1988,1962.91,1289.41,31.78,20.31,82.17,0.6,1.25,5875.51
1507300,São Félix do Xingu,PA,1989,2072.8,1273.95,31.12,20.67,82.75,0.58,1.22,5938.87
1507300,São Félix do Xingu,PA,1990,1697.6,1330.09,31.82,20.83,82.59,0.6,1.23,6142.93
1507300,São Félix do Xingu,PA,1991,2248.07,1219.85,31.71,20.6,83.39,0.56,1.23,5516.15
1507300,São Félix do Xingu,PA,1992,1720.02,1274.61,31.55,20.07,83.09,0.56,1.31,5854.77
1507300,São Félix do Xingu,PA,1993,1916.15,1301.48,31.54,20.34,83.83,0.55,1.27,6076.01
1507300,São Félix do Xingu,PA,1994,2129.31,1271.29,31.3,20.6,83.7,0.55,1.22,5928.66
1507300,São Félix do Xingu,PA,1995,2086.94,1309.52,32.1,21.3,82.9,0.61,1.15,6004.85
1507300,São Félix do Xingu,PA,1996,1865.31,1332.81,32.18,20.86,82.74,0.61,1.04,6177.12
1507300,São Félix do Xingu,PA,1997,1780.86,1369.3,31.71,20.42,77.77,0.77,1.06,6293.26
1507300,São Félix do Xingu,PA,1998,1875.26,1411.63,32.49,20.92,75.68,0.86,0.88,6533.44
1507300,São Félix do Xingu,PA,1999,2162.88,1349.34,31.58,20.46,81.4,0.63,0.85,6465.9
1507300,São Félix do Xingu,PA,2000,2353.48,1383.53,31.49,20.62,79.57,0.7,0.9,6636.91
1507409,São Francisco do Pará,PA,1981,1732.43,1446.48,31.42,21.91,81.68,0.65,1.4,6710.17
1507409,São Francisco do Pará,PA,1982,2496.16,1382.15,30.99,22.0,83.36,0.58,1.36,6447.83
1507409,São Francisco do Pará,PA,1983,1886.19,1520.9,31.68,22.25,79.14,0.74,1.71,6825.78
1507409,São Francisco do Pará,PA,1984,2825.45,1390.08,30.93,21.9,82.46,0.61,1.27,6543.28
1507409,São Francisco do Pará,PA,1985,3292.38,1355.38,30.61,21.96,80.86,0.66,1.27,6304.73
1507409,São Francisco do Pará,PA,1986,2929.35,1386.24,30.93,22.08,84.65,0.54,1.4,6564.86
1507409,São Francisco do Pará,PA,1987,2090.97,1489.06,31.48,22.61,83.23,0.6,1.68,6898.83
1507409,São Francisco do Pará,PA,1988,3028.52,1383.27,31.25,22.65,85.41,0.52,1.36,6529.93
1507409,São Francisco do Pará,PA,1989,3033.85,1352.15,31.1,22.22,84.3,0.55,0.99,6483.02
1507409,São Francisco do Pará,PA,1990,2348.82,1463.27,31.59,22.55,82.41,0.63,1.25,6883.59
1507409,São Francisco do Pará,PA,1991,1823.0,1397.14,30.91,22.75,82.39,0.63,1.75,6289.33
1507409,São Francisco do Pará,PA,1992,2105.09,1535.43,30.99,23.11,80.38,0.71,2.04,6884.32
1507409,São Francisco do Pará,PA,1993,2302.56,1465.32,30.96,23.01,83.16,0.61,1.91,6752.11
1507409,São Francisco do Pará,PA,1994,4131.88,1408.45,30.79,23.0,84.45,0.56,1.73,6576.33
1507409,São Francisco do Pará,PA,1995,2616.67,1437.27,31.18,22.82,83.77,0.59,1.66,6641.99
1507409,São Francisco do Pará,PA,1996,2591.79,1424.42,31.16,22.76,84.62,0.55,1.61,6628.42
1507409,São Francisco do Pará,PA,1997,2335.42,1471.92,31.48,22.89,83.77,0.59,1.66,6793.11
1507409,São Francisco do Pará,PA,1998,2660.54,1521.92,32.16,23.68,84.01,0.61,1.93,6900.56
1507409,São Francisco do Pará,PA,1999,2916.37,1431.74,31.47,22.89,84.57,0.56,1.67,6645.13
1507409,São Francisco do Pará,PA,2000,2501.83,1465.88,31.33,23.08,84.25,0.57,1.54,6843.48
1507458,São Geraldo do Araguaia,PA,1981,1355.54,1425.91,32.17,21.63,73.1,0.97,1.15,6308.81
1507458,São Geraldo do Araguaia,PA,1982,1389.34,1408.61,32.0,21.5,77.11,0.81,1.2,6394.89
1507458,São Geraldo do Araguaia,PA,1983,1525.25,1478.72,32.38,21.89,72.45,1.0,1.34,6335.04
1507458,São Geraldo do Araguaia,PA,1984,1750.81,1425.55,31.69,21.16,74.39,0.89,1.17,6463.64
1507458,São Geraldo do Araguaia,PA,1985,2152.97,1324.31,31.31,21.28,77.76,0.77,1.01,6163.98
1507458,São Geraldo do Araguaia,PA,1986,1660.59,1392.43,31.67,21.19,78.4,0.75,1.23,6325.15
1507458,São Geraldo do Araguaia,PA,1987,1173.11,1462.5,32.96,21.74,74.94,0.93,1.21,6413.74
1507458,São Geraldo do Araguaia,PA,1988,1763.14,1456.51,32.28,21.32,75.71,0.86,1.22,6529.78
1507458,São Geraldo do Araguaia,PA,1989,2006.67,1372.83,31.57,21.52,79.78,0.71,1.13,6364.89
1507458,São Geraldo do Araguaia,PA,1990,1400.87,1447.76,32.35,21.7,78.22,0.79,1.21,6570.2
1507458,São Geraldo do Araguaia,PA,1991,1507.21,1355.53,32.2,21.63,79.61,0.73,1.23,6066.11
1507458,São Geraldo do Araguaia,PA,1992,1366.25,1424.17,32.51,21.72,78.39,0.79,1.34,6291.63
1507458,São Geraldo do Araguaia,PA,1993,1372.76,1411.17,32.16,21.73,80.98,0.68,1.22,6480.19
1507458,São Geraldo do Araguaia,PA,1994,1946.76,1392.43,32.14,21.7,78.78,0.76,1.14,6332.84
1507458,São Geraldo do Araguaia,PA,1995,1854.43,1437.78,32.53,21.83,76.11,0.88,1.07,6498.26
1507458,São Geraldo do Araguaia,PA,1996,1879.64,1429.74,32.32,21.8,75.96,0.87,0.93,6581.46
1507458,São Geraldo do Araguaia,PA,1997,1590.0,1431.02,32.43,21.95,74.02,0.95,0.96,6513.5
1507458,São Geraldo do Araguaia,PA,1998,1332.29,1476.11,33.15,22.68,74.03,0.99,0.96,6636.81
1507458,São Geraldo do Araguaia,PA,1999,1754.93,1409.43,32.22,21.75,78.61,0.77,0.94,6566.28
1507458,São Geraldo do Araguaia,PA,2000,2073.39,1422.73,32.11,22.06,78.17,0.79,0.91,6678.06
1507466,São João da Ponta,PA,1981,1734.55,1458.82,31.4,22.83,81.82,0.66,1.43,6718.02
1507466,São João da Ponta,PA,1982,2379.67,1383.32,30.93,22.81,83.92,0.57,1.4,6441.24
1507466,São João da Ponta,PA,1983,2090.74,1523.1,31.61,23.09,79.8,0.74,1.72,6835.68
1507466,São João da Ponta,PA,1984,2797.8,1401.13,31.05,22.62,82.55,0.62,1.31,6538.41
1507466,São João da Ponta,PA,1985,3533.52,1367.87,30.7,22.68,80.81,0.68,1.3,6301.43
1507466,São João da Ponta,PA,1986,2971.27,1392.79,31.05,22.85,84.99,0.54,1.43,6552.92
1507466,São João da Ponta,PA,1987,3325.48,1497.3,31.7,23.42,83.32,0.62,1.61,6892.23
1507466,São João da Ponta,PA,1988,3303.72,1391.26,31.42,23.32,85.56,0.53,1.35,6519.09
1507466,São João da Ponta,PA,1989,3143.58,1354.15,31.2,22.94,85.14,0.54,0.99,6450.66
1507466,São João da Ponta,PA,1990,2654.07,1466.59,31.74,23.45,82.61,0.65,1.14,6854.53
1507466,São João da Ponta,PA,1991,3217.22,1378.51,30.85,23.53,84.23,0.58,1.72,6289.65
1507466,São João da Ponta,PA,1992,2015.43,1517.06,30.88,23.94,82.37,0.65,2.05,6894.69
1507466,São João da Ponta,PA,1993,2316.7,1465.98,30.94,23.83,83.6,0.61,1.96,6724.46
1507466,São João da Ponta,PA,1994,2992.58,1410.5,30.68,23.8,84.98,0.55,1.73,6583.56
1507466,São João da Ponta,PA,1995,2956.4,1434.04,31.1,23.17,84.55,0.56,1.66,6683.15
1507466,São João da Ponta,PA,1996,2866.14,1418.54,31.12,22.88,85.16,0.54,1.61,6631.57
1507466,São João da Ponta,PA,1997,2152.68,1462.14,31.32,23.46,84.12,0.59,1.67,6738.76
1507466,São João da Ponta,PA,1998,2203.9,1516.29,31.9,24.4,84.13,0.61,1.88,6887.83
1507466,São João da Ponta,PA,1999,2819.97,1431.94,31.27,23.73,84.73,0.57,1.64,6634.61
1507466,São João da Ponta,PA,2000,3278.88,1462.96,31.14,23.79,84.68,0.57,1.53,6842.22
1507474,São João de Pirabas,PA,1981,1714.51,1457.23,31.52,21.11,81.24,0.65,1.51,6711.11
1507474,São João de Pirabas,PA,1982,2415.86,1393.3,31.03,21.51,82.79,0.59,1.61,6379.34
1507474,São João de Pirabas,PA,1983,1412.64,1534.87,31.96,21.85,78.83,0.75,1.75,6832.38
1507474,São João de Pirabas,PA,1984,2825.69,1372.57,31.02,21.76,82.6,0.6,1.28,6425.63
1507474,São João de Pirabas,PA,1985,3906.67,1345.14,30.74,21.7,80.45,0.67,1.27,6212.05
1507474,São João de Pirabas,PA,1986,3628.17,1381.58,31.08,21.78,84.47,0.54,1.51,6466.21
1507474,São João de Pirabas,PA,1987,2078.37,1483.74,31.21,22.08,82.93,0.6,1.79,6866.78
1507474,São João de Pirabas,PA,1988,3531.25,1381.12,31.29,22.36,84.62,0.55,1.45,6439.61
1507474,São João de Pirabas,PA,1989,3046.36,1365.41,31.38,21.86,84.03,0.56,1.11,6485.38
1507474,São João de Pirabas,PA,1990,2428.66,1467.21,31.83,21.6,81.92,0.64,1.27,6910.3
1507474,São João de Pirabas,PA,1991,3482.44,1399.75,31.09,22.62,82.49,0.63,1.79,6282.58
1507474,São João de Pirabas,PA,1992,2163.52,1552.22,31.27,23.55,80.45,0.72,2.09,6889.97
1507474,São João de Pirabas,PA,1993,2152.4,1477.85,31.32,22.55,82.74,0.62,1.95,6751.64
1507474,São João de Pirabas,PA,1994,3076.66,1408.45,30.96,22.35,84.43,0.55,1.74,6568.48
1507474,São João de Pirabas,PA,1995,3109.12,1451.75,31.37,22.41,82.71,0.62,1.68,6649.69
1507474,São João de Pirabas,PA,1996,3161.44,1455.03,31.34,22.6,83.01,0.61,1.62,6681.21
1507474,São João de Pirabas,PA,1997,2306.6,1502.98,31.71,22.45,82.11,0.65,1.67,6847.3
1507474,São João de Pirabas,PA,1998,2172.1,1555.29,32.41,23.0,82.37,0.66,1.98,6944.54
1507474,São João de Pirabas,PA,1999,2735.05,1458.76,31.62,21.94,82.99,0.6,1.71,6718.96
1507474,São João de Pirabas,PA,2000,3011.59,1471.97,31.52,22.82,84.17,0.58,1.55,6851.96
1507508,São João do Araguaia,PA,1981,1485.8,1431.43,32.35,22.21,71.94,1.03,1.11,6279.12
1507508,São João do Araguaia,PA,1982,1430.02,1407.12,32.15,22.07,77.03,0.83,1.14,6372.43
1507508,São João do Araguaia,PA,1983,1564.43,1482.92,32.42,22.58,75.05,0.92,1.48,6331.43
1507508,São João do Araguaia,PA,1984,2034.35,1455.08,31.81,21.95,74.61,0.91,1.27,6499.46
1507508,São João do Araguaia,PA,1985,2422.18,1355.99,31.53,22.14,76.4,0.85,1.12,6147.33
1507508,São João do Araguaia,PA,1986,2075.17,1372.47,31.83,22.06,81.5,0.67,1.18,6308.5
1507508,São João do Araguaia,PA,1987,1362.7,1446.33,33.22,22.65,77.97,0.84,1.16,6394.11
1507508,São João do Araguaia,PA,1988,2202.76,1441.82,32.51,22.19,78.77,0.78,1.15,6550.98
1507508,São João do Araguaia,PA,1989,2254.49,1381.89,31.79,22.38,80.49,0.71,1.07,6402.12
1507508,São João do Araguaia,PA,1990,1469.81,1448.83,32.42,22.65,78.43,0.8,1.14,6576.49
1507508,São João do Araguaia,PA,1991,1388.42,1356.61,32.49,22.49,79.78,0.75,1.12,6071.45
1507508,São João do Araguaia,PA,1992,1368.52,1418.84,32.91,22.71,78.52,0.81,1.14,6305.3
1507508,São João do Araguaia,PA,1993,1354.78,1407.02,32.4,22.74,80.96,0.71,1.0,6486.0
1507508,São João do Araguaia,PA,1994,1856.47,1386.19,32.32,22.56,80.58,0.72,1.04,6349.03
1507508,São João do Araguaia,PA,1995,1977.04,1418.64,32.6,22.73,78.44,0.82,0.86,6549.0
1507508,São João do Araguaia,PA,1996,1781.16,1428.06,32.34,22.78,75.51,0.92,0.83,6557.26
1507508,São João do Araguaia,PA,1997,1520.97,1447.91,32.51,22.96,72.7,1.04,0.93,6536.59
1507508,São João do Araguaia,PA,1998,1472.34,1490.65,33.07,23.71,73.12,1.06,0.95,6643.88
1507508,São João do Araguaia,PA,1999,1850.13,1420.48,32.31,22.77,78.51,0.8,0.9,6595.18
1507508,São João do Araguaia,PA,2000,1865.89,1428.46,32.24,23.1,78.6,0.81,0.87,6655.6
1507607,São Miguel do Guamá,PA,1981,1755.92,1460.56,31.53,21.79,81.17,0.66,1.47,6712.84
1507607,São Miguel do Guamá,PA,1982,2228.62,1388.54,31.1,21.92,82.97,0.59,1.35,6459.14
1507607,São Miguel do Guamá,PA,1983,1863.69,1529.19,31.8,22.18,78.49,0.77,1.7,6828.3
1507607,São Miguel do Guamá,PA,1984,2888.77,1393.25,31.01,21.87,82.35,0.61,1.27,6553.02
1507607,São Miguel do Guamá,PA,1985,3353.25,1358.6,30.7,21.91,80.65,0.67,1.26,6313.21
1507607,São Miguel do Guamá,PA,1986,2930.56,1388.49,31.02,22.01,84.66,0.54,1.4,6576.17
1507607,São Miguel do Guamá,PA,1987,2146.7,1497.61,31.53,22.51,83.02,0.61,1.75,6909.51
1507607,São Miguel do Guamá,PA,1988,2940.66,1393.87,31.32,22.6,84.65,0.55,1.38,6540.14
1507607,São Miguel do Guamá,PA,1989,2818.14,1360.19,31.22,22.14,84.07,0.56,1.0,6521.19
1507607,São Miguel do Guamá,PA,1990,2265.85,1474.43,31.71,22.41,82.45,0.63,1.29,6933.39
1507607,São Miguel do Guamá,PA,1991,1873.8,1402.26,31.07,22.65,82.34,0.63,1.76,6294.67
1507607,São Miguel do Guamá,PA,1992,2031.09,1538.66,31.16,23.0,80.32,0.71,2.03,6882.43
1507607,São Miguel do Guamá,PA,1993,2338.85,1473.25,31.09,22.91,82.75,0.62,1.91,6758.39
1507607,São Miguel do Guamá,PA,1994,3963.02,1411.68,30.94,22.9,84.48,0.56,1.75,6579.47
1507607,São Miguel do Guamá,PA,1995,2431.67,1456.05,31.31,22.83,82.44,0.64,1.68,6647.33
1507607,São Miguel do Guamá,PA,1996,2169.11,1458.46,31.3,22.83,82.79,0.62,1.63,6682.62
1507607,São Miguel do Guamá,PA,1997,2218.69,1506.98,31.63,22.86,81.87,0.66,1.66,6841.65
1507607,São Miguel do Guamá,PA,1998,2667.5,1556.72,32.33,23.61,82.17,0.68,1.95,6937.0
1507607,São Miguel do Guamá,PA,1999,2481.0,1465.37,31.62,22.78,82.85,0.62,1.67,6710.17
1507607,São Miguel do Guamá,PA,2000,2646.68,1472.17,31.49,23.02,84.28,0.57,1.56,6858.09
1507706,São Sebastião da Boa Vista,PA,1981,2023.19,1483.38,31.84,23.04,83.55,0.61,1.46,6890.5
1507706,São Sebastião da Boa Vista,PA,1982,2432.78,1425.04,31.39,22.89,84.94,0.55,1.47,6697.76
1507706,São Sebastião da Boa Vista,PA,1983,1802.27,1536.41,31.78,23.11,79.85,0.74,1.69,6926.95
1507706,São Sebastião da Boa Vista,PA,1984,2907.92,1432.15,31.38,22.52,81.85,0.65,1.35,6654.5
1507706,São Sebastião da Boa Vista,PA,1985,2927.34,1382.25,31.04,22.56,80.73,0.69,1.35,6343.06
1507706,São Sebastião da Boa Vista,PA,1986,2726.74,1391.0,31.23,22.45,85.05,0.53,1.41,6565.65
1507706,São Sebastião da Boa Vista,PA,1987,2064.26,1462.04,31.83,22.85,83.27,0.61,1.41,6800.02
1507706,São Sebastião da Boa Vista,PA,1988,3013.18,1372.11,31.6,22.65,85.51,0.53,1.14,6482.18
1507706,São Sebastião da Boa Vista,PA,1989,3107.19,1337.21,31.13,22.49,85.88,0.5,1.08,6379.5
1507706,São Sebastião da Boa Vista,PA,1990,2470.68,1443.87,31.56,22.69,84.94,0.55,1.27,6867.88
1507706,São Sebastião da Boa Vista,PA,1991,2006.82,1363.11,31.19,22.59,84.77,0.55,1.36,6367.4
1507706,São Sebastião da Boa Vista,PA,1992,2141.34,1481.18,31.33,22.65,83.35,0.6,1.6,6914.48
1507706,São Sebastião da Boa Vista,PA,1993,2219.87,1448.27,31.24,23.1,84.41,0.57,1.63,6778.34
1507706,São Sebastião da Boa Vista,PA,1994,2361.48,1416.9,31.21,23.58,85.23,0.54,1.53,6639.64
1507706,São Sebastião da Boa Vista,PA,1995,2361.2,1426.88,31.6,23.15,84.43,0.57,1.36,6658.8
1507706,São Sebastião da Boa Vista,PA,1996,2682.18,1411.83,31.55,23.01,84.89,0.55,1.4,6575.49
1507706,São Sebastião da Boa Vista,PA,1997,1994.7,1451.04,32.08,23.56,83.48,0.63,1.53,6584.03
1507706,São Sebastião da Boa Vista,PA,1998,2623.94,1493.41,32.56,24.11,83.62,0.64,1.45,6769.39
1507706,São Sebastião da Boa Vista,PA,1999,2891.83,1425.91,32.04,23.43,83.83,0.61,1.31,6547.9
1507706,São Sebastião da Boa Vista,PA,2000,3223.5,1474.53,31.97,23.41,83.67,0.61,1.34,6829.02
1507755,Sapucaia,PA,1981,1370.48,1380.66,32.19,21.15,75.71,0.86,1.18,6127.38
1507755,Sapucaia,PA,1982,1324.35,1373.29,32.03,21.18,78.59,0.75,1.25,6212.99
1507755,Sapucaia,PA,1983,1410.23,1465.37,32.67,21.54,71.45,1.04,1.39,6120.31
1507755,Sapucaia,PA,1984,1682.74,1406.82,31.97,20.79,73.03,0.94,1.25,6173.19
1507755,Sapucaia,PA,1985,2431.24,1277.74,31.46,20.92,78.03,0.76,1.13,5765.45
1507755,Sapucaia,PA,1986,1671.04,1355.17,31.86,20.97,79.58,0.71,1.32,6070.82
1507755,Sapucaia,PA,1987,1297.37,1408.04,32.97,21.62,76.97,0.85,1.3,6104.76
1507755,Sapucaia,PA,1988,1592.59,1404.15,32.45,21.21,77.57,0.8,1.33,6155.44
1507755,Sapucaia,PA,1989,1754.41,1336.95,31.73,21.38,79.97,0.7,1.26,6054.17
1507755,Sapucaia,PA,1990,1336.52,1433.99,32.63,21.59,77.26,0.82,1.35,6300.8
1507755,Sapucaia,PA,1991,1663.04,1320.32,32.3,21.37,78.41,0.77,1.35,5696.17
1507755,Sapucaia,PA,1992,1578.71,1397.19,32.48,21.28,77.6,0.8,1.43,6035.27
1507755,Sapucaia,PA,1993,1642.49,1385.88,32.34,21.1,80.17,0.7,1.35,6225.24
1507755,Sapucaia,PA,1994,1900.75,1367.2,32.28,21.26,79.91,0.72,1.28,6138.37
1507755,Sapucaia,PA,1995,1977.26,1399.24,32.68,21.54,77.76,0.81,1.22,6210.95
1507755,Sapucaia,PA,1996,1626.83,1395.3,32.58,21.62,77.53,0.82,1.03,6317.86
1507755,Sapucaia,PA,1997,1473.0,1442.59,32.58,21.73,74.27,0.94,1.05,6495.27
1507755,Sapucaia,PA,1998,1401.05,1496.38,33.46,22.46,73.97,1.0,1.06,6627.7
1507755,Sapucaia,PA,1999,1823.86,1432.0,32.46,21.57,78.2,0.79,1.04,6582.3
1507755,Sapucaia,PA,2000,1713.21,1446.94,32.31,21.79,78.37,0.78,0.98,6770.43
1507805,Senador José Porfírio,PA,1981,1224.7,1280.76,31.16,21.77,83.58,0.57,1.09,5997.94
1507805,Senador José Porfírio,PA,1982,1826.3,1294.37,31.06,22.05,85.44,0.51,1.14,6122.19
1507805,Senador José Porfírio,PA,1983,1278.49,1362.59,31.8,22.13,77.95,0.79,1.28,6018.83
1507805,Senador José Porfírio,PA,1984,2320.77,1287.82,30.97,21.02,78.93,0.71,0.99,6003.85
1507805,Senador José Porfírio,PA,1985,2304.3,1202.81,30.68,21.06,79.23,0.7,0.96,5532.96
1507805,Senador José Porfírio,PA,1986,2238.81,1222.2,30.71,21.18,86.01,0.47,0.83,5895.99
1507805,Senador José Porfírio,PA,1987,1502.52,1254.04,31.43,22.02,84.35,0.56,0.93,5866.14
1507805,Senador José Porfírio,PA,1988,2351.93,1243.7,30.97,22.03,84.95,0.52,0.92,5890.12
1507805,Senador José Porfírio,PA,1989,2406.09,1239.76,30.66,21.82,86.19,0.48,0.88,5957.72
1507805,Senador José Porfírio,PA,1990,1831.39,1333.27,31.35,22.18,84.77,0.54,1.05,6297.19
1507805,Senador José Porfírio,PA,1991,1788.39,1235.77,31.17,21.9,84.91,0.53,1.15,5695.07
1507805,Senador José Porfírio,PA,1992,1335.83,1388.24,31.58,21.32,83.64,0.57,1.68,6325.4
1507805,Senador José Porfírio,PA,1993,1849.43,1355.53,31.4,22.06,84.78,0.54,1.58,6258.23
1507805,Senador José Porfírio,PA,1994,2260.75,1326.56,31.48,22.04,85.65,0.51,1.43,6183.93
1507805,Senador José Porfírio,PA,1995,1826.29,1337.67,31.77,22.0,84.34,0.56,1.47,6084.02
1507805,Senador José Porfírio,PA,1996,2007.74,1366.94,31.66,21.67,83.32,0.59,1.51,6201.94
1507805,Senador José Porfírio,PA,1997,1727.95,1445.51,31.87,21.09,80.37,0.69,1.63,6442.49
1507805,Senador José Porfírio,PA,1998,1632.42,1455.13,32.17,21.48,81.27,0.67,1.57,6549.62
1507805,Senador José Porfírio,PA,1999,1995.25,1399.8,31.54,21.95,82.76,0.61,1.38,6465.74
1507805,Senador José Porfírio,PA,2000,2262.58,1420.79,31.66,22.02,82.95,0.61,1.45,6535.43
1507904,Soure,PA,1981,1781.2,1461.78,31.22,24.04,82.87,0.64,1.42,6741.74
1507904,Soure,PA,1982,2824.18,1389.72,30.69,23.9,84.38,0.57,1.36,6485.22
1507904,Soure,PA,1983,2328.49,1525.76,31.39,24.25,79.99,0.75,1.67,6859.24
1507904,Soure,PA,1984,3225.5,1419.92,31.06,23.63,82.56,0.64,1.31,6578.79
1507904,Soure,PA,1985,4102.48,1384.86,30.75,23.68,80.81,0.7,1.3,6332.69
1507904,Soure,PA,1986,3407.39,1412.29,31.12,23.89,85.04,0.56,1.45,6589.52
1507904,Soure,PA,1987,3339.3,1499.76,31.86,24.49,83.19,0.65,1.38,6892.23
1507904,Soure,PA,1988,3706.48,1405.28,31.56,24.19,85.27,0.56,1.17,6550.82
1507904,Soure,PA,1989,3528.09,1366.74,31.22,23.86,85.56,0.54,1.01,6456.94
1507904,Soure,PA,1990,2565.67,1475.09,31.76,24.51,84.08,0.61,1.16,6876.84
1507904,Soure,PA,1991,3147.94,1378.87,30.72,24.39,83.84,0.6,1.39,6341.64
1507904,Soure,PA,1992,2268.88,1511.68,30.69,24.81,82.23,0.67,1.66,6955.48
1507904,Soure,PA,1993,2631.21,1468.69,30.87,24.83,84.1,0.61,1.72,6779.44
1507904,Soure,PA,1994,2971.94,1428.52,30.47,24.7,84.55,0.58,1.58,6666.97
1507904,Soure,PA,1995,3088.14,1420.84,30.88,23.51,84.41,0.57,1.39,6692.57
1507904,Soure,PA,1996,3063.01,1402.0,30.97,22.92,85.11,0.54,1.36,6621.83
1507904,Soure,PA,1997,2327.96,1449.04,31.01,24.11,83.96,0.61,1.52,6703.88
1507904,Soure,PA,1998,2512.57,1505.44,31.44,25.31,84.01,0.63,1.7,6866.15
1507904,Soure,PA,1999,2992.3,1418.89,30.87,24.76,84.67,0.58,1.34,6620.78
1507904,Soure,PA,2000,3095.44,1450.88,30.74,24.68,84.66,0.58,1.26,6829.5
1507953,Tailândia,PA,1981,1587.46,1450.37,31.77,22.75,79.43,0.75,1.21,6673.41
1507953,Tailândia,PA,1982,2331.97,1382.35,31.42,22.76,85.33,0.53,1.25,6531.09
1507953,Tailândia,PA,1983,1557.94,1509.94,31.87,23.06,77.61,0.82,1.54,6663.04
1507953,Tailândia,PA,1984,2768.34,1425.6,31.44,22.38,80.9,0.68,1.18,6644.45
1507953,Tailândia,PA,1985,3108.02,1353.84,31.01,22.32,80.48,0.69,1.18,6255.87
1507953,Tailândia,PA,1986,2702.7,1351.23,31.22,22.19,86.76,0.47,1.19,6487.73
1507953,Tailândia,PA,1987,2008.15,1400.42,31.83,22.81,85.03,0.55,1.25,6557.48
1507953,Tailândia,PA,1988,2916.65,1357.78,31.51,22.57,86.04,0.5,1.08,6456.26
1507953,Tailândia,PA,1989,2677.15,1338.39,31.13,22.28,85.9,0.5,0.99,6427.73
1507953,Tailândia,PA,1990,1943.5,1437.17,31.94,22.43,84.67,0.56,1.18,6803.48
1507953,Tailândia,PA,1991,1623.25,1349.39,31.67,22.31,84.85,0.54,1.28,6279.44
1507953,Tailândia,PA,1992,1484.4,1455.9,31.68,22.36,83.91,0.58,1.43,6838.29
1507953,Tailândia,PA,1993,2253.98,1401.39,31.28,22.62,85.38,0.53,1.35,6655.66
1507953,Tailândia,PA,1994,2706.46,1399.09,31.27,22.95,85.38,0.53,1.34,6628.64
1507953,Tailândia,PA,1995,2048.11,1405.33,31.61,22.93,84.29,0.58,1.28,6554.97
1507953,Tailândia,PA,1996,2410.12,1426.26,31.59,22.91,83.35,0.61,1.36,6597.79
1507953,Tailândia,PA,1997,1691.46,1483.54,32.08,23.35,80.86,0.72,1.48,6672.31
1507953,Tailândia,PA,1998,1968.49,1500.73,32.64,23.95,81.52,0.71,1.39,6746.3
1507953,Tailândia,PA,1999,2591.9,1420.12,32.11,23.25,84.4,0.58,1.28,6574.29
1507953,Tailândia,PA,2000,2635.72,1453.9,32.18,23.24,85.01,0.56,1.35,6751.9
1507961,Terra Alta,PA,1981,1715.57,1451.96,31.45,22.32,81.78,0.65,1.41,6714.1
1507961,Terra Alta,PA,1982,2379.87,1386.7,31.01,22.35,83.32,0.59,1.38,6443.28
1507961,Terra Alta,PA,1983,2047.41,1518.59,31.68,22.6,79.76,0.73,1.72,6829.87
1507961,Terra Alta,PA,1984,2792.22,1394.33,31.0,22.2,82.5,0.61,1.28,6541.71
1507961,Terra Alta,PA,1985,3516.25,1359.73,30.67,22.27,80.83,0.67,1.27,6302.68
1507961,Terra Alta,PA,1986,2966.93,1390.74,31.0,22.41,84.59,0.55,1.41,6557.01
1507961,Terra Alta,PA,1987,3119.81,1495.0,31.61,22.97,83.2,0.61,1.68,6896.32
1507961,Terra Alta,PA,1988,3256.85,1388.59,31.34,22.95,85.39,0.53,1.36,6524.28
1507961,Terra Alta,PA,1989,3225.33,1357.48,31.16,22.54,84.34,0.56,1.0,6481.76
1507961,Terra Alta,PA,1990,2399.72,1470.43,31.67,22.96,82.44,0.64,1.26,6884.06
1507961,Terra Alta,PA,1991,2576.44,1400.62,30.9,23.09,82.4,0.63,1.76,6296.4
1507961,Terra Alta,PA,1992,1993.91,1538.45,30.97,23.46,80.4,0.72,2.04,6887.46
1507961,Terra Alta,PA,1993,2114.05,1469.15,30.97,23.37,83.14,0.61,1.91,6751.8
1507961,Terra Alta,PA,1994,3442.28,1413.16,30.78,23.35,84.4,0.56,1.73,6579.63
1507961,Terra Alta,PA,1995,2636.67,1439.47,31.18,23.0,83.76,0.59,1.66,6647.8
1507961,Terra Alta,PA,1996,2551.32,1425.85,31.17,22.85,84.58,0.56,1.61,6629.52
1507961,Terra Alta,PA,1997,2227.85,1474.27,31.44,23.15,83.75,0.6,1.66,6792.64
1507961,Terra Alta,PA,1998,2297.89,1522.33,32.09,24.02,83.97,0.61,1.9,6903.07
1507961,Terra Alta,PA,1999,2825.85,1435.73,31.42,23.28,84.52,0.57,1.67,6650.95
1507961,Terra Alta,PA,2000,2943.86,1469.15,31.28,23.39,84.18,0.58,1.54,6846.3
1507979,Terra Santa,PA,1981,1851.71,1336.65,31.52,23.52,84.89,0.56,1.11,6203.88
1507979,Terra Santa,PA,1982,2149.97,1386.24,31.57,23.56,85.07,0.57,1.24,6380.76
1507979,Terra Santa,PA,1983,1154.13,1437.37,32.4,23.88,81.8,0.7,1.25,6474.85
1507979,Terra Santa,PA,1984,2736.74,1335.37,31.05,22.99,80.81,0.69,1.07,6167.69
1507979,Terra Santa,PA,1985,2530.43,1314.28,31.22,22.97,81.5,0.67,1.07,6045.69
1507979,Terra Santa,PA,1986,2299.34,1314.64,31.21,22.89,85.13,0.54,1.06,6182.2
1507979,Terra Santa,PA,1987,2029.46,1378.72,32.09,23.27,82.98,0.64,0.99,6360.96
1507979,Terra Santa,PA,1988,2854.06,1296.32,31.21,23.13,85.98,0.51,0.86,6142.08
1507979,Terra Santa,PA,1989,3006.71,1321.96,30.95,22.58,86.68,0.48,1.12,6310.38
1507979,Terra Santa,PA,1990,2190.3,1362.49,31.64,22.87,85.89,0.52,1.21,6376.04
1507979,Terra Santa,PA,1991,2225.28,1285.41,31.42,21.78,85.35,0.52,1.14,6019.14
1507979,Terra Santa,PA,1992,1439.16,1371.35,32.03,21.96,84.71,0.55,1.29,6348.97
1507979,Terra Santa,PA,1993,2234.52,1326.56,31.57,22.89,86.1,0.51,0.87,6280.85
1507979,Terra Santa,PA,1994,2567.73,1312.39,31.29,23.18,86.79,0.49,0.81,6249.9
1507979,Terra Santa,PA,1995,2356.56,1365.92,32.24,23.46,85.41,0.56,0.81,6388.92
1507979,Terra Santa,PA,1996,2554.8,1353.79,31.82,23.42,85.43,0.55,0.86,6369.23
1507979,Terra Santa,PA,1997,1616.18,1418.54,32.58,23.76,82.07,0.71,0.83,6556.85
1507979,Terra Santa,PA,1998,2109.8,1411.32,32.86,24.19,83.44,0.65,0.78,6519.46
1507979,Terra Santa,PA,1999,2818.45,1351.44,31.59,23.3,86.15,0.52,0.76,6435.42
1507979,Terra Santa,PA,2000,2518.19,1324.57,31.54,23.13,85.76,0.53,0.74,6292.1
1508001,Tomé-Açu,PA,1981,1618.34,1452.57,31.68,22.59,79.12,0.75,1.24,6654.87
1508001,Tomé-Açu,PA,1982,2167.79,1371.55,31.28,22.56,85.24,0.53,1.28,6467.0
1508001,Tomé-Açu,PA,1983,1429.83,1516.6,31.77,22.84,78.05,0.8,1.64,6706.4
1508001,Tomé-Açu,PA,1984,2767.86,1417.05,31.22,22.2,80.95,0.67,1.24,6605.02
1508001,Tomé-Açu,PA,1985,3171.35,1362.18,30.88,22.23,80.53,0.68,1.26,6286.5
1508001,Tomé-Açu,PA,1986,2789.2,1365.36,31.13,22.21,86.43,0.48,1.3,6537.22
1508001,Tomé-Açu,PA,1987,2157.86,1421.81,31.76,22.84,84.93,0.55,1.25,6688.33
1508001,Tomé-Açu,PA,1988,3011.48,1376.82,31.47,22.69,85.99,0.51,1.15,6546.11
1508001,Tomé-Açu,PA,1989,2540.63,1355.28,31.17,22.29,85.71,0.51,0.98,6527.63
1508001,Tomé-Açu,PA,1990,1843.58,1450.52,31.95,22.45,83.81,0.59,1.12,6864.27
1508001,Tomé-Açu,PA,1991,1854.81,1390.8,31.5,22.39,82.84,0.62,1.39,6388.92
1508001,Tomé-Açu,PA,1992,1445.23,1496.18,31.39,22.51,81.15,0.68,1.56,6910.71
1508001,Tomé-Açu,PA,1993,2001.96,1426.83,31.17,22.72,84.44,0.56,1.47,6736.24
1508001,Tomé-Açu,PA,1994,2524.64,1406.41,31.05,22.97,85.38,0.53,1.4,6689.75
1508001,Tomé-Açu,PA,1995,2266.91,1411.42,31.49,22.9,84.77,0.56,1.31,6624.56
1508001,Tomé-Açu,PA,1996,2546.31,1418.18,31.5,22.84,84.83,0.55,1.36,6630.31
1508001,Tomé-Açu,PA,1997,1926.59,1466.18,31.87,23.1,83.53,0.61,1.49,6770.65
1508001,Tomé-Açu,PA,1998,2303.62,1482.26,32.49,23.75,83.89,0.62,1.4,6787.3
1508001,Tomé-Açu,PA,1999,2854.64,1420.79,31.94,23.09,85.27,0.55,1.3,6641.05
1508001,Tomé-Açu,PA,2000,2632.97,1453.49,31.92,23.17,85.19,0.55,1.32,6796.66
1508035,Tracuateua,PA,1981,1796.84,1458.05,31.58,20.74,81.09,0.65,1.52,6700.74
1508035,Tracuateua,PA,1982,2333.28,1402.0,31.08,21.26,81.9,0.62,1.59,6375.57
1508035,Tracuateua,PA,1983,1532.3,1543.78,32.05,21.61,78.18,0.77,1.76,6824.68
1508035,Tracuateua,PA,1984,2615.84,1371.7,31.06,21.6,82.67,0.6,1.27,6424.37
1508035,Tracuateua,PA,1985,3849.32,1341.46,30.72,21.52,80.52,0.66,1.26,6211.89
1508035,Tracuateua,PA,1986,3366.31,1387.37,31.12,21.58,83.71,0.57,1.49,6468.1
1508035,Tracuateua,PA,1987,2017.23,1478.01,31.02,21.79,82.97,0.59,1.79,6866.31
1508035,Tracuateua,PA,1988,3248.58,1381.48,31.31,22.17,84.57,0.55,1.45,6443.38
1508035,Tracuateua,PA,1989,2950.52,1361.72,31.47,21.61,84.07,0.56,1.09,6484.59
1508035,Tracuateua,PA,1990,1858.73,1460.15,31.98,20.93,81.79,0.63,1.23,6889.87
1508035,Tracuateua,PA,1991,2976.31,1408.04,31.42,22.3,82.48,0.63,1.8,6288.23
1508035,Tracuateua,PA,1992,2010.43,1552.68,31.42,23.39,80.43,0.72,2.09,6875.36
1508035,Tracuateua,PA,1993,2102.44,1473.76,31.45,22.11,82.73,0.61,1.93,6723.99
1508035,Tracuateua,PA,1994,2739.02,1411.01,31.01,21.88,83.61,0.57,1.68,6543.5
1508035,Tracuateua,PA,1995,2674.56,1447.96,31.48,22.1,82.77,0.61,1.65,6627.38
1508035,Tracuateua,PA,1996,2647.51,1458.46,31.4,22.47,83.12,0.61,1.59,6711.21
1508035,Tracuateua,PA,1997,2170.79,1505.44,31.83,22.08,82.24,0.64,1.65,6876.36
1508035,Tracuateua,PA,1998,2287.21,1555.39,32.59,22.43,82.45,0.65,1.98,6950.51
1508035,Tracuateua,PA,1999,2575.9,1455.39,31.73,21.24,83.02,0.59,1.72,6712.21
1508035,Tracuateua,PA,2000,2706.19,1476.06,31.65,22.45,83.4,0.6,1.51,6834.99
1508050,Trairão,PA,1981,1786.7,1287.56,31.09,22.32,84.97,0.53,0.93,6115.44
1508050,Trairão,PA,1982,2359.15,1338.69,31.14,22.21,85.2,0.53,0.98,6367.72
1508050,Trairão,PA,1983,1607.15,1382.86,31.81,22.65,82.51,0.64,1.01,6473.12
1508050,Trairão,PA,1984,2284.64,1300.51,30.78,21.86,78.87,0.73,0.86,6136.43
1508050,Trairão,PA,1985,2478.1,1265.61,30.64,21.84,81.06,0.65,0.87,5998.88
1508050,Trairão,PA,1986,2276.07,1284.19,30.85,22.12,85.21,0.52,0.9,6138.53
1508050,Trairão,PA,1987,1889.83,1333.93,31.67,22.43,83.28,0.61,0.82,6290.9
1508050,Trairão,PA,1988,2556.44,1277.58,31.17,22.46,85.3,0.53,0.73,6110.51
1508050,Trairão,PA,1989,3004.52,1307.06,30.68,21.98,86.28,0.48,1.07,6289.96
1508050,Trairão,PA,1990,2505.91,1341.15,31.78,21.35,85.93,0.49,1.05,6374.79
1508050,Trairão,PA,1991,2474.15,1260.44,32.02,20.97,86.25,0.49,1.0,5910.75
1508050,Trairão,PA,1992,1820.44,1374.67,32.56,22.04,85.14,0.55,1.23,6323.52
1508050,Trairão,PA,1993,2448.16,1311.77,31.76,22.17,86.84,0.47,0.78,6264.51
1508050,Trairão,PA,1994,2721.8,1301.23,31.75,22.13,87.42,0.46,0.69,6240.48
1508050,Trairão,PA,1995,2685.1,1342.07,32.29,22.21,85.93,0.52,0.69,6380.91
1508050,Trairão,PA,1996,2539.75,1329.07,31.92,21.99,85.99,0.51,0.76,6348.03
1508050,Trairão,PA,1997,1785.1,1386.34,32.63,22.23,82.56,0.66,0.74,6531.25
1508050,Trairão,PA,1998,1870.17,1384.45,32.95,22.88,84.04,0.61,0.7,6488.99
1508050,Trairão,PA,1999,2372.44,1337.11,32.06,21.84,86.26,0.5,0.67,6421.91
1508050,Trairão,PA,2000,2467.88,1307.32,31.77,22.24,86.44,0.49,0.65,6258.64
1508084,Tucumã,PA,1981,1353.46,1309.62,31.72,20.77,78.18,0.75,1.17,5899.44
1508084,Tucumã,PA,1982,1930.43,1305.48,31.49,21.0,81.57,0.63,1.24,6011.76
1508084,Tucumã,PA,1983,1641.52,1390.85,32.25,21.42,73.95,0.93,1.39,5861.74
1508084,Tucumã,PA,1984,2124.94,1342.12,31.77,20.63,75.83,0.83,1.28,5895.93
1508084,Tucumã,PA,1985,2454.12,1235.1,31.26,20.69,78.6,0.73,1.22,5471.23
1508084,Tucumã,PA,1986,2365.31,1263.76,31.55,20.81,84.05,0.55,1.19,5856.09
1508084,Tucumã,PA,1987,2009.11,1292.83,32.33,21.64,81.85,0.65,1.19,5798.44
1508084,Tucumã,PA,1988,1909.41,1307.27,32.23,21.32,82.18,0.63,1.24,5903.16
1508084,Tucumã,PA,1989,1988.7,1280.55,31.61,21.29,83.69,0.57,1.21,5929.92
1508084,Tucumã,PA,1990,1700.1,1347.19,32.31,21.55,82.56,0.62,1.22,6153.77
1508084,Tucumã,PA,1991,2225.66,1231.11,32.2,21.2,83.22,0.59,1.23,5498.87
1508084,Tucumã,PA,1992,1776.01,1302.0,32.05,20.93,82.55,0.61,1.3,5898.29
1508084,Tucumã,PA,1993,1973.22,1314.59,32.02,20.85,83.47,0.57,1.25,6071.77
1508084,Tucumã,PA,1994,2049.88,1294.57,31.79,21.0,83.19,0.58,1.21,5984.27
1508084,Tucumã,PA,1995,2213.33,1339.82,32.56,21.88,81.14,0.7,1.23,5995.11
1508084,Tucumã,PA,1996,1818.73,1355.33,32.61,21.55,80.25,0.72,1.03,6141.93
1508084,Tucumã,PA,1997,1823.44,1411.22,32.18,21.28,75.14,0.89,1.06,6380.76
1508084,Tucumã,PA,1998,1891.86,1469.56,33.05,21.97,74.87,0.94,1.06,6570.67
1508084,Tucumã,PA,1999,2242.91,1389.72,31.88,21.51,82.29,0.63,1.09,6499.83
1508084,Tucumã,PA,2000,2279.31,1416.95,31.87,21.73,82.1,0.64,1.14,6644.76
1508100,Tucuruí,PA,1981,1663.74,1357.02,31.83,22.3,80.61,0.7,0.97,6309.6
1508100,Tucuruí,PA,1982,2162.6,1371.35,31.75,22.52,83.96,0.58,1.06,6444.38
1508100,Tucuruí,PA,1983,1453.6,1452.62,32.32,23.01,76.86,0.86,1.32,6349.34
1508100,Tucuruí,PA,1984,2631.05,1396.37,31.99,22.35,79.46,0.75,1.01,6446.68
1508100,Tucuruí,PA,1985,2769.31,1321.65,31.4,22.2,79.84,0.72,1.02,6092.35
1508100,Tucuruí,PA,1986,2596.6,1335.78,31.46,22.04,85.81,0.5,1.01,6376.36
1508100,Tucuruí,PA,1987,1736.59,1366.43,31.77,23.06,83.18,0.62,1.03,6357.82
1508100,Tucuruí,PA,1988,2488.91,1344.02,31.31,22.78,84.19,0.57,0.98,6366.72
1508100,Tucuruí,PA,1989,2658.41,1322.21,31.08,22.54,84.91,0.54,0.88,6332.37
1508100,Tucuruí,PA,1990,1891.3,1396.17,31.74,22.65,84.37,0.57,1.01,6613.4
1508100,Tucuruí,PA,1991,1821.89,1300.46,31.6,22.58,84.91,0.54,1.07,6048.68
1508100,Tucuruí,PA,1992,1410.41,1415.57,32.02,22.63,83.72,0.6,1.25,6568.42
1508100,Tucuruí,PA,1993,2184.8,1383.78,31.74,22.37,84.9,0.55,1.15,6529.99
1508100,Tucuruí,PA,1994,2599.89,1356.45,31.54,22.06,85.05,0.53,1.16,6421.6
1508100,Tucuruí,PA,1995,1897.44,1379.74,31.87,22.82,83.17,0.63,1.08,6392.22
1508100,Tucuruí,PA,1996,2091.92,1419.0,31.88,22.86,81.86,0.67,1.25,6482.96
1508100,Tucuruí,PA,1997,1694.42,1443.61,32.17,22.71,79.68,0.75,1.39,6441.86
1508100,Tucuruí,PA,1998,1805.8,1459.48,32.58,23.28,81.02,0.72,1.33,6547.27
1508100,Tucuruí,PA,1999,2483.28,1412.65,32.2,22.93,82.24,0.66,1.18,6483.02
1508100,Tucuruí,PA,2000,2051.92,1459.84,32.73,23.12,82.41,0.67,1.22,6635.97
1508126,Ulianópolis,PA,1981,1543.04,1483.94,32.59,21.94,72.95,0.99,1.3,6419.24
1508126,Ulianópolis,PA,1982,1720.66,1446.68,32.24,21.82,78.77,0.77,1.34,6462.76
1508126,Ulianópolis,PA,1983,987.85,1516.96,32.81,22.05,74.15,0.95,1.45,6458.99
1508126,Ulianópolis,PA,1984,2149.37,1423.24,31.94,21.41,78.52,0.76,1.11,6539.2
1508126,Ulianópolis,PA,1985,2518.29,1352.41,31.51,21.87,79.92,0.71,1.14,6191.15
1508126,Ulianópolis,PA,1986,1937.43,1402.16,31.69,21.55,81.31,0.66,1.35,6424.27
1508126,Ulianópolis,PA,1987,1222.82,1504.21,33.0,21.99,78.4,0.8,1.42,6627.38
1508126,Ulianópolis,PA,1988,2106.18,1478.37,32.31,21.7,79.34,0.74,1.28,6750.17
1508126,Ulianópolis,PA,1989,2480.03,1431.59,31.92,21.76,81.39,0.67,1.19,6649.69
1508126,Ulianópolis,PA,1990,1231.91,1502.78,32.59,22.03,80.12,0.73,1.3,6863.33
1508126,Ulianópolis,PA,1991,1198.91,1432.97,32.65,22.03,80.38,0.72,1.29,6428.67
1508126,Ulianópolis,PA,1992,1305.38,1508.97,32.92,22.32,79.04,0.78,1.36,6730.06
1508126,Ulianópolis,PA,1993,1418.21,1472.84,32.62,22.37,81.46,0.69,1.24,6734.83
1508126,Ulianópolis,PA,1994,1603.4,1444.69,32.07,22.42,81.98,0.66,1.26,6663.2
1508126,Ulianópolis,PA,1995,1381.92,1464.39,32.54,22.47,78.84,0.79,1.2,6567.69
1508126,Ulianópolis,PA,1996,1517.96,1487.22,32.45,22.46,78.96,0.78,1.26,6703.83
1508126,Ulianópolis,PA,1997,1073.47,1508.77,32.63,22.47,77.36,0.85,1.29,6742.21
1508126,Ulianópolis,PA,1998,1276.52,1531.95,33.24,23.19,78.55,0.83,1.23,6829.71
1508126,Ulianópolis,PA,1999,1881.42,1456.82,32.4,22.45,79.96,0.74,1.14,6690.22
1508126,Ulianópolis,PA,2000,1660.7,1490.8,32.46,22.63,80.59,0.73,1.31,6751.42
1508159,Uruará,PA,1981,1172.34,1314.48,30.42,21.74,84.67,0.52,1.44,6200.89
1508159,Uruará,PA,1982,1492.94,1338.49,30.31,21.5,85.57,0.49,1.48,6386.73
1508159,Uruará,PA,1983,997.94,1438.09,31.25,21.78,78.68,0.74,1.55,6464.33
1508159,Uruará,PA,1984,2223.45,1341.05,30.08,20.94,78.92,0.69,1.28,6243.25
1508159,Uruará,PA,1985,2119.03,1289.56,29.66,21.06,79.59,0.67,1.3,5989.14
1508159,Uruará,PA,1986,1910.4,1296.67,29.92,21.13,84.64,0.51,1.37,6205.61
1508159,Uruará,PA,1987,1365.42,1368.12,30.84,21.61,82.71,0.6,1.4,6365.2
1508159,Uruará,PA,1988,1828.85,1288.02,30.18,21.4,85.19,0.5,1.21,6182.77
1508159,Uruará,PA,1989,2255.84,1280.96,29.8,21.06,87.12,0.43,1.16,6303.94
1508159,Uruará,PA,1990,1741.24,1317.56,30.36,21.17,86.65,0.45,1.2,6410.76
1508159,Uruará,PA,1991,1786.14,1241.65,30.32,20.93,86.34,0.46,1.15,5950.18
1508159,Uruará,PA,1992,1459.96,1379.38,31.03,21.0,84.68,0.52,1.54,6486.73
1508159,Uruará,PA,1993,1747.8,1326.1,30.37,21.47,86.15,0.47,1.33,6411.08
1508159,Uruará,PA,1994,2156.83,1282.8,30.14,21.42,87.6,0.42,1.15,6279.59
1508159,Uruará,PA,1995,1816.12,1349.49,30.72,21.71,86.01,0.49,1.27,6474.54
1508159,Uruará,PA,1996,1962.99,1359.47,30.8,21.55,85.69,0.49,1.22,6522.08
1508159,Uruará,PA,1997,1216.21,1405.64,31.21,21.58,83.03,0.6,1.32,6601.46
1508159,Uruará,PA,1998,1448.13,1416.95,31.65,22.19,83.81,0.58,1.23,6645.45
1508159,Uruará,PA,1999,2125.15,1360.04,30.65,21.79,85.63,0.5,1.13,6577.59
1508159,Uruará,PA,2000,2297.9,1344.12,30.52,21.84,85.87,0.49,1.12,6491.45
1508209,Vigia,PA,1981,1699.71,1462.5,31.37,23.21,81.89,0.66,1.43,6729.65
1508209,Vigia,PA,1982,2613.53,1384.86,30.91,23.09,84.0,0.58,1.39,6447.68
1508209,Vigia,PA,1983,2338.39,1521.72,31.54,23.36,79.87,0.74,1.71,6840.55
1508209,Vigia,PA,1984,2848.63,1405.13,31.05,22.82,82.45,0.63,1.31,6545.96
1508209,Vigia,PA,1985,3622.99,1371.3,30.69,22.91,80.87,0.68,1.31,6308.65
1508209,Vigia,PA,1986,3182.1,1396.17,31.04,23.11,84.97,0.55,1.43,6557.48
1508209,Vigia,PA,1987,3197.46,1500.99,31.76,23.72,83.32,0.63,1.59,6894.12
1508209,Vigia,PA,1988,3494.49,1394.53,31.45,23.55,85.58,0.54,1.33,6524.28
1508209,Vigia,PA,1989,3442.92,1357.99,31.17,23.18,85.31,0.54,1.0,6458.04
1508209,Vigia,PA,1990,2539.7,1457.48,31.73,23.73,84.08,0.6,1.13,6848.25
1508209,Vigia,PA,1991,2862.44,1378.2,30.81,23.67,84.36,0.57,1.69,6300.96
1508209,Vigia,PA,1992,2367.73,1509.18,30.82,24.0,82.65,0.64,2.01,6895.0
1508209,Vigia,PA,1993,2603.1,1465.47,30.88,24.02,83.68,0.61,1.94,6730.75
1508209,Vigia,PA,1994,2861.5,1412.8,30.64,24.0,84.99,0.55,1.73,6592.2
1508209,Vigia,PA,1995,2906.45,1435.63,31.06,23.28,84.46,0.57,1.65,6686.13
1508209,Vigia,PA,1996,3112.54,1417.97,31.09,22.92,85.09,0.54,1.61,6627.01
1508209,Vigia,PA,1997,2358.91,1462.19,31.26,23.6,84.0,0.6,1.67,6733.42
1508209,Vigia,PA,1998,2467.22,1515.01,31.82,24.61,84.04,0.62,1.84,6885.79
1508209,Vigia,PA,1999,2956.93,1433.12,31.21,23.99,84.63,0.57,1.62,6633.35
1508209,Vigia,PA,2000,3180.45,1464.7,31.08,23.94,84.6,0.57,1.53,6844.89
1508308,Viseu,PA,1981,1777.57,1504.72,31.51,21.25,78.29,0.75,1.73,6669.17
1508308,Viseu,PA,1982,2150.23,1427.75,30.99,21.58,81.27,0.65,1.7,6429.77
1508308,Viseu,PA,1983,1234.89,1552.07,31.97,21.9,77.29,0.81,1.72,6838.98
1508308,Viseu,PA,1984,2503.44,1380.92,30.94,21.79,81.59,0.64,1.26,6430.65
1508308,Viseu,PA,1985,3277.78,1332.91,30.47,21.69,80.9,0.65,1.27,6200.58
1508308,Viseu,PA,1986,2861.39,1400.26,30.96,21.8,83.25,0.58,1.59,6503.6
1508308,Viseu,PA,1987,1823.55,1484.76,31.24,22.11,83.17,0.6,1.81,6868.35
1508308,Viseu,PA,1988,2845.39,1396.27,31.22,22.32,84.83,0.54,1.47,6541.87
1508308,Viseu,PA,1989,2828.39,1367.71,31.27,21.79,83.96,0.56,1.19,6484.9
1508308,Viseu,PA,1990,1968.05,1485.53,32.23,21.72,81.6,0.66,1.34,6884.06
1508308,Viseu,PA,1991,2737.18,1438.34,31.95,22.59,82.19,0.66,1.83,6314.15
1508308,Viseu,PA,1992,1799.64,1569.83,31.63,23.19,79.81,0.74,2.12,6892.49
1508308,Viseu,PA,1993,2066.08,1494.23,31.43,22.64,82.04,0.65,1.98,6754.78
1508308,Viseu,PA,1994,2518.35,1425.24,31.04,22.23,83.19,0.59,1.75,6558.11
1508308,Viseu,PA,1995,2159.04,1469.82,31.36,22.5,81.78,0.65,1.74,6658.01
1508308,Viseu,PA,1996,2179.1,1472.79,31.39,22.7,81.96,0.65,1.72,6663.14
1508308,Viseu,PA,1997,1765.75,1534.05,31.75,22.44,81.01,0.69,1.7,6927.73
1508308,Viseu,PA,1998,2144.77,1574.07,32.42,23.17,81.27,0.7,2.0,6951.61
1508308,Viseu,PA,1999,2160.25,1483.07,31.63,22.09,81.85,0.65,1.81,6716.61
1508308,Viseu,PA,2000,2114.58,1478.78,31.48,22.78,83.16,0.61,1.63,6805.15
1508357,Vitória do Xingu,PA,1981,1372.55,1344.83,31.24,22.24,84.48,0.55,1.4,6267.18
1508357,Vitória do Xingu,PA,1982,1927.04,1355.99,31.14,22.47,86.16,0.49,1.42,6404.63
1508357,Vitória do Xingu,PA,1983,1282.95,1448.12,32.02,22.46,78.68,0.77,1.58,6325.93
1508357,Vitória do Xingu,PA,1984,2739.94,1361.78,31.07,21.07,79.51,0.7,1.18,6338.13
1508357,Vitória do Xingu,PA,1985,2571.53,1292.12,30.74,21.18,80.04,0.68,1.16,5977.04
1508357,Vitória do Xingu,PA,1986,2285.94,1298.52,30.88,21.36,84.92,0.52,1.07,6201.21
1508357,Vitória do Xingu,PA,1987,1561.09,1346.47,31.72,22.27,83.16,0.61,1.19,6209.38
1508357,Vitória do Xingu,PA,1988,2240.19,1303.28,31.16,22.49,84.72,0.54,1.1,6126.22
1508357,Vitória do Xingu,PA,1989,2577.46,1299.74,30.94,22.19,86.66,0.47,1.16,6193.35
1508357,Vitória do Xingu,PA,1990,2077.3,1391.41,31.58,22.65,86.07,0.51,1.26,6571.3
1508357,Vitória do Xingu,PA,1991,2132.69,1300.41,31.25,22.08,85.9,0.5,1.3,6056.37
1508357,Vitória do Xingu,PA,1992,1735.83,1446.99,31.61,21.16,83.97,0.55,1.76,6634.24
1508357,Vitória do Xingu,PA,1993,2141.26,1404.51,31.62,22.46,85.34,0.53,1.71,6495.27
1508357,Vitória do Xingu,PA,1994,2679.89,1364.64,31.74,22.49,87.23,0.46,1.5,6409.66
1508357,Vitória do Xingu,PA,1995,1950.43,1401.24,32.1,22.28,84.81,0.56,1.45,6417.36
1508357,Vitória do Xingu,PA,1996,2339.14,1403.49,31.91,21.78,85.0,0.54,1.52,6468.82
1508357,Vitória do Xingu,PA,1997,1910.09,1434.56,32.37,20.76,82.74,0.61,1.68,6398.19
1508357,Vitória do Xingu,PA,1998,1904.53,1458.35,32.62,21.12,83.15,0.6,1.63,6577.74
1508357,Vitória do Xingu,PA,1999,2270.18,1390.54,31.92,22.1,84.75,0.55,1.4,6415.47
1508357,Vitória do Xingu,PA,2000,2387.69,1423.81,32.04,22.07,84.47,0.57,1.4,6576.9
1508407,Xinguara,PA,1981,1449.76,1381.89,32.17,21.01,75.79,0.86,1.19,6146.7
1508407,Xinguara,PA,1982,1463.46,1369.3,32.03,21.1,78.66,0.75,1.19,6228.7
1508407,Xinguara,PA,1983,1472.82,1474.73,32.75,21.45,71.43,1.04,1.39,6159.11
1508407,Xinguara,PA,1984,1694.23,1410.7,32.03,20.71,73.03,0.94,1.26,6176.49
1508407,Xinguara,PA,1985,2395.94,1275.94,31.46,20.81,78.06,0.75,1.14,5746.44
1508407,Xinguara,PA,1986,1700.45,1331.02,31.88,21.01,80.65,0.68,1.2,6057.63
1508407,Xinguara,PA,1987,1351.39,1389.87,32.95,21.71,78.57,0.79,1.22,6109.63
1508407,Xinguara,PA,1988,1609.66,1382.61,32.46,21.29,78.55,0.76,1.23,6136.59
1508407,Xinguara,PA,1989,1817.58,1313.05,31.73,21.36,81.14,0.66,1.16,6016.16
1508407,Xinguara,PA,1990,1353.35,1409.27,32.64,21.59,78.7,0.77,1.25,6297.5
1508407,Xinguara,PA,1991,1668.19,1309.11,32.3,21.25,79.83,0.71,1.31,5723.82
1508407,Xinguara,PA,1992,1565.23,1378.46,32.46,21.11,79.06,0.75,1.43,6006.36
1508407,Xinguara,PA,1993,1653.76,1381.22,32.35,20.89,80.65,0.68,1.36,6223.67
1508407,Xinguara,PA,1994,1889.1,1360.09,32.28,21.11,80.03,0.71,1.27,6123.45
1508407,Xinguara,PA,1995,1979.84,1397.96,32.66,21.5,77.8,0.81,1.22,6207.65
1508407,Xinguara,PA,1996,1663.33,1391.97,32.6,21.59,77.87,0.8,1.01,6304.83
1508407,Xinguara,PA,1997,1455.77,1442.69,32.55,21.64,74.29,0.94,1.06,6494.02
1508407,Xinguara,PA,1998,1416.5,1499.96,33.5,22.39,73.95,1.0,1.05,6642.15
1508407,Xinguara,PA,1999,1825.05,1439.06,32.47,21.56,78.25,0.79,1.07,6590.0
1508407,Xinguara,PA,2000,1731.1,1446.38,32.32,21.71,78.66,0.77,0.98,6776.24
1600055,Serra do Navio,AP,1981,2082.27,1392.33,30.79,21.65,84.54,0.53,1.56,6529.36
1600055,Serra do Navio,AP,1982,2344.11,1374.52,30.45,21.4,83.18,0.58,1.51,6400.71
1600055,Serra do Navio,AP,1983,1749.85,1452.83,31.13,22.07,80.61,0.68,1.53,6652.67
1600055,Serra do Navio,AP,1984,2650.0,1344.78,30.17,21.6,82.13,0.6,1.38,6304.83
1600055,Serra do Navio,AP,1985,3221.94,1291.2,29.77,21.28,80.64,0.64,1.21,6061.56
1600055,Serra do Navio,AP,1986,2699.53,1303.58,30.43,21.58,84.56,0.53,1.04,6239.69
1600055,Serra do Navio,AP,1987,2378.35,1353.28,31.15,21.88,83.98,0.56,0.87,6479.41
1600055,Serra do Navio,AP,1988,3265.46,1293.55,30.47,21.68,85.65,0.49,0.83,6292.57
1600055,Serra do Navio,AP,1989,3680.0,1256.34,30.17,21.68,87.35,0.43,1.18,6048.36
1600055,Serra do Navio,AP,1990,2959.93,1354.05,30.78,21.6,85.34,0.51,1.33,6441.71
1600055,Serra do Navio,AP,1991,2831.98,1347.24,30.78,22.07,84.39,0.55,1.46,6250.69
1600055,Serra do Navio,AP,1992,2355.32,1434.45,30.64,21.48,82.74,0.59,1.63,6743.88
1600055,Serra do Navio,AP,1993,2777.85,1377.33,30.3,20.98,84.14,0.53,1.7,6557.01
1600055,Serra do Navio,AP,1994,3054.47,1341.35,30.1,21.27,85.56,0.48,1.54,6493.86
1600055,Serra do Navio,AP,1995,2798.89,1397.86,30.48,21.84,85.04,0.52,1.52,6658.01
1600055,Serra do Navio,AP,1996,3188.38,1401.9,30.53,22.23,85.06,0.52,1.56,6641.93
1600055,Serra do Navio,AP,1997,2446.1,1448.12,30.88,22.87,83.25,0.6,1.72,6683.46
1600055,Serra do Navio,AP,1998,2580.22,1477.29,31.21,23.35,83.5,0.6,1.66,6823.58
1600055,Serra do Navio,AP,1999,2773.77,1417.72,30.57,22.91,84.21,0.56,1.5,6668.07
1600055,Serra do Navio,AP,2000,3333.6,1438.04,30.45,22.96,83.91,0.57,1.45,6794.47
1600105,Amapá,AP,1981,2384.14,1451.24,31.76,22.93,83.87,0.6,1.57,6643.72
1600105,Amapá,AP,1982,3159.94,1412.55,31.41,22.75,83.31,0.61,1.6,6403.22
1600105,Amapá,AP,1983,1890.71,1514.65,32.1,23.25,80.38,0.73,1.68,6737.97
1600105,Amapá,AP,1984,3386.25,1373.91,31.11,22.77,82.43,0.63,1.33,6321.48
1600105,Amapá,AP,1985,3961.5,1333.63,30.75,22.37,80.69,0.68,1.29,6093.92
1600105,Amapá,AP,1986,3423.85,1348.88,31.26,22.75,84.23,0.57,1.22,6265.77
1600105,Amapá,AP,1987,2802.33,1418.18,31.97,23.19,82.92,0.64,1.12,6567.06
1600105,Amapá,AP,1988,3569.79,1350.06,31.51,23.16,84.94,0.55,0.94,6356.04
1600105,Amapá,AP,1989,4287.75,1290.99,31.09,22.96,86.08,0.5,1.01,6091.09
1600105,Amapá,AP,1990,3871.57,1393.66,31.75,22.93,84.48,0.57,1.16,6514.28
1600105,Amapá,AP,1991,2899.48,1370.89,31.64,23.11,83.98,0.59,1.31,6262.16
1600105,Amapá,AP,1992,2157.52,1455.9,31.72,22.99,82.71,0.64,1.42,6706.34
1600105,Amapá,AP,1993,2620.31,1404.82,31.26,22.71,84.24,0.57,1.49,6570.52
1600105,Amapá,AP,1994,2849.19,1378.05,31.11,22.94,85.2,0.53,1.41,6494.8
1600105,Amapá,AP,1995,3148.97,1407.43,31.44,23.05,84.96,0.55,1.33,6581.04
1600105,Amapá,AP,1996,3627.63,1398.47,31.43,23.1,85.27,0.54,1.31,6544.07
1600105,Amapá,AP,1997,2824.98,1448.99,31.76,23.74,83.57,0.62,1.47,6623.61
1600105,Amapá,AP,1998,3049.6,1501.04,32.12,24.33,83.45,0.64,1.63,6788.4
1600105,Amapá,AP,1999,3541.63,1428.11,31.55,23.86,84.05,0.6,1.39,6581.83
1600105,Amapá,AP,2000,4545.72,1444.59,31.41,23.87,84.03,0.6,1.2,6744.67
1600154,Pedra Branca do Amapari,AP,1981,2076.97,1396.12,30.75,21.64,84.51,0.53,1.74,6497.79
1600154,Pedra Branca do Amapari,AP,1982,2341.27,1375.54,30.4,21.32,83.87,0.55,1.77,6359.39
1600154,Pedra Branca do Amapari,AP,1983,1735.64,1482.0,31.08,22.07,80.74,0.67,1.83,6701.53
1600154,Pedra Branca do Amapari,AP,1984,2569.52,1358.65,30.19,21.58,82.09,0.6,1.51,6319.75
1600154,Pedra Branca do Amapari,AP,1985,2888.76,1321.8,29.73,21.31,80.62,0.64,1.47,6119.05
1600154,Pedra Branca do Amapari,AP,1986,2452.68,1339.0,30.44,21.56,82.83,0.59,1.34,6270.17
1600154,Pedra Branca do Amapari,AP,1987,2233.21,1406.46,31.17,21.86,81.78,0.64,1.29,6526.85
1600154,Pedra Branca do Amapari,AP,1988,2680.38,1315.66,30.42,21.59,84.81,0.51,1.08,6346.14
1600154,Pedra Branca do Amapari,AP,1989,2771.09,1261.1,30.17,21.61,87.4,0.43,1.21,6090.46
1600154,Pedra Branca do Amapari,AP,1990,2706.69,1349.95,30.77,21.53,85.49,0.5,1.29,6453.33
1600154,Pedra Branca do Amapari,AP,1991,2493.42,1325.28,30.81,22.03,84.42,0.54,1.38,6138.06
1600154,Pedra Branca do Amapari,AP,1992,2163.39,1399.09,30.59,21.31,83.94,0.54,1.52,6649.63
1600154,Pedra Branca do Amapari,AP,1993,2654.84,1352.36,30.3,20.85,84.67,0.51,1.56,6477.84
1600154,Pedra Branca do Amapari,AP,1994,2852.63,1326.87,30.12,21.11,85.65,0.48,1.44,6440.45
1600154,Pedra Branca do Amapari,AP,1995,2442.21,1382.04,30.57,21.79,85.28,0.51,1.46,6556.22
1600154,Pedra Branca do Amapari,AP,1996,2867.76,1397.55,30.66,22.28,84.5,0.54,1.47,6577.69
1600154,Pedra Branca do Amapari,AP,1997,2130.19,1442.85,31.06,22.67,82.52,0.63,1.62,6605.39
1600154,Pedra Branca do Amapari,AP,1998,2305.33,1468.33,31.34,23.18,82.83,0.63,1.56,6747.55
1600154,Pedra Branca do Amapari,AP,1999,2439.13,1406.56,30.64,22.67,84.04,0.57,1.4,6626.13
1600154,Pedra Branca do Amapari,AP,2000,2833.2,1422.63,30.54,22.73,83.72,0.58,1.35,6714.04
1600204,Calçoene,AP,1981,2642.11,1415.31,31.21,22.21,84.3,0.56,1.53,6581.98
1600204,Calçoene,AP,1982,3301.19,1389.62,30.86,22.09,83.32,0.59,1.52,6401.81
1600204,Calçoene,AP,1983,2032.42,1472.28,31.57,22.57,80.43,0.7,1.56,6659.74
1600204,Calçoene,AP,1984,3330.37,1344.99,30.59,22.1,82.37,0.61,1.29,6267.28
1600204,Calçoene,AP,1985,4411.07,1304.71,30.21,21.71,80.66,0.66,1.21,6071.3
1600204,Calçoene,AP,1986,3552.05,1309.31,30.78,22.07,84.8,0.53,1.04,6216.92
1600204,Calçoene,AP,1987,3167.33,1371.6,31.5,22.43,83.95,0.58,0.89,6511.45
1600204,Calçoene,AP,1988,3820.06,1310.59,30.94,22.36,85.75,0.5,0.8,6308.91
1600204,Calçoene,AP,1989,4579.58,1257.21,30.56,22.23,87.29,0.44,0.99,6031.08
1600204,Calçoene,AP,1990,4073.86,1368.74,31.19,22.22,85.18,0.53,1.14,6503.91
1600204,Calçoene,AP,1991,3105.5,1350.87,31.11,22.53,84.07,0.57,1.3,6243.15
1600204,Calçoene,AP,1992,2581.49,1432.05,31.14,22.26,82.7,0.61,1.38,6702.88
1600204,Calçoene,AP,1993,3182.71,1380.97,30.72,21.86,84.2,0.55,1.47,6546.01
1600204,Calçoene,AP,1994,3216.85,1354.97,30.56,22.1,85.29,0.51,1.4,6487.1
1600204,Calçoene,AP,1995,3191.31,1391.31,30.89,22.35,85.2,0.52,1.41,6565.96
1600204,Calçoene,AP,1996,3808.88,1393.0,30.93,22.55,85.34,0.52,1.59,6535.59
1600204,Calçoene,AP,1997,3181.97,1447.61,31.27,23.16,83.6,0.6,1.75,6627.23
1600204,Calçoene,AP,1998,3131.15,1481.85,31.62,23.72,83.47,0.62,1.67,6770.96
1600204,Calçoene,AP,1999,3634.12,1419.56,31.05,23.25,84.13,0.58,1.51,6586.07
1600204,Calçoene,AP,2000,4854.35,1439.67,30.9,23.27,84.13,0.58,1.48,6735.24
1600212,Cutias,AP,1981,2449.29,1454.06,31.77,23.05,83.82,0.6,1.58,6652.83
1600212,Cutias,AP,1982,3521.23,1415.0,31.41,22.89,83.34,0.61,1.6,6409.5
1600212,Cutias,AP,1983,1669.88,1514.86,32.12,23.34,80.63,0.73,1.7,6746.45
1600212,Cutias,AP,1984,2765.32,1376.31,31.08,22.88,82.46,0.63,1.34,6328.55
1600212,Cutias,AP,1985,3170.39,1336.59,30.77,22.43,80.71,0.68,1.3,6103.18
1600212,Cutias,AP,1986,3079.06,1352.26,31.25,22.84,84.22,0.57,1.23,6276.29
1600212,Cutias,AP,1987,2256.45,1421.91,31.97,23.31,82.89,0.64,1.13,6572.56
1600212,Cutias,AP,1988,2653.79,1352.87,31.54,23.31,84.9,0.56,0.95,6347.08
1600212,Cutias,AP,1989,3115.07,1294.37,31.1,23.06,86.06,0.51,1.02,6098.0
1600212,Cutias,AP,1990,2506.53,1399.19,31.79,23.04,84.42,0.58,1.17,6530.3
1600212,Cutias,AP,1991,2685.85,1372.73,31.68,23.15,83.98,0.59,1.3,6266.87
1600212,Cutias,AP,1992,1923.72,1462.14,31.81,23.13,82.65,0.64,1.44,6710.74
1600212,Cutias,AP,1993,2097.41,1411.17,31.32,22.92,84.23,0.57,1.51,6576.49
1600212,Cutias,AP,1994,2821.93,1384.6,31.18,23.17,85.17,0.54,1.42,6498.26
1600212,Cutias,AP,1995,2596.73,1411.88,31.5,23.19,84.95,0.56,1.34,6585.91
1600212,Cutias,AP,1996,2596.25,1400.21,31.44,23.15,85.25,0.54,1.3,6546.43
1600212,Cutias,AP,1997,2121.24,1449.76,31.78,23.81,83.55,0.62,1.47,6622.83
1600212,Cutias,AP,1998,2314.92,1503.04,32.14,24.4,83.43,0.64,1.61,6796.72
1600212,Cutias,AP,1999,2358.34,1429.18,31.55,23.94,84.01,0.61,1.39,6584.5
1600212,Cutias,AP,2000,3264.85,1446.68,31.42,23.94,83.98,0.6,1.2,6745.46
1600238,Ferreira Gomes,AP,1981,2058.34,1411.68,31.32,21.81,84.27,0.56,1.48,6563.29
1600238,Ferreira Gomes,AP,1982,2351.63,1391.87,31.07,21.9,83.23,0.59,1.49,6381.86
1600238,Ferreira Gomes,AP,1983,1711.58,1467.82,31.81,22.36,80.68,0.7,1.5,6638.06
1600238,Ferreira Gomes,AP,1984,2444.34,1340.18,30.38,21.9,82.19,0.61,1.26,6272.47
1600238,Ferreira Gomes,AP,1985,2827.82,1292.12,30.1,21.16,80.69,0.64,1.17,6050.25
1600238,Ferreira Gomes,AP,1986,2465.37,1299.95,30.65,21.83,84.79,0.53,0.98,6194.77
1600238,Ferreira Gomes,AP,1987,2127.92,1362.7,31.42,22.24,84.12,0.57,0.86,6486.32
1600238,Ferreira Gomes,AP,1988,2706.19,1322.26,31.04,22.5,85.85,0.5,0.78,6341.9
1600238,Ferreira Gomes,AP,1989,2952.66,1252.56,30.51,22.15,87.25,0.44,0.95,6007.05
1600238,Ferreira Gomes,AP,1990,2539.59,1361.01,31.16,21.95,85.26,0.52,1.12,6469.82
1600238,Ferreira Gomes,AP,1991,2466.58,1351.18,31.15,22.05,84.29,0.56,1.29,6263.73
1600238,Ferreira Gomes,AP,1992,1935.34,1446.33,31.37,22.09,82.86,0.61,1.33,6775.3
1600238,Ferreira Gomes,AP,1993,2295.95,1367.71,30.5,21.28,84.34,0.53,1.39,6568.63
1600238,Ferreira Gomes,AP,1994,2629.99,1350.62,30.35,21.58,85.61,0.49,1.34,6551.67
1600238,Ferreira Gomes,AP,1995,2416.85,1390.69,30.71,22.07,85.22,0.52,1.4,6596.75
1600238,Ferreira Gomes,AP,1996,2752.6,1392.43,30.71,22.43,85.27,0.52,1.61,6542.66
1600238,Ferreira Gomes,AP,1997,2009.69,1441.26,31.09,23.07,83.53,0.6,1.78,6603.03
1600238,Ferreira Gomes,AP,1998,2322.79,1477.44,31.42,23.61,83.56,0.61,1.71,6754.94
1600238,Ferreira Gomes,AP,1999,2468.16,1415.46,30.8,23.19,84.27,0.57,1.54,6588.11
1600238,Ferreira Gomes,AP,2000,2733.18,1447.96,30.68,23.22,84.04,0.58,1.51,6790.38
1600253,Itaubal,AP,1981,2343.48,1454.46,31.67,23.21,83.98,0.59,1.59,6661.31
1600253,Itaubal,AP,1982,3125.33,1415.0,31.31,23.06,83.4,0.61,1.6,6417.36
1600253,Itaubal,AP,1983,1644.84,1515.73,32.03,23.45,80.6,0.73,1.71,6750.54
1600253,Itaubal,AP,1984,2364.25,1373.75,30.94,23.0,82.48,0.63,1.36,6321.16
1600253,Itaubal,AP,1985,2852.96,1336.65,30.72,22.51,80.72,0.68,1.3,6104.28
1600253,Itaubal,AP,1986,2845.79,1349.9,31.18,22.94,84.18,0.58,1.23,6265.3
1600253,Itaubal,AP,1987,2106.4,1419.15,31.89,23.44,82.9,0.64,1.12,6561.56
1600253,Itaubal,AP,1988,2495.28,1348.16,31.47,23.43,84.84,0.56,0.95,6320.54
1600253,Itaubal,AP,1989,2870.34,1289.92,31.02,23.13,86.09,0.51,1.01,6079.78
1600253,Itaubal,AP,1990,2407.43,1400.06,31.72,23.14,84.47,0.57,1.16,6541.46
1600253,Itaubal,AP,1991,2387.94,1370.43,31.65,23.18,84.0,0.59,1.29,6256.66
1600253,Itaubal,AP,1992,1781.47,1468.54,31.86,23.24,82.49,0.65,1.43,6717.81
1600253,Itaubal,AP,1993,1955.8,1414.85,31.37,23.06,84.16,0.58,1.52,6562.51
1600253,Itaubal,AP,1994,2721.42,1390.03,31.25,23.36,85.18,0.54,1.43,6501.4
1600253,Itaubal,AP,1995,2486.94,1413.01,31.57,23.3,85.14,0.55,1.33,6579.0
1600253,Itaubal,AP,1996,2452.31,1398.63,31.46,23.2,85.26,0.55,1.3,6531.66
1600253,Itaubal,AP,1997,1981.4,1448.17,31.79,23.87,83.57,0.62,1.46,6610.89
1600253,Itaubal,AP,1998,2150.65,1502.11,32.14,24.43,83.43,0.64,1.6,6781.8
1600253,Itaubal,AP,1999,2204.81,1432.0,31.52,24.01,84.01,0.61,1.38,6592.67
1600253,Itaubal,AP,2000,2776.61,1448.17,31.4,24.01,83.98,0.6,1.19,6746.56
1600279,Laranjal do Jari,AP,1981,2022.79,1381.74,30.15,21.29,84.38,0.52,1.8,6497.16
1600279,Laranjal do Jari,AP,1982,2295.44,1359.63,29.83,21.13,84.45,0.52,1.84,6373.06
1600279,Laranjal do Jari,AP,1983,1557.12,1470.74,30.57,21.67,80.91,0.65,1.91,6711.58
1600279,Laranjal do Jari,AP,1984,2565.11,1355.28,29.61,21.14,81.36,0.61,1.58,6333.73
1600279,Laranjal do Jari,AP,1985,2674.72,1312.23,29.17,20.85,80.64,0.62,1.53,6130.2
1600279,Laranjal do Jari,AP,1986,2284.66,1332.45,29.78,21.11,82.79,0.57,1.42,6294.52
1600279,Laranjal do Jari,AP,1987,1872.93,1401.49,30.58,21.53,81.58,0.63,1.39,6538.79
1600279,Laranjal do Jari,AP,1988,2789.5,1312.59,29.9,21.3,84.37,0.52,1.15,6344.73
1600279,Laranjal do Jari,AP,1989,2680.09,1272.41,29.55,21.15,86.4,0.45,1.24,6207.65
1600279,Laranjal do Jari,AP,1990,2147.48,1339.92,30.13,21.15,85.27,0.49,1.32,6471.4
1600279,Laranjal do Jari,AP,1991,2110.66,1300.77,30.1,21.42,85.08,0.5,1.33,6175.44
1600279,Laranjal do Jari,AP,1992,1774.92,1388.9,30.19,21.01,84.4,0.52,1.51,6678.69
1600279,Laranjal do Jari,AP,1993,2305.63,1332.76,29.73,20.68,85.21,0.48,1.46,6499.99
1600279,Laranjal do Jari,AP,1994,2590.24,1300.77,29.53,20.89,86.52,0.44,1.34,6429.45
1600279,Laranjal do Jari,AP,1995,2212.19,1359.68,29.99,21.39,86.13,0.47,1.33,6617.64
1600279,Laranjal do Jari,AP,1996,2802.64,1368.43,30.05,21.67,85.7,0.49,1.36,6613.5
1600279,Laranjal do Jari,AP,1997,2039.51,1404.77,30.46,22.08,83.53,0.57,1.44,6622.67
1600279,Laranjal do Jari,AP,1998,1981.58,1430.05,30.82,22.53,83.59,0.58,1.36,6740.33
1600279,Laranjal do Jari,AP,1999,2231.41,1371.24,30.05,21.94,85.32,0.5,1.23,6641.52
1600279,Laranjal do Jari,AP,2000,2654.96,1377.23,29.96,22.01,85.05,0.51,1.18,6666.28
1600303,Macapá,AP,1981,2343.48,1454.46,31.67,23.21,83.98,0.59,1.59,6661.31
1600303,Macapá,AP,1982,3125.33,1415.0,31.31,23.06,83.4,0.61,1.6,6417.36
1600303,Macapá,AP,1983,1644.84,1515.73,32.03,23.45,80.6,0.73,1.71,6750.54
1600303,Macapá,AP,1984,2364.25,1373.75,30.94,23.0,82.48,0.63,1.36,6321.16
1600303,Macapá,AP,1985,2852.96,1336.65,30.72,22.51,80.72,0.68,1.3,6104.28
1600303,Macapá,AP,1986,2845.79,1349.9,31.18,22.94,84.18,0.58,1.23,6265.3
1600303,Macapá,AP,1987,2106.4,1419.15,31.89,23.44,82.9,0.64,1.12,6561.56
1600303,Macapá,AP,1988,2495.28,1348.16,31.47,23.43,84.84,0.56,0.95,6320.54
1600303,Macapá,AP,1989,2870.34,1289.92,31.02,23.13,86.09,0.51,1.01,6079.78
1600303,Macapá,AP,1990,2407.43,1400.06,31.72,23.14,84.47,0.57,1.16,6541.46
1600303,Macapá,AP,1991,2387.94,1370.43,31.65,23.18,84.0,0.59,1.29,6256.66
1600303,Macapá,AP,1992,1781.47,1468.54,31.86,23.24,82.49,0.65,1.43,6717.81
1600303,Macapá,AP,1993,1955.8,1414.85,31.37,23.06,84.16,0.58,1.52,6562.51
1600303,Macapá,AP,1994,2721.42,1390.03,31.25,23.36,85.18,0.54,1.43,6501.4
1600303,Macapá,AP,1995,2486.94,1413.01,31.57,23.3,85.14,0.55,1.33,6579.0
1600303,Macapá,AP,1996,2452.31,1398.63,31.46,23.2,85.26,0.55,1.3,6531.66
1600303,Macapá,AP,1997,1981.4,1448.17,31.79,23.87,83.57,0.62,1.46,6610.89
1600303,Macapá,AP,1998,2150.65,1502.11,32.14,24.43,83.43,0.64,1.6,6781.8
1600303,Macapá,AP,1999,2204.81,1432.0,31.52,24.01,84.01,0.61,1.38,6592.67
1600303,Macapá,AP,2000,2776.61,1448.17,31.4,24.01,83.98,0.6,1.19,6746.56
1600402,Mazagão,AP,1981,2011.61,1410.4,31.16,22.49,84.28,0.56,1.56,6535.17
1600402,Mazagão,AP,1982,2334.98,1391.61,30.81,22.36,83.38,0.59,1.52,6422.54
1600402,Mazagão,AP,1983,1725.39,1468.64,31.54,22.79,80.79,0.7,1.55,6662.1
1600402,Mazagão,AP,1984,2426.21,1358.65,30.5,22.28,81.4,0.65,1.34,6302.16
1600402,Mazagão,AP,1985,2661.82,1305.12,30.22,21.88,80.48,0.67,1.19,6076.17
1600402,Mazagão,AP,1986,2743.71,1313.92,30.73,22.26,84.63,0.54,0.99,6256.5
1600402,Mazagão,AP,1987,2079.35,1367.15,31.46,22.71,84.13,0.58,0.88,6480.66
1600402,Mazagão,AP,1988,2623.39,1306.6,30.92,22.6,85.83,0.5,0.83,6266.03
1600402,Mazagão,AP,1989,2524.98,1268.63,30.51,22.4,87.5,0.44,1.19,6061.24
1600402,Mazagão,AP,1990,2476.36,1363.41,31.2,22.41,85.47,0.52,1.29,6428.35
1600402,Mazagão,AP,1991,2379.9,1332.81,31.17,22.58,84.56,0.55,1.43,6086.53
1600402,Mazagão,AP,1992,2071.99,1444.94,31.32,22.41,82.94,0.61,1.72,6611.15
1600402,Mazagão,AP,1993,2379.28,1387.11,30.88,22.11,84.38,0.55,1.76,6454.74
1600402,Mazagão,AP,1994,2525.25,1352.56,30.78,22.38,85.8,0.5,1.58,6396.62
1600402,Mazagão,AP,1995,2376.65,1405.69,31.12,22.57,84.99,0.54,1.59,6532.97
1600402,Mazagão,AP,1996,2712.7,1415.52,31.15,22.71,84.9,0.55,1.7,6554.12
1600402,Mazagão,AP,1997,2107.05,1463.37,31.57,23.14,82.99,0.63,1.87,6569.89
1600402,Mazagão,AP,1998,2081.58,1492.08,31.78,23.64,83.23,0.63,1.8,6739.23
1600402,Mazagão,AP,1999,2315.64,1428.0,31.14,23.3,83.96,0.59,1.61,6572.87
1600402,Mazagão,AP,2000,2356.79,1450.42,31.02,23.35,83.69,0.6,1.56,6710.42
1600501,Oiapoque,AP,1981,2702.01,1406.05,31.05,22.1,84.62,0.54,1.54,6573.34
1600501,Oiapoque,AP,1982,3338.74,1386.6,30.69,21.99,83.1,0.59,1.54,6400.86
1600501,Oiapoque,AP,1983,2060.0,1467.52,31.39,22.45,80.46,0.7,1.58,6660.06
1600501,Oiapoque,AP,1984,3457.1,1348.93,30.44,21.98,82.35,0.61,1.36,6292.73
1600501,Oiapoque,AP,1985,3921.06,1302.46,30.09,21.62,80.66,0.65,1.23,6072.4
1600501,Oiapoque,AP,1986,3265.73,1306.65,30.63,21.96,84.81,0.53,1.05,6219.59
1600501,Oiapoque,AP,1987,3107.9,1366.79,31.35,22.3,83.93,0.58,0.91,6507.68
1600501,Oiapoque,AP,1988,3700.41,1306.91,30.79,22.2,85.77,0.5,0.83,6307.5
1600501,Oiapoque,AP,1989,4625.28,1255.93,30.39,22.1,87.29,0.44,1.02,6033.28
1600501,Oiapoque,AP,1990,4250.03,1370.12,31.02,22.13,85.21,0.52,1.25,6496.84
1600501,Oiapoque,AP,1991,3080.04,1354.51,30.91,22.49,84.09,0.57,1.45,6245.51
1600501,Oiapoque,AP,1992,2641.32,1453.18,31.0,22.2,82.68,0.61,1.61,6763.68
1600501,Oiapoque,AP,1993,3315.21,1392.59,30.58,21.87,84.15,0.55,1.64,6581.98
1600501,Oiapoque,AP,1994,3293.55,1360.44,30.37,22.09,85.28,0.51,1.51,6515.07
1600501,Oiapoque,AP,1995,3066.18,1396.89,30.74,22.31,85.21,0.52,1.51,6608.22
1600501,Oiapoque,AP,1996,3833.93,1397.76,30.68,22.54,85.33,0.52,1.59,6601.09
1600501,Oiapoque,AP,1997,3214.57,1451.75,31.05,23.06,83.6,0.59,1.76,6688.65
1600501,Oiapoque,AP,1998,3154.21,1483.28,31.42,23.64,83.47,0.61,1.68,6807.4
1600501,Oiapoque,AP,1999,3421.45,1424.27,30.79,23.18,84.12,0.57,1.52,6660.84
1600501,Oiapoque,AP,2000,4705.04,1445.71,30.68,23.23,83.92,0.58,1.48,6793.84
1600535,Porto Grande,AP,1981,2078.99,1414.18,31.49,22.06,84.23,0.56,1.47,6540.36
1600535,Porto Grande,AP,1982,2365.28,1395.96,31.24,22.13,83.16,0.6,1.48,6374.47
1600535,Porto Grande,AP,1983,1822.32,1473.09,31.98,22.59,80.89,0.7,1.52,6641.52
1600535,Porto Grande,AP,1984,2316.53,1346.78,30.55,22.15,82.16,0.62,1.3,6266.81
1600535,Porto Grande,AP,1985,2722.63,1300.31,30.3,21.43,80.66,0.65,1.18,6055.9
1600535,Porto Grande,AP,1986,2445.82,1305.78,30.85,22.08,84.89,0.53,0.97,6208.12
1600535,Porto Grande,AP,1987,2113.71,1366.84,31.62,22.48,84.07,0.58,0.86,6475.79
1600535,Porto Grande,AP,1988,2573.69,1321.6,31.23,22.69,85.88,0.51,0.79,6307.65
1600535,Porto Grande,AP,1989,2816.44,1258.59,30.7,22.38,87.29,0.45,0.98,6000.61
1600535,Porto Grande,AP,1990,2394.58,1367.76,31.36,22.18,85.43,0.52,1.2,6452.07
1600535,Porto Grande,AP,1991,2367.74,1353.79,31.36,22.3,84.56,0.55,1.41,6218.64
1600535,Porto Grande,AP,1992,2020.39,1459.28,31.55,22.31,82.98,0.61,1.55,6732.1
1600535,Porto Grande,AP,1993,2364.68,1381.58,30.74,21.58,84.5,0.53,1.6,6542.24
1600535,Porto Grande,AP,1994,2480.73,1353.38,30.58,21.89,85.83,0.49,1.47,6498.73
1600535,Porto Grande,AP,1995,2244.26,1402.72,30.95,22.36,85.35,0.52,1.49,6606.49
1600535,Porto Grande,AP,1996,2674.41,1411.32,30.91,22.68,85.4,0.52,1.65,6621.36
1600535,Porto Grande,AP,1997,2193.4,1462.5,31.29,23.34,83.58,0.6,1.82,6678.44
1600535,Porto Grande,AP,1998,2166.34,1490.5,31.58,23.84,83.62,0.62,1.75,6791.7
1600535,Porto Grande,AP,1999,2445.75,1431.79,30.94,23.44,84.41,0.57,1.57,6655.19
1600535,Porto Grande,AP,2000,2532.83,1456.46,30.83,23.47,84.01,0.58,1.54,6791.17
1600550,Pracuúba,AP,1981,2420.73,1406.61,30.92,21.8,84.1,0.55,1.51,6584.18
1600550,Pracuúba,AP,1982,3095.95,1380.35,30.59,21.7,83.3,0.58,1.51,6402.28
1600550,Pracuúba,AP,1983,1908.8,1460.91,31.3,22.21,80.48,0.69,1.55,6658.17
1600550,Pracuúba,AP,1984,3258.18,1332.65,30.2,21.74,82.39,0.6,1.28,6262.41
1600550,Pracuúba,AP,1985,3812.34,1292.78,29.86,21.26,80.68,0.64,1.2,6067.37
1600550,Pracuúba,AP,1986,3422.79,1299.03,30.43,21.7,84.79,0.52,1.02,6212.2
1600550,Pracuúba,AP,1987,2801.61,1360.85,31.17,22.08,84.0,0.57,0.88,6506.43
1600550,Pracuúba,AP,1988,3372.04,1304.35,30.64,22.06,85.77,0.49,0.8,6315.82
1600550,Pracuúba,AP,1989,4025.38,1248.72,30.23,21.89,87.23,0.44,0.98,6023.86
1600550,Pracuúba,AP,1990,3712.28,1358.19,30.87,21.82,85.16,0.52,1.13,6496.06
1600550,Pracuúba,AP,1991,2797.36,1342.99,30.84,22.08,84.05,0.56,1.3,6243.31
1600550,Pracuúba,AP,1992,2313.74,1421.61,30.88,21.85,82.73,0.6,1.37,6697.54
1600550,Pracuúba,AP,1993,2788.72,1364.49,30.36,21.36,84.28,0.53,1.44,6537.37
1600550,Pracuúba,AP,1994,2949.89,1341.92,30.2,21.64,85.35,0.49,1.38,6481.92
1600550,Pracuúba,AP,1995,3183.88,1379.94,30.54,21.97,85.23,0.51,1.4,6564.7
1600550,Pracuúba,AP,1996,3605.63,1381.99,30.55,22.21,85.36,0.51,1.59,6535.12
1600550,Pracuúba,AP,1997,2566.64,1435.48,30.9,22.84,83.61,0.59,1.75,6625.97
1600550,Pracuúba,AP,1998,2763.19,1470.84,31.24,23.39,83.48,0.61,1.67,6770.33
1600550,Pracuúba,AP,1999,3037.22,1408.15,30.66,22.94,84.16,0.57,1.51,6586.38
1600550,Pracuúba,AP,2000,3813.94,1429.08,30.52,22.96,84.15,0.56,1.48,6736.82
1600600,Santana,AP,1981,1959.0,1432.87,31.39,23.44,84.22,0.58,1.53,6593.61
1600600,Santana,AP,1982,2475.87,1403.95,30.96,23.2,83.4,0.61,1.53,6423.01
1600600,Santana,AP,1983,1765.56,1486.15,31.68,23.54,80.88,0.71,1.61,6685.19
1600600,Santana,AP,1984,2292.46,1363.72,30.67,23.06,82.18,0.64,1.3,6305.93
1600600,Santana,AP,1985,2797.12,1321.09,30.5,22.63,80.68,0.68,1.23,6088.42
1600600,Santana,AP,1986,2828.56,1325.28,30.97,23.03,84.89,0.55,1.03,6245.66
1600600,Santana,AP,1987,2162.63,1389.67,31.68,23.6,83.88,0.61,0.91,6522.14
1600600,Santana,AP,1988,2466.12,1327.02,31.21,23.49,85.73,0.53,0.81,6296.97
1600600,Santana,AP,1989,2597.82,1270.37,30.79,23.14,87.28,0.46,0.96,6033.44
1600600,Santana,AP,1990,2335.28,1390.03,31.53,23.23,85.34,0.54,1.13,6537.22
1600600,Santana,AP,1991,2473.56,1359.83,31.49,23.19,84.53,0.57,1.27,6244.88
1600600,Santana,AP,1992,1947.32,1469.56,31.72,23.3,82.76,0.64,1.39,6771.22
1600600,Santana,AP,1993,2314.73,1411.98,31.34,23.1,84.36,0.57,1.44,6580.1
1600600,Santana,AP,1994,2409.99,1391.41,31.24,23.46,85.8,0.52,1.36,6551.04
1600600,Santana,AP,1995,2256.31,1419.71,31.54,23.36,85.37,0.54,1.41,6582.46
1600600,Santana,AP,1996,2532.38,1412.44,31.4,23.21,85.45,0.54,1.65,6531.97
1600600,Santana,AP,1997,2175.89,1462.65,31.76,23.84,83.6,0.62,1.81,6582.46
1600600,Santana,AP,1998,2091.83,1499.56,32.05,24.41,83.64,0.63,1.74,6741.58
1600600,Santana,AP,1999,2361.21,1435.02,31.4,24.03,84.46,0.59,1.57,6576.49
1600600,Santana,AP,2000,2436.68,1468.85,31.29,24.04,84.22,0.6,1.54,6778.29
1600709,Tartarugalzinho,AP,1981,1994.92,1445.97,31.77,22.7,83.96,0.59,1.56,6630.21
1600709,Tartarugalzinho,AP,1982,2839.32,1412.19,31.46,22.64,83.32,0.61,1.58,6392.85
1600709,Tartarugalzinho,AP,1983,1702.74,1510.66,32.18,23.11,80.53,0.73,1.65,6724.3
1600709,Tartarugalzinho,AP,1984,2806.89,1366.48,30.99,22.66,82.41,0.63,1.33,6297.44
1600709,Tartarugalzinho,AP,1985,3318.76,1327.64,30.68,22.1,80.69,0.67,1.27,6084.18
1600709,Tartarugalzinho,AP,1986,3084.45,1341.66,31.21,22.59,84.17,0.57,1.18,6241.42
1600709,Tartarugalzinho,AP,1987,2484.56,1409.37,31.95,23.02,83.02,0.63,1.08,6538.63
1600709,Tartarugalzinho,AP,1988,2993.56,1346.73,31.51,23.09,84.95,0.55,0.92,6341.74
1600709,Tartarugalzinho,AP,1989,3547.08,1284.03,31.05,22.84,86.13,0.5,0.99,6060.14
1600709,Tartarugalzinho,AP,1990,2607.29,1387.72,31.71,22.73,84.59,0.56,1.14,6499.83
1600709,Tartarugalzinho,AP,1991,2821.13,1367.61,31.67,22.89,84.01,0.59,1.3,6248.96
1600709,Tartarugalzinho,AP,1992,2020.1,1454.11,31.81,22.81,82.65,0.64,1.38,6697.07
1600709,Tartarugalzinho,AP,1993,2135.07,1393.82,31.2,22.41,84.29,0.56,1.45,6538.47
1600709,Tartarugalzinho,AP,1994,2825.14,1370.63,31.04,22.7,85.32,0.52,1.39,6483.96
1600709,Tartarugalzinho,AP,1995,2659.29,1407.02,31.38,22.91,85.2,0.54,1.4,6568.16
1600709,Tartarugalzinho,AP,1996,2707.79,1407.02,31.34,23.04,85.33,0.54,1.57,6538.57
1600709,Tartarugalzinho,AP,1997,2063.94,1461.94,31.69,23.68,83.6,0.62,1.73,6632.57
1600709,Tartarugalzinho,AP,1998,2423.97,1498.28,32.04,24.24,83.47,0.64,1.65,6775.36
1600709,Tartarugalzinho,AP,1999,2685.04,1433.38,31.44,23.8,84.12,0.6,1.49,6588.9
1600709,Tartarugalzinho,AP,2000,3171.3,1455.18,31.31,23.81,84.1,0.59,1.46,6741.21
1600808,Vitória do Jari,AP,1981,2089.27,1405.54,31.55,22.66,84.4,0.57,1.46,6492.13
1600808,Vitória do Jari,AP,1982,2243.28,1405.48,31.27,23.02,83.74,0.59,1.52,6443.43
1600808,Vitória do Jari,AP,1983,1557.66,1495.0,32.14,23.09,80.14,0.74,1.57,6680.64
1600808,Vitória do Jari,AP,1984,2263.03,1365.72,31.13,22.37,81.07,0.67,1.26,6302.31
1600808,Vitória do Jari,AP,1985,2508.28,1309.57,30.79,22.07,80.68,0.67,1.16,6070.98
1600808,Vitória do Jari,AP,1986,2387.37,1310.49,31.17,22.46,85.09,0.54,0.87,6247.55
1600808,Vitória do Jari,AP,1987,1857.36,1377.03,32.02,23.07,84.2,0.59,0.9,6456.63
1600808,Vitória do Jari,AP,1988,2753.53,1305.58,31.37,22.78,86.0,0.51,0.81,6225.03
1600808,Vitória do Jari,AP,1989,2701.1,1265.04,30.92,22.6,87.73,0.44,0.89,6058.1
1600808,Vitória do Jari,AP,1990,2501.04,1371.86,31.6,22.8,85.5,0.53,1.2,6409.66
1600808,Vitória do Jari,AP,1991,2357.14,1327.94,31.43,22.87,84.75,0.56,1.4,6050.56
1600808,Vitória do Jari,AP,1992,1910.56,1476.37,31.95,22.78,82.78,0.63,1.82,6615.39
1600808,Vitória do Jari,AP,1993,2347.02,1413.83,31.49,22.65,84.24,0.57,1.82,6465.27
1600808,Vitória do Jari,AP,1994,2593.09,1366.84,31.4,22.69,85.89,0.51,1.62,6376.67
1600808,Vitória do Jari,AP,1995,2608.23,1409.53,31.73,22.71,85.29,0.54,1.59,6492.29
1600808,Vitória do Jari,AP,1996,2398.67,1421.4,31.75,22.98,85.36,0.54,1.65,6527.58
1600808,Vitória do Jari,AP,1997,1893.9,1463.22,32.18,23.32,83.4,0.63,1.79,6523.86
1600808,Vitória do Jari,AP,1998,2135.31,1496.43,32.5,23.58,83.37,0.64,1.75,6684.88
1600808,Vitória do Jari,AP,1999,2309.02,1435.12,31.85,23.32,84.2,0.59,1.56,6548.37
1600808,Vitória do Jari,AP,2000,2872.63,1453.8,31.63,23.49,83.79,0.61,1.44,6697.07
1700251,Abreulândia,TO,1981,1774.65,1499.91,32.56,20.44,72.72,0.96,1.27,6682.68
1700251,Abreulândia,TO,1982,2119.76,1451.5,32.53,20.76,73.02,0.95,1.12,6582.3
1700251,Abreulândia,TO,1983,2255.06,1502.47,33.26,21.07,71.09,1.06,1.25,6509.41
1700251,Abreulândia,TO,1984,2012.66,1477.55,32.5,20.44,72.42,0.96,1.18,6614.13
1700251,Abreulândia,TO,1985,2537.1,1351.08,31.75,20.81,77.07,0.8,1.08,6209.53
1700251,Abreulândia,TO,1986,2266.1,1422.99,32.31,21.16,75.42,0.88,1.06,6455.22
1700251,Abreulândia,TO,1987,1842.24,1469.61,33.27,21.78,73.81,0.98,1.05,6539.26
1700251,Abreulândia,TO,1988,2441.03,1493.16,32.8,21.32,73.22,0.97,1.16,6559.31
1700251,Abreulândia,TO,1989,2347.13,1379.64,31.86,21.36,77.4,0.8,1.03,6355.78
1700251,Abreulândia,TO,1990,1581.82,1514.81,33.04,21.73,72.93,1.0,1.1,6764.05
1700251,Abreulândia,TO,1991,1980.55,1417.61,32.58,21.24,74.41,0.92,1.14,6220.69
1700251,Abreulândia,TO,1992,1838.92,1421.2,32.66,21.02,72.88,0.98,1.1,6291.32
1700251,Abreulândia,TO,1993,1734.94,1484.25,32.95,20.84,73.6,0.95,1.17,6636.96
1700251,Abreulândia,TO,1994,1833.77,1443.97,32.8,21.13,74.81,0.91,1.12,6488.05
1700251,Abreulândia,TO,1995,1927.87,1440.75,32.87,21.24,75.58,0.89,1.06,6495.59
1700251,Abreulândia,TO,1996,1558.16,1469.67,33.01,21.37,74.87,0.92,0.99,6690.0
1700251,Abreulândia,TO,1997,2224.86,1454.31,33.04,21.38,73.61,0.97,1.05,6554.18
1700251,Abreulândia,TO,1998,1372.87,1535.69,34.3,22.1,71.01,1.13,1.05,6707.03
1700251,Abreulândia,TO,1999,1805.69,1471.05,33.06,21.48,76.47,0.87,1.07,6655.5
1700251,Abreulândia,TO,2000,1958.41,1509.59,32.95,21.63,76.11,0.89,1.15,6880.71
1700301,Aguiarnópolis,TO,1981,1097.25,1471.56,32.12,21.08,70.57,1.04,1.22,6404.01
1700301,Aguiarnópolis,TO,1982,1221.71,1422.94,31.98,20.91,72.75,0.95,1.1,6445.01
1700301,Aguiarnópolis,TO,1983,1268.01,1493.16,32.37,21.13,72.25,0.99,1.34,6433.07
1700301,Aguiarnópolis,TO,1984,1628.05,1435.17,31.6,20.36,74.15,0.88,1.2,6503.86
1700301,Aguiarnópolis,TO,1985,2127.29,1344.43,31.09,20.67,76.31,0.8,1.05,6225.71
1700301,Aguiarnópolis,TO,1986,1376.33,1400.52,31.41,20.5,75.41,0.83,1.21,6326.56
1700301,Aguiarnópolis,TO,1987,960.45,1497.71,32.7,20.93,72.47,0.98,1.21,6611.36
1700301,Aguiarnópolis,TO,1988,1579.62,1471.46,32.02,20.53,73.32,0.92,1.16,6652.62
1700301,Aguiarnópolis,TO,1989,1628.5,1378.26,31.44,20.84,77.05,0.79,1.09,6362.85
1700301,Aguiarnópolis,TO,1990,1389.71,1460.61,32.38,20.93,75.37,0.87,1.17,6586.7
1700301,Aguiarnópolis,TO,1991,1368.68,1388.65,32.05,20.84,74.93,0.87,1.19,6143.71
1700301,Aguiarnópolis,TO,1992,1263.2,1449.35,32.24,21.15,73.43,0.94,1.22,6397.51
1700301,Aguiarnópolis,TO,1993,1427.11,1427.24,32.14,21.27,76.12,0.85,1.05,6524.49
1700301,Aguiarnópolis,TO,1994,1758.04,1400.93,31.89,21.27,75.9,0.85,1.07,6372.75
1700301,Aguiarnópolis,TO,1995,1686.52,1450.11,32.39,21.27,73.18,0.97,0.9,6701.37
1700301,Aguiarnópolis,TO,1996,1679.69,1415.46,32.18,21.03,73.57,0.93,0.77,6625.28
1700301,Aguiarnópolis,TO,1997,1502.74,1415.52,32.33,21.14,71.77,1.01,0.81,6579.79
1700301,Aguiarnópolis,TO,1998,1023.7,1460.56,33.26,21.89,71.83,1.06,0.78,6706.87
1700301,Aguiarnópolis,TO,1999,1535.83,1405.84,32.07,20.9,74.2,0.91,0.84,6630.05
1700301,Aguiarnópolis,TO,2000,1771.93,1416.49,31.97,21.22,74.96,0.88,0.76,6762.42
1700350,Aliança do Tocantins,TO,1981,1443.63,1485.17,32.22,20.22,69.04,1.07,1.12,6704.67
1700350,Aliança do Tocantins,TO,1982,1624.67,1413.52,32.45,20.58,70.91,1.02,0.75,6671.05
1700350,Aliança do Tocantins,TO,1983,1651.28,1425.39,32.97,20.93,70.29,1.08,0.8,6627.23
1700350,Aliança do Tocantins,TO,1984,1291.73,1445.3,32.54,20.56,70.74,1.03,0.77,6814.42
1700350,Aliança do Tocantins,TO,1985,2174.93,1347.85,31.75,20.54,74.47,0.88,0.77,6419.4
1700350,Aliança do Tocantins,TO,1986,1571.13,1422.58,32.43,20.86,72.7,0.97,0.82,6618.74
1700350,Aliança do Tocantins,TO,1987,1676.08,1447.81,33.29,21.31,71.3,1.07,0.82,6623.46
1700350,Aliança do Tocantins,TO,1988,1692.89,1488.96,32.66,20.82,70.93,1.03,0.96,6740.58
1700350,Aliança do Tocantins,TO,1989,1968.01,1376.93,31.87,20.91,73.74,0.92,0.82,6447.52
1700350,Aliança do Tocantins,TO,1990,1220.38,1503.7,33.07,21.33,70.59,1.08,0.88,6878.41
1700350,Aliança do Tocantins,TO,1991,1588.83,1408.25,32.35,20.83,72.5,0.96,0.9,6413.74
1700350,Aliança do Tocantins,TO,1992,1913.53,1391.36,32.49,21.02,72.09,1.0,0.82,6401.28
1700350,Aliança do Tocantins,TO,1993,1542.46,1487.37,33.01,21.08,69.14,1.12,0.98,6740.33
1700350,Aliança do Tocantins,TO,1994,1851.49,1471.05,32.81,21.19,71.66,1.03,0.94,6762.95
1700350,Aliança do Tocantins,TO,1995,1833.21,1428.21,32.76,21.14,72.24,1.0,0.8,6624.08
1700350,Aliança do Tocantins,TO,1996,1367.78,1470.84,32.95,21.15,72.18,1.01,0.78,6856.67
1700350,Aliança do Tocantins,TO,1997,1765.32,1423.35,32.89,21.0,72.37,1.0,0.77,6662.88
1700350,Aliança do Tocantins,TO,1998,1511.93,1512.91,34.39,21.76,69.13,1.19,0.79,6842.12
1700350,Aliança do Tocantins,TO,1999,1633.95,1497.1,33.31,21.25,69.69,1.12,0.86,6807.72
1700350,Aliança do Tocantins,TO,2000,1833.6,1508.2,32.93,21.19,70.49,1.08,0.92,6955.17
1700400,Almas,TO,1981,1594.52,1466.18,31.8,20.11,69.22,1.05,0.97,6813.84
1700400,Almas,TO,1982,1358.57,1416.08,32.21,20.13,67.78,1.11,0.68,6774.73
1700400,Almas,TO,1983,1454.26,1415.11,32.62,20.68,68.18,1.13,0.72,6676.86
1700400,Almas,TO,1984,1234.7,1456.31,32.46,20.26,69.15,1.07,0.71,6951.55
1700400,Almas,TO,1985,1836.13,1357.22,31.59,20.23,72.2,0.94,0.71,6506.11
1700400,Almas,TO,1986,1439.99,1440.08,32.21,20.44,71.68,0.99,0.75,6838.98
1700400,Almas,TO,1987,1498.19,1450.32,33.13,21.31,69.75,1.12,0.68,6802.53
1700400,Almas,TO,1988,1526.7,1489.93,32.44,20.66,69.81,1.06,0.8,6962.55
1700400,Almas,TO,1989,1767.72,1381.63,31.84,20.83,72.69,0.96,0.69,6584.34
1700400,Almas,TO,1990,1130.69,1505.34,33.03,20.91,68.99,1.12,0.75,7045.86
1700400,Almas,TO,1991,1512.73,1390.28,32.06,20.42,70.8,1.0,0.75,6459.46
1700400,Almas,TO,1992,1945.4,1377.85,32.29,20.76,70.51,1.04,0.75,6393.11
1700400,Almas,TO,1993,1032.99,1515.98,32.93,20.79,67.53,1.16,0.92,6949.1
1700400,Almas,TO,1994,1522.04,1499.25,32.7,21.0,68.09,1.15,0.88,6944.23
1700400,Almas,TO,1995,1804.57,1439.72,32.69,20.95,70.2,1.07,0.73,6750.54
1700400,Almas,TO,1996,1401.29,1482.05,32.92,20.94,68.82,1.12,0.74,6934.43
1700400,Almas,TO,1997,1641.64,1441.72,32.71,20.8,71.15,1.03,0.8,6752.11
1700400,Almas,TO,1998,1408.76,1535.43,34.19,21.66,67.32,1.25,0.8,6939.2
1700400,Almas,TO,1999,1609.47,1498.43,33.04,21.13,68.5,1.15,0.85,6852.64
1700400,Almas,TO,2000,1817.27,1507.8,32.78,21.05,69.14,1.12,0.89,6971.03
1700707,Alvorada,TO,1981,1493.45,1508.61,32.11,20.21,67.88,1.1,1.25,6667.75
1700707,Alvorada,TO,1982,1463.58,1442.59,32.45,20.42,67.33,1.14,0.87,6660.68
1700707,Alvorada,TO,1983,1665.52,1429.49,32.83,20.84,67.61,1.16,0.87,6554.02
1700707,Alvorada,TO,1984,1169.6,1455.23,32.68,20.58,68.56,1.1,0.8,6815.67
1700707,Alvorada,TO,1985,1870.29,1369.81,31.91,20.5,71.24,0.99,0.8,6478.15
1700707,Alvorada,TO,1986,1180.82,1450.37,32.57,20.88,68.57,1.12,0.79,6723.21
1700707,Alvorada,TO,1987,1318.44,1446.48,33.39,21.28,68.03,1.19,0.75,6633.51
1700707,Alvorada,TO,1988,1557.41,1503.04,32.61,20.81,67.41,1.15,0.88,6882.75
1700707,Alvorada,TO,1989,1897.33,1397.5,32.18,20.94,70.59,1.04,0.79,6514.12
1700707,Alvorada,TO,1990,1075.59,1505.44,33.24,21.24,68.69,1.14,0.77,6976.12
1700707,Alvorada,TO,1991,1370.28,1407.89,32.31,20.84,70.26,1.04,0.8,6480.82
1700707,Alvorada,TO,1992,1733.87,1351.54,32.3,21.12,70.76,1.05,0.68,6324.46
1700707,Alvorada,TO,1993,1308.07,1469.67,33.2,21.22,66.5,1.22,0.89,6649.06
1700707,Alvorada,TO,1994,1242.27,1471.15,33.15,21.37,67.78,1.19,0.83,6797.82
1700707,Alvorada,TO,1995,1543.52,1414.8,32.88,21.24,69.54,1.11,0.61,6721.16
1700707,Alvorada,TO,1996,1281.95,1450.47,33.14,21.32,69.02,1.13,0.6,6902.38
1700707,Alvorada,TO,1997,1759.42,1404.92,32.85,21.14,69.29,1.12,0.65,6680.64
1700707,Alvorada,TO,1998,1209.27,1492.8,34.55,21.87,64.74,1.37,0.67,6852.64
1700707,Alvorada,TO,1999,1493.08,1483.69,33.5,21.43,66.94,1.23,0.72,6882.18
1700707,Alvorada,TO,2000,1782.41,1472.22,33.04,21.24,68.13,1.17,0.78,6885.89
1701002,Ananás,TO,1981,1260.23,1449.45,32.69,21.77,71.64,1.04,1.12,6350.6
1701002,Ananás,TO,1982,1359.81,1441.21,32.5,21.57,73.53,0.95,1.15,6413.43
1701002,Ananás,TO,1983,1512.38,1498.68,32.89,21.77,72.43,1.02,1.35,6352.32
1701002,Ananás,TO,1984,1841.65,1440.34,32.12,21.0,74.36,0.9,1.17,6482.18
1701002,Ananás,TO,1985,2277.79,1338.39,31.66,21.3,76.53,0.82,0.97,6208.12
1701002,Ananás,TO,1986,1603.41,1403.39,31.99,21.06,77.85,0.78,1.22,6336.93
1701002,Ananás,TO,1987,1187.51,1477.85,33.25,21.49,74.56,0.94,1.2,6480.66
1701002,Ananás,TO,1988,1753.69,1464.09,32.56,21.1,75.34,0.88,1.19,6546.11
1701002,Ananás,TO,1989,2029.42,1390.13,31.95,21.4,77.9,0.78,1.11,6363.32
1701002,Ananás,TO,1990,1493.46,1472.33,32.81,21.46,75.68,0.88,1.19,6573.97
1701002,Ananás,TO,1991,1401.82,1391.15,32.57,21.46,76.18,0.85,1.24,6080.09
1701002,Ananás,TO,1992,1312.9,1460.91,32.8,21.66,74.58,0.93,1.34,6306.56
1701002,Ananás,TO,1993,1321.39,1444.07,32.55,21.73,77.06,0.84,1.2,6483.81
1701002,Ananás,TO,1994,1798.43,1405.94,32.43,21.74,77.7,0.81,1.13,6340.54
1701002,Ananás,TO,1995,1935.82,1460.4,32.93,21.79,75.52,0.91,1.03,6603.82
1701002,Ananás,TO,1996,1888.92,1438.85,32.8,21.64,74.39,0.94,0.88,6601.56
1701002,Ananás,TO,1997,1575.6,1441.26,32.9,21.77,72.42,1.02,0.89,6551.2
1701002,Ananás,TO,1998,1227.62,1488.24,33.74,22.47,72.5,1.06,0.91,6655.66
1701002,Ananás,TO,1999,1749.58,1422.48,32.65,21.5,76.29,0.86,0.9,6589.68
1701002,Ananás,TO,2000,1949.43,1440.29,32.55,21.85,77.17,0.83,0.85,6760.06
1701051,Angico,TO,1981,1215.1,1435.32,31.79,20.86,71.42,1.0,1.15,6377.77
1701051,Angico,TO,1982,1232.16,1406.05,31.64,20.69,73.3,0.91,1.09,6434.32
1701051,Angico,TO,1983,1422.75,1479.75,32.02,20.95,72.42,0.97,1.35,6420.66
1701051,Angico,TO,1984,1743.22,1417.15,31.25,20.09,74.32,0.86,1.18,6497.26
1701051,Angico,TO,1985,2281.62,1312.44,30.78,20.22,76.53,0.77,0.97,6207.65
1701051,Angico,TO,1986,1665.57,1378.72,31.12,20.05,77.66,0.74,1.23,6333.94
1701051,Angico,TO,1987,1200.32,1459.33,32.35,20.52,74.42,0.89,1.21,6535.96
1701051,Angico,TO,1988,1919.16,1448.73,31.68,20.13,75.14,0.84,1.18,6625.91
1701051,Angico,TO,1989,2011.74,1361.88,31.06,20.39,77.76,0.74,1.11,6350.12
1701051,Angico,TO,1990,1554.94,1446.84,31.98,20.45,75.38,0.84,1.19,6567.38
1701051,Angico,TO,1991,1454.7,1365.26,31.65,20.35,75.81,0.82,1.21,6105.7
1701051,Angico,TO,1992,1284.83,1430.2,31.86,20.57,74.15,0.89,1.24,6376.46
1701051,Angico,TO,1993,1396.97,1406.56,31.65,20.69,76.77,0.8,1.08,6503.13
1701051,Angico,TO,1994,1866.38,1385.17,31.56,20.69,76.41,0.81,1.1,6342.9
1701051,Angico,TO,1995,1801.27,1425.85,32.05,20.72,74.51,0.89,0.93,6624.24
1701051,Angico,TO,1996,1866.72,1401.34,31.88,20.52,73.89,0.9,0.78,6596.54
1701051,Angico,TO,1997,1524.96,1401.39,32.0,20.64,72.29,0.96,0.83,6553.4
1701051,Angico,TO,1998,1198.24,1442.54,32.88,21.37,72.27,1.01,0.77,6694.14
1701051,Angico,TO,1999,1580.51,1392.59,31.77,20.4,74.62,0.87,0.85,6609.95
1701051,Angico,TO,2000,1826.97,1404.31,31.63,20.74,75.25,0.85,0.77,6760.54
1701101,Aparecida do Rio Negro,TO,1981,1567.01,1492.44,31.95,19.83,69.05,1.05,1.15,6769.7
1701101,Aparecida do Rio Negro,TO,1982,1523.15,1430.36,32.02,20.21,72.13,0.96,0.97,6643.09
1701101,Aparecida do Rio Negro,TO,1983,1570.85,1469.15,32.69,20.47,71.11,1.02,1.06,6636.34
1701101,Aparecida do Rio Negro,TO,1984,1432.48,1445.56,31.92,19.97,72.6,0.93,1.01,6704.93
1701101,Aparecida do Rio Negro,TO,1985,2200.4,1344.94,31.15,20.29,75.92,0.81,0.98,6312.42
1701101,Aparecida do Rio Negro,TO,1986,1596.37,1420.33,31.81,20.61,74.03,0.9,0.91,6626.75
1701101,Aparecida do Rio Negro,TO,1987,1632.28,1460.61,32.71,21.08,72.84,0.98,0.91,6725.09
1701101,Aparecida do Rio Negro,TO,1988,1597.56,1488.55,32.25,20.63,71.9,0.98,1.03,6741.06
1701101,Aparecida do Rio Negro,TO,1989,2081.42,1355.74,31.14,20.68,76.64,0.8,0.89,6409.5
1701101,Aparecida do Rio Negro,TO,1990,1152.57,1498.58,32.44,21.11,72.22,0.99,0.95,6905.9
1701101,Aparecida do Rio Negro,TO,1991,1497.7,1409.02,32.01,20.53,73.79,0.9,0.98,6405.26
1701101,Aparecida do Rio Negro,TO,1992,1681.21,1407.22,32.17,20.55,72.53,0.96,0.92,6463.64
1701101,Aparecida do Rio Negro,TO,1993,1338.21,1473.76,32.37,20.67,72.99,0.95,1.02,6784.16
1701101,Aparecida do Rio Negro,TO,1994,1447.58,1444.64,32.33,20.53,73.41,0.93,0.99,6686.45
1701101,Aparecida do Rio Negro,TO,1995,1951.42,1419.82,32.28,20.29,74.62,0.87,0.87,6659.27
1701101,Aparecida do Rio Negro,TO,1996,2050.56,1470.07,32.41,20.25,74.62,0.88,0.91,6862.48
1701101,Aparecida do Rio Negro,TO,1997,1977.57,1448.07,32.44,20.33,73.17,0.93,0.99,6693.99
1701101,Aparecida do Rio Negro,TO,1998,1366.15,1532.77,33.71,21.06,70.88,1.07,0.98,6881.08
1701101,Aparecida do Rio Negro,TO,1999,1857.69,1479.18,32.38,20.43,74.68,0.89,1.04,6799.71
1701101,Aparecida do Rio Negro,TO,2000,1740.65,1508.31,32.28,20.97,74.63,0.91,1.1,6980.93
1701309,Aragominas,TO,1981,1471.48,1450.32,32.52,21.35,72.95,0.98,1.17,6404.01
1701309,Aragominas,TO,1982,1448.11,1437.27,32.36,21.33,75.04,0.89,1.19,6452.86
1701309,Aragominas,TO,1983,1499.58,1502.37,32.89,21.66,72.57,1.01,1.36,6398.82
1701309,Aragominas,TO,1984,1634.23,1447.45,32.13,20.74,74.28,0.9,1.22,6503.38
1701309,Aragominas,TO,1985,2928.96,1320.98,31.59,20.53,77.98,0.75,1.04,6141.51
1701309,Aragominas,TO,1986,1766.9,1386.04,31.99,20.49,78.81,0.73,1.23,6301.27
1701309,Aragominas,TO,1987,1413.37,1455.54,33.09,21.09,75.9,0.87,1.22,6409.82
1701309,Aragominas,TO,1988,1683.95,1449.45,32.46,20.68,76.44,0.82,1.22,6502.13
1701309,Aragominas,TO,1989,1894.92,1370.78,31.79,20.9,79.46,0.71,1.13,6346.36
1701309,Aragominas,TO,1990,1612.21,1469.05,32.78,20.92,76.28,0.84,1.23,6588.58
1701309,Aragominas,TO,1991,1434.58,1376.82,32.3,20.67,77.88,0.77,1.3,6088.58
1701309,Aragominas,TO,1992,1387.01,1437.17,32.47,20.7,76.83,0.81,1.42,6280.01
1701309,Aragominas,TO,1993,1709.0,1433.94,32.28,20.75,78.67,0.75,1.31,6497.32
1701309,Aragominas,TO,1994,2099.21,1403.13,32.35,20.85,78.14,0.77,1.21,6352.01
1701309,Aragominas,TO,1995,2029.33,1447.04,32.85,20.93,75.91,0.86,1.16,6478.62
1701309,Aragominas,TO,1996,1939.5,1431.13,32.71,20.88,75.83,0.86,0.96,6576.9
1701309,Aragominas,TO,1997,1812.57,1428.46,32.73,21.0,74.2,0.92,0.99,6496.53
1701309,Aragominas,TO,1998,1365.84,1480.31,33.58,21.73,73.92,0.97,1.0,6627.7
1701309,Aragominas,TO,1999,1952.87,1418.38,32.57,20.82,77.9,0.78,0.99,6567.06
1701309,Aragominas,TO,2000,1889.44,1432.51,32.35,21.11,78.18,0.77,0.91,6772.79
1701903,Araguacema,TO,1981,1685.57,1483.69,32.66,20.48,74.46,0.9,1.31,6584.66
1701903,Araguacema,TO,1982,1899.04,1433.94,32.58,20.78,76.24,0.84,1.16,6517.89
1701903,Araguacema,TO,1983,1843.49,1518.59,33.43,21.17,71.03,1.07,1.32,6493.07
1701903,Araguacema,TO,1984,1804.06,1486.15,32.6,20.49,72.44,0.97,1.24,6578.0
1701903,Araguacema,TO,1985,2498.37,1353.54,31.85,20.84,77.16,0.8,1.13,6175.76
1701903,Araguacema,TO,1986,2060.4,1425.65,32.36,21.2,75.56,0.88,1.12,6411.86
1701903,Araguacema,TO,1987,1639.53,1469.77,33.35,21.97,73.94,0.99,1.11,6450.66
1701903,Araguacema,TO,1988,1983.15,1500.02,32.92,21.56,73.4,0.97,1.21,6529.46
1701903,Araguacema,TO,1989,2165.2,1391.46,32.06,21.57,77.71,0.8,1.09,6356.72
1701903,Araguacema,TO,1990,1437.5,1510.76,33.17,21.92,74.4,0.96,1.16,6705.14
1701903,Araguacema,TO,1991,1887.12,1412.7,32.71,21.5,76.29,0.86,1.19,6189.9
1701903,Araguacema,TO,1992,1751.07,1430.77,32.78,21.08,73.18,0.97,1.16,6280.16
1701903,Araguacema,TO,1993,1640.27,1467.67,33.04,20.57,74.91,0.9,1.19,6562.51
1701903,Araguacema,TO,1994,1719.3,1439.67,32.85,21.05,75.55,0.89,1.17,6433.85
1701903,Araguacema,TO,1995,1849.39,1435.53,32.98,21.43,75.68,0.9,1.02,6504.23
1701903,Araguacema,TO,1996,1551.47,1471.25,33.17,21.77,74.77,0.94,0.97,6657.49
1701903,Araguacema,TO,1997,2199.19,1463.17,33.11,21.82,73.57,0.99,1.09,6522.29
1701903,Araguacema,TO,1998,1410.94,1545.98,34.34,22.53,71.16,1.14,1.08,6695.87
1701903,Araguacema,TO,1999,1646.85,1474.78,33.08,21.86,76.87,0.87,1.1,6636.49
1701903,Araguacema,TO,2000,1859.6,1512.3,33.0,21.89,76.42,0.88,1.17,6863.58
1702000,Araguaçu,TO,1981,1458.64,1461.07,32.32,20.47,67.51,1.13,1.03,6584.81
1702000,Araguaçu,TO,1982,1665.12,1401.08,32.45,20.36,70.21,1.03,0.83,6512.55
1702000,Araguaçu,TO,1983,1744.26,1398.63,32.87,20.82,69.98,1.08,0.85,6423.64
1702000,Araguaçu,TO,1984,1190.36,1455.23,32.74,20.6,69.54,1.07,0.85,6750.32
1702000,Araguaçu,TO,1985,2094.81,1386.91,31.99,20.46,71.53,0.98,0.87,6513.65
1702000,Araguaçu,TO,1986,1244.71,1447.04,32.64,20.96,69.32,1.09,0.88,6617.49
1702000,Araguaçu,TO,1987,1418.61,1447.91,33.36,21.33,68.89,1.15,0.84,6598.95
1702000,Araguaçu,TO,1988,1531.0,1492.13,32.64,20.27,70.6,1.02,0.97,6818.19
1702000,Araguaçu,TO,1989,2052.6,1395.15,32.13,20.5,73.44,0.92,0.87,6540.36
1702000,Araguaçu,TO,1990,1163.81,1500.94,33.09,21.02,70.36,1.07,0.88,6907.15
1702000,Araguaçu,TO,1991,1504.9,1425.5,32.26,20.73,70.77,1.01,0.97,6453.64
1702000,Araguaçu,TO,1992,1856.16,1369.91,32.21,20.95,71.45,1.01,0.86,6291.47
1702000,Araguaçu,TO,1993,1302.71,1462.96,33.13,21.05,67.61,1.17,0.94,6581.51
1702000,Araguaçu,TO,1994,1140.92,1490.04,33.11,21.24,68.36,1.16,0.97,6717.24
1702000,Araguaçu,TO,1995,1571.68,1462.76,32.84,21.05,70.35,1.07,0.96,6646.08
1702000,Araguaçu,TO,1996,1262.33,1478.01,33.14,21.16,70.05,1.09,0.88,6752.21
1702000,Araguaçu,TO,1997,2074.16,1411.52,32.93,21.01,70.3,1.07,0.78,6624.08
1702000,Araguaçu,TO,1998,1249.54,1486.09,34.45,21.75,66.78,1.28,0.73,6770.33
1702000,Araguaçu,TO,1999,1532.41,1498.89,33.44,21.24,68.23,1.17,0.79,6846.52
1702000,Araguaçu,TO,2000,1777.7,1435.83,32.99,21.13,70.29,1.08,0.7,6843.01
1702109,Araguaína,TO,1981,1630.05,1432.82,31.53,20.23,72.13,0.95,1.19,6421.44
1702109,Araguaína,TO,1982,1611.85,1405.23,31.43,20.3,74.45,0.86,1.14,6472.81
1702109,Araguaína,TO,1983,1648.47,1457.18,32.07,20.57,71.49,1.0,1.25,6407.3
1702109,Araguaína,TO,1984,1579.78,1421.2,31.27,19.66,74.23,0.85,1.21,6512.34
1702109,Araguaína,TO,1985,2900.14,1296.88,30.64,19.49,77.79,0.71,1.02,6157.85
1702109,Araguaína,TO,1986,1779.37,1373.39,31.05,19.52,78.75,0.69,1.23,6385.31
1702109,Araguaína,TO,1987,1658.42,1436.96,32.12,20.15,76.03,0.82,1.23,6483.81
1702109,Araguaína,TO,1988,1745.05,1422.99,31.52,19.73,76.43,0.78,1.23,6497.1
1702109,Araguaína,TO,1989,2151.97,1341.3,30.82,19.92,79.64,0.66,1.14,6336.14
1702109,Araguaína,TO,1990,1737.02,1446.58,31.86,19.95,76.21,0.8,1.25,6617.02
1702109,Araguaína,TO,1991,1507.23,1348.83,31.34,19.63,77.76,0.72,1.3,6085.59
1702109,Araguaína,TO,1992,1492.42,1399.7,31.49,19.62,76.66,0.77,1.39,6261.0
1702109,Araguaína,TO,1993,1950.65,1409.27,31.36,19.66,78.47,0.71,1.34,6495.74
1702109,Araguaína,TO,1994,2143.76,1374.98,31.43,19.78,78.22,0.72,1.22,6339.13
1702109,Araguaína,TO,1995,1971.22,1414.03,31.89,19.87,76.43,0.8,1.17,6463.23
1702109,Araguaína,TO,1996,1737.68,1401.34,31.76,19.86,76.05,0.8,0.95,6563.55
1702109,Araguaína,TO,1997,1775.64,1399.85,31.76,19.96,74.37,0.86,1.0,6482.55
1702109,Araguaína,TO,1998,1560.21,1456.0,32.66,20.7,73.77,0.93,1.0,6636.81
1702109,Araguaína,TO,1999,1828.19,1398.47,31.63,19.82,78.15,0.73,1.02,6573.66
1702109,Araguaína,TO,2000,1872.64,1405.38,31.4,20.08,78.72,0.71,0.92,6792.74
1702158,Araguanã,TO,1981,1404.43,1438.75,32.21,21.16,72.9,0.97,1.16,6393.95
1702158,Araguanã,TO,1982,1326.41,1425.6,32.03,21.1,74.97,0.88,1.17,6450.82
1702158,Araguanã,TO,1983,1450.82,1489.68,32.5,21.42,72.56,0.99,1.35,6399.92
1702158,Araguanã,TO,1984,1620.66,1433.63,31.77,20.51,74.27,0.88,1.19,6505.9
1702158,Araguanã,TO,1985,2857.71,1312.23,31.28,20.3,77.85,0.74,1.0,6153.61
1702158,Araguanã,TO,1986,1781.47,1377.74,31.68,20.24,78.73,0.72,1.21,6307.08
1702158,Araguanã,TO,1987,1418.14,1448.48,32.79,20.83,75.77,0.86,1.22,6422.86
1702158,Araguanã,TO,1988,1731.1,1440.95,32.16,20.42,76.39,0.81,1.21,6511.24
1702158,Araguanã,TO,1989,1931.62,1363.21,31.49,20.65,79.34,0.7,1.12,6351.85
1702158,Araguanã,TO,1990,1470.15,1458.51,32.46,20.67,76.25,0.83,1.22,6595.02
1702158,Araguanã,TO,1991,1395.05,1366.69,32.01,20.45,77.83,0.76,1.28,6091.56
1702158,Araguanã,TO,1992,1423.4,1427.29,32.19,20.49,76.76,0.8,1.39,6296.19
1702158,Araguanã,TO,1993,1687.84,1422.89,31.99,20.56,78.69,0.73,1.28,6503.44
1702158,Araguanã,TO,1994,2062.88,1393.76,32.05,20.64,78.15,0.76,1.18,6358.29
1702158,Araguanã,TO,1995,2031.45,1436.19,32.54,20.71,75.88,0.85,1.12,6495.59
1702158,Araguanã,TO,1996,1965.2,1419.87,32.4,20.64,75.73,0.85,0.93,6578.16
1702158,Araguanã,TO,1997,1811.78,1418.28,32.43,20.76,74.08,0.91,0.96,6505.33
1702158,Araguanã,TO,1998,1362.45,1467.16,33.27,21.49,73.94,0.96,0.96,6632.72
1702158,Araguanã,TO,1999,1937.33,1407.89,32.27,20.56,77.57,0.78,0.96,6564.08
1702158,Araguanã,TO,2000,1910.77,1422.02,32.05,20.88,77.88,0.77,0.89,6762.42
1702208,Araguatins,TO,1981,1401.03,1459.17,32.87,22.17,71.44,1.07,1.15,6303.94
1702208,Araguatins,TO,1982,1495.66,1420.89,32.64,21.85,76.4,0.86,1.09,6399.61
1702208,Araguatins,TO,1983,1490.05,1500.17,32.97,22.04,72.37,1.03,1.36,6344.63
1702208,Araguatins,TO,1984,1625.96,1440.95,32.2,21.31,74.34,0.91,1.15,6495.84
1702208,Araguatins,TO,1985,2069.0,1352.41,31.87,22.03,76.41,0.85,0.99,6211.58
1702208,Araguatins,TO,1986,1808.78,1391.2,32.08,21.52,78.13,0.78,1.08,6352.01
1702208,Araguatins,TO,1987,1138.47,1476.32,33.52,21.81,74.59,0.95,1.09,6503.76
1702208,Araguatins,TO,1988,1629.13,1445.87,32.77,21.42,75.47,0.89,1.03,6571.4
1702208,Araguatins,TO,1989,1753.45,1382.5,32.19,21.99,79.4,0.75,0.98,6398.51
1702208,Araguatins,TO,1990,1404.84,1445.46,32.88,22.13,77.79,0.82,1.03,6571.46
1702208,Araguatins,TO,1991,1262.14,1366.18,32.87,22.3,79.13,0.78,1.05,6111.2
1702208,Araguatins,TO,1992,1258.58,1441.36,33.15,22.61,77.86,0.84,1.15,6389.03
1702208,Araguatins,TO,1993,1329.99,1423.35,32.81,22.69,80.47,0.74,1.0,6511.92
1702208,Araguatins,TO,1994,1915.68,1383.78,32.58,22.59,80.09,0.74,0.95,6350.12
1702208,Araguatins,TO,1995,1990.41,1443.41,33.07,22.6,76.64,0.89,0.85,6618.9
1702208,Araguatins,TO,1996,1894.69,1436.6,32.98,22.4,75.27,0.93,0.8,6570.77
1702208,Araguatins,TO,1997,1502.56,1450.27,33.2,22.52,72.3,1.06,0.86,6557.48
1702208,Araguatins,TO,1998,1379.09,1492.8,33.98,23.2,72.61,1.09,0.83,6687.23
1702208,Araguatins,TO,1999,1886.32,1422.89,32.76,22.25,76.54,0.88,0.8,6615.76
1702208,Araguatins,TO,2000,1900.61,1434.91,32.81,22.61,77.85,0.84,0.8,6667.23
1702307,Arapoema,TO,1981,1707.77,1464.65,32.52,20.65,72.57,0.97,1.25,6426.78
1702307,Arapoema,TO,1982,1778.1,1440.8,32.41,20.86,74.09,0.91,1.21,6462.76
1702307,Arapoema,TO,1983,1579.61,1501.3,33.28,21.22,71.22,1.06,1.3,6397.09
1702307,Arapoema,TO,1984,1602.59,1468.33,32.42,20.48,72.89,0.95,1.26,6502.76
1702307,Arapoema,TO,1985,2677.89,1337.46,31.72,20.7,77.84,0.77,1.11,6146.86
1702307,Arapoema,TO,1986,1796.08,1412.09,32.17,20.98,78.85,0.75,1.27,6383.11
1702307,Arapoema,TO,1987,1643.08,1477.91,33.2,21.75,76.16,0.89,1.26,6484.75
1702307,Arapoema,TO,1988,1681.04,1469.72,32.74,21.36,76.51,0.85,1.28,6485.63
1702307,Arapoema,TO,1989,2212.33,1383.99,31.97,21.41,79.76,0.72,1.19,6337.72
1702307,Arapoema,TO,1990,1614.2,1494.69,33.02,21.68,76.32,0.87,1.3,6619.21
1702307,Arapoema,TO,1991,1752.4,1394.63,32.54,21.32,77.87,0.79,1.35,6087.0
1702307,Arapoema,TO,1992,1633.96,1438.44,32.64,20.95,76.79,0.83,1.41,6249.85
1702307,Arapoema,TO,1993,1986.05,1456.77,32.77,20.46,78.39,0.76,1.38,6504.38
1702307,Arapoema,TO,1994,2034.32,1420.74,32.62,20.91,78.13,0.78,1.28,6354.68
1702307,Arapoema,TO,1995,1955.9,1449.3,32.85,21.35,76.52,0.86,1.21,6443.28
1702307,Arapoema,TO,1996,1612.74,1458.76,32.95,21.65,75.93,0.89,1.03,6588.37
1702307,Arapoema,TO,1997,1662.6,1452.32,32.88,21.75,74.13,0.96,1.08,6481.45
1702307,Arapoema,TO,1998,1529.05,1517.42,33.98,22.47,73.26,1.04,1.08,6633.82
1702307,Arapoema,TO,1999,1633.97,1452.01,32.81,21.71,78.81,0.78,1.1,6597.85
1702307,Arapoema,TO,2000,1868.33,1462.65,32.69,21.74,79.03,0.77,0.99,6825.88
1702406,Arraias,TO,1981,1529.6,1424.42,30.76,19.84,69.26,1.01,1.03,6624.71
1702406,Arraias,TO,1982,1206.86,1435.53,31.38,19.6,65.74,1.13,0.85,6768.76
1702406,Arraias,TO,1983,1621.32,1416.23,31.63,20.24,67.55,1.11,0.88,6601.31
1702406,Arraias,TO,1984,1086.81,1475.5,31.82,19.84,67.16,1.1,0.88,6916.84
1702406,Arraias,TO,1985,1833.76,1379.18,30.93,19.83,70.48,0.97,0.88,6542.56
1702406,Arraias,TO,1986,1100.82,1453.59,31.72,20.0,68.24,1.08,0.85,6829.08
1702406,Arraias,TO,1987,1337.3,1446.28,32.72,21.13,67.05,1.2,0.8,6607.75
1702406,Arraias,TO,1988,1448.35,1493.21,31.9,20.49,67.34,1.12,0.93,6818.97
1702406,Arraias,TO,1989,1764.14,1392.43,31.66,20.74,68.95,1.08,0.84,6446.89
1702406,Arraias,TO,1990,868.8,1495.51,32.46,20.38,67.04,1.15,0.8,6994.02
1702406,Arraias,TO,1991,1448.96,1402.11,31.34,20.03,69.88,1.0,0.83,6540.04
1702406,Arraias,TO,1992,1994.84,1357.94,31.35,20.53,70.76,1.0,0.82,6312.37
1702406,Arraias,TO,1993,1144.72,1523.71,32.47,20.66,65.97,1.19,1.05,6856.57
1702406,Arraias,TO,1994,1355.56,1537.99,32.47,21.02,66.02,1.23,1.03,6938.73
1702406,Arraias,TO,1995,1406.44,1493.0,32.29,21.01,66.89,1.18,0.92,6797.19
1702406,Arraias,TO,1996,1060.34,1533.85,32.62,20.93,64.86,1.26,0.89,7017.69
1702406,Arraias,TO,1997,1486.48,1465.67,32.12,20.78,67.66,1.15,0.92,6729.8
1702406,Arraias,TO,1998,1095.51,1578.99,33.65,21.74,62.71,1.42,0.93,6981.46
1702406,Arraias,TO,1999,1179.91,1545.82,32.51,21.17,63.97,1.3,0.97,6955.54
1702406,Arraias,TO,2000,1401.95,1514.81,32.34,20.94,67.22,1.17,0.91,6991.92
1702554,Augustinópolis,TO,1981,1415.95,1462.7,32.83,22.0,71.41,1.06,1.15,6318.71
1702554,Augustinópolis,TO,1982,1519.59,1415.57,32.55,21.59,76.87,0.83,1.1,6393.8
1702554,Augustinópolis,TO,1983,1437.54,1495.97,32.89,21.69,72.5,1.01,1.36,6342.74
1702554,Augustinópolis,TO,1984,1613.88,1433.22,32.05,20.95,74.42,0.89,1.14,6496.47
1702554,Augustinópolis,TO,1985,2046.6,1345.04,31.74,21.97,77.77,0.8,0.99,6211.89
1702554,Augustinópolis,TO,1986,1791.81,1387.62,31.92,21.24,78.09,0.77,1.1,6352.64
1702554,Augustinópolis,TO,1987,1389.42,1475.04,33.38,21.39,74.53,0.94,1.13,6510.2
1702554,Augustinópolis,TO,1988,1631.18,1445.0,32.6,21.03,75.45,0.88,1.06,6578.31
1702554,Augustinópolis,TO,1989,1946.83,1385.98,32.07,21.76,79.5,0.74,1.03,6405.58
1702554,Augustinópolis,TO,1990,1303.66,1442.59,32.72,21.88,77.84,0.81,1.06,6565.49
1702554,Augustinópolis,TO,1991,1339.46,1367.92,32.77,22.29,79.16,0.77,1.05,6134.29
1702554,Augustinópolis,TO,1992,1424.02,1433.74,33.03,22.59,77.9,0.84,1.13,6371.43
1702554,Augustinópolis,TO,1993,1317.2,1417.72,32.69,22.69,80.55,0.73,0.98,6496.22
1702554,Augustinópolis,TO,1994,1818.66,1383.68,32.43,22.59,80.42,0.73,0.96,6359.39
1702554,Augustinópolis,TO,1995,1996.57,1439.98,32.97,22.54,76.78,0.88,0.84,6623.93
1702554,Augustinópolis,TO,1996,1954.92,1433.48,32.98,22.19,75.79,0.91,0.8,6575.49
1702554,Augustinópolis,TO,1997,1479.71,1455.9,33.22,22.27,72.95,1.03,0.87,6584.5
1702554,Augustinópolis,TO,1998,1361.69,1507.44,34.04,22.93,73.23,1.06,0.9,6693.83
1702554,Augustinópolis,TO,1999,1831.24,1429.39,32.72,21.95,76.47,0.87,0.85,6614.66
1702554,Augustinópolis,TO,2000,1919.91,1429.39,32.81,22.36,78.29,0.82,0.83,6633.3
1702703,Aurora do Tocantins,TO,1981,1728.06,1456.77,30.98,20.36,68.66,1.06,0.99,6808.5
1702703,Aurora do Tocantins,TO,1982,1482.36,1464.91,31.8,20.83,66.25,1.18,0.84,6847.78
1702703,Aurora do Tocantins,TO,1983,1863.3,1442.08,32.08,21.23,68.31,1.14,0.87,6656.44
1702703,Aurora do Tocantins,TO,1984,1282.11,1508.92,32.07,20.31,65.3,1.2,0.87,7031.51
1702703,Aurora do Tocantins,TO,1985,2239.18,1404.82,31.12,20.5,70.06,1.02,0.87,6619.84
1702703,Aurora do Tocantins,TO,1986,1477.41,1494.95,31.92,20.1,68.89,1.07,0.89,7009.42
1702703,Aurora do Tocantins,TO,1987,1932.73,1495.82,32.9,21.55,66.98,1.23,0.87,6770.96
1702703,Aurora do Tocantins,TO,1988,2094.49,1543.83,32.07,20.83,67.39,1.14,0.94,7122.31
1702703,Aurora do Tocantins,TO,1989,1721.45,1435.89,31.8,21.02,69.01,1.1,0.82,6704.98
1702703,Aurora do Tocantins,TO,1990,978.29,1515.57,32.71,20.92,67.03,1.18,0.77,7081.68
1702703,Aurora do Tocantins,TO,1991,1695.34,1433.84,31.77,20.58,68.95,1.07,0.84,6602.56
1702703,Aurora do Tocantins,TO,1992,2416.99,1398.73,31.73,20.67,69.78,1.05,0.92,6353.37
1702703,Aurora do Tocantins,TO,1993,1299.59,1582.37,32.71,20.65,64.99,1.23,1.12,7046.02
1702703,Aurora do Tocantins,TO,1994,1593.22,1569.83,32.72,21.26,65.84,1.26,1.07,7032.35
1702703,Aurora do Tocantins,TO,1995,1967.52,1518.29,32.58,21.31,67.21,1.2,0.95,6831.28
1702703,Aurora do Tocantins,TO,1996,1352.36,1563.99,32.9,21.21,64.79,1.29,0.93,7068.9
1702703,Aurora do Tocantins,TO,1997,1629.48,1481.18,32.41,21.09,67.66,1.17,0.92,6747.87
1702703,Aurora do Tocantins,TO,1998,1241.12,1606.78,33.91,22.09,62.19,1.47,0.94,7037.54
1702703,Aurora do Tocantins,TO,1999,1465.18,1558.62,32.78,21.48,63.99,1.33,0.96,6973.92
1702703,Aurora do Tocantins,TO,2000,1591.63,1539.58,32.67,21.22,67.21,1.2,0.9,7070.62
1702901,Axixá do Tocantins,TO,1981,1226.21,1464.04,32.46,21.56,71.19,1.05,1.15,6382.96
1702901,Axixá do Tocantins,TO,1982,1517.23,1418.18,32.17,21.09,73.8,0.92,1.07,6417.67
1702901,Axixá do Tocantins,TO,1983,1220.66,1487.94,32.51,21.12,72.46,0.98,1.34,6379.34
1702901,Axixá do Tocantins,TO,1984,1459.31,1422.94,31.61,20.36,74.34,0.87,1.15,6490.35
1702901,Axixá do Tocantins,TO,1985,2024.93,1334.14,31.32,21.61,77.63,0.79,0.97,6212.67
1702901,Axixá do Tocantins,TO,1986,1724.61,1377.44,31.48,20.71,77.73,0.76,1.11,6343.68
1702901,Axixá do Tocantins,TO,1987,1142.22,1467.36,32.95,20.76,74.31,0.92,1.14,6543.03
1702901,Axixá do Tocantins,TO,1988,1624.33,1439.83,32.14,20.42,75.22,0.86,1.06,6627.17
1702901,Axixá do Tocantins,TO,1989,1645.86,1373.8,31.65,21.13,78.21,0.76,1.04,6361.75
1702901,Axixá do Tocantins,TO,1990,1242.07,1434.71,32.27,21.16,75.84,0.85,1.07,6542.56
1702901,Axixá do Tocantins,TO,1991,1241.37,1377.13,32.35,21.97,76.71,0.85,1.09,6124.55
1702901,Axixá do Tocantins,TO,1992,1161.93,1448.17,32.6,22.22,75.5,0.91,1.2,6374.42
1702901,Axixá do Tocantins,TO,1993,1254.46,1429.44,32.25,22.33,77.59,0.83,1.05,6496.53
1702901,Axixá do Tocantins,TO,1994,1820.49,1390.13,32.0,22.24,77.98,0.8,0.99,6364.58
1702901,Axixá do Tocantins,TO,1995,1989.7,1447.35,32.58,22.15,75.54,0.91,0.9,6641.84
1702901,Axixá do Tocantins,TO,1996,1812.94,1431.38,32.67,21.68,75.08,0.91,0.82,6594.81
1702901,Axixá do Tocantins,TO,1997,1414.99,1442.9,32.93,21.81,72.9,1.01,0.85,6586.54
1702901,Axixá do Tocantins,TO,1998,1131.16,1495.46,33.79,22.42,73.12,1.04,0.88,6695.4
1702901,Axixá do Tocantins,TO,1999,1592.37,1427.24,32.4,21.36,73.73,0.95,0.85,6618.43
1702901,Axixá do Tocantins,TO,2000,1797.58,1431.89,32.51,21.83,76.52,0.86,0.8,6699.59
1703008,Babaçulândia,TO,1981,1562.5,1458.66,31.63,20.71,71.46,0.99,1.19,6535.49
1703008,Babaçulândia,TO,1982,1591.72,1422.32,31.56,20.73,73.41,0.91,1.11,6510.98
1703008,Babaçulândia,TO,1983,1616.77,1470.23,32.02,20.99,72.72,0.97,1.26,6479.25
1703008,Babaçulândia,TO,1984,1474.86,1431.28,31.34,20.1,74.27,0.86,1.21,6516.89
1703008,Babaçulândia,TO,1985,2633.55,1314.23,30.78,19.93,77.4,0.74,1.03,6180.16
1703008,Babaçulândia,TO,1986,1853.48,1381.28,31.18,20.04,76.27,0.79,1.2,6303.63
1703008,Babaçulândia,TO,1987,1466.07,1460.2,32.3,20.61,73.91,0.91,1.19,6537.06
1703008,Babaçulândia,TO,1988,1880.72,1439.37,31.67,20.22,74.46,0.86,1.16,6542.03
1703008,Babaçulândia,TO,1989,2006.76,1351.39,31.01,20.37,78.01,0.73,1.09,6314.78
1703008,Babaçulândia,TO,1990,1619.63,1452.06,32.06,20.48,75.12,0.86,1.18,6598.32
1703008,Babaçulândia,TO,1991,1541.35,1373.24,31.51,20.15,74.98,0.83,1.26,6090.62
1703008,Babaçulândia,TO,1992,1373.39,1444.28,31.73,20.22,72.98,0.92,1.38,6289.75
1703008,Babaçulândia,TO,1993,1689.88,1428.0,31.61,20.29,75.65,0.82,1.24,6490.09
1703008,Babaçulândia,TO,1994,1799.71,1389.72,31.66,20.36,75.37,0.84,1.14,6327.82
1703008,Babaçulândia,TO,1995,1824.69,1448.73,32.12,20.46,73.14,0.94,1.08,6595.34
1703008,Babaçulândia,TO,1996,1702.99,1400.01,31.93,20.29,74.25,0.88,0.8,6605.02
1703008,Babaçulândia,TO,1997,1606.16,1395.35,31.99,20.36,72.96,0.93,0.82,6539.26
1703008,Babaçulândia,TO,1998,1282.95,1446.68,32.91,21.18,72.18,1.01,0.85,6671.68
1703008,Babaçulândia,TO,1999,1637.0,1392.07,31.83,20.22,75.73,0.83,0.84,6602.88
1703008,Babaçulândia,TO,2000,1800.33,1407.89,31.6,20.48,76.72,0.79,0.77,6820.23
1703057,Bandeirantes do Tocantins,TO,1981,1724.81,1433.02,31.31,19.47,71.76,0.93,1.23,6456.16
1703057,Bandeirantes do Tocantins,TO,1982,1800.1,1399.55,31.2,19.67,74.13,0.85,1.15,6481.61
1703057,Bandeirantes do Tocantins,TO,1983,1659.27,1460.56,32.02,20.05,71.34,0.99,1.27,6425.06
1703057,Bandeirantes do Tocantins,TO,1984,1650.27,1422.37,31.19,19.29,73.18,0.87,1.24,6491.45
1703057,Bandeirantes do Tocantins,TO,1985,2762.92,1300.87,30.47,19.5,77.98,0.71,1.07,6159.42
1703057,Bandeirantes do Tocantins,TO,1986,1792.54,1370.58,30.94,19.8,78.31,0.71,1.19,6382.96
1703057,Bandeirantes do Tocantins,TO,1987,1673.6,1442.44,31.97,20.53,76.1,0.83,1.19,6540.99
1703057,Bandeirantes do Tocantins,TO,1988,1726.92,1426.88,31.48,20.1,76.22,0.8,1.19,6512.18
1703057,Bandeirantes do Tocantins,TO,1989,2289.02,1338.39,30.7,20.17,79.54,0.68,1.11,6316.51
1703057,Bandeirantes do Tocantins,TO,1990,1603.63,1445.66,31.79,20.43,76.41,0.81,1.21,6623.14
1703057,Bandeirantes do Tocantins,TO,1991,1828.13,1361.78,31.29,20.04,77.62,0.74,1.3,6123.45
1703057,Bandeirantes do Tocantins,TO,1992,1566.78,1402.16,31.38,19.74,76.12,0.79,1.38,6252.67
1703057,Bandeirantes do Tocantins,TO,1993,2037.02,1429.03,31.56,19.38,77.24,0.75,1.35,6522.76
1703057,Bandeirantes do Tocantins,TO,1994,1924.77,1396.63,31.44,19.75,76.18,0.8,1.24,6368.19
1703057,Bandeirantes do Tocantins,TO,1995,1859.01,1426.21,31.65,20.07,75.33,0.84,1.19,6490.56
1703057,Bandeirantes do Tocantins,TO,1996,1652.4,1427.75,31.73,20.28,74.72,0.87,1.0,6608.0
1703057,Bandeirantes do Tocantins,TO,1997,1661.83,1417.05,31.68,20.35,73.28,0.92,1.03,6491.66
1703057,Bandeirantes do Tocantins,TO,1998,1570.53,1490.19,32.82,21.08,71.69,1.03,1.06,6659.27
1703057,Bandeirantes do Tocantins,TO,1999,1653.13,1421.76,31.63,20.34,77.56,0.77,1.09,6590.78
1703057,Bandeirantes do Tocantins,TO,2000,1910.84,1440.54,31.51,20.4,77.39,0.77,0.99,6875.52
1703073,Barra do Ouro,TO,1981,1292.6,1487.63,32.19,21.19,70.31,1.06,1.15,6624.56
1703073,Barra do Ouro,TO,1982,1276.85,1439.47,32.16,21.28,72.49,0.98,1.02,6591.1
1703073,Barra do Ouro,TO,1983,1390.77,1508.92,32.65,21.54,71.27,1.05,1.25,6564.7
1703073,Barra do Ouro,TO,1984,1388.17,1455.59,32.0,20.85,74.22,0.9,1.21,6540.14
1703073,Barra do Ouro,TO,1985,2407.75,1341.66,31.31,20.96,77.55,0.78,1.05,6217.23
1703073,Barra do Ouro,TO,1986,1819.35,1416.8,31.84,21.34,75.89,0.86,1.12,6429.92
1703073,Barra do Ouro,TO,1987,1275.89,1485.58,32.89,21.89,74.53,0.95,1.1,6642.62
1703073,Barra do Ouro,TO,1988,1658.56,1467.62,32.29,21.52,74.17,0.93,1.1,6585.07
1703073,Barra do Ouro,TO,1989,1762.11,1368.53,31.59,21.52,77.88,0.78,1.01,6332.06
1703073,Barra do Ouro,TO,1990,1352.13,1480.57,32.71,21.83,75.46,0.9,1.12,6669.8
1703073,Barra do Ouro,TO,1991,1624.11,1402.98,32.12,21.4,75.13,0.88,1.19,6192.41
1703073,Barra do Ouro,TO,1992,1486.87,1455.18,32.41,21.46,73.05,0.98,1.27,6325.4
1703073,Barra do Ouro,TO,1993,1704.49,1464.6,32.44,21.45,75.21,0.9,1.2,6558.58
1703073,Barra do Ouro,TO,1994,1772.88,1427.54,32.39,21.54,75.12,0.9,1.11,6420.03
1703073,Barra do Ouro,TO,1995,1720.7,1468.59,32.71,21.72,73.52,0.98,1.02,6639.32
1703073,Barra do Ouro,TO,1996,1583.18,1438.5,32.48,21.47,74.61,0.92,0.83,6662.04
1703073,Barra do Ouro,TO,1997,1748.6,1427.39,32.59,21.47,73.07,0.98,0.86,6557.16
1703073,Barra do Ouro,TO,1998,1292.15,1489.93,33.67,22.38,72.05,1.08,0.87,6730.43
1703073,Barra do Ouro,TO,1999,1555.91,1442.44,32.48,21.45,75.57,0.89,0.9,6681.42
1703073,Barra do Ouro,TO,2000,1618.66,1447.96,32.27,21.58,76.91,0.84,0.81,6891.39
1703107,Barrolândia,TO,1981,1892.25,1486.25,31.73,19.67,69.06,1.04,1.2,6703.57
1703107,Barrolândia,TO,1982,2030.93,1420.02,31.75,20.04,72.54,0.93,1.03,6592.98
1703107,Barrolândia,TO,1983,2084.85,1458.51,32.42,20.32,71.41,1.0,1.14,6536.74
1703107,Barrolândia,TO,1984,1836.13,1440.85,31.67,19.74,72.47,0.92,1.08,6639.11
1703107,Barrolândia,TO,1985,2579.02,1324.16,30.92,20.06,76.97,0.77,1.0,6233.1
1703107,Barrolândia,TO,1986,2101.78,1395.04,31.54,20.39,75.31,0.84,0.97,6483.33
1703107,Barrolândia,TO,1987,1896.35,1437.63,32.46,20.89,73.71,0.94,0.97,6567.22
1703107,Barrolândia,TO,1988,2232.65,1461.27,32.0,20.42,73.09,0.92,1.08,6590.41
1703107,Barrolândia,TO,1989,2415.54,1346.22,30.92,20.47,77.2,0.77,0.95,6369.29
1703107,Barrolândia,TO,1990,1641.02,1478.16,32.17,20.88,72.61,0.97,1.0,6784.78
1703107,Barrolândia,TO,1991,2091.15,1387.26,31.75,20.32,73.95,0.89,1.04,6257.44
1703107,Barrolândia,TO,1992,1905.16,1387.01,31.88,20.29,72.76,0.94,0.99,6321.32
1703107,Barrolândia,TO,1993,1645.56,1457.43,32.15,20.37,73.13,0.93,1.08,6669.48
1703107,Barrolândia,TO,1994,1699.39,1419.71,32.09,20.39,74.09,0.89,1.05,6524.96
1703107,Barrolândia,TO,1995,1772.0,1408.2,32.08,20.26,74.96,0.86,0.96,6534.54
1703107,Barrolândia,TO,1996,1624.1,1443.15,32.22,20.22,74.54,0.88,0.93,6713.72
1703107,Barrolândia,TO,1997,2004.31,1429.85,32.27,20.27,73.64,0.91,1.03,6573.82
1703107,Barrolândia,TO,1998,1516.02,1513.78,33.56,21.0,70.9,1.07,1.03,6731.06
1703107,Barrolândia,TO,1999,2150.65,1459.68,32.26,20.39,75.29,0.86,1.08,6681.42
1703107,Barrolândia,TO,2000,1979.84,1498.99,32.14,20.77,75.03,0.88,1.14,6932.23
1703206,Bernardo Sayão,TO,1981,1689.08,1479.03,32.63,20.56,71.94,0.99,1.26,6473.91
1703206,Bernardo Sayão,TO,1982,1761.66,1445.56,32.51,20.82,73.9,0.92,1.19,6481.45
1703206,Bernardo Sayão,TO,1983,1562.21,1508.67,33.43,21.23,71.3,1.06,1.31,6410.76
1703206,Bernardo Sayão,TO,1984,1602.04,1472.33,32.55,20.5,73.17,0.94,1.27,6503.38
1703206,Bernardo Sayão,TO,1985,2690.95,1344.02,31.84,20.76,77.49,0.79,1.12,6144.03
1703206,Bernardo Sayão,TO,1986,1753.05,1414.59,32.32,21.09,77.82,0.79,1.2,6385.16
1703206,Bernardo Sayão,TO,1987,1700.91,1479.49,33.32,21.93,75.81,0.91,1.2,6497.47
1703206,Bernardo Sayão,TO,1988,1749.58,1483.38,32.9,21.54,75.21,0.91,1.24,6492.86
1703206,Bernardo Sayão,TO,1989,2201.73,1383.89,32.11,21.56,79.05,0.75,1.14,6319.49
1703206,Bernardo Sayão,TO,1990,1490.61,1495.51,33.16,21.88,75.92,0.9,1.21,6640.42
1703206,Bernardo Sayão,TO,1991,1830.06,1397.35,32.69,21.52,77.97,0.8,1.29,6107.58
1703206,Bernardo Sayão,TO,1992,1637.63,1448.32,32.75,21.02,75.73,0.88,1.4,6241.68
1703206,Bernardo Sayão,TO,1993,1885.84,1475.14,32.96,20.38,77.24,0.81,1.39,6529.99
1703206,Bernardo Sayão,TO,1994,1976.57,1431.48,32.78,20.92,76.68,0.85,1.25,6365.05
1703206,Bernardo Sayão,TO,1995,2034.65,1465.32,32.96,21.44,75.43,0.91,1.21,6472.18
1703206,Bernardo Sayão,TO,1996,1522.58,1471.0,33.15,21.85,75.86,0.9,1.04,6603.76
1703206,Bernardo Sayão,TO,1997,1841.42,1460.86,33.04,21.96,74.15,0.97,1.07,6487.42
1703206,Bernardo Sayão,TO,1998,1638.83,1534.26,34.21,22.67,73.21,1.06,1.1,6651.1
1703206,Bernardo Sayão,TO,1999,1662.85,1466.44,32.97,21.94,78.13,0.82,1.13,6586.54
1703206,Bernardo Sayão,TO,2000,2009.14,1483.33,32.89,21.93,77.6,0.84,1.03,6843.95
1703305,Bom Jesus do Tocantins,TO,1981,1555.62,1483.89,31.96,19.87,69.25,1.05,1.12,6737.66
1703305,Bom Jesus do Tocantins,TO,1982,1862.99,1418.79,31.88,19.99,72.42,0.94,0.98,6626.28
1703305,Bom Jesus do Tocantins,TO,1983,1582.01,1474.37,32.62,20.15,71.06,1.02,1.14,6609.0
1703305,Bom Jesus do Tocantins,TO,1984,1360.15,1443.0,31.9,19.61,72.52,0.92,1.06,6651.67
1703305,Bom Jesus do Tocantins,TO,1985,2793.5,1330.81,31.02,20.54,76.99,0.78,0.95,6291.06
1703305,Bom Jesus do Tocantins,TO,1986,1853.86,1424.17,31.6,21.01,75.62,0.85,1.03,6602.88
1703305,Bom Jesus do Tocantins,TO,1987,1611.19,1474.37,32.56,21.47,74.52,0.93,1.01,6738.76
1703305,Bom Jesus do Tocantins,TO,1988,1755.38,1482.92,32.06,20.92,73.29,0.93,1.07,6738.86
1703305,Bom Jesus do Tocantins,TO,1989,2303.2,1357.53,31.06,20.99,77.04,0.79,0.94,6390.65
1703305,Bom Jesus do Tocantins,TO,1990,1241.1,1493.98,32.37,21.28,72.44,0.99,1.02,6842.43
1703305,Bom Jesus do Tocantins,TO,1991,1531.95,1411.27,31.89,20.67,73.73,0.91,1.05,6378.87
1703305,Bom Jesus do Tocantins,TO,1992,1789.93,1427.39,31.99,20.64,71.82,0.98,1.03,6477.94
1703305,Bom Jesus do Tocantins,TO,1993,1411.47,1477.09,32.42,20.73,73.19,0.95,1.07,6751.48
1703305,Bom Jesus do Tocantins,TO,1994,1712.82,1434.71,32.23,20.92,74.45,0.9,1.04,6585.28
1703305,Bom Jesus do Tocantins,TO,1995,1900.4,1422.22,32.09,20.82,73.99,0.92,0.84,6686.45
1703305,Bom Jesus do Tocantins,TO,1996,1528.62,1461.94,32.2,20.76,74.67,0.89,0.86,6843.79
1703305,Bom Jesus do Tocantins,TO,1997,1722.68,1433.38,32.24,20.68,73.8,0.92,0.9,6671.37
1703305,Bom Jesus do Tocantins,TO,1998,1459.5,1519.16,33.71,21.38,73.03,1.01,0.95,6870.71
1703305,Bom Jesus do Tocantins,TO,1999,1878.36,1480.26,32.48,20.93,74.36,0.92,1.0,6774.42
1703305,Bom Jesus do Tocantins,TO,2000,1710.42,1487.02,32.43,20.87,74.03,0.92,0.97,6949.98
1703602,Brasilândia do Tocantins,TO,1981,1650.64,1493.41,32.29,20.31,70.22,1.04,1.22,6617.8
1703602,Brasilândia do Tocantins,TO,1982,1794.97,1437.22,32.19,20.5,72.29,0.96,1.1,6544.13
1703602,Brasilândia do Tocantins,TO,1983,1627.86,1496.18,32.95,20.84,71.34,1.04,1.27,6487.26
1703602,Brasilândia do Tocantins,TO,1984,1635.58,1453.18,32.16,20.13,73.15,0.92,1.2,6534.64
1703602,Brasilândia do Tocantins,TO,1985,2764.76,1327.94,31.38,20.56,77.5,0.77,1.05,6180.47
1703602,Brasilândia do Tocantins,TO,1986,1833.34,1411.78,31.9,20.91,75.77,0.85,1.13,6401.81
1703602,Brasilândia do Tocantins,TO,1987,1649.83,1469.2,32.89,21.56,74.25,0.95,1.1,6556.69
1703602,Brasilândia do Tocantins,TO,1988,1798.93,1469.97,32.4,21.11,73.64,0.94,1.15,6529.3
1703602,Brasilândia do Tocantins,TO,1989,2291.33,1368.68,31.55,21.16,77.91,0.77,1.06,6330.18
1703602,Brasilândia do Tocantins,TO,1990,1347.03,1482.56,32.71,21.44,74.57,0.92,1.13,6676.24
1703602,Brasilândia do Tocantins,TO,1991,1678.57,1397.35,32.21,20.98,75.82,0.85,1.21,6163.98
1703602,Brasilândia do Tocantins,TO,1992,1677.13,1438.19,32.32,20.76,72.59,0.97,1.25,6273.88
1703602,Brasilândia do Tocantins,TO,1993,1741.05,1471.51,32.55,20.53,74.46,0.9,1.25,6575.23
1703602,Brasilândia do Tocantins,TO,1994,1798.89,1420.74,32.41,20.85,76.02,0.85,1.16,6401.96
1703602,Brasilândia do Tocantins,TO,1995,1703.19,1430.36,32.51,21.05,75.33,0.89,1.04,6514.75
1703602,Brasilândia do Tocantins,TO,1996,1552.53,1447.61,32.6,21.16,74.78,0.91,0.93,6630.94
1703602,Brasilândia do Tocantins,TO,1997,1766.02,1441.06,32.57,21.2,73.43,0.96,1.02,6505.96
1703602,Brasilândia do Tocantins,TO,1998,1476.73,1521.0,33.81,21.92,71.56,1.09,1.05,6678.12
1703602,Brasilândia do Tocantins,TO,1999,1716.47,1455.13,32.61,21.26,77.22,0.82,1.08,6608.38
1703602,Brasilândia do Tocantins,TO,2000,1915.69,1467.16,32.5,21.29,77.04,0.83,0.99,6856.52
1703701,Brejinho de Nazaré,TO,1981,1468.77,1503.29,32.76,20.8,68.98,1.11,1.11,6708.75
1703701,Brejinho de Nazaré,TO,1982,1589.48,1429.85,32.93,21.26,70.94,1.06,0.75,6670.74
1703701,Brejinho de Nazaré,TO,1983,1690.37,1444.94,33.51,21.6,70.28,1.12,0.8,6625.5
1703701,Brejinho de Nazaré,TO,1984,1406.37,1457.89,32.87,21.12,70.84,1.05,0.77,6810.17
1703701,Brejinho de Nazaré,TO,1985,2364.54,1361.57,32.09,21.04,74.51,0.9,0.78,6414.84
1703701,Brejinho de Nazaré,TO,1986,1741.48,1434.86,32.78,21.33,72.66,1.0,0.81,6620.63
1703701,Brejinho de Nazaré,TO,1987,1723.58,1461.32,33.65,21.78,71.26,1.1,0.8,6646.86
1703701,Brejinho de Nazaré,TO,1988,1619.9,1507.08,33.2,21.35,70.88,1.07,0.95,6743.41
1703701,Brejinho de Nazaré,TO,1989,2007.97,1383.48,32.02,21.37,73.8,0.94,0.81,6449.4
1703701,Brejinho de Nazaré,TO,1990,1417.9,1516.44,33.35,21.86,70.49,1.11,0.86,6896.32
1703701,Brejinho de Nazaré,TO,1991,1672.88,1420.43,32.85,21.25,72.44,0.99,0.87,6400.71
1703701,Brejinho de Nazaré,TO,1992,1929.01,1410.09,33.1,21.45,71.41,1.06,0.8,6408.5
1703701,Brejinho de Nazaré,TO,1993,1495.99,1504.67,33.28,21.6,70.48,1.09,0.97,6798.76
1703701,Brejinho de Nazaré,TO,1994,1938.36,1475.81,32.96,21.61,71.35,1.06,0.93,6756.82
1703701,Brejinho de Nazaré,TO,1995,1868.54,1438.04,33.12,21.57,72.18,1.03,0.78,6628.01
1703701,Brejinho de Nazaré,TO,1996,1461.71,1478.62,33.24,21.47,72.14,1.03,0.77,6859.03
1703701,Brejinho de Nazaré,TO,1997,1839.83,1438.04,33.45,21.33,72.33,1.03,0.77,6662.73
1703701,Brejinho de Nazaré,TO,1998,1611.14,1523.41,34.73,22.16,69.13,1.22,0.78,6843.06
1703701,Brejinho de Nazaré,TO,1999,1756.11,1506.98,33.66,21.58,69.62,1.15,0.85,6803.32
1703701,Brejinho de Nazaré,TO,2000,1904.84,1522.13,33.32,21.58,70.43,1.11,0.92,6953.12
1703800,Buriti do Tocantins,TO,1981,1486.01,1456.1,32.73,22.07,71.49,1.06,1.14,6309.13
1703800,Buriti do Tocantins,TO,1982,1525.19,1412.6,32.49,21.74,77.05,0.83,1.1,6389.55
1703800,Buriti do Tocantins,TO,1983,1391.76,1494.44,32.82,21.96,72.68,1.01,1.36,6336.77
1703800,Buriti do Tocantins,TO,1984,1783.05,1445.2,32.05,21.24,74.42,0.9,1.19,6493.49
1703800,Buriti do Tocantins,TO,1985,2175.71,1360.5,31.74,21.98,77.78,0.8,1.1,6211.42
1703800,Buriti do Tocantins,TO,1986,1945.85,1388.95,31.93,21.46,78.2,0.77,1.09,6359.39
1703800,Buriti do Tocantins,TO,1987,1421.75,1474.73,33.4,21.74,74.62,0.95,1.12,6502.18
1703800,Buriti do Tocantins,TO,1988,1867.26,1446.63,32.65,21.36,75.53,0.88,1.06,6571.25
1703800,Buriti do Tocantins,TO,1989,1974.77,1385.73,32.07,21.96,79.63,0.74,1.02,6406.83
1703800,Buriti do Tocantins,TO,1990,1401.69,1441.62,32.73,22.14,78.13,0.81,1.05,6565.02
1703800,Buriti do Tocantins,TO,1991,1338.89,1364.85,32.76,22.26,79.43,0.76,1.04,6133.03
1703800,Buriti do Tocantins,TO,1992,1369.69,1431.33,33.04,22.58,78.18,0.83,1.12,6371.75
1703800,Buriti do Tocantins,TO,1993,1405.99,1415.0,32.69,22.65,80.78,0.72,0.98,6495.59
1703800,Buriti do Tocantins,TO,1994,1899.86,1380.66,32.44,22.53,80.62,0.72,0.95,6360.02
1703800,Buriti do Tocantins,TO,1995,2010.06,1437.22,32.93,22.55,76.94,0.88,0.84,6619.37
1703800,Buriti do Tocantins,TO,1996,1944.19,1430.36,32.82,22.33,75.87,0.9,0.8,6569.68
1703800,Buriti do Tocantins,TO,1997,1491.68,1455.08,33.05,22.4,72.97,1.02,0.88,6585.13
1703800,Buriti do Tocantins,TO,1998,1383.79,1504.16,33.8,23.11,73.29,1.05,0.91,6691.63
1703800,Buriti do Tocantins,TO,1999,1876.22,1429.69,32.62,22.19,76.65,0.87,0.85,6614.97
1703800,Buriti do Tocantins,TO,2000,1934.61,1428.52,32.66,22.56,78.44,0.81,0.84,6631.1
1703826,Cachoeirinha,TO,1981,1104.71,1467.62,32.3,21.35,70.97,1.04,1.22,6369.13
1703826,Cachoeirinha,TO,1982,1271.06,1423.14,32.07,21.02,73.06,0.94,1.12,6426.63
1703826,Cachoeirinha,TO,1983,1405.26,1491.62,32.42,21.18,72.35,0.99,1.34,6417.52
1703826,Cachoeirinha,TO,1984,1835.21,1425.7,31.59,20.41,74.21,0.87,1.16,6499.77
1703826,Cachoeirinha,TO,1985,2029.83,1330.3,31.2,21.14,76.37,0.81,0.97,6209.69
1703826,Cachoeirinha,TO,1986,1430.69,1388.59,31.45,20.63,77.64,0.76,1.21,6336.93
1703826,Cachoeirinha,TO,1987,1081.47,1480.67,32.82,20.9,74.3,0.92,1.22,6545.7
1703826,Cachoeirinha,TO,1988,1555.52,1460.09,32.08,20.53,75.11,0.86,1.17,6635.81
1703826,Cachoeirinha,TO,1989,1660.46,1381.07,31.53,21.01,77.57,0.77,1.11,6366.93
1703826,Cachoeirinha,TO,1990,1485.35,1457.02,32.29,21.08,75.73,0.86,1.18,6582.3
1703826,Cachoeirinha,TO,1991,1407.18,1387.62,32.2,21.36,75.5,0.87,1.19,6117.48
1703826,Cachoeirinha,TO,1992,1237.86,1450.27,32.42,21.67,74.13,0.94,1.22,6393.11
1703826,Cachoeirinha,TO,1993,1341.96,1427.85,32.16,21.79,76.64,0.84,1.05,6515.22
1703826,Cachoeirinha,TO,1994,1839.72,1401.34,31.93,21.74,76.41,0.84,1.08,6359.71
1703826,Cachoeirinha,TO,1995,1829.19,1441.52,32.45,21.7,74.61,0.93,0.9,6634.14
1703826,Cachoeirinha,TO,1996,1835.32,1424.63,32.39,21.39,73.9,0.94,0.8,6611.77
1703826,Cachoeirinha,TO,1997,1439.03,1426.32,32.58,21.54,72.08,1.02,0.83,6567.38
1703826,Cachoeirinha,TO,1998,1221.52,1469.2,33.45,22.19,72.3,1.05,0.8,6693.04
1703826,Cachoeirinha,TO,1999,1672.35,1412.24,32.21,21.17,74.53,0.91,0.86,6619.69
1703826,Cachoeirinha,TO,2000,1832.77,1427.8,32.22,21.59,75.19,0.89,0.79,6748.91
1703842,Campos Lindos,TO,1981,1078.68,1476.17,31.38,19.8,69.38,1.02,1.18,6674.67
1703842,Campos Lindos,TO,1982,883.8,1412.96,31.46,20.11,72.79,0.91,0.99,6612.3
1703842,Campos Lindos,TO,1983,1203.39,1504.98,32.04,20.5,70.7,1.02,1.3,6614.03
1703842,Campos Lindos,TO,1984,1152.25,1445.3,31.25,19.9,73.7,0.87,1.22,6588.21
1703842,Campos Lindos,TO,1985,2105.76,1337.57,30.42,19.92,77.61,0.73,1.07,6325.62
1703842,Campos Lindos,TO,1986,1454.87,1411.57,31.14,20.21,75.29,0.83,1.07,6587.17
1703842,Campos Lindos,TO,1987,965.76,1470.64,32.1,20.81,74.12,0.91,1.03,6781.01
1703842,Campos Lindos,TO,1988,1330.0,1458.41,31.53,20.29,73.72,0.88,1.05,6758.81
1703842,Campos Lindos,TO,1989,1522.44,1344.07,30.75,20.43,75.96,0.8,0.95,6328.92
1703842,Campos Lindos,TO,1990,1205.9,1485.07,31.94,20.76,71.18,1.0,1.05,6782.27
1703842,Campos Lindos,TO,1991,1552.62,1413.98,31.42,20.31,70.76,0.98,1.11,6310.85
1703842,Campos Lindos,TO,1992,1485.25,1449.3,31.6,20.34,69.05,1.05,1.11,6487.99
1703842,Campos Lindos,TO,1993,1806.28,1464.29,31.61,20.39,70.83,0.99,1.08,6683.78
1703842,Campos Lindos,TO,1994,1816.43,1408.76,31.39,20.47,74.38,0.87,1.03,6537.53
1703842,Campos Lindos,TO,1995,1646.53,1445.05,31.66,20.52,73.18,0.93,0.89,6804.73
1703842,Campos Lindos,TO,1996,1300.43,1416.8,31.63,20.24,74.28,0.87,0.74,6762.89
1703842,Campos Lindos,TO,1997,1450.54,1404.15,31.79,20.23,72.79,0.93,0.77,6683.46
1703842,Campos Lindos,TO,1998,1158.5,1474.53,33.01,21.18,71.98,1.02,0.77,6872.12
1703842,Campos Lindos,TO,1999,1439.99,1421.61,31.61,20.44,74.65,0.87,0.8,6773.79
1703842,Campos Lindos,TO,2000,1402.78,1429.03,31.56,20.48,75.12,0.85,0.73,6934.74
1703867,Cariri do Tocantins,TO,1981,1472.45,1485.22,32.06,20.1,69.19,1.05,1.12,6755.25
1703867,Cariri do Tocantins,TO,1982,1524.83,1408.91,32.39,20.38,70.53,1.02,0.75,6673.88
1703867,Cariri do Tocantins,TO,1983,1709.07,1414.95,32.82,20.74,70.05,1.07,0.79,6625.34
1703867,Cariri do Tocantins,TO,1984,1189.05,1443.41,32.56,20.46,68.74,1.09,0.75,6830.12
1703867,Cariri do Tocantins,TO,1985,2040.87,1349.13,31.78,20.45,74.2,0.88,0.75,6447.52
1703867,Cariri do Tocantins,TO,1986,1268.66,1423.91,32.47,20.81,71.18,1.02,0.73,6712.21
1703867,Cariri do Tocantins,TO,1987,1503.36,1432.87,33.28,21.21,70.03,1.11,0.73,6647.65
1703867,Cariri do Tocantins,TO,1988,1682.22,1473.76,32.52,20.67,69.91,1.05,0.84,6831.54
1703867,Cariri do Tocantins,TO,1989,1973.84,1371.55,32.03,20.8,73.5,0.93,0.72,6504.7
1703867,Cariri do Tocantins,TO,1990,1097.25,1480.41,33.12,21.2,71.05,1.05,0.73,6939.36
1703867,Cariri do Tocantins,TO,1991,1352.5,1391.56,32.26,20.79,72.73,0.95,0.76,6480.04
1703867,Cariri do Tocantins,TO,1992,1732.64,1349.24,32.27,20.99,72.45,0.98,0.64,6398.45
1703867,Cariri do Tocantins,TO,1993,1434.83,1455.69,33.08,21.07,68.4,1.14,0.89,6651.1
1703867,Cariri do Tocantins,TO,1994,1264.9,1448.22,32.99,21.2,69.74,1.11,0.81,6775.83
1703867,Cariri do Tocantins,TO,1995,1730.23,1402.0,32.78,21.13,71.66,1.03,0.59,6715.35
1703867,Cariri do Tocantins,TO,1996,1278.17,1451.96,33.01,21.18,71.45,1.04,0.63,6883.53
1703867,Cariri do Tocantins,TO,1997,1840.16,1422.17,32.76,21.04,71.55,1.03,0.76,6675.45
1703867,Cariri do Tocantins,TO,1998,1274.52,1516.85,34.44,21.76,67.25,1.27,0.76,6862.54
1703867,Cariri do Tocantins,TO,1999,1487.03,1500.78,33.38,21.31,69.29,1.14,0.84,6840.71
1703867,Cariri do Tocantins,TO,2000,1741.26,1504.47,32.93,21.15,70.28,1.08,0.91,6955.17
1703883,Carmolândia,TO,1981,1529.78,1454.62,32.2,21.07,72.11,0.99,1.2,6418.77
1703883,Carmolândia,TO,1982,1557.88,1428.72,32.06,21.05,74.92,0.88,1.17,6463.54
1703883,Carmolândia,TO,1983,1531.78,1491.01,32.56,21.34,72.58,0.99,1.34,6410.92
1703883,Carmolândia,TO,1984,1612.79,1435.22,31.81,20.33,74.29,0.88,1.2,6507.15
1703883,Carmolândia,TO,1985,2897.54,1303.53,31.28,19.92,77.99,0.72,0.99,6143.87
1703883,Carmolândia,TO,1986,1764.54,1375.29,31.69,19.82,78.71,0.71,1.22,6297.19
1703883,Carmolândia,TO,1987,1428.97,1444.13,32.75,20.44,75.83,0.85,1.22,6426.31
1703883,Carmolândia,TO,1988,1881.92,1437.52,32.11,20.01,76.34,0.8,1.21,6505.11
1703883,Carmolândia,TO,1989,2201.91,1357.68,31.45,20.27,79.4,0.69,1.12,6343.37
1703883,Carmolândia,TO,1990,1802.74,1456.92,32.46,20.18,76.15,0.82,1.23,6597.85
1703883,Carmolândia,TO,1991,1360.3,1364.39,31.93,19.9,77.73,0.74,1.3,6089.68
1703883,Carmolândia,TO,1992,1473.94,1424.83,32.07,19.96,76.64,0.79,1.42,6281.26
1703883,Carmolândia,TO,1993,1742.31,1419.87,31.86,20.12,78.57,0.72,1.32,6499.2
1703883,Carmolândia,TO,1994,2012.1,1389.16,31.99,20.19,78.03,0.75,1.2,6348.71
1703883,Carmolândia,TO,1995,1988.74,1435.32,32.55,20.19,75.77,0.84,1.15,6483.96
1703883,Carmolândia,TO,1996,1960.41,1413.67,32.39,20.13,75.77,0.83,0.93,6571.87
1703883,Carmolândia,TO,1997,1677.49,1411.37,32.39,20.26,74.16,0.89,0.96,6494.8
1703883,Carmolândia,TO,1998,1363.53,1460.66,33.21,20.98,73.87,0.94,0.97,6628.01
1703883,Carmolândia,TO,1999,1730.42,1400.47,32.22,20.08,77.77,0.76,0.97,6558.58
1703883,Carmolândia,TO,2000,1789.19,1414.24,31.96,20.41,78.11,0.75,0.88,6771.06
1703891,Carrasco Bonito,TO,1981,1461.83,1460.56,32.82,22.07,71.45,1.06,1.14,6313.52
1703891,Carrasco Bonito,TO,1982,1543.87,1415.26,32.57,21.7,77.01,0.83,1.1,6389.87
1703891,Carrasco Bonito,TO,1983,1445.91,1496.94,32.9,21.87,72.51,1.01,1.36,6338.19
1703891,Carrasco Bonito,TO,1984,1830.36,1445.76,32.1,21.14,74.44,0.9,1.19,6495.84
1703891,Carrasco Bonito,TO,1985,2159.13,1362.44,31.78,22.01,77.79,0.8,1.1,6210.95
1703891,Carrasco Bonito,TO,1986,1943.03,1389.21,31.97,21.39,78.15,0.77,1.1,6356.88
1703891,Carrasco Bonito,TO,1987,1390.51,1476.22,33.43,21.61,74.59,0.95,1.13,6506.43
1703891,Carrasco Bonito,TO,1988,1875.08,1446.48,32.67,21.24,75.51,0.88,1.06,6574.07
1703891,Carrasco Bonito,TO,1989,1977.61,1387.06,32.12,21.91,79.6,0.74,1.02,6407.78
1703891,Carrasco Bonito,TO,1990,1298.95,1443.05,32.78,22.06,78.05,0.81,1.06,6565.49
1703891,Carrasco Bonito,TO,1991,1323.16,1367.35,32.81,22.3,79.36,0.77,1.04,6135.07
1703891,Carrasco Bonito,TO,1992,1430.14,1433.33,33.08,22.62,78.12,0.83,1.12,6373.47
1703891,Carrasco Bonito,TO,1993,1318.6,1417.05,32.74,22.7,80.72,0.73,0.98,6497.32
1703891,Carrasco Bonito,TO,1994,1826.7,1383.37,32.48,22.6,80.57,0.72,0.95,6362.22
1703891,Carrasco Bonito,TO,1995,1997.56,1439.11,32.99,22.58,76.9,0.88,0.83,6620.94
1703891,Carrasco Bonito,TO,1996,1950.36,1433.02,32.94,22.3,75.86,0.91,0.8,6573.13
1703891,Carrasco Bonito,TO,1997,1487.66,1457.13,33.17,22.37,72.96,1.03,0.87,6585.6
1703891,Carrasco Bonito,TO,1998,1377.36,1507.74,33.96,23.06,73.25,1.06,0.91,6694.14
1703891,Carrasco Bonito,TO,1999,1847.08,1430.56,32.7,22.12,76.6,0.87,0.85,6616.39
1703891,Carrasco Bonito,TO,2000,1935.6,1430.15,32.77,22.5,78.42,0.81,0.84,6632.35
1703909,Caseara,TO,1981,1729.38,1482.87,32.7,20.62,74.33,0.91,1.28,6598.79
1703909,Caseara,TO,1982,1982.89,1436.14,32.68,20.93,76.08,0.85,1.14,6529.2
1703909,Caseara,TO,1983,2069.67,1508.26,33.45,21.28,71.21,1.07,1.26,6505.17
1703909,Caseara,TO,1984,1855.7,1484.41,32.68,20.64,72.36,0.98,1.19,6606.9
1703909,Caseara,TO,1985,2519.37,1357.02,31.95,20.93,77.06,0.81,1.09,6208.12
1703909,Caseara,TO,1986,1892.11,1429.74,32.5,21.27,75.44,0.88,1.07,6453.33
1703909,Caseara,TO,1987,1542.58,1467.11,33.47,21.92,73.82,0.99,1.06,6459.3
1703909,Caseara,TO,1988,2377.91,1499.86,33.0,21.47,73.31,0.97,1.18,6556.64
1703909,Caseara,TO,1989,2150.25,1386.04,32.09,21.52,77.58,0.81,1.05,6350.44
1703909,Caseara,TO,1990,1399.76,1512.4,33.24,21.89,74.24,0.96,1.11,6744.41
1703909,Caseara,TO,1991,1660.74,1412.6,32.77,21.43,76.06,0.87,1.15,6214.09
1703909,Caseara,TO,1992,1921.99,1425.34,32.84,21.17,73.12,0.98,1.11,6276.39
1703909,Caseara,TO,1993,1631.89,1477.24,33.1,20.92,74.66,0.92,1.19,6592.35
1703909,Caseara,TO,1994,1480.08,1443.72,32.95,21.25,74.85,0.92,1.14,6450.82
1703909,Caseara,TO,1995,1748.49,1448.32,33.05,21.42,75.58,0.9,1.08,6491.66
1703909,Caseara,TO,1996,1599.01,1476.01,33.2,21.6,74.85,0.93,0.99,6684.66
1703909,Caseara,TO,1997,2215.79,1460.3,33.21,21.61,73.59,0.98,1.05,6552.3
1703909,Caseara,TO,1998,1123.18,1541.17,34.45,22.34,71.01,1.14,1.05,6704.04
1703909,Caseara,TO,1999,1542.53,1476.73,33.22,21.7,76.45,0.88,1.08,6654.09
1703909,Caseara,TO,2000,1956.13,1514.96,33.11,21.82,76.12,0.89,1.15,6878.66
1704105,Centenário,TO,1981,1508.56,1489.88,32.15,20.08,69.03,1.06,1.12,6743.16
1704105,Centenário,TO,1982,1635.21,1432.87,32.14,20.32,72.11,0.96,0.99,6636.18
1704105,Centenário,TO,1983,1534.17,1505.54,32.87,20.47,69.32,1.09,1.19,6621.26
1704105,Centenário,TO,1984,1309.16,1472.99,32.12,19.99,71.18,0.98,1.11,6667.38
1704105,Centenário,TO,1985,2671.59,1338.33,31.28,20.65,76.87,0.79,0.95,6309.6
1704105,Centenário,TO,1986,1828.76,1442.28,31.9,21.02,73.85,0.92,1.04,6616.39
1704105,Centenário,TO,1987,1625.68,1497.25,32.83,21.53,72.81,1.0,1.02,6797.19
1704105,Centenário,TO,1988,1561.64,1501.76,32.34,21.06,71.88,0.99,1.08,6762.11
1704105,Centenário,TO,1989,2058.74,1367.71,31.38,21.12,76.65,0.81,0.95,6394.11
1704105,Centenário,TO,1990,1175.35,1514.14,32.67,21.46,71.29,1.04,1.02,6875.74
1704105,Centenário,TO,1991,1494.37,1430.87,32.18,20.9,71.85,0.98,1.05,6392.22
1704105,Centenário,TO,1992,1788.51,1444.64,32.33,20.85,71.3,1.02,1.04,6502.13
1704105,Centenário,TO,1993,1448.48,1487.02,32.55,20.91,72.43,0.98,1.05,6796.25
1704105,Centenário,TO,1994,1648.24,1455.44,32.38,21.04,73.19,0.95,1.03,6667.44
1704105,Centenário,TO,1995,1963.26,1435.32,32.38,20.96,73.4,0.95,0.84,6711.74
1704105,Centenário,TO,1996,1569.62,1467.93,32.52,20.87,74.08,0.92,0.83,6859.34
1704105,Centenário,TO,1997,1672.13,1427.49,32.59,20.75,72.7,0.97,0.79,6696.82
1704105,Centenário,TO,1998,1359.84,1515.11,33.95,21.55,70.98,1.1,0.82,6890.66
1704105,Centenário,TO,1999,1880.74,1479.65,32.72,21.02,73.68,0.95,0.91,6807.56
1704105,Centenário,TO,2000,1724.78,1485.22,32.63,21.05,72.71,0.98,0.85,6957.84
1704600,Chapada de Areia,TO,1981,1804.46,1511.89,32.63,20.59,69.82,1.07,1.22,6702.16
1704600,Chapada de Areia,TO,1982,2049.44,1459.94,32.73,20.93,72.36,0.99,1.05,6612.15
1704600,Chapada de Areia,TO,1983,2220.4,1492.39,33.34,21.27,71.3,1.06,1.15,6553.55
1704600,Chapada de Areia,TO,1984,1814.14,1482.26,32.63,20.77,72.32,0.98,1.08,6702.26
1704600,Chapada de Areia,TO,1985,2547.92,1366.07,31.93,20.92,76.98,0.81,1.05,6287.92
1704600,Chapada de Areia,TO,1986,2038.42,1423.35,32.51,21.22,75.26,0.89,0.98,6486.0
1704600,Chapada de Areia,TO,1987,1898.86,1463.93,33.42,21.71,73.64,0.99,0.98,6553.55
1704600,Chapada de Areia,TO,1988,2274.73,1493.46,32.96,21.26,73.09,0.97,1.1,6593.71
1704600,Chapada de Areia,TO,1989,2342.53,1374.16,31.87,21.31,77.16,0.81,0.96,6370.08
1704600,Chapada de Areia,TO,1990,1547.54,1511.38,33.18,21.77,72.83,1.01,1.02,6791.38
1704600,Chapada de Areia,TO,1991,1905.03,1413.01,32.67,21.18,74.32,0.92,1.06,6259.01
1704600,Chapada de Areia,TO,1992,1957.43,1414.9,32.83,21.21,73.05,0.98,1.01,6316.92
1704600,Chapada de Areia,TO,1993,1752.2,1483.48,33.03,21.26,73.25,0.97,1.09,6665.56
1704600,Chapada de Areia,TO,1994,2004.61,1446.74,32.91,21.29,73.91,0.95,1.05,6527.63
1704600,Chapada de Areia,TO,1995,1773.67,1437.17,32.96,21.24,74.74,0.92,0.97,6535.49
1704600,Chapada de Areia,TO,1996,1659.95,1471.1,33.1,21.19,74.33,0.93,0.93,6722.68
1704600,Chapada de Areia,TO,1997,2019.47,1456.41,33.19,21.2,73.53,0.97,1.01,6581.2
1704600,Chapada de Areia,TO,1998,1629.67,1540.5,34.47,21.96,70.72,1.14,1.01,6736.4
1704600,Chapada de Areia,TO,1999,2140.49,1491.32,33.25,21.36,74.98,0.93,1.07,6694.93
1704600,Chapada de Areia,TO,2000,2002.92,1525.96,33.05,21.6,74.85,0.94,1.13,6930.97
1705102,Chapada da Natividade,TO,1981,1570.52,1480.93,32.03,20.13,68.96,1.06,1.03,6794.84
1705102,Chapada da Natividade,TO,1982,1431.26,1401.29,32.27,20.2,70.16,1.03,0.72,6664.46
1705102,Chapada da Natividade,TO,1983,1389.85,1411.17,32.78,20.72,69.67,1.08,0.75,6612.62
1705102,Chapada da Natividade,TO,1984,1209.65,1443.0,32.51,20.4,68.94,1.08,0.73,6833.11
1705102,Chapada da Natividade,TO,1985,1831.92,1346.27,31.71,20.37,73.9,0.89,0.73,6437.15
1705102,Chapada da Natividade,TO,1986,1396.65,1439.26,32.36,20.71,71.74,1.0,0.73,6813.53
1705102,Chapada da Natividade,TO,1987,1568.3,1448.58,33.23,21.25,69.86,1.11,0.69,6783.21
1705102,Chapada da Natividade,TO,1988,1607.62,1491.21,32.54,20.68,69.9,1.06,0.82,6936.16
1705102,Chapada da Natividade,TO,1989,1650.2,1380.41,31.89,20.82,72.8,0.95,0.71,6570.83
1705102,Chapada da Natividade,TO,1990,1306.3,1499.15,33.08,21.1,69.76,1.1,0.72,7024.66
1705102,Chapada da Natividade,TO,1991,1588.6,1393.15,32.16,20.6,71.55,0.98,0.76,6462.28
1705102,Chapada da Natividade,TO,1992,1890.58,1375.8,32.33,20.97,70.9,1.04,0.74,6385.41
1705102,Chapada da Natividade,TO,1993,1186.69,1515.11,33.01,21.06,67.72,1.16,0.94,6905.74
1705102,Chapada da Natividade,TO,1994,1539.55,1487.58,32.77,21.15,68.89,1.13,0.9,6873.07
1705102,Chapada da Natividade,TO,1995,1800.86,1431.94,32.68,21.07,71.22,1.04,0.72,6719.75
1705102,Chapada da Natividade,TO,1996,1446.72,1471.71,32.89,21.06,70.68,1.06,0.7,6927.99
1705102,Chapada da Natividade,TO,1997,1773.35,1422.17,32.77,20.94,71.53,1.03,0.74,6692.73
1705102,Chapada da Natividade,TO,1998,1443.61,1513.22,34.29,21.72,67.37,1.26,0.75,6883.43
1705102,Chapada da Natividade,TO,1999,1666.08,1493.72,33.2,21.21,68.72,1.15,0.81,6833.01
1705102,Chapada da Natividade,TO,2000,1839.63,1499.15,32.85,21.13,69.88,1.1,0.86,6957.05
1705508,Colinas do Tocantins,TO,1981,1702.56,1474.99,31.91,19.99,71.15,0.98,1.24,6588.27
1705508,Colinas do Tocantins,TO,1982,1795.21,1429.64,31.81,20.19,72.51,0.94,1.13,6531.25
1705508,Colinas do Tocantins,TO,1983,1651.67,1484.05,32.6,20.55,71.35,1.02,1.27,6478.46
1705508,Colinas do Tocantins,TO,1984,1677.41,1439.93,31.76,19.8,73.18,0.9,1.22,6508.25
1705508,Colinas do Tocantins,TO,1985,2862.4,1315.92,30.98,20.08,77.52,0.75,1.06,6166.49
1705508,Colinas do Tocantins,TO,1986,1874.06,1402.16,31.5,20.39,75.81,0.82,1.16,6393.95
1705508,Colinas do Tocantins,TO,1987,1620.71,1462.7,32.49,21.09,74.27,0.92,1.13,6570.52
1705508,Colinas do Tocantins,TO,1988,1803.02,1460.86,32.0,20.66,73.67,0.91,1.17,6521.29
1705508,Colinas do Tocantins,TO,1989,2387.28,1359.98,31.2,20.72,77.95,0.75,1.09,6322.32
1705508,Colinas do Tocantins,TO,1990,1571.29,1467.57,32.31,20.98,74.58,0.9,1.15,6639.64
1705508,Colinas do Tocantins,TO,1991,1779.63,1387.26,31.81,20.57,75.8,0.83,1.24,6149.84
1705508,Colinas do Tocantins,TO,1992,1568.39,1441.72,31.91,20.31,72.61,0.94,1.35,6265.08
1705508,Colinas do Tocantins,TO,1993,1932.43,1464.39,32.1,20.01,74.55,0.87,1.34,6532.03
1705508,Colinas do Tocantins,TO,1994,1840.32,1406.82,31.98,20.35,76.11,0.83,1.19,6380.76
1705508,Colinas do Tocantins,TO,1995,1775.57,1440.18,32.17,20.62,75.33,0.87,1.17,6502.81
1705508,Colinas do Tocantins,TO,1996,1630.33,1442.23,32.24,20.79,74.71,0.89,0.99,6615.86
1705508,Colinas do Tocantins,TO,1997,1597.64,1430.67,32.2,20.85,73.27,0.94,1.02,6497.0
1705508,Colinas do Tocantins,TO,1998,1469.62,1506.16,33.37,21.58,71.64,1.06,1.06,6666.03
1705508,Colinas do Tocantins,TO,1999,1630.18,1439.67,32.17,20.86,77.39,0.8,1.09,6595.97
1705508,Colinas do Tocantins,TO,2000,1874.04,1456.82,32.05,20.92,77.25,0.8,0.98,6877.25
1705557,Combinado,TO,1981,1734.23,1452.26,30.95,20.18,68.83,1.04,1.0,6808.03
1705557,Combinado,TO,1982,1329.9,1466.24,31.77,20.58,66.17,1.17,0.86,6842.12
1705557,Combinado,TO,1983,1717.68,1438.7,32.01,21.01,68.27,1.13,0.89,6651.57
1705557,Combinado,TO,1984,1128.61,1512.35,32.08,20.3,65.32,1.19,0.89,7028.05
1705557,Combinado,TO,1985,1940.57,1402.87,31.1,20.36,70.04,1.01,0.88,6616.86
1705557,Combinado,TO,1986,1334.55,1495.0,31.92,20.2,68.89,1.07,0.9,7003.92
1705557,Combinado,TO,1987,1693.02,1494.49,32.93,21.51,67.01,1.23,0.87,6761.53
1705557,Combinado,TO,1988,1755.68,1543.67,32.1,20.74,67.42,1.14,0.95,7119.32
1705557,Combinado,TO,1989,1381.55,1436.4,31.86,20.97,69.04,1.1,0.83,6699.01
1705557,Combinado,TO,1990,945.12,1514.55,32.7,20.86,67.03,1.18,0.78,7076.81
1705557,Combinado,TO,1991,1487.92,1453.13,31.73,20.51,68.79,1.07,0.97,6591.41
1705557,Combinado,TO,1992,2039.17,1396.73,31.63,20.7,70.1,1.03,0.96,6341.27
1705557,Combinado,TO,1993,1240.98,1585.9,32.73,20.79,64.38,1.26,1.13,7035.34
1705557,Combinado,TO,1994,1370.48,1568.29,32.7,21.23,65.76,1.26,1.07,7029.05
1705557,Combinado,TO,1995,1560.9,1514.6,32.53,21.24,67.24,1.19,0.95,6828.92
1705557,Combinado,TO,1996,1178.74,1561.13,32.86,21.15,64.86,1.28,0.94,7063.87
1705557,Combinado,TO,1997,1565.37,1477.39,32.34,21.02,67.69,1.16,0.92,6742.68
1705557,Combinado,TO,1998,1097.82,1603.3,33.87,22.01,62.21,1.46,0.95,7030.78
1705557,Combinado,TO,1999,1349.65,1557.03,32.73,21.41,64.0,1.32,0.97,6972.82
1705557,Combinado,TO,2000,1495.24,1537.12,32.58,21.15,67.19,1.19,0.91,7066.23
1705607,Conceição do Tocantins,TO,1981,1539.55,1457.48,31.58,20.28,68.47,1.07,0.96,6789.97
1705607,Conceição do Tocantins,TO,1982,1255.72,1415.87,31.89,19.63,66.98,1.11,0.8,6657.23
1705607,Conceição do Tocantins,TO,1983,1320.16,1405.69,32.37,20.46,67.32,1.15,0.8,6534.86
1705607,Conceição do Tocantins,TO,1984,1106.04,1456.82,32.41,20.21,67.94,1.1,0.79,6836.41
1705607,Conceição do Tocantins,TO,1985,1525.9,1365.77,31.59,20.13,71.11,0.97,0.8,6453.49
1705607,Conceição do Tocantins,TO,1986,1204.61,1455.64,32.26,20.45,69.71,1.06,0.78,6836.31
1705607,Conceição do Tocantins,TO,1987,1277.93,1459.02,33.21,21.47,68.2,1.19,0.71,6770.02
1705607,Conceição do Tocantins,TO,1988,1501.98,1510.2,32.42,20.84,67.51,1.14,0.84,6999.94
1705607,Conceição do Tocantins,TO,1989,1868.5,1399.34,32.04,21.07,70.02,1.07,0.73,6595.18
1705607,Conceição do Tocantins,TO,1990,1074.63,1511.84,33.05,20.73,67.2,1.17,0.73,7089.22
1705607,Conceição do Tocantins,TO,1991,1484.06,1400.52,31.85,20.34,70.2,1.01,0.79,6502.18
1705607,Conceição do Tocantins,TO,1992,1770.98,1375.9,32.09,20.93,70.12,1.06,0.78,6340.96
1705607,Conceição do Tocantins,TO,1993,1031.02,1542.19,33.08,20.93,66.11,1.22,0.95,7002.51
1705607,Conceição do Tocantins,TO,1994,1436.13,1532.46,32.87,21.37,67.13,1.21,0.92,7019.0
1705607,Conceição do Tocantins,TO,1995,1581.98,1466.34,32.71,21.38,68.91,1.13,0.77,6802.85
1705607,Conceição do Tocantins,TO,1996,1115.31,1502.01,32.99,21.32,68.09,1.17,0.73,7020.83
1705607,Conceição do Tocantins,TO,1997,1525.15,1443.05,32.66,21.2,69.28,1.12,0.73,6772.37
1705607,Conceição do Tocantins,TO,1998,1230.82,1543.16,34.19,22.09,64.9,1.37,0.77,6966.69
1705607,Conceição do Tocantins,TO,1999,1380.79,1509.94,33.08,21.52,66.1,1.26,0.81,6894.43
1705607,Conceição do Tocantins,TO,2000,1514.47,1514.24,32.84,21.38,67.33,1.2,0.88,6944.8
1706001,Couto Magalhães,TO,1981,1655.21,1483.02,32.65,20.39,72.49,0.97,1.28,6531.09
1706001,Couto Magalhães,TO,1982,1816.4,1447.45,32.53,20.7,73.68,0.93,1.19,6496.69
1706001,Couto Magalhães,TO,1983,1667.15,1519.41,33.48,21.16,71.0,1.08,1.34,6437.78
1706001,Couto Magalhães,TO,1984,1737.02,1482.67,32.6,20.45,73.09,0.95,1.3,6537.16
1706001,Couto Magalhães,TO,1985,2601.49,1356.86,31.94,20.74,77.32,0.8,1.18,6157.54
1706001,Couto Magalhães,TO,1986,2002.89,1417.36,32.39,21.11,77.54,0.8,1.17,6400.08
1706001,Couto Magalhães,TO,1987,1680.61,1474.17,33.39,22.03,75.61,0.93,1.15,6487.1
1706001,Couto Magalhães,TO,1988,1937.59,1488.7,33.02,21.65,74.96,0.92,1.22,6508.72
1706001,Couto Magalhães,TO,1989,2415.76,1389.67,32.23,21.64,78.97,0.76,1.12,6338.81
1706001,Couto Magalhães,TO,1990,1378.68,1495.31,33.27,22.02,76.67,0.88,1.18,6676.86
1706001,Couto Magalhães,TO,1991,2027.68,1401.59,32.8,21.67,78.16,0.8,1.24,6160.68
1706001,Couto Magalhães,TO,1992,1797.53,1433.84,32.82,21.01,75.49,0.89,1.25,6267.13
1706001,Couto Magalhães,TO,1993,1789.1,1473.61,33.09,20.16,76.6,0.83,1.28,6583.24
1706001,Couto Magalhães,TO,1994,2101.45,1439.72,32.83,20.85,76.04,0.87,1.22,6409.35
1706001,Couto Magalhães,TO,1995,2130.25,1452.06,32.99,21.52,75.63,0.91,1.11,6485.53
1706001,Couto Magalhães,TO,1996,1520.75,1491.01,33.25,22.08,75.28,0.94,1.05,6654.03
1706001,Couto Magalhães,TO,1997,1863.8,1480.82,33.1,22.2,74.19,0.98,1.15,6513.34
1706001,Couto Magalhães,TO,1998,1612.4,1559.9,34.3,22.9,73.11,1.08,1.19,6678.91
1706001,Couto Magalhães,TO,1999,1729.84,1486.66,33.03,22.17,77.91,0.84,1.2,6623.14
1706001,Couto Magalhães,TO,2000,2031.11,1507.49,32.97,22.11,77.27,0.86,1.13,6874.89
1706100,Cristalândia,TO,1981,1713.89,1513.63,32.8,20.8,68.65,1.12,1.16,6694.3
1706100,Cristalândia,TO,1982,1919.78,1465.37,32.91,21.11,71.49,1.03,1.03,6610.26
1706100,Cristalândia,TO,1983,1858.5,1492.65,33.52,21.45,70.78,1.09,1.11,6560.15
1706100,Cristalândia,TO,1984,1571.18,1491.16,32.91,20.99,70.96,1.04,1.04,6724.56
1706100,Cristalândia,TO,1985,2322.35,1379.94,32.14,21.05,75.03,0.88,1.01,6316.51
1706100,Cristalândia,TO,1986,1874.16,1441.06,32.81,21.42,73.17,0.98,0.89,6586.85
1706100,Cristalândia,TO,1987,1785.09,1476.57,33.7,21.92,71.78,1.08,0.89,6641.68
1706100,Cristalândia,TO,1988,2056.07,1508.31,33.2,21.47,71.37,1.05,1.02,6694.24
1706100,Cristalândia,TO,1989,2193.82,1389.67,32.17,21.51,75.87,0.87,0.89,6442.49
1706100,Cristalândia,TO,1990,1428.71,1522.94,33.43,21.9,72.03,1.05,0.94,6876.84
1706100,Cristalândia,TO,1991,1666.11,1426.62,32.87,21.35,74.1,0.94,0.96,6386.26
1706100,Cristalândia,TO,1992,2015.29,1414.75,33.08,21.48,73.12,1.0,0.89,6378.19
1706100,Cristalândia,TO,1993,1652.5,1492.34,33.31,21.5,72.98,1.0,1.03,6715.82
1706100,Cristalândia,TO,1994,1942.93,1469.1,33.09,21.53,73.52,0.98,1.0,6668.38
1706100,Cristalândia,TO,1995,1893.08,1442.59,33.14,21.47,74.0,0.96,0.88,6591.88
1706100,Cristalândia,TO,1996,1541.75,1498.43,33.29,21.47,73.25,0.99,0.91,6842.06
1706100,Cristalândia,TO,1997,1841.75,1468.18,33.38,21.39,72.69,1.01,0.97,6641.68
1706100,Cristalândia,TO,1998,1422.2,1559.18,34.69,22.16,69.47,1.2,0.97,6827.67
1706100,Cristalândia,TO,1999,1789.1,1518.29,33.54,21.59,73.9,0.98,1.05,6794.84
1706100,Cristalândia,TO,2000,1976.08,1533.64,33.28,21.7,74.44,0.96,1.1,6954.07
1706258,Crixás do Tocantins,TO,1981,1455.63,1499.04,32.53,20.55,68.92,1.09,1.13,6703.41
1706258,Crixás do Tocantins,TO,1982,1637.59,1420.79,32.73,20.92,71.08,1.03,0.75,6673.57
1706258,Crixás do Tocantins,TO,1983,1675.2,1434.81,33.27,21.28,70.43,1.09,0.8,6630.21
1706258,Crixás do Tocantins,TO,1984,1454.79,1452.93,32.76,20.86,70.78,1.04,0.77,6809.7
1706258,Crixás do Tocantins,TO,1985,2373.24,1354.66,31.98,20.84,74.58,0.89,0.77,6416.1
1706258,Crixás do Tocantins,TO,1986,1771.71,1430.92,32.65,21.15,72.82,0.98,0.84,6609.63
1706258,Crixás do Tocantins,TO,1987,1691.73,1457.69,33.51,21.61,71.44,1.08,0.83,6620.16
1706258,Crixás do Tocantins,TO,1988,1676.65,1498.63,32.96,21.15,71.06,1.04,0.98,6727.39
1706258,Crixás do Tocantins,TO,1989,2102.16,1380.41,32.02,21.21,74.89,0.89,0.84,6445.48
1706258,Crixás do Tocantins,TO,1990,1329.23,1511.84,33.28,21.64,71.54,1.06,0.89,6889.09
1706258,Crixás do Tocantins,TO,1991,1611.86,1415.57,32.63,21.09,73.23,0.95,0.91,6404.63
1706258,Crixás do Tocantins,TO,1992,1937.24,1404.87,32.82,21.28,72.4,1.01,0.84,6409.76
1706258,Crixás do Tocantins,TO,1993,1526.48,1497.2,33.2,21.36,69.3,1.13,1.0,6739.39
1706258,Crixás do Tocantins,TO,1994,1944.23,1478.11,32.97,21.43,71.8,1.04,0.96,6754.78
1706258,Crixás do Tocantins,TO,1995,1875.92,1437.83,32.99,21.37,72.36,1.01,0.82,6617.96
1706258,Crixás do Tocantins,TO,1996,1402.91,1478.26,33.15,21.35,72.3,1.02,0.8,6854.47
1706258,Crixás do Tocantins,TO,1997,1826.52,1431.89,33.19,21.21,72.43,1.01,0.78,6658.17
1706258,Crixás do Tocantins,TO,1998,1564.59,1520.49,34.59,22.0,69.24,1.2,0.79,6840.71
1706258,Crixás do Tocantins,TO,1999,1747.71,1503.96,33.5,21.45,69.84,1.13,0.86,6805.05
1706258,Crixás do Tocantins,TO,2000,1906.3,1517.32,33.16,21.46,70.58,1.09,0.92,6956.42
1706506,Darcinópolis,TO,1981,1334.06,1430.05,31.41,20.49,71.23,0.98,1.16,6397.88
1706506,Darcinópolis,TO,1982,1343.66,1398.11,31.31,20.42,73.16,0.91,1.08,6444.06
1706506,Darcinópolis,TO,1983,1548.68,1472.84,31.71,20.69,72.4,0.96,1.34,6428.98
1706506,Darcinópolis,TO,1984,1667.91,1417.56,31.01,19.84,74.28,0.85,1.2,6501.18
1706506,Darcinópolis,TO,1985,2312.94,1320.47,30.48,19.78,76.54,0.76,1.04,6218.17
1706506,Darcinópolis,TO,1986,1648.96,1383.68,30.85,19.8,75.57,0.8,1.23,6318.08
1706506,Darcinópolis,TO,1987,1207.48,1467.93,32.03,20.32,72.72,0.94,1.2,6591.88
1706506,Darcinópolis,TO,1988,1817.91,1452.72,31.39,19.93,73.51,0.88,1.18,6632.51
1706506,Darcinópolis,TO,1989,1817.82,1354.87,30.76,20.13,77.37,0.74,1.1,6344.16
1706506,Darcinópolis,TO,1990,1456.68,1443.97,31.77,20.23,75.13,0.84,1.19,6576.17
1706506,Darcinópolis,TO,1991,1520.55,1361.01,31.3,19.96,75.42,0.81,1.21,6120.15
1706506,Darcinópolis,TO,1992,1319.17,1424.88,31.51,20.14,73.64,0.89,1.25,6371.43
1706506,Darcinópolis,TO,1993,1423.33,1402.0,31.4,20.24,76.42,0.79,1.09,6507.06
1706506,Darcinópolis,TO,1994,1812.71,1380.56,31.33,20.28,76.06,0.81,1.1,6347.77
1706506,Darcinópolis,TO,1995,1738.62,1430.67,31.81,20.33,73.22,0.92,0.92,6684.4
1706506,Darcinópolis,TO,1996,1656.32,1390.13,31.58,20.15,73.64,0.89,0.76,6602.03
1706506,Darcinópolis,TO,1997,1569.67,1389.72,31.67,20.23,72.05,0.95,0.8,6558.42
1706506,Darcinópolis,TO,1998,1240.25,1432.0,32.59,21.03,71.93,1.0,0.75,6701.21
1706506,Darcinópolis,TO,1999,1616.59,1383.63,31.49,20.06,74.36,0.86,0.83,6613.72
1706506,Darcinópolis,TO,2000,1793.92,1392.13,31.29,20.35,75.1,0.84,0.74,6768.7
1707009,Dianópolis,TO,1981,1602.34,1445.05,30.61,19.17,67.7,1.03,0.95,6870.08
1707009,Dianópolis,TO,1982,1353.74,1422.27,31.22,19.4,67.36,1.07,0.79,6801.75
1707009,Dianópolis,TO,1983,1598.78,1413.47,31.6,19.9,68.12,1.08,0.8,6697.13
1707009,Dianópolis,TO,1984,1253.54,1452.62,31.56,19.27,68.87,1.02,0.78,6975.12
1707009,Dianópolis,TO,1985,2100.7,1354.61,30.54,19.34,71.94,0.9,0.79,6540.2
1707009,Dianópolis,TO,1986,1527.42,1461.99,31.29,19.13,69.32,1.0,0.86,6981.61
1707009,Dianópolis,TO,1987,1850.88,1470.74,32.24,20.6,66.39,1.19,0.77,6919.56
1707009,Dianópolis,TO,1988,1801.41,1524.79,31.5,19.66,67.18,1.08,0.94,7142.88
1707009,Dianópolis,TO,1989,2091.37,1404.0,31.09,19.96,69.97,1.01,0.79,6709.7
1707009,Dianópolis,TO,1990,1095.11,1507.95,32.06,19.9,67.64,1.1,0.78,7168.23
1707009,Dianópolis,TO,1991,1591.92,1390.8,31.08,19.41,69.49,0.99,0.78,6560.94
1707009,Dianópolis,TO,1992,2299.12,1378.51,31.23,19.73,69.66,1.01,0.84,6442.28
1707009,Dianópolis,TO,1993,1114.25,1514.81,32.03,19.77,67.11,1.1,0.98,7022.46
1707009,Dianópolis,TO,1994,1617.34,1517.78,31.87,20.1,66.22,1.17,0.96,7060.16
1707009,Dianópolis,TO,1995,2064.67,1466.44,31.83,20.15,68.54,1.08,0.86,6855.47
1707009,Dianópolis,TO,1996,1455.24,1501.35,32.11,20.04,67.72,1.11,0.82,7097.64
1707009,Dianópolis,TO,1997,1590.72,1442.03,31.73,19.97,69.42,1.04,0.81,6871.34
1707009,Dianópolis,TO,1998,1490.72,1539.17,33.24,20.92,64.41,1.3,0.82,7057.64
1707009,Dianópolis,TO,1999,1680.16,1502.27,32.06,20.34,66.3,1.17,0.85,6986.8
1707009,Dianópolis,TO,2000,1851.43,1490.91,31.88,20.19,69.11,1.06,0.87,7034.81
1707108,Divinópolis do Tocantins,TO,1981,1802.9,1516.75,32.61,20.51,69.91,1.06,1.26,6689.9
1707108,Divinópolis do Tocantins,TO,1982,2110.3,1454.67,32.6,20.84,72.41,0.98,1.1,6579.47
1707108,Divinópolis do Tocantins,TO,1983,2187.42,1498.22,33.3,21.15,71.29,1.06,1.22,6517.42
1707108,Divinópolis do Tocantins,TO,1984,1908.12,1476.68,32.56,20.55,72.4,0.97,1.15,6620.88
1707108,Divinópolis do Tocantins,TO,1985,2542.99,1351.74,31.81,20.87,77.02,0.8,1.06,6217.23
1707108,Divinópolis do Tocantins,TO,1986,2009.23,1424.06,32.39,21.21,75.38,0.88,1.03,6465.43
1707108,Divinópolis do Tocantins,TO,1987,1825.36,1468.85,33.34,21.79,73.76,0.99,1.03,6543.03
1707108,Divinópolis do Tocantins,TO,1988,2423.4,1493.52,32.86,21.33,73.18,0.97,1.14,6570.15
1707108,Divinópolis do Tocantins,TO,1989,2257.41,1378.36,31.89,21.38,77.35,0.81,1.01,6358.76
1707108,Divinópolis do Tocantins,TO,1990,1564.18,1514.24,33.09,21.76,72.75,1.01,1.08,6771.12
1707108,Divinópolis do Tocantins,TO,1991,1847.72,1417.77,32.63,21.26,74.37,0.92,1.12,6232.0
1707108,Divinópolis do Tocantins,TO,1992,1820.51,1420.02,32.73,21.1,72.86,0.98,1.07,6298.23
1707108,Divinópolis do Tocantins,TO,1993,1765.69,1485.12,33.0,20.99,73.51,0.96,1.15,6644.51
1707108,Divinópolis do Tocantins,TO,1994,1627.3,1448.94,32.92,21.26,74.22,0.94,1.1,6500.3
1707108,Divinópolis do Tocantins,TO,1995,1747.73,1444.18,32.96,21.33,74.94,0.92,1.04,6508.47
1707108,Divinópolis do Tocantins,TO,1996,1601.7,1477.8,33.12,21.4,74.53,0.93,0.98,6697.7
1707108,Divinópolis do Tocantins,TO,1997,2175.24,1464.5,33.14,21.41,73.6,0.97,1.08,6562.82
1707108,Divinópolis do Tocantins,TO,1998,1206.41,1549.97,34.46,22.14,70.94,1.14,1.08,6716.14
1707108,Divinópolis do Tocantins,TO,1999,1894.49,1493.67,33.2,21.54,75.67,0.9,1.12,6677.81
1707108,Divinópolis do Tocantins,TO,2000,1955.87,1530.52,33.07,21.7,75.34,0.92,1.17,6927.83
1707207,Dois Irmãos do Tocantins,TO,1981,1847.98,1500.83,32.41,20.27,71.68,0.99,1.27,6678.28
1707207,Dois Irmãos do Tocantins,TO,1982,2090.26,1444.64,32.35,20.54,73.03,0.94,1.11,6579.63
1707207,Dois Irmãos do Tocantins,TO,1983,2113.8,1499.3,33.1,20.84,71.06,1.05,1.26,6508.15
1707207,Dois Irmãos do Tocantins,TO,1984,1989.01,1471.05,32.32,20.21,72.45,0.95,1.19,6597.01
1707207,Dois Irmãos do Tocantins,TO,1985,2603.23,1341.3,31.52,20.72,77.1,0.79,1.08,6185.66
1707207,Dois Irmãos do Tocantins,TO,1986,2229.53,1413.16,32.08,21.1,75.49,0.87,1.06,6424.43
1707207,Dois Irmãos do Tocantins,TO,1987,1903.01,1465.21,33.04,21.72,73.87,0.97,1.06,6535.8
1707207,Dois Irmãos do Tocantins,TO,1988,2369.54,1483.84,32.58,21.26,73.26,0.96,1.16,6542.18
1707207,Dois Irmãos do Tocantins,TO,1989,2436.54,1375.59,31.63,21.29,77.46,0.79,1.04,6366.78
1707207,Dois Irmãos do Tocantins,TO,1990,1515.59,1502.88,32.83,21.63,73.07,0.99,1.1,6732.94
1707207,Dois Irmãos do Tocantins,TO,1991,2009.65,1409.63,32.37,21.12,74.51,0.9,1.14,6208.75
1707207,Dois Irmãos do Tocantins,TO,1992,1827.25,1417.05,32.47,20.9,72.89,0.97,1.09,6305.14
1707207,Dois Irmãos do Tocantins,TO,1993,1705.01,1471.0,32.79,20.72,73.66,0.94,1.14,6617.17
1707207,Dois Irmãos do Tocantins,TO,1994,1902.3,1437.17,32.64,21.02,75.34,0.89,1.12,6485.06
1707207,Dois Irmãos do Tocantins,TO,1995,2074.78,1418.94,32.69,21.12,75.65,0.88,0.96,6518.99
1707207,Dois Irmãos do Tocantins,TO,1996,1507.63,1457.23,32.83,21.26,74.72,0.92,0.94,6672.25
1707207,Dois Irmãos do Tocantins,TO,1997,1841.15,1447.4,32.84,21.25,73.57,0.96,1.06,6533.76
1707207,Dois Irmãos do Tocantins,TO,1998,1471.28,1531.39,34.13,21.97,71.09,1.12,1.05,6707.03
1707207,Dois Irmãos do Tocantins,TO,1999,1819.2,1463.06,32.88,21.37,76.69,0.85,1.08,6641.36
1707207,Dois Irmãos do Tocantins,TO,2000,1884.47,1503.44,32.8,21.47,76.24,0.87,1.15,6871.6
1707306,Dueré,TO,1981,1415.67,1492.75,32.38,20.43,68.88,1.08,1.14,6689.12
1707306,Dueré,TO,1982,1682.37,1417.1,32.65,20.73,70.91,1.03,0.75,6674.35
1707306,Dueré,TO,1983,1779.33,1428.31,33.16,21.1,70.33,1.08,0.79,6629.11
1707306,Dueré,TO,1984,1350.84,1453.13,32.77,20.75,68.86,1.1,0.76,6815.04
1707306,Dueré,TO,1985,2151.64,1353.33,31.98,20.75,74.46,0.89,0.77,6421.76
1707306,Dueré,TO,1986,1553.33,1433.33,32.64,21.08,71.64,1.02,0.84,6612.15
1707306,Dueré,TO,1987,1661.55,1456.51,33.5,21.54,70.43,1.11,0.84,6602.41
1707306,Dueré,TO,1988,1730.81,1489.98,32.85,21.04,72.49,0.99,0.98,6729.12
1707306,Dueré,TO,1989,2158.63,1384.7,32.12,21.14,75.38,0.88,0.84,6472.02
1707306,Dueré,TO,1990,1178.15,1508.15,33.31,21.53,71.54,1.05,0.89,6880.76
1707306,Dueré,TO,1991,1509.19,1411.57,32.55,21.04,73.34,0.95,0.91,6404.79
1707306,Dueré,TO,1992,1955.71,1399.04,32.64,21.23,72.72,0.99,0.84,6409.92
1707306,Dueré,TO,1993,1552.83,1478.93,33.21,21.26,69.44,1.12,0.98,6655.03
1707306,Dueré,TO,1994,1682.33,1468.44,33.07,21.4,71.93,1.03,0.93,6710.8
1707306,Dueré,TO,1995,1932.14,1437.42,32.99,21.35,72.33,1.01,0.82,6613.56
1707306,Dueré,TO,1996,1305.26,1477.75,33.18,21.38,71.88,1.03,0.79,6848.98
1707306,Dueré,TO,1997,1830.06,1431.13,33.08,21.23,71.2,1.05,0.78,6661.94
1707306,Dueré,TO,1998,1476.22,1523.15,34.61,21.98,67.67,1.26,0.79,6848.25
1707306,Dueré,TO,1999,1554.1,1503.24,33.52,21.48,69.82,1.13,0.87,6804.89
1707306,Dueré,TO,2000,1893.02,1515.06,33.14,21.43,70.54,1.09,0.92,6956.58
1707405,Esperantina,TO,1981,1467.48,1441.31,32.52,22.31,71.76,1.05,1.13,6287.29
1707405,Esperantina,TO,1982,1406.64,1407.74,32.32,22.14,77.89,0.8,1.15,6377.62
1707405,Esperantina,TO,1983,1425.73,1472.02,32.61,22.6,75.04,0.93,1.36,6330.49
1707405,Esperantina,TO,1984,2018.2,1449.45,31.98,21.96,74.64,0.91,1.19,6501.18
1707405,Esperantina,TO,1985,2440.04,1352.31,31.68,22.23,77.75,0.8,1.11,6147.01
1707405,Esperantina,TO,1986,2087.75,1374.52,31.97,22.07,81.52,0.67,1.18,6308.18
1707405,Esperantina,TO,1987,1458.81,1458.3,33.34,22.62,77.98,0.84,1.22,6390.65
1707405,Esperantina,TO,1988,2205.31,1443.92,32.64,22.18,78.79,0.78,1.14,6553.81
1707405,Esperantina,TO,1989,2262.25,1385.78,31.95,22.43,80.62,0.71,1.09,6405.58
1707405,Esperantina,TO,1990,1467.36,1453.65,32.58,22.69,78.55,0.8,1.14,6590.78
1707405,Esperantina,TO,1991,1377.42,1360.34,32.65,22.55,79.84,0.75,1.11,6085.28
1707405,Esperantina,TO,1992,1364.42,1421.45,33.04,22.79,78.76,0.81,1.13,6313.78
1707405,Esperantina,TO,1993,1379.09,1408.56,32.56,22.82,81.25,0.71,0.99,6486.79
1707405,Esperantina,TO,1994,1902.15,1401.49,32.45,22.66,80.73,0.72,1.03,6434.01
1707405,Esperantina,TO,1995,1965.02,1418.13,32.77,22.81,78.49,0.82,0.85,6531.72
1707405,Esperantina,TO,1996,1778.96,1431.28,32.54,22.83,77.04,0.87,0.9,6521.29
1707405,Esperantina,TO,1997,1516.48,1442.54,32.73,22.99,75.06,0.95,0.97,6506.27
1707405,Esperantina,TO,1998,1555.34,1483.94,33.32,23.74,75.84,0.95,0.95,6642.62
1707405,Esperantina,TO,1999,1927.88,1422.02,32.48,22.81,78.76,0.8,0.91,6585.44
1707405,Esperantina,TO,2000,1792.14,1432.97,32.43,23.13,78.67,0.81,0.87,6654.03
1707553,Fátima,TO,1981,1583.44,1499.96,32.53,20.56,69.09,1.09,1.13,6702.63
1707553,Fátima,TO,1982,1760.43,1454.67,32.67,21.0,71.3,1.03,0.98,6620.31
1707553,Fátima,TO,1983,1825.9,1479.65,33.27,21.33,70.61,1.09,1.06,6575.7
1707553,Fátima,TO,1984,1541.22,1478.62,32.59,20.84,70.92,1.03,0.99,6744.51
1707553,Fátima,TO,1985,2473.44,1369.25,31.82,20.78,74.8,0.88,0.96,6338.66
1707553,Fátima,TO,1986,1897.94,1429.85,32.53,21.1,72.98,0.97,0.84,6604.76
1707553,Fátima,TO,1987,1818.93,1459.28,33.39,21.55,71.6,1.07,0.84,6644.35
1707553,Fátima,TO,1988,1677.68,1499.3,32.96,21.12,71.2,1.04,0.98,6719.06
1707553,Fátima,TO,1989,2180.61,1377.39,31.75,21.14,74.64,0.9,0.84,6445.32
1707553,Fátima,TO,1990,1558.71,1511.22,33.08,21.62,71.45,1.06,0.89,6896.0
1707553,Fátima,TO,1991,1861.48,1416.08,32.6,21.01,73.67,0.94,0.91,6408.72
1707553,Fátima,TO,1992,1936.57,1407.22,32.86,21.2,72.54,1.01,0.84,6399.86
1707553,Fátima,TO,1993,1624.49,1490.29,32.99,21.33,72.61,1.0,1.0,6773.94
1707553,Fátima,TO,1994,2064.65,1460.09,32.68,21.3,72.7,0.99,0.96,6704.36
1707553,Fátima,TO,1995,1911.67,1431.07,32.83,21.25,73.7,0.95,0.82,6617.17
1707553,Fátima,TO,1996,1554.91,1483.13,32.96,21.15,72.97,0.98,0.86,6853.37
1707553,Fátima,TO,1997,1909.57,1456.15,33.17,21.05,72.46,1.01,0.93,6653.62
1707553,Fátima,TO,1998,1593.73,1543.78,34.43,21.87,69.28,1.19,0.93,6838.19
1707553,Fátima,TO,1999,1927.03,1509.89,33.33,21.28,73.22,1.0,1.0,6800.81
1707553,Fátima,TO,2000,1986.65,1522.43,33.01,21.33,73.93,0.96,1.07,6949.2
1707652,Figueirópolis,TO,1981,1450.67,1473.91,32.13,20.2,69.14,1.06,1.06,6728.7
1707652,Figueirópolis,TO,1982,1486.69,1443.67,32.48,20.49,67.44,1.14,0.86,6662.57
1707652,Figueirópolis,TO,1983,1745.38,1432.1,32.89,20.88,67.63,1.17,0.87,6559.36
1707652,Figueirópolis,TO,1984,1167.15,1459.74,32.69,20.6,68.63,1.1,0.8,6833.74
1707652,Figueirópolis,TO,1985,1908.58,1369.5,31.91,20.53,71.33,0.99,0.8,6471.87
1707652,Figueirópolis,TO,1986,1200.24,1445.41,32.57,20.91,69.57,1.08,0.78,6719.28
1707652,Figueirópolis,TO,1987,1429.78,1441.52,33.39,21.31,69.36,1.14,0.74,6639.48
1707652,Figueirópolis,TO,1988,1598.82,1491.93,32.63,20.62,70.18,1.05,0.88,6862.64
1707652,Figueirópolis,TO,1989,1991.74,1396.12,32.19,20.8,72.71,0.96,0.78,6552.92
1707652,Figueirópolis,TO,1990,1026.96,1495.61,33.24,21.27,69.37,1.12,0.75,6945.48
1707652,Figueirópolis,TO,1991,1373.61,1402.31,32.34,20.88,71.41,1.0,0.78,6490.09
1707652,Figueirópolis,TO,1992,1686.64,1354.35,32.34,21.12,71.19,1.03,0.66,6363.89
1707652,Figueirópolis,TO,1993,1381.44,1463.27,33.19,21.22,68.18,1.16,0.9,6663.04
1707652,Figueirópolis,TO,1994,1276.18,1462.3,33.14,21.36,68.91,1.15,0.82,6792.95
1707652,Figueirópolis,TO,1995,1608.48,1409.27,32.9,21.25,69.66,1.1,0.6,6695.09
1707652,Figueirópolis,TO,1996,1334.12,1450.73,33.15,21.33,69.13,1.13,0.59,6911.65
1707652,Figueirópolis,TO,1997,1721.74,1409.22,32.87,21.16,69.21,1.12,0.65,6690.53
1707652,Figueirópolis,TO,1998,1176.76,1497.71,34.57,21.88,65.36,1.35,0.67,6857.04
1707652,Figueirópolis,TO,1999,1433.42,1483.23,33.52,21.44,67.23,1.22,0.73,6866.15
1707652,Figueirópolis,TO,2000,1753.24,1476.06,33.05,21.26,68.23,1.16,0.79,6887.46
1707702,Filadélfia,TO,1981,1489.43,1476.37,31.94,21.08,70.62,1.04,1.19,6547.9
1707702,Filadélfia,TO,1982,1480.11,1421.81,31.89,21.11,73.66,0.93,1.06,6519.78
1707702,Filadélfia,TO,1983,1524.54,1480.98,32.34,21.36,72.74,0.99,1.26,6484.12
1707702,Filadélfia,TO,1984,1427.8,1445.05,31.72,20.63,74.32,0.89,1.21,6525.22
1707702,Filadélfia,TO,1985,2536.66,1330.2,31.09,20.68,77.61,0.76,1.04,6201.99
1707702,Filadélfia,TO,1986,1821.15,1406.2,31.51,21.03,76.41,0.82,1.18,6398.82
1707702,Filadélfia,TO,1987,1465.37,1480.21,32.66,21.57,74.15,0.95,1.17,6585.76
1707702,Filadélfia,TO,1988,1749.31,1457.48,32.04,21.22,74.59,0.9,1.14,6563.39
1707702,Filadélfia,TO,1989,1835.39,1362.59,31.37,21.23,78.21,0.76,1.07,6312.74
1707702,Filadélfia,TO,1990,1433.75,1473.15,32.47,21.51,75.3,0.89,1.17,6631.47
1707702,Filadélfia,TO,1991,1626.82,1392.94,31.88,21.1,75.16,0.87,1.24,6148.43
1707702,Filadélfia,TO,1992,1426.36,1452.37,32.18,21.17,73.17,0.96,1.32,6293.99
1707702,Filadélfia,TO,1993,1690.77,1455.59,32.16,21.17,75.61,0.87,1.24,6533.13
1707702,Filadélfia,TO,1994,1827.98,1413.52,32.14,21.25,75.46,0.88,1.14,6370.39
1707702,Filadélfia,TO,1995,1724.3,1460.81,32.5,21.42,73.66,0.96,1.06,6607.28
1707702,Filadélfia,TO,1996,1596.05,1421.56,32.26,21.17,74.47,0.91,0.81,6620.73
1707702,Filadélfia,TO,1997,1822.7,1416.49,32.37,21.19,73.16,0.96,0.85,6538.0
1707702,Filadélfia,TO,1998,1352.41,1475.55,33.39,22.09,72.08,1.06,0.87,6695.24
1707702,Filadélfia,TO,1999,1774.55,1423.14,32.24,21.11,75.9,0.86,0.89,6628.64
1707702,Filadélfia,TO,2000,1780.76,1427.7,32.01,21.28,77.17,0.81,0.79,6834.99
1708205,Formoso do Araguaia,TO,1981,1330.66,1499.96,32.78,20.82,68.8,1.11,1.13,6667.44
1708205,Formoso do Araguaia,TO,1982,1781.67,1425.5,33.0,20.99,70.65,1.06,0.74,6677.02
1708205,Formoso do Araguaia,TO,1983,1975.59,1434.66,33.49,21.43,70.13,1.11,0.78,6627.38
1708205,Formoso do Araguaia,TO,1984,1544.9,1464.55,33.1,21.05,68.82,1.12,0.79,6806.88
1708205,Formoso do Araguaia,TO,1985,2003.38,1375.34,32.34,21.03,73.79,0.93,0.82,6466.53
1708205,Formoso do Araguaia,TO,1986,1510.36,1440.65,33.02,21.47,71.25,1.05,0.74,6711.42
1708205,Formoso do Araguaia,TO,1987,1577.88,1446.68,33.81,21.89,70.12,1.14,0.73,6612.3
1708205,Formoso do Araguaia,TO,1988,1848.44,1472.63,33.13,20.72,73.02,0.96,0.84,6795.25
1708205,Formoso do Araguaia,TO,1989,1876.56,1383.58,32.49,21.08,75.66,0.87,0.72,6550.88
1708205,Formoso do Araguaia,TO,1990,1228.21,1492.13,33.56,21.62,71.82,1.05,0.75,6914.85
1708205,Formoso do Araguaia,TO,1991,1463.66,1404.2,32.82,21.26,73.48,0.95,0.77,6464.33
1708205,Formoso do Araguaia,TO,1992,1668.29,1352.0,32.83,21.44,74.03,0.95,0.66,6338.76
1708205,Formoso do Araguaia,TO,1993,1270.84,1460.2,33.56,21.48,71.35,1.06,0.94,6596.28
1708205,Formoso do Araguaia,TO,1994,1005.14,1445.3,33.42,21.62,71.22,1.08,0.85,6683.15
1708205,Formoso do Araguaia,TO,1995,1519.51,1403.54,33.31,21.52,72.4,1.02,0.58,6659.59
1708205,Formoso do Araguaia,TO,1996,1315.59,1458.56,33.5,21.58,72.05,1.04,0.62,6883.38
1708205,Formoso do Araguaia,TO,1997,2300.14,1416.28,33.39,21.49,72.28,1.03,0.7,6653.3
1708205,Formoso do Araguaia,TO,1998,1255.02,1508.82,34.9,22.27,69.1,1.23,0.69,6872.28
1708205,Formoso do Araguaia,TO,1999,1570.3,1493.72,33.85,21.75,69.32,1.17,0.74,6868.98
1708205,Formoso do Araguaia,TO,2000,1802.97,1463.83,33.44,21.66,70.52,1.1,0.73,6861.86
1708254,Tabocão,TO,1981,1694.0,1496.28,32.13,20.02,69.89,1.03,1.21,6698.07
1708254,Tabocão,TO,1982,1980.11,1429.95,32.03,20.15,72.12,0.96,1.06,6581.67
1708254,Tabocão,TO,1983,1735.27,1486.56,32.78,20.34,70.99,1.03,1.22,6547.9
1708254,Tabocão,TO,1984,1655.72,1452.47,32.04,19.76,72.47,0.93,1.16,6579.26
1708254,Tabocão,TO,1985,2527.59,1329.22,31.17,20.63,77.06,0.79,1.04,6190.84
1708254,Tabocão,TO,1986,2067.77,1409.27,31.74,21.09,75.59,0.85,1.09,6433.7
1708254,Tabocão,TO,1987,1831.26,1460.04,32.7,21.58,74.45,0.94,1.07,6571.15
1708254,Tabocão,TO,1988,1796.09,1469.61,32.2,21.04,73.19,0.94,1.14,6546.58
1708254,Tabocão,TO,1989,2323.94,1364.28,31.22,21.1,77.18,0.79,1.03,6356.09
1708254,Tabocão,TO,1990,1267.35,1488.04,32.51,21.4,73.07,0.97,1.09,6732.79
1708254,Tabocão,TO,1991,1873.69,1395.35,32.03,20.81,74.33,0.89,1.13,6209.69
1708254,Tabocão,TO,1992,1728.65,1415.21,32.12,20.72,71.99,0.98,1.11,6313.62
1708254,Tabocão,TO,1993,1522.44,1470.89,32.57,20.75,73.53,0.94,1.14,6632.1
1708254,Tabocão,TO,1994,1657.52,1427.03,32.38,20.98,75.5,0.87,1.12,6472.97
1708254,Tabocão,TO,1995,1936.44,1411.83,32.27,20.92,75.76,0.86,0.96,6537.53
1708254,Tabocão,TO,1996,1436.77,1445.41,32.4,20.92,75.05,0.89,0.94,6680.89
1708254,Tabocão,TO,1997,1801.1,1431.89,32.42,20.86,73.97,0.92,1.05,6536.12
1708254,Tabocão,TO,1998,1615.35,1511.02,33.86,21.55,72.87,1.03,1.03,6711.58
1708254,Tabocão,TO,1999,1716.38,1452.88,32.62,21.08,76.83,0.83,1.06,6637.12
1708254,Tabocão,TO,2000,1759.38,1490.14,32.57,21.04,76.34,0.85,1.12,6873.48
1708304,Goianorte,TO,1981,1777.12,1509.28,32.49,20.26,71.83,0.99,1.31,6677.96
1708304,Goianorte,TO,1982,1970.11,1450.27,32.39,20.52,72.95,0.95,1.15,6565.65
1708304,Goianorte,TO,1983,1872.18,1516.55,33.22,20.9,70.99,1.06,1.31,6528.42
1708304,Goianorte,TO,1984,1933.6,1475.96,32.39,20.24,72.49,0.95,1.24,6565.59
1708304,Goianorte,TO,1985,2583.76,1346.73,31.63,20.68,77.22,0.79,1.12,6174.97
1708304,Goianorte,TO,1986,2206.87,1424.83,32.14,21.06,75.77,0.86,1.16,6416.1
1708304,Goianorte,TO,1987,1871.26,1474.53,33.13,21.8,74.57,0.95,1.13,6535.17
1708304,Goianorte,TO,1988,2156.54,1493.31,32.69,21.37,73.38,0.96,1.22,6526.95
1708304,Goianorte,TO,1989,2460.44,1387.47,31.82,21.39,77.44,0.8,1.1,6349.34
1708304,Goianorte,TO,1990,1415.72,1503.7,32.95,21.72,74.0,0.96,1.16,6711.11
1708304,Goianorte,TO,1991,2090.34,1415.11,32.48,21.28,74.91,0.9,1.21,6187.85
1708304,Goianorte,TO,1992,1791.67,1430.72,32.55,20.9,72.98,0.97,1.17,6290.85
1708304,Goianorte,TO,1993,1778.34,1479.44,32.85,20.45,73.95,0.92,1.21,6612.62
1708304,Goianorte,TO,1994,1988.4,1439.62,32.65,20.91,75.61,0.88,1.18,6453.33
1708304,Goianorte,TO,1995,2026.24,1432.71,32.74,21.24,75.78,0.88,1.04,6509.88
1708304,Goianorte,TO,1996,1555.3,1469.56,32.93,21.54,75.11,0.92,1.0,6667.38
1708304,Goianorte,TO,1997,1864.82,1456.41,32.87,21.57,74.01,0.96,1.1,6522.45
1708304,Goianorte,TO,1998,1582.44,1532.06,34.14,22.28,72.95,1.06,1.09,6695.24
1708304,Goianorte,TO,1999,1798.8,1467.31,32.88,21.64,77.33,0.84,1.12,6632.41
1708304,Goianorte,TO,2000,1971.19,1504.26,32.81,21.65,76.75,0.86,1.17,6866.1
1709005,Goiatins,TO,1981,1375.78,1479.34,31.92,20.57,70.32,1.03,1.15,6652.2
1709005,Goiatins,TO,1982,1415.05,1422.78,31.9,20.72,73.28,0.93,1.0,6596.59
1709005,Goiatins,TO,1983,1250.09,1499.66,32.46,21.02,71.1,1.04,1.24,6579.31
1709005,Goiatins,TO,1984,1316.72,1445.41,31.71,20.34,74.24,0.88,1.21,6544.54
1709005,Goiatins,TO,1985,2424.35,1329.07,30.94,20.51,77.92,0.74,1.04,6221.78
1709005,Goiatins,TO,1986,1786.11,1405.43,31.53,20.88,75.83,0.84,1.1,6444.85
1709005,Goiatins,TO,1987,1139.63,1472.02,32.54,21.46,74.51,0.93,1.08,6655.34
1709005,Goiatins,TO,1988,1497.26,1452.47,31.95,21.01,74.13,0.9,1.08,6589.0
1709005,Goiatins,TO,1989,1929.05,1354.51,31.21,21.05,77.89,0.76,0.98,6339.6
1709005,Goiatins,TO,1990,1415.18,1472.33,32.34,21.35,74.12,0.93,1.1,6677.65
1709005,Goiatins,TO,1991,1595.52,1392.02,31.79,20.9,75.06,0.86,1.17,6205.76
1709005,Goiatins,TO,1992,1566.53,1437.83,32.0,20.92,73.01,0.95,1.23,6337.97
1709005,Goiatins,TO,1993,1648.52,1453.95,32.12,20.91,74.72,0.89,1.18,6568.0
1709005,Goiatins,TO,1994,1802.97,1415.31,32.03,21.04,74.94,0.89,1.09,6434.32
1709005,Goiatins,TO,1995,1720.96,1454.52,32.27,21.18,73.55,0.95,1.01,6652.36
1709005,Goiatins,TO,1996,1559.59,1430.61,32.12,20.99,74.67,0.9,0.84,6673.35
1709005,Goiatins,TO,1997,1690.87,1417.97,32.22,21.0,73.09,0.96,0.87,6565.65
1709005,Goiatins,TO,1998,1240.54,1483.02,33.36,21.86,72.09,1.05,0.88,6745.83
1709005,Goiatins,TO,1999,1562.34,1434.5,32.13,21.04,75.55,0.87,0.91,6695.72
1709005,Goiatins,TO,2000,1551.76,1442.54,31.97,21.12,76.85,0.82,0.83,6904.27
1709302,Guaraí,TO,1981,1585.31,1495.0,32.09,19.98,70.09,1.02,1.23,6680.79
1709302,Guaraí,TO,1982,1863.99,1430.31,31.98,20.1,72.25,0.95,1.08,6579.79
1709302,Guaraí,TO,1983,1619.3,1491.67,32.74,20.29,70.97,1.03,1.25,6538.47
1709302,Guaraí,TO,1984,1549.55,1454.57,32.0,19.71,72.5,0.93,1.19,6569.36
1709302,Guaraí,TO,1985,2668.31,1327.38,31.13,20.58,77.35,0.77,1.05,6190.37
1709302,Guaraí,TO,1986,1943.48,1411.27,31.7,21.05,75.97,0.84,1.13,6428.67
1709302,Guaraí,TO,1987,1777.83,1464.55,32.65,21.55,74.75,0.93,1.12,6565.33
1709302,Guaraí,TO,1988,1773.16,1469.56,32.16,21.01,73.62,0.93,1.18,6541.87
1709302,Guaraí,TO,1989,2316.38,1366.07,31.18,21.07,77.52,0.78,1.07,6348.87
1709302,Guaraí,TO,1990,1233.18,1489.27,32.47,21.36,73.55,0.95,1.14,6716.61
1709302,Guaraí,TO,1991,1785.98,1398.88,31.98,20.77,74.56,0.88,1.18,6194.61
1709302,Guaraí,TO,1992,1748.52,1422.53,32.07,20.68,72.36,0.97,1.17,6298.07
1709302,Guaraí,TO,1993,1611.03,1471.97,32.51,20.68,74.0,0.92,1.2,6607.9
1709302,Guaraí,TO,1994,1726.16,1426.11,32.31,20.93,75.88,0.86,1.15,6453.8
1709302,Guaraí,TO,1995,1864.64,1416.8,32.19,20.89,75.49,0.87,1.0,6528.26
1709302,Guaraí,TO,1996,1481.09,1446.43,32.31,20.88,75.17,0.88,0.95,6659.84
1709302,Guaraí,TO,1997,1771.24,1436.96,32.32,20.83,74.04,0.92,1.06,6524.49
1709302,Guaraí,TO,1998,1601.2,1519.82,33.76,21.52,73.01,1.02,1.09,6699.17
1709302,Guaraí,TO,1999,1735.8,1461.12,32.53,21.05,77.26,0.82,1.12,6636.49
1709302,Guaraí,TO,2000,1853.03,1474.83,32.48,20.98,76.81,0.83,1.04,6875.05
1709500,Gurupi,TO,1981,1409.66,1470.74,31.9,19.87,69.36,1.03,1.11,6700.27
1709500,Gurupi,TO,1982,1498.35,1406.35,32.23,20.27,70.74,1.01,0.76,6673.1
1709500,Gurupi,TO,1983,1465.57,1414.39,32.67,20.57,70.17,1.06,0.8,6626.28
1709500,Gurupi,TO,1984,1249.52,1442.23,32.39,20.28,68.8,1.08,0.77,6818.19
1709500,Gurupi,TO,1985,1964.61,1341.76,31.57,20.26,74.34,0.87,0.77,6422.7
1709500,Gurupi,TO,1986,1393.86,1418.84,32.29,20.59,71.63,0.99,0.8,6628.64
1709500,Gurupi,TO,1987,1559.89,1438.39,33.12,20.99,70.17,1.09,0.81,6609.95
1709500,Gurupi,TO,1988,1776.62,1479.85,32.35,20.46,70.0,1.04,0.95,6751.42
1709500,Gurupi,TO,1989,1935.55,1372.88,31.85,20.59,73.32,0.93,0.81,6453.8
1709500,Gurupi,TO,1990,1215.45,1495.77,32.92,21.05,70.29,1.07,0.87,6879.66
1709500,Gurupi,TO,1991,1468.88,1397.81,32.09,20.63,72.37,0.96,0.88,6417.83
1709500,Gurupi,TO,1992,1793.77,1379.64,32.12,20.8,71.99,0.99,0.81,6405.83
1709500,Gurupi,TO,1993,1470.17,1478.37,32.91,20.85,68.46,1.13,0.97,6699.96
1709500,Gurupi,TO,1994,1461.8,1464.04,32.82,20.99,71.35,1.03,0.92,6735.3
1709500,Gurupi,TO,1995,1828.99,1421.56,32.6,20.94,72.13,1.0,0.78,6626.44
1709500,Gurupi,TO,1996,1403.2,1466.65,32.83,21.01,71.7,1.02,0.77,6857.46
1709500,Gurupi,TO,1997,1759.43,1415.21,32.57,20.85,71.46,1.02,0.77,6666.34
1709500,Gurupi,TO,1998,1345.09,1510.0,34.26,21.57,67.15,1.26,0.78,6847.3
1709500,Gurupi,TO,1999,1563.98,1492.65,33.21,21.13,69.56,1.12,0.86,6808.03
1709500,Gurupi,TO,2000,1859.25,1499.66,32.74,20.94,70.4,1.07,0.91,6955.17
1709807,Ipueiras,TO,1981,1506.83,1495.2,32.59,20.64,68.98,1.1,1.09,6714.72
1709807,Ipueiras,TO,1982,1724.67,1424.63,32.77,21.07,70.7,1.05,0.75,6668.38
1709807,Ipueiras,TO,1983,1677.35,1439.21,33.34,21.42,70.08,1.11,0.8,6622.04
1709807,Ipueiras,TO,1984,1403.07,1453.85,32.74,20.95,70.8,1.04,0.77,6810.49
1709807,Ipueiras,TO,1985,2332.3,1357.43,31.96,20.87,74.32,0.9,0.77,6415.32
1709807,Ipueiras,TO,1986,1788.35,1428.77,32.65,21.18,72.44,1.0,0.78,6629.27
1709807,Ipueiras,TO,1987,1819.7,1452.72,33.51,21.62,71.05,1.09,0.78,6649.06
1709807,Ipueiras,TO,1988,1637.93,1500.68,33.04,21.19,70.67,1.06,0.93,6755.98
1709807,Ipueiras,TO,1989,1925.56,1376.26,31.91,21.22,73.56,0.94,0.79,6450.5
1709807,Ipueiras,TO,1990,1328.6,1509.43,33.23,21.69,70.35,1.11,0.83,6903.86
1709807,Ipueiras,TO,1991,1545.11,1413.83,32.69,21.09,71.9,1.0,0.84,6409.66
1709807,Ipueiras,TO,1992,1799.1,1402.72,32.93,21.31,70.93,1.07,0.78,6415.89
1709807,Ipueiras,TO,1993,1487.55,1515.17,33.18,21.44,68.85,1.14,0.97,6847.78
1709807,Ipueiras,TO,1994,1918.6,1472.63,32.85,21.47,71.13,1.06,0.91,6774.42
1709807,Ipueiras,TO,1995,1859.81,1431.38,32.98,21.43,71.99,1.03,0.75,6634.61
1709807,Ipueiras,TO,1996,1476.18,1472.63,33.11,21.35,71.99,1.03,0.75,6863.58
1709807,Ipueiras,TO,1997,1802.56,1432.3,33.29,21.2,72.23,1.03,0.75,6666.5
1709807,Ipueiras,TO,1998,1484.2,1518.29,34.6,22.03,69.03,1.22,0.77,6848.72
1709807,Ipueiras,TO,1999,1694.94,1501.81,33.54,21.45,69.43,1.15,0.84,6807.4
1709807,Ipueiras,TO,2000,1906.04,1516.09,33.19,21.44,70.29,1.11,0.9,6950.77
1710508,Itacajá,TO,1981,1629.45,1481.33,32.13,20.26,70.14,1.03,1.14,6675.61
1710508,Itacajá,TO,1982,1685.98,1424.06,32.1,20.43,72.3,0.96,0.99,6602.25
1710508,Itacajá,TO,1983,1461.3,1506.46,32.78,20.66,71.08,1.03,1.24,6597.06
1710508,Itacajá,TO,1984,1402.33,1462.81,32.04,20.04,73.16,0.91,1.19,6604.08
1710508,Itacajá,TO,1985,2864.86,1344.83,31.22,20.6,77.16,0.78,1.04,6261.37
1710508,Itacajá,TO,1986,1880.69,1419.71,31.79,20.97,76.11,0.83,1.08,6530.62
1710508,Itacajá,TO,1987,1480.77,1479.03,32.76,21.5,74.82,0.92,1.06,6693.67
1710508,Itacajá,TO,1988,1706.54,1469.26,32.24,21.03,74.35,0.9,1.07,6672.57
1710508,Itacajá,TO,1989,2157.42,1358.19,31.36,21.1,77.25,0.79,0.97,6331.59
1710508,Itacajá,TO,1990,1200.38,1495.56,32.6,21.37,72.82,0.98,1.09,6758.71
1710508,Itacajá,TO,1991,1429.65,1407.58,32.09,20.85,74.51,0.89,1.17,6245.66
1710508,Itacajá,TO,1992,1704.92,1455.59,32.22,20.79,72.02,0.99,1.25,6381.8
1710508,Itacajá,TO,1993,1298.2,1478.57,32.45,20.79,73.74,0.93,1.21,6632.88
1710508,Itacajá,TO,1994,1728.19,1426.52,32.33,20.99,75.53,0.87,1.09,6488.2
1710508,Itacajá,TO,1995,1741.77,1437.37,32.35,21.0,74.95,0.89,1.01,6578.06
1710508,Itacajá,TO,1996,1505.57,1440.39,32.39,20.95,75.42,0.87,0.9,6659.69
1710508,Itacajá,TO,1997,1732.73,1425.8,32.41,20.92,73.81,0.93,0.94,6535.8
1710508,Itacajá,TO,1998,1415.56,1503.14,33.73,21.66,73.04,1.02,0.99,6707.97
1710508,Itacajá,TO,1999,1803.5,1455.8,32.53,21.06,76.51,0.84,1.03,6636.65
1710508,Itacajá,TO,2000,1681.96,1466.29,32.42,21.09,76.06,0.86,0.92,6900.03
1710706,Itaguatins,TO,1981,1234.31,1485.33,32.66,21.71,70.81,1.07,1.22,6395.21
1710706,Itaguatins,TO,1982,1406.86,1434.3,32.37,21.25,72.88,0.96,1.1,6440.61
1710706,Itaguatins,TO,1983,1117.62,1502.37,32.73,21.3,72.25,1.0,1.34,6426.47
1710706,Itaguatins,TO,1984,1276.2,1431.89,31.83,20.55,74.34,0.88,1.16,6502.28
1710706,Itaguatins,TO,1985,1841.74,1343.66,31.51,21.73,76.19,0.84,0.97,6213.3
1710706,Itaguatins,TO,1986,1643.58,1384.65,31.69,20.88,77.41,0.78,1.11,6338.34
1710706,Itaguatins,TO,1987,1069.14,1491.57,33.14,20.96,74.02,0.94,1.19,6580.73
1710706,Itaguatins,TO,1988,1624.11,1462.76,32.34,20.61,74.87,0.88,1.11,6650.73
1710706,Itaguatins,TO,1989,1556.23,1387.93,31.85,21.3,77.27,0.8,1.05,6382.48
1710706,Itaguatins,TO,1990,1362.94,1452.93,32.5,21.34,75.48,0.88,1.08,6592.35
1710706,Itaguatins,TO,1991,1362.59,1399.8,32.56,22.06,75.02,0.92,1.1,6156.75
1710706,Itaguatins,TO,1992,1155.6,1468.44,32.78,22.36,73.61,0.98,1.2,6415.1
1710706,Itaguatins,TO,1993,1259.48,1443.1,32.47,22.48,76.17,0.89,1.01,6529.05
1710706,Itaguatins,TO,1994,1853.83,1407.53,32.2,22.4,76.19,0.88,0.98,6399.45
1710706,Itaguatins,TO,1995,1864.8,1455.44,32.77,22.3,74.39,0.96,0.87,6664.14
1710706,Itaguatins,TO,1996,1782.63,1439.06,32.85,21.82,73.74,0.97,0.79,6626.54
1710706,Itaguatins,TO,1997,1374.38,1443.0,33.09,21.95,71.93,1.05,0.81,6600.05
1710706,Itaguatins,TO,1998,1090.34,1486.71,33.98,22.56,72.06,1.09,0.8,6709.54
1710706,Itaguatins,TO,1999,1500.43,1430.26,32.61,21.47,72.74,0.99,0.81,6643.25
1710706,Itaguatins,TO,2000,1701.48,1439.42,32.69,21.97,75.08,0.92,0.77,6740.74
1710904,Itapiratins,TO,1981,1669.77,1486.76,32.28,20.39,70.19,1.04,1.16,6648.59
1710904,Itapiratins,TO,1982,1846.14,1430.26,32.22,20.54,72.39,0.96,1.03,6581.04
1710904,Itapiratins,TO,1983,1485.29,1506.11,32.92,20.78,71.39,1.03,1.26,6560.78
1710904,Itapiratins,TO,1984,1462.73,1455.64,32.15,20.15,73.14,0.92,1.2,6544.86
1710904,Itapiratins,TO,1985,2658.83,1325.13,31.31,20.71,77.43,0.78,1.0,6206.7
1710904,Itapiratins,TO,1986,1843.42,1413.06,31.88,21.11,76.46,0.83,1.13,6439.35
1710904,Itapiratins,TO,1987,1498.81,1477.24,32.85,21.67,75.1,0.92,1.11,6622.36
1710904,Itapiratins,TO,1988,1785.22,1462.6,32.32,21.17,74.65,0.9,1.12,6564.96
1710904,Itapiratins,TO,1989,2206.7,1368.07,31.46,21.24,77.62,0.78,1.04,6338.19
1710904,Itapiratins,TO,1990,1265.64,1482.1,32.66,21.51,74.5,0.93,1.14,6668.07
1710904,Itapiratins,TO,1991,1560.28,1397.55,32.16,21.0,75.69,0.85,1.2,6191.78
1710904,Itapiratins,TO,1992,1746.41,1446.02,32.27,20.91,72.49,0.97,1.26,6315.35
1710904,Itapiratins,TO,1993,1533.2,1474.58,32.57,20.87,74.34,0.91,1.24,6569.58
1710904,Itapiratins,TO,1994,1735.8,1424.83,32.45,21.07,75.81,0.86,1.14,6426.47
1710904,Itapiratins,TO,1995,1741.97,1442.69,32.5,21.12,75.12,0.9,1.06,6552.77
1710904,Itapiratins,TO,1996,1535.2,1448.22,32.55,21.1,74.47,0.92,0.92,6645.23
1710904,Itapiratins,TO,1997,1777.35,1434.91,32.56,21.09,73.12,0.97,0.96,6519.31
1710904,Itapiratins,TO,1998,1424.77,1515.37,33.86,21.82,71.35,1.09,1.0,6695.09
1710904,Itapiratins,TO,1999,1765.23,1455.59,32.65,21.21,76.55,0.85,1.04,6615.29
1710904,Itapiratins,TO,2000,1770.55,1468.64,32.55,21.23,76.56,0.84,0.93,6891.55
1711100,Itaporã do Tocantins,TO,1981,1685.02,1481.03,31.94,19.78,71.05,0.98,1.26,6617.8
1711100,Itaporã do Tocantins,TO,1982,1803.01,1430.72,31.82,20.01,72.23,0.94,1.14,6536.59
1711100,Itaporã do Tocantins,TO,1983,1589.85,1492.95,32.66,20.41,71.23,1.02,1.31,6477.21
1711100,Itaporã do Tocantins,TO,1984,1694.58,1450.11,31.83,19.72,73.11,0.9,1.25,6530.87
1711100,Itaporã do Tocantins,TO,1985,2689.48,1327.18,31.09,20.14,77.4,0.76,1.11,6169.95
1711100,Itaporã do Tocantins,TO,1986,1823.7,1406.87,31.58,20.51,75.63,0.84,1.16,6405.11
1711100,Itaporã do Tocantins,TO,1987,1695.02,1464.04,32.58,21.26,74.14,0.94,1.13,6556.07
1711100,Itaporã do Tocantins,TO,1988,1707.94,1467.41,32.14,20.82,73.47,0.93,1.18,6518.62
1711100,Itaporã do Tocantins,TO,1989,2286.17,1366.38,31.29,20.85,77.86,0.76,1.1,6334.73
1711100,Itaporã do Tocantins,TO,1990,1295.98,1471.97,32.42,21.18,75.88,0.86,1.16,6680.95
1711100,Itaporã do Tocantins,TO,1991,1950.2,1384.91,31.93,20.74,77.2,0.79,1.23,6168.06
1711100,Itaporã do Tocantins,TO,1992,1784.32,1425.29,32.0,20.35,72.74,0.95,1.25,6270.58
1711100,Itaporã do Tocantins,TO,1993,1814.85,1462.5,32.28,19.89,74.69,0.87,1.26,6581.2
1711100,Itaporã do Tocantins,TO,1994,1932.84,1415.26,32.08,20.36,76.0,0.84,1.2,6406.83
1711100,Itaporã do Tocantins,TO,1995,1985.1,1424.06,32.17,20.71,75.51,0.87,1.08,6500.14
1711100,Itaporã do Tocantins,TO,1996,1462.81,1453.75,32.34,21.0,74.83,0.9,1.0,6645.08
1711100,Itaporã do Tocantins,TO,1997,1781.01,1445.97,32.26,21.06,73.42,0.95,1.09,6511.45
1711100,Itaporã do Tocantins,TO,1998,1618.32,1527.14,33.51,21.77,71.54,1.08,1.12,6681.26
1711100,Itaporã do Tocantins,TO,1999,1651.95,1454.98,32.27,21.11,77.62,0.8,1.14,6620.63
1711100,Itaporã do Tocantins,TO,2000,2100.78,1470.38,32.19,21.1,77.22,0.81,1.06,6867.98
1711506,Jaú do Tocantins,TO,1981,1599.06,1474.53,31.12,19.36,67.72,1.05,1.24,6651.89
1711506,Jaú do Tocantins,TO,1982,1421.3,1416.08,31.49,19.23,67.22,1.07,0.87,6662.88
1711506,Jaú do Tocantins,TO,1983,1736.16,1400.88,31.83,19.85,67.61,1.1,0.87,6545.54
1711506,Jaú do Tocantins,TO,1984,1188.73,1428.77,31.8,19.66,68.41,1.05,0.79,6815.99
1711506,Jaú do Tocantins,TO,1985,1895.36,1346.22,31.1,19.55,71.14,0.94,0.79,6486.63
1711506,Jaú do Tocantins,TO,1986,1310.68,1428.31,31.65,20.03,68.25,1.07,0.79,6737.66
1711506,Jaú do Tocantins,TO,1987,1338.97,1423.55,32.46,20.44,67.53,1.15,0.76,6642.15
1711506,Jaú do Tocantins,TO,1988,1625.81,1476.47,31.67,19.96,67.34,1.09,0.88,6895.47
1711506,Jaú do Tocantins,TO,1989,2127.96,1373.8,31.28,20.12,70.03,1.01,0.8,6497.79
1711506,Jaú do Tocantins,TO,1990,1148.79,1483.02,32.42,20.24,67.61,1.12,0.79,6954.44
1711506,Jaú do Tocantins,TO,1991,1464.61,1385.78,31.35,19.84,69.2,1.01,0.82,6480.19
1711506,Jaú do Tocantins,TO,1992,1813.33,1327.33,31.37,20.27,70.32,1.01,0.7,6295.4
1711506,Jaú do Tocantins,TO,1993,1212.25,1452.16,32.3,20.4,65.68,1.19,0.9,6680.16
1711506,Jaú do Tocantins,TO,1994,1539.87,1450.06,32.29,20.53,67.26,1.15,0.83,6802.22
1711506,Jaú do Tocantins,TO,1995,1792.32,1396.89,32.0,20.36,69.29,1.06,0.63,6722.26
1711506,Jaú do Tocantins,TO,1996,1228.27,1426.16,32.26,20.45,68.74,1.09,0.6,6901.76
1711506,Jaú do Tocantins,TO,1997,1543.07,1379.43,31.95,20.27,69.1,1.07,0.63,6679.38
1711506,Jaú do Tocantins,TO,1998,1194.74,1465.83,33.66,21.0,64.47,1.31,0.65,6856.26
1711506,Jaú do Tocantins,TO,1999,1369.49,1456.61,32.61,20.56,66.76,1.18,0.7,6885.79
1711506,Jaú do Tocantins,TO,2000,1858.44,1441.57,32.16,20.36,68.06,1.11,0.75,6886.99
1711803,Juarina,TO,1981,1721.6,1482.77,32.76,20.53,72.77,0.97,1.3,6480.82
1711803,Juarina,TO,1982,1742.08,1452.47,32.63,20.84,73.91,0.93,1.22,6478.94
1711803,Juarina,TO,1983,1568.25,1521.05,33.62,21.29,71.24,1.07,1.35,6407.3
1711803,Juarina,TO,1984,1619.72,1485.48,32.74,20.58,73.15,0.95,1.31,6513.75
1711803,Juarina,TO,1985,2560.39,1357.58,32.08,20.85,77.41,0.8,1.18,6141.04
1711803,Juarina,TO,1986,1791.48,1422.02,32.52,21.22,77.73,0.8,1.22,6365.05
1711803,Juarina,TO,1987,1685.84,1489.98,33.53,22.16,75.72,0.93,1.21,6498.41
1711803,Juarina,TO,1988,1750.6,1495.15,33.17,21.79,75.12,0.93,1.26,6487.83
1711803,Juarina,TO,1989,2288.6,1397.09,32.38,21.78,78.96,0.77,1.17,6324.05
1711803,Juarina,TO,1990,1281.53,1509.33,33.41,22.16,75.89,0.92,1.24,6644.98
1711803,Juarina,TO,1991,1921.48,1408.25,32.94,21.81,77.97,0.81,1.3,6111.04
1711803,Juarina,TO,1992,1692.34,1447.66,32.96,21.13,75.64,0.89,1.35,6237.44
1711803,Juarina,TO,1993,1840.69,1479.9,33.22,20.24,76.89,0.82,1.36,6531.4
1711803,Juarina,TO,1994,1959.69,1442.44,32.95,20.96,76.31,0.87,1.27,6367.4
1711803,Juarina,TO,1995,2016.44,1462.04,33.12,21.66,75.46,0.93,1.17,6461.34
1711803,Juarina,TO,1996,1532.41,1485.12,33.4,22.24,75.35,0.94,1.04,6611.62
1711803,Juarina,TO,1997,1929.55,1476.52,33.24,22.37,74.23,0.99,1.12,6488.36
1711803,Juarina,TO,1998,1714.87,1552.68,34.43,23.07,73.18,1.08,1.15,6653.93
1711803,Juarina,TO,1999,1775.66,1480.11,33.16,22.34,78.13,0.84,1.16,6595.97
1711803,Juarina,TO,2000,2107.08,1499.15,33.1,22.27,77.74,0.85,1.07,6855.1
1711902,Lagoa da Confusão,TO,1981,1437.36,1495.87,32.87,20.91,71.79,1.01,1.17,6676.71
1711902,Lagoa da Confusão,TO,1982,1727.74,1467.87,33.0,21.06,71.14,1.04,1.03,6610.1
1711902,Lagoa da Confusão,TO,1983,1736.37,1492.29,33.6,21.43,70.58,1.1,1.1,6558.89
1711902,Lagoa da Confusão,TO,1984,1628.79,1498.94,33.08,21.04,69.48,1.1,1.03,6731.79
1711902,Lagoa da Confusão,TO,1985,2005.53,1384.09,32.32,21.14,74.6,0.91,1.0,6324.99
1711902,Lagoa da Confusão,TO,1986,1466.0,1450.11,32.98,21.57,71.85,1.04,0.89,6591.1
1711902,Lagoa da Confusão,TO,1987,1751.27,1472.94,33.88,22.1,70.62,1.14,0.89,6566.43
1711902,Lagoa da Confusão,TO,1988,2063.01,1498.43,33.25,21.1,73.17,0.97,1.01,6703.2
1711902,Lagoa da Confusão,TO,1989,2043.42,1403.18,32.41,21.34,75.86,0.87,0.89,6509.41
1711902,Lagoa da Confusão,TO,1990,1347.27,1515.47,33.6,21.93,73.1,1.01,0.94,6843.53
1711902,Lagoa da Confusão,TO,1991,1546.04,1424.68,32.95,21.48,74.89,0.91,0.96,6392.7
1711902,Lagoa da Confusão,TO,1992,1864.68,1406.1,33.06,21.59,76.07,0.89,0.89,6403.79
1711902,Lagoa da Confusão,TO,1993,1381.63,1472.53,33.52,21.53,73.09,1.0,1.03,6596.44
1711902,Lagoa da Confusão,TO,1994,1424.47,1467.62,33.34,21.65,73.29,1.0,0.99,6633.04
1711902,Lagoa da Confusão,TO,1995,1980.82,1442.69,33.3,21.65,73.98,0.97,0.88,6559.84
1711902,Lagoa da Confusão,TO,1996,1410.87,1503.39,33.49,21.75,73.22,1.0,0.9,6843.48
1711902,Lagoa da Confusão,TO,1997,2144.95,1475.4,33.46,21.63,72.01,1.05,0.98,6652.83
1711902,Lagoa da Confusão,TO,1998,1458.4,1572.28,34.86,22.37,68.86,1.24,0.98,6836.94
1711902,Lagoa da Confusão,TO,1999,1542.39,1524.63,33.71,21.82,74.27,0.98,1.05,6812.59
1711902,Lagoa da Confusão,TO,2000,1950.8,1530.93,33.43,21.87,74.44,0.97,1.1,6914.48
1711951,Lagoa do Tocantins,TO,1981,1475.3,1487.83,32.21,20.17,69.38,1.05,1.05,6796.09
1711951,Lagoa do Tocantins,TO,1982,1567.44,1411.57,32.31,20.36,71.47,0.99,0.74,6718.81
1711951,Lagoa do Tocantins,TO,1983,1577.64,1434.2,32.96,20.68,70.46,1.06,0.74,6734.99
1711951,Lagoa do Tocantins,TO,1984,1311.79,1434.61,32.34,20.31,71.44,0.99,0.74,6819.91
1711951,Lagoa do Tocantins,TO,1985,2272.72,1343.5,31.52,20.44,74.7,0.86,0.74,6440.14
1711951,Lagoa do Tocantins,TO,1986,1635.25,1426.98,32.25,20.8,72.77,0.96,0.75,6744.41
1711951,Lagoa do Tocantins,TO,1987,1650.67,1450.88,33.12,21.33,71.56,1.05,0.73,6758.24
1711951,Lagoa do Tocantins,TO,1988,1524.89,1489.63,32.62,20.88,70.99,1.03,0.86,6873.48
1711951,Lagoa do Tocantins,TO,1989,2112.78,1355.48,31.6,20.96,73.57,0.92,0.72,6432.6
1711951,Lagoa do Tocantins,TO,1990,1107.21,1496.02,32.89,21.25,70.35,1.08,0.78,6959.94
1711951,Lagoa do Tocantins,TO,1991,1357.94,1411.73,32.31,20.7,71.27,1.0,0.8,6500.46
1711951,Lagoa do Tocantins,TO,1992,1662.05,1405.69,32.54,20.87,70.32,1.06,0.75,6546.27
1711951,Lagoa do Tocantins,TO,1993,1275.79,1513.99,32.83,20.92,69.18,1.1,0.95,6909.51
1711951,Lagoa do Tocantins,TO,1994,1496.78,1460.61,32.56,20.86,70.96,1.03,0.88,6794.84
1711951,Lagoa do Tocantins,TO,1995,1951.91,1427.54,32.56,20.7,72.26,0.98,0.7,6754.62
1711951,Lagoa do Tocantins,TO,1996,2088.25,1470.38,32.66,20.65,73.77,0.93,0.77,6918.72
1711951,Lagoa do Tocantins,TO,1997,1891.76,1438.85,32.75,20.58,72.49,0.98,0.83,6734.2
1711951,Lagoa do Tocantins,TO,1998,1256.77,1530.57,34.05,21.38,69.69,1.14,0.83,6948.94
1711951,Lagoa do Tocantins,TO,1999,1721.2,1488.55,32.84,20.8,73.14,0.97,0.91,6846.05
1711951,Lagoa do Tocantins,TO,2000,1721.2,1508.77,32.66,21.04,72.59,0.99,0.95,6986.43
1712009,Lajeado,TO,1981,1610.62,1465.98,31.03,18.91,69.06,0.99,1.16,6761.06
1712009,Lajeado,TO,1982,1555.9,1406.92,31.08,19.29,73.01,0.88,1.01,6643.09
1712009,Lajeado,TO,1983,1646.91,1440.85,31.77,19.52,71.07,0.97,1.08,6618.59
1712009,Lajeado,TO,1984,1422.52,1421.76,31.0,19.01,72.57,0.88,1.03,6707.44
1712009,Lajeado,TO,1985,2481.13,1321.09,30.22,19.41,75.99,0.77,0.99,6303.63
1712009,Lajeado,TO,1986,1633.26,1393.61,30.87,19.75,74.08,0.85,0.92,6616.07
1712009,Lajeado,TO,1987,1587.7,1434.56,31.78,20.22,72.88,0.93,0.92,6716.92
1712009,Lajeado,TO,1988,1611.96,1459.74,31.32,19.76,71.95,0.92,1.04,6725.19
1712009,Lajeado,TO,1989,2008.52,1332.55,30.22,19.81,76.71,0.75,0.9,6409.03
1712009,Lajeado,TO,1990,1220.23,1470.38,31.5,20.23,72.26,0.94,0.97,6896.79
1712009,Lajeado,TO,1991,1641.79,1383.73,31.08,19.65,73.84,0.85,1.0,6397.09
1712009,Lajeado,TO,1992,1760.41,1381.12,31.23,19.64,72.57,0.91,0.93,6451.23
1712009,Lajeado,TO,1993,1424.83,1448.02,31.48,19.76,73.04,0.9,1.03,6776.14
1712009,Lajeado,TO,1994,1453.89,1419.56,31.45,19.65,73.53,0.88,1.0,6676.24
1712009,Lajeado,TO,1995,1833.42,1394.63,31.4,19.42,74.75,0.83,0.88,6642.15
1712009,Lajeado,TO,1996,1586.46,1445.3,31.52,19.38,74.68,0.83,0.93,6852.9
1712009,Lajeado,TO,1997,1752.31,1424.01,31.56,19.46,73.22,0.88,1.01,6680.95
1712009,Lajeado,TO,1998,1353.08,1508.82,32.83,20.19,70.81,1.02,1.0,6866.15
1712009,Lajeado,TO,1999,2042.07,1452.98,31.49,19.56,74.96,0.83,1.06,6790.75
1712009,Lajeado,TO,2000,1740.85,1482.61,31.4,20.1,74.8,0.86,1.11,6981.56
1712157,Lavandeira,TO,1981,1740.51,1425.7,30.66,19.89,68.83,1.03,1.0,6651.26
1712157,Lavandeira,TO,1982,1319.2,1459.48,31.49,20.32,66.24,1.15,0.87,6845.73
1712157,Lavandeira,TO,1983,1709.83,1429.23,31.72,20.74,68.32,1.11,0.89,6636.49
1712157,Lavandeira,TO,1984,1102.31,1501.5,31.79,20.02,65.21,1.18,0.9,6998.21
1712157,Lavandeira,TO,1985,1926.95,1396.12,30.81,20.08,69.85,1.0,0.89,6617.33
1712157,Lavandeira,TO,1986,1244.14,1487.99,31.65,19.88,67.83,1.09,0.93,6947.84
1712157,Lavandeira,TO,1987,1636.01,1473.5,32.65,21.23,66.67,1.22,0.87,6672.78
1712157,Lavandeira,TO,1988,1728.95,1509.18,31.83,20.44,66.37,1.16,0.95,6895.63
1712157,Lavandeira,TO,1989,1372.93,1413.67,31.57,20.68,67.63,1.13,0.84,6566.12
1712157,Lavandeira,TO,1990,954.85,1502.83,32.42,20.57,66.87,1.16,0.78,7045.55
1712157,Lavandeira,TO,1991,1522.92,1445.46,31.44,20.22,68.79,1.05,0.97,6594.71
1712157,Lavandeira,TO,1992,2045.81,1388.7,31.34,20.4,70.11,1.02,0.96,6342.06
1712157,Lavandeira,TO,1993,1239.01,1575.2,32.44,20.48,64.39,1.24,1.12,7030.15
1712157,Lavandeira,TO,1994,1382.26,1562.05,32.42,20.93,65.75,1.24,1.1,7009.58
1712157,Lavandeira,TO,1995,1580.75,1517.42,32.28,20.95,66.24,1.2,1.0,6833.48
1712157,Lavandeira,TO,1996,1184.85,1571.11,32.61,20.85,62.85,1.33,0.99,7065.91
1712157,Lavandeira,TO,1997,1565.67,1488.45,32.09,20.72,66.19,1.2,0.98,6754.47
1712157,Lavandeira,TO,1998,1095.86,1605.7,33.62,21.72,61.04,1.48,0.98,7035.34
1712157,Lavandeira,TO,1999,1347.15,1551.71,32.43,21.11,63.23,1.33,0.98,6976.74
1712157,Lavandeira,TO,2000,1467.96,1525.81,32.32,20.85,65.75,1.22,0.92,7024.91
1712405,Lizarda,TO,1981,1210.75,1484.66,31.97,19.75,68.34,1.06,1.06,6807.56
1712405,Lizarda,TO,1982,1193.81,1426.21,32.1,20.21,71.77,0.97,0.9,6672.0
1712405,Lizarda,TO,1983,1356.1,1478.67,32.79,20.4,68.7,1.1,1.0,6703.73
1712405,Lizarda,TO,1984,1201.36,1455.39,31.98,20.08,70.91,0.99,0.96,6755.82
1712405,Lizarda,TO,1985,2013.64,1335.57,31.13,20.29,76.64,0.78,0.87,6364.11
1712405,Lizarda,TO,1986,1454.85,1422.73,31.89,20.5,73.57,0.91,0.89,6671.84
1712405,Lizarda,TO,1987,1465.18,1466.34,32.76,21.04,72.65,0.99,0.84,6842.12
1712405,Lizarda,TO,1988,1444.39,1476.01,32.27,20.62,71.64,0.98,0.91,6839.24
1712405,Lizarda,TO,1989,1927.73,1352.1,31.32,20.76,74.05,0.89,0.79,6410.76
1712405,Lizarda,TO,1990,1232.79,1486.81,32.65,21.13,70.31,1.06,0.82,6924.75
1712405,Lizarda,TO,1991,1424.37,1427.39,32.19,20.63,70.04,1.04,0.9,6484.59
1712405,Lizarda,TO,1992,1768.54,1437.37,32.38,20.61,67.25,1.15,0.87,6592.14
1712405,Lizarda,TO,1993,1333.39,1488.24,32.4,20.68,68.4,1.11,0.93,6856.57
1712405,Lizarda,TO,1994,1488.23,1441.52,32.11,20.67,71.59,0.99,0.9,6732.0
1712405,Lizarda,TO,1995,1798.31,1431.13,32.24,20.57,71.76,0.98,0.7,6867.57
1712405,Lizarda,TO,1996,1922.49,1458.97,32.43,20.43,73.97,0.91,0.76,6906.31
1712405,Lizarda,TO,1997,1790.4,1436.91,32.59,20.32,72.37,0.97,0.82,6768.76
1712405,Lizarda,TO,1998,1189.17,1521.2,33.87,21.26,71.02,1.08,0.82,6972.82
1712405,Lizarda,TO,1999,1668.5,1465.11,32.56,20.68,73.11,0.95,0.86,6841.02
1712405,Lizarda,TO,2000,1527.41,1505.7,32.5,20.76,72.36,0.98,0.94,7002.92
1712454,Luzinópolis,TO,1981,1168.48,1468.49,32.3,21.34,70.88,1.05,1.21,6376.52
1712454,Luzinópolis,TO,1982,1305.25,1424.17,32.11,21.09,72.96,0.95,1.11,6432.44
1712454,Luzinópolis,TO,1983,1431.38,1493.72,32.48,21.3,72.36,0.99,1.34,6419.4
1712454,Luzinópolis,TO,1984,1774.93,1429.59,31.67,20.5,74.19,0.88,1.17,6499.3
1712454,Luzinópolis,TO,1985,2131.85,1328.82,31.23,20.95,76.4,0.81,0.97,6209.69
1712454,Luzinópolis,TO,1986,1467.78,1390.85,31.53,20.62,77.61,0.76,1.22,6336.3
1712454,Luzinópolis,TO,1987,1070.14,1482.2,32.83,20.99,74.3,0.92,1.23,6545.38
1712454,Luzinópolis,TO,1988,1681.34,1462.09,32.13,20.61,75.07,0.86,1.18,6633.92
1712454,Luzinópolis,TO,1989,1786.88,1380.15,31.55,20.97,77.57,0.77,1.12,6360.02
1712454,Luzinópolis,TO,1990,1523.43,1459.07,32.4,21.04,75.63,0.86,1.18,6573.03
1712454,Luzinópolis,TO,1991,1390.18,1386.91,32.19,21.12,75.44,0.86,1.2,6117.32
1712454,Luzinópolis,TO,1992,1263.21,1448.83,32.4,21.41,74.03,0.93,1.23,6387.45
1712454,Luzinópolis,TO,1993,1319.1,1425.8,32.18,21.53,76.61,0.84,1.06,6510.82
1712454,Luzinópolis,TO,1994,1800.56,1400.83,31.99,21.5,76.33,0.84,1.09,6355.15
1712454,Luzinópolis,TO,1995,1772.26,1441.16,32.49,21.49,74.5,0.93,0.91,6632.72
1712454,Luzinópolis,TO,1996,1677.32,1420.22,32.37,21.24,73.85,0.93,0.79,6608.16
1712454,Luzinópolis,TO,1997,1452.75,1421.66,32.52,21.37,72.05,1.01,0.83,6565.65
1712454,Luzinópolis,TO,1998,1214.73,1464.65,33.41,22.07,72.23,1.05,0.79,6694.62
1712454,Luzinópolis,TO,1999,1634.9,1409.48,32.23,21.06,74.5,0.9,0.85,6614.34
1712454,Luzinópolis,TO,2000,1854.21,1423.04,32.17,21.44,75.18,0.89,0.78,6750.8
1712504,Marianópolis do Tocantins,TO,1981,1720.76,1500.37,32.72,20.64,73.0,0.96,1.27,6681.58
1712504,Marianópolis do Tocantins,TO,1982,2032.85,1461.94,32.73,20.98,72.3,0.99,1.11,6579.63
1712504,Marianópolis do Tocantins,TO,1983,1998.93,1502.93,33.43,21.3,71.22,1.07,1.22,6514.75
1712504,Marianópolis do Tocantins,TO,1984,1842.7,1482.41,32.69,20.69,72.32,0.98,1.15,6622.14
1712504,Marianópolis do Tocantins,TO,1985,2492.31,1355.89,31.95,20.96,77.0,0.81,1.07,6217.7
1712504,Marianópolis do Tocantins,TO,1986,1924.22,1428.11,32.53,21.29,75.37,0.89,1.04,6464.01
1712504,Marianópolis do Tocantins,TO,1987,1665.45,1469.72,33.48,21.88,73.74,0.99,1.04,6508.63
1712504,Marianópolis do Tocantins,TO,1988,2201.08,1499.25,33.0,21.42,73.19,0.98,1.15,6571.72
1712504,Marianópolis do Tocantins,TO,1989,2101.83,1382.15,32.05,21.47,77.47,0.81,1.02,6357.98
1712504,Marianópolis do Tocantins,TO,1990,1406.67,1520.33,33.23,21.86,72.96,1.01,1.09,6772.84
1712504,Marianópolis do Tocantins,TO,1991,1552.0,1419.41,32.76,21.38,74.78,0.91,1.12,6229.64
1712504,Marianópolis do Tocantins,TO,1992,1853.79,1423.14,32.85,21.21,73.03,0.98,1.08,6294.14
1712504,Marianópolis do Tocantins,TO,1993,1573.02,1482.41,33.11,21.06,74.45,0.93,1.16,6639.32
1712504,Marianópolis do Tocantins,TO,1994,1358.76,1452.57,33.03,21.36,74.19,0.95,1.11,6494.8
1712504,Marianópolis do Tocantins,TO,1995,1668.87,1450.01,33.09,21.48,74.87,0.93,1.04,6507.84
1712504,Marianópolis do Tocantins,TO,1996,1588.39,1482.26,33.25,21.57,74.45,0.95,0.99,6696.13
1712504,Marianópolis do Tocantins,TO,1997,2160.21,1467.57,33.27,21.57,73.57,0.98,1.07,6561.41
1712504,Marianópolis do Tocantins,TO,1998,1131.9,1553.4,34.59,22.3,70.92,1.15,1.07,6713.78
1712504,Marianópolis do Tocantins,TO,1999,1529.96,1499.25,33.35,21.71,75.49,0.92,1.12,6680.64
1712504,Marianópolis do Tocantins,TO,2000,1946.38,1535.38,33.2,21.83,75.19,0.93,1.17,6929.09
1712702,Mateiros,TO,1981,1177.83,1435.58,30.06,17.54,68.6,0.93,1.0,6940.93
1712702,Mateiros,TO,1982,1158.19,1392.33,30.72,18.1,67.62,1.0,0.67,6915.01
1712702,Mateiros,TO,1983,1273.42,1400.32,31.14,18.28,66.99,1.04,0.71,6880.76
1712702,Mateiros,TO,1984,990.45,1423.76,30.78,18.03,69.74,0.93,0.71,7050.67
1712702,Mateiros,TO,1985,1796.86,1313.67,29.58,17.99,73.88,0.77,0.71,6588.74
1712702,Mateiros,TO,1986,1192.49,1440.95,30.39,17.83,69.68,0.92,0.9,7008.16
1712702,Mateiros,TO,1987,1115.39,1456.31,31.13,19.11,67.37,1.06,0.83,7007.69
1712702,Mateiros,TO,1988,1203.43,1502.47,30.73,18.24,67.65,0.99,0.96,7177.76
1712702,Mateiros,TO,1989,1745.16,1353.89,29.97,18.58,71.79,0.87,0.77,6657.7
1712702,Mateiros,TO,1990,905.75,1468.03,31.0,18.76,68.89,0.99,0.78,7155.82
1712702,Mateiros,TO,1991,1174.73,1372.11,30.44,18.12,68.54,0.96,0.79,6558.42
1712702,Mateiros,TO,1992,1491.41,1378.92,30.51,18.25,67.46,1.01,0.87,6542.18
1712702,Mateiros,TO,1993,1060.62,1481.33,31.0,18.41,65.14,1.09,0.94,7032.2
1712702,Mateiros,TO,1994,1194.5,1464.24,30.78,18.54,67.06,1.04,0.94,6981.3
1712702,Mateiros,TO,1995,1445.13,1438.29,30.85,18.48,69.05,0.97,0.89,6880.76
1712702,Mateiros,TO,1996,1652.81,1467.0,30.95,18.33,69.54,0.95,0.86,7097.64
1712702,Mateiros,TO,1997,1635.72,1417.92,30.83,18.33,70.05,0.94,0.84,6905.58
1712702,Mateiros,TO,1998,1240.52,1519.62,32.2,19.22,66.88,1.11,0.88,7123.78
1712702,Mateiros,TO,1999,1508.63,1458.3,30.93,18.56,69.17,0.98,0.9,6985.7
1712702,Mateiros,TO,2000,1644.52,1482.46,30.76,18.65,69.03,0.98,0.95,7126.55
1712801,Maurilândia do Tocantins,TO,1981,1209.03,1484.82,32.67,21.64,70.7,1.07,1.21,6401.34
1712801,Maurilândia do Tocantins,TO,1982,1408.74,1434.25,32.42,21.28,72.81,0.97,1.08,6444.69
1712801,Maurilândia do Tocantins,TO,1983,1339.11,1503.8,32.79,21.39,72.24,1.01,1.34,6428.82
1712801,Maurilândia do Tocantins,TO,1984,1369.78,1436.19,31.92,20.64,74.21,0.89,1.16,6501.18
1712801,Maurilândia do Tocantins,TO,1985,1856.62,1341.41,31.54,21.54,76.22,0.84,0.97,6212.99
1712801,Maurilândia do Tocantins,TO,1986,1641.39,1386.29,31.75,20.92,77.39,0.78,1.11,6337.24
1712801,Maurilândia do Tocantins,TO,1987,1074.09,1493.16,33.16,21.13,74.04,0.95,1.19,6580.73
1712801,Maurilândia do Tocantins,TO,1988,1663.12,1465.72,32.41,20.77,74.84,0.89,1.11,6649.95
1712801,Maurilândia do Tocantins,TO,1989,1573.77,1389.06,31.89,21.3,77.28,0.8,1.06,6380.44
1712801,Maurilândia do Tocantins,TO,1990,1429.22,1454.93,32.63,21.34,75.41,0.88,1.07,6582.3
1712801,Maurilândia do Tocantins,TO,1991,1366.71,1397.91,32.58,21.75,74.99,0.91,1.1,6156.59
1712801,Maurilândia do Tocantins,TO,1992,1212.36,1467.0,32.79,22.12,73.56,0.98,1.2,6410.23
1712801,Maurilândia do Tocantins,TO,1993,1259.12,1441.98,32.54,22.25,76.15,0.88,1.02,6528.89
1712801,Maurilândia do Tocantins,TO,1994,1853.64,1406.3,32.24,22.19,76.13,0.87,0.98,6396.47
1712801,Maurilândia do Tocantins,TO,1995,1841.28,1454.77,32.78,22.12,74.29,0.96,0.88,6665.24
1712801,Maurilândia do Tocantins,TO,1996,1770.19,1433.43,32.76,21.72,73.69,0.96,0.78,6621.04
1712801,Maurilândia do Tocantins,TO,1997,1380.52,1437.37,32.98,21.83,71.89,1.05,0.8,6598.64
1712801,Maurilândia do Tocantins,TO,1998,1041.43,1482.2,33.88,22.5,71.98,1.09,0.79,6709.22
1712801,Maurilândia do Tocantins,TO,1999,1536.4,1427.95,32.57,21.42,72.71,0.99,0.81,6640.89
1712801,Maurilândia do Tocantins,TO,2000,1654.9,1434.76,32.6,21.89,75.06,0.92,0.76,6742.47
1713205,Miracema do Tocantins,TO,1981,1835.98,1504.57,32.37,20.31,69.02,1.08,1.19,6710.17
1713205,Miracema do Tocantins,TO,1982,1896.76,1442.54,32.38,20.64,73.08,0.95,1.04,6600.52
1713205,Miracema do Tocantins,TO,1983,1961.36,1476.01,33.06,20.89,71.15,1.05,1.12,6542.71
1713205,Miracema do Tocantins,TO,1984,1667.4,1461.02,32.32,20.33,72.53,0.95,1.07,6661.73
1713205,Miracema do Tocantins,TO,1985,2458.16,1346.47,31.53,20.8,76.99,0.8,0.99,6279.91
1713205,Miracema do Tocantins,TO,1986,1825.91,1428.77,32.17,21.18,74.11,0.92,0.96,6552.14
1713205,Miracema do Tocantins,TO,1987,1760.32,1477.09,33.09,21.67,72.85,1.01,0.96,6677.96
1713205,Miracema do Tocantins,TO,1988,2050.63,1497.82,32.61,21.19,71.95,1.0,1.07,6671.15
1713205,Miracema do Tocantins,TO,1989,2254.02,1374.93,31.55,21.23,76.9,0.81,0.94,6432.28
1713205,Miracema do Tocantins,TO,1990,1415.6,1507.95,32.82,21.63,72.59,1.01,0.99,6852.64
1713205,Miracema do Tocantins,TO,1991,1839.4,1421.2,32.38,21.06,73.95,0.92,1.02,6371.96
1713205,Miracema do Tocantins,TO,1992,1748.83,1418.07,32.52,21.03,72.76,0.98,0.98,6401.44
1713205,Miracema do Tocantins,TO,1993,1596.66,1488.7,32.85,21.11,73.13,0.97,1.05,6756.19
1713205,Miracema do Tocantins,TO,1994,1682.0,1462.91,32.79,21.09,73.6,0.95,1.03,6665.4
1713205,Miracema do Tocantins,TO,1995,1889.86,1420.89,32.76,20.92,74.77,0.9,0.83,6627.7
1713205,Miracema do Tocantins,TO,1996,1626.99,1481.23,32.89,20.9,73.97,0.93,0.9,6820.54
1713205,Miracema do Tocantins,TO,1997,1977.16,1460.71,32.93,20.94,73.13,0.97,1.03,6635.08
1713205,Miracema do Tocantins,TO,1998,1477.34,1549.05,34.23,21.67,70.64,1.12,1.02,6816.83
1713205,Miracema do Tocantins,TO,1999,2142.15,1494.23,32.92,21.07,74.97,0.91,1.08,6768.76
1713205,Miracema do Tocantins,TO,2000,1995.94,1522.89,32.82,21.46,75.0,0.92,1.13,6952.34
1713304,Miranorte,TO,1981,1793.77,1490.8,31.85,19.75,69.15,1.04,1.21,6698.39
1713304,Miranorte,TO,1982,2083.9,1419.76,31.8,19.98,73.06,0.91,1.05,6593.3
1713304,Miranorte,TO,1983,1981.67,1464.09,32.51,20.22,71.16,1.01,1.16,6529.52
1713304,Miranorte,TO,1984,1785.54,1442.03,31.77,19.63,72.54,0.92,1.11,6617.27
1713304,Miranorte,TO,1985,2600.14,1321.14,30.93,20.28,77.05,0.77,1.01,6200.58
1713304,Miranorte,TO,1986,2130.6,1391.92,31.52,20.68,75.4,0.84,1.0,6441.08
1713304,Miranorte,TO,1987,1857.88,1443.72,32.46,21.21,73.8,0.95,1.0,6566.75
1713304,Miranorte,TO,1988,2111.57,1459.43,31.98,20.71,73.17,0.93,1.1,6561.19
1713304,Miranorte,TO,1989,2346.27,1351.28,30.97,20.75,77.36,0.77,0.97,6375.1
1713304,Miranorte,TO,1990,1398.48,1478.57,32.24,21.08,72.72,0.97,1.03,6747.87
1713304,Miranorte,TO,1991,1870.01,1387.37,31.78,20.51,74.16,0.88,1.07,6232.31
1713304,Miranorte,TO,1992,1741.21,1391.31,31.9,20.42,72.84,0.94,1.02,6326.82
1713304,Miranorte,TO,1993,1502.57,1451.7,32.29,20.46,73.39,0.93,1.07,6638.85
1713304,Miranorte,TO,1994,1685.63,1419.82,32.16,20.61,75.15,0.87,1.07,6511.92
1713304,Miranorte,TO,1995,1980.48,1396.07,32.14,20.55,75.57,0.85,0.89,6544.28
1713304,Miranorte,TO,1996,1416.26,1433.79,32.26,20.56,74.69,0.88,0.88,6688.75
1713304,Miranorte,TO,1997,1820.21,1425.04,32.31,20.54,73.6,0.92,1.01,6549.78
1713304,Miranorte,TO,1998,1534.2,1508.77,33.64,21.26,71.05,1.08,1.0,6723.21
1713304,Miranorte,TO,1999,1745.09,1445.0,32.37,20.7,76.18,0.84,1.04,6646.55
1713304,Miranorte,TO,2000,1838.82,1485.94,32.3,20.87,75.8,0.86,1.12,6877.88
1713601,Monte do Carmo,TO,1981,1559.75,1443.56,30.63,18.66,69.11,0.97,1.06,6788.08
1713601,Monte do Carmo,TO,1982,1680.5,1365.26,30.77,19.16,70.97,0.93,0.7,6665.71
1713601,Monte do Carmo,TO,1983,1599.65,1384.4,31.38,19.5,70.31,0.99,0.77,6626.6
1713601,Monte do Carmo,TO,1984,1460.92,1395.25,30.67,18.98,71.07,0.92,0.76,6799.18
1713601,Monte do Carmo,TO,1985,2270.1,1303.99,29.9,18.89,74.54,0.79,0.76,6410.13
1713601,Monte do Carmo,TO,1986,1751.36,1378.72,30.6,19.17,72.6,0.88,0.73,6724.15
1713601,Monte do Carmo,TO,1987,1743.89,1398.47,31.47,19.61,71.34,0.96,0.71,6735.93
1713601,Monte do Carmo,TO,1988,1492.52,1444.64,31.07,19.2,70.77,0.94,0.85,6856.99
1713601,Monte do Carmo,TO,1989,1913.18,1309.57,29.79,19.22,73.68,0.83,0.71,6437.47
1713601,Monte do Carmo,TO,1990,1229.22,1445.92,31.17,19.72,70.57,0.98,0.76,6949.41
1713601,Monte do Carmo,TO,1991,1292.69,1359.47,30.72,19.09,72.36,0.88,0.77,6472.18
1713601,Monte do Carmo,TO,1992,1633.48,1355.22,30.99,19.28,71.05,0.95,0.71,6518.94
1713601,Monte do Carmo,TO,1993,1261.85,1444.43,31.07,19.45,70.94,0.95,0.93,6844.32
1713601,Monte do Carmo,TO,1994,1681.18,1406.25,30.74,19.38,71.36,0.93,0.86,6786.83
1713601,Monte do Carmo,TO,1995,1917.32,1381.33,30.91,19.31,72.07,0.9,0.67,6746.14
1713601,Monte do Carmo,TO,1996,1546.1,1416.69,31.03,19.12,72.02,0.9,0.7,6914.95
1713601,Monte do Carmo,TO,1997,1795.54,1389.36,31.27,19.09,72.22,0.91,0.75,6728.55
1713601,Monte do Carmo,TO,1998,1323.78,1471.51,32.49,19.93,69.16,1.07,0.76,6928.52
1713601,Monte do Carmo,TO,1999,1733.8,1441.93,31.38,19.32,69.56,1.01,0.83,6824.37
1713601,Monte do Carmo,TO,2000,1909.23,1456.2,31.07,19.41,70.2,0.98,0.91,6952.65
1713700,Monte Santo do Tocantins,TO,1981,1839.26,1504.62,32.39,20.34,69.82,1.05,1.22,6700.43
1713700,Monte Santo do Tocantins,TO,1982,2120.34,1451.09,32.46,20.65,72.43,0.97,1.05,6608.06
1713700,Monte Santo do Tocantins,TO,1983,2141.42,1485.79,33.09,20.98,71.34,1.04,1.16,6550.88
1713700,Monte Santo do Tocantins,TO,1984,1873.64,1474.17,32.38,20.47,72.39,0.96,1.1,6694.24
1713700,Monte Santo do Tocantins,TO,1985,2626.04,1359.98,31.67,20.71,77.08,0.79,1.06,6280.69
1713700,Monte Santo do Tocantins,TO,1986,2182.01,1415.52,32.23,21.0,75.3,0.87,0.99,6480.66
1713700,Monte Santo do Tocantins,TO,1987,1945.02,1458.05,33.15,21.51,73.69,0.98,0.99,6552.14
1713700,Monte Santo do Tocantins,TO,1988,2248.92,1484.51,32.68,21.06,73.11,0.96,1.1,6588.53
1713700,Monte Santo do Tocantins,TO,1989,2437.47,1367.97,31.62,21.1,77.2,0.8,0.97,6368.03
1713700,Monte Santo do Tocantins,TO,1990,1668.61,1502.47,32.93,21.55,72.87,1.0,1.03,6784.31
1713700,Monte Santo do Tocantins,TO,1991,2098.12,1405.38,32.42,20.96,74.36,0.9,1.06,6252.57
1713700,Monte Santo do Tocantins,TO,1992,1920.66,1407.22,32.56,20.95,73.07,0.97,1.01,6315.82
1713700,Monte Santo do Tocantins,TO,1993,1734.34,1475.65,32.79,20.98,73.31,0.96,1.1,6661.94
1713700,Monte Santo do Tocantins,TO,1994,1845.81,1439.06,32.7,21.05,74.04,0.93,1.06,6521.66
1713700,Monte Santo do Tocantins,TO,1995,1923.81,1430.51,32.73,20.99,74.85,0.9,0.98,6528.58
1713700,Monte Santo do Tocantins,TO,1996,1622.65,1463.98,32.87,20.96,74.45,0.92,0.94,6714.82
1713700,Monte Santo do Tocantins,TO,1997,2000.17,1450.37,32.94,20.98,73.58,0.95,1.03,6573.66
1713700,Monte Santo do Tocantins,TO,1998,1576.92,1535.74,34.23,21.73,70.82,1.12,1.03,6730.27
1713700,Monte Santo do Tocantins,TO,1999,2126.92,1482.61,32.97,21.13,75.25,0.9,1.08,6687.23
1713700,Monte Santo do Tocantins,TO,2000,1965.64,1519.0,32.81,21.4,75.0,0.92,1.14,6929.72
1713809,Palmeiras do Tocantins,TO,1981,1296.67,1450.68,32.12,21.16,71.16,1.03,1.15,6400.39
1713809,Palmeiras do Tocantins,TO,1982,1331.72,1419.05,32.01,21.07,73.09,0.94,1.08,6446.58
1713809,Palmeiras do Tocantins,TO,1983,1535.97,1494.74,32.41,21.33,72.33,1.0,1.34,6431.5
1713809,Palmeiras do Tocantins,TO,1984,1645.49,1437.42,31.69,20.51,74.28,0.88,1.2,6502.6
1713809,Palmeiras do Tocantins,TO,1985,2292.97,1342.17,31.16,20.59,76.45,0.8,1.05,6221.78
1713809,Palmeiras do Tocantins,TO,1986,1643.63,1404.41,31.52,20.58,75.47,0.84,1.22,6324.05
1713809,Palmeiras do Tocantins,TO,1987,1139.23,1490.96,32.74,21.07,72.6,0.99,1.19,6602.25
1713809,Palmeiras do Tocantins,TO,1988,1819.32,1473.86,32.08,20.67,73.4,0.92,1.17,6640.21
1713809,Palmeiras do Tocantins,TO,1989,1804.85,1376.72,31.47,20.9,77.25,0.78,1.09,6354.21
1713809,Palmeiras do Tocantins,TO,1990,1450.64,1465.93,32.46,21.01,75.04,0.89,1.18,6583.71
1713809,Palmeiras do Tocantins,TO,1991,1514.0,1382.96,32.03,20.79,75.31,0.85,1.2,6133.03
1713809,Palmeiras do Tocantins,TO,1992,1301.32,1447.3,32.24,21.01,73.53,0.93,1.24,6383.37
1713809,Palmeiras do Tocantins,TO,1993,1415.6,1425.29,32.15,21.11,76.26,0.84,1.07,6515.22
1713809,Palmeiras do Tocantins,TO,1994,1813.03,1402.31,32.01,21.13,75.94,0.85,1.09,6359.86
1713809,Palmeiras do Tocantins,TO,1995,1727.77,1450.83,32.48,21.18,73.17,0.97,0.91,6691.79
1713809,Palmeiras do Tocantins,TO,1996,1655.53,1412.8,32.25,20.97,73.6,0.93,0.76,6612.72
1713809,Palmeiras do Tocantins,TO,1997,1564.25,1410.91,32.37,21.06,72.01,1.0,0.8,6565.18
1713809,Palmeiras do Tocantins,TO,1998,1237.24,1454.57,33.3,21.85,71.85,1.05,0.76,6708.44
1713809,Palmeiras do Tocantins,TO,1999,1600.12,1404.56,32.16,20.87,74.26,0.91,0.83,6622.67
1713809,Palmeiras do Tocantins,TO,2000,1784.97,1415.41,32.0,21.16,75.01,0.88,0.75,6772.32
1713957,Muricilândia,TO,1981,1475.3,1448.43,32.43,21.17,73.0,0.97,1.18,6404.48
1713957,Muricilândia,TO,1982,1456.8,1436.91,32.27,21.18,75.1,0.88,1.21,6452.39
1713957,Muricilândia,TO,1983,1502.82,1506.98,32.84,21.51,71.5,1.04,1.37,6398.19
1713957,Muricilândia,TO,1984,1635.01,1446.43,32.06,20.62,74.22,0.89,1.23,6498.51
1713957,Muricilândia,TO,1985,2873.31,1319.04,31.49,20.48,78.07,0.74,1.06,6133.03
1713957,Muricilândia,TO,1986,1739.41,1383.68,31.9,20.46,78.85,0.72,1.23,6300.01
1713957,Muricilândia,TO,1987,1422.29,1452.93,32.99,21.07,75.97,0.87,1.23,6405.58
1713957,Muricilândia,TO,1988,1570.6,1448.27,32.38,20.66,76.46,0.82,1.23,6496.63
1713957,Muricilândia,TO,1989,1910.92,1368.07,31.7,20.88,79.52,0.71,1.14,6343.21
1713957,Muricilândia,TO,1990,1621.78,1467.77,32.68,20.93,76.32,0.84,1.25,6589.84
1713957,Muricilândia,TO,1991,1492.83,1375.65,32.22,20.67,77.92,0.76,1.31,6087.16
1713957,Muricilândia,TO,1992,1449.18,1434.4,32.39,20.67,76.84,0.81,1.43,6271.37
1713957,Muricilândia,TO,1993,1733.07,1434.25,32.22,20.68,78.66,0.74,1.33,6496.69
1713957,Muricilândia,TO,1994,2136.54,1402.36,32.27,20.8,78.11,0.77,1.22,6347.3
1713957,Muricilândia,TO,1995,2090.79,1446.38,32.74,20.91,75.91,0.86,1.18,6468.57
1713957,Muricilândia,TO,1996,1838.59,1432.56,32.62,20.89,75.88,0.85,0.98,6577.37
1713957,Muricilândia,TO,1997,1784.91,1429.74,32.63,21.0,74.25,0.92,1.01,6493.07
1713957,Muricilândia,TO,1998,1387.59,1483.13,33.5,21.73,73.89,0.97,1.02,6626.13
1713957,Muricilândia,TO,1999,1886.51,1419.76,32.49,20.83,78.08,0.77,1.01,6570.83
1713957,Muricilândia,TO,2000,1748.15,1434.15,32.27,21.11,78.34,0.76,0.93,6779.39
1714203,Natividade,TO,1981,1531.9,1465.52,31.9,20.2,68.9,1.06,0.97,6791.7
1714203,Natividade,TO,1982,1320.71,1441.87,32.25,19.94,67.59,1.11,0.82,6759.96
1714203,Natividade,TO,1983,1332.33,1434.66,32.66,20.6,68.19,1.13,0.83,6662.26
1714203,Natividade,TO,1984,1162.24,1474.43,32.56,20.34,68.8,1.08,0.79,6930.03
1714203,Natividade,TO,1985,1577.42,1377.39,31.78,20.27,72.12,0.95,0.8,6502.97
1714203,Natividade,TO,1986,1303.38,1450.88,32.38,20.68,70.31,1.04,0.76,6817.93
1714203,Natividade,TO,1987,1510.06,1452.62,33.27,21.31,69.31,1.14,0.7,6766.56
1714203,Natividade,TO,1988,1581.73,1512.04,32.54,20.77,67.64,1.14,0.84,6983.91
1714203,Natividade,TO,1989,1766.47,1390.44,31.98,20.96,70.64,1.04,0.72,6570.52
1714203,Natividade,TO,1990,1194.02,1506.26,33.19,20.97,68.51,1.14,0.72,7045.55
1714203,Natividade,TO,1991,1474.02,1394.84,32.12,20.53,71.29,0.99,0.77,6456.94
1714203,Natividade,TO,1992,1840.55,1374.88,32.3,21.01,70.78,1.04,0.76,6339.23
1714203,Natividade,TO,1993,1064.09,1515.42,33.07,21.06,67.55,1.17,0.92,6913.75
1714203,Natividade,TO,1994,1542.93,1502.22,32.89,21.19,68.11,1.16,0.89,6906.21
1714203,Natividade,TO,1995,1709.26,1445.35,32.78,21.08,69.22,1.11,0.74,6719.91
1714203,Natividade,TO,1996,1338.86,1488.09,33.0,21.13,68.29,1.15,0.75,6933.64
1714203,Natividade,TO,1997,1684.7,1436.24,32.79,20.95,69.56,1.1,0.79,6698.07
1714203,Natividade,TO,1998,1367.61,1532.67,34.35,21.76,65.25,1.34,0.79,6885.0
1714203,Natividade,TO,1999,1583.03,1504.57,33.24,21.26,66.9,1.22,0.84,6837.72
1714203,Natividade,TO,2000,1708.42,1509.48,32.9,21.13,69.14,1.12,0.88,6976.69
1714302,Nazaré,TO,1981,1147.09,1458.56,31.91,20.92,70.77,1.03,1.22,6386.57
1714302,Nazaré,TO,1982,1184.43,1414.75,31.75,20.71,72.87,0.93,1.11,6437.31
1714302,Nazaré,TO,1983,1380.67,1482.77,32.12,20.92,72.35,0.97,1.34,6424.74
1714302,Nazaré,TO,1984,1723.67,1419.76,31.32,20.12,74.33,0.86,1.17,6502.44
1714302,Nazaré,TO,1985,2215.62,1317.5,30.86,20.5,76.38,0.79,0.97,6210.0
1714302,Nazaré,TO,1986,1596.9,1381.07,31.16,20.24,77.5,0.75,1.22,6335.67
1714302,Nazaré,TO,1987,1072.52,1471.46,32.45,20.63,74.22,0.91,1.22,6553.71
1714302,Nazaré,TO,1988,1847.71,1452.52,31.76,20.26,74.96,0.85,1.17,6638.16
1714302,Nazaré,TO,1989,1838.38,1369.25,31.17,20.58,77.48,0.76,1.1,6361.75
1714302,Nazaré,TO,1990,1545.86,1450.06,32.05,20.65,75.53,0.85,1.18,6576.02
1714302,Nazaré,TO,1991,1411.13,1377.03,31.8,20.65,75.26,0.85,1.2,6122.82
1714302,Nazaré,TO,1992,1266.94,1438.34,32.01,20.94,73.81,0.92,1.23,6388.24
1714302,Nazaré,TO,1993,1387.15,1415.72,31.81,21.05,76.44,0.82,1.06,6514.44
1714302,Nazaré,TO,1994,1857.1,1391.67,31.63,21.04,76.17,0.83,1.08,6360.02
1714302,Nazaré,TO,1995,1778.71,1431.23,32.13,21.05,74.34,0.91,0.91,6640.74
1714302,Nazaré,TO,1996,1854.12,1408.61,31.98,20.8,73.76,0.91,0.78,6610.99
1714302,Nazaré,TO,1997,1520.88,1409.48,32.12,20.92,71.95,0.99,0.82,6569.26
1714302,Nazaré,TO,1998,1205.59,1454.11,33.03,21.64,72.09,1.03,0.79,6699.33
1714302,Nazaré,TO,1999,1558.57,1398.78,31.86,20.64,74.42,0.89,0.85,6619.37
1714302,Nazaré,TO,2000,1809.13,1410.4,31.76,21.0,75.12,0.87,0.77,6754.57
1714880,Nova Olinda,TO,1981,1656.25,1461.02,32.04,20.65,72.06,0.98,1.2,6514.12
1714880,Nova Olinda,TO,1982,1617.48,1426.47,31.97,20.74,74.49,0.89,1.14,6504.86
1714880,Nova Olinda,TO,1983,1631.7,1481.8,32.64,21.03,71.49,1.03,1.24,6470.14
1714880,Nova Olinda,TO,1984,1612.64,1435.27,31.83,20.15,74.24,0.88,1.2,6519.41
1714880,Nova Olinda,TO,1985,2937.05,1311.16,31.15,20.17,77.95,0.74,1.01,6177.33
1714880,Nova Olinda,TO,1986,1692.4,1397.45,31.58,20.27,76.84,0.78,1.22,6356.88
1714880,Nova Olinda,TO,1987,1518.95,1469.26,32.65,20.87,74.56,0.91,1.21,6532.03
1714880,Nova Olinda,TO,1988,1730.12,1450.52,32.06,20.46,74.96,0.86,1.2,6521.14
1714880,Nova Olinda,TO,1989,1993.54,1364.64,31.35,20.64,78.58,0.73,1.13,6340.7
1714880,Nova Olinda,TO,1990,1680.31,1467.62,32.41,20.76,75.85,0.85,1.22,6632.41
1714880,Nova Olinda,TO,1991,1414.59,1387.57,31.89,20.41,75.66,0.83,1.3,6112.92
1714880,Nova Olinda,TO,1992,1466.86,1438.8,32.05,20.37,73.7,0.9,1.37,6272.15
1714880,Nova Olinda,TO,1993,1852.68,1446.17,32.0,20.34,75.82,0.83,1.31,6508.47
1714880,Nova Olinda,TO,1994,2019.47,1402.46,32.01,20.5,76.68,0.81,1.2,6355.62
1714880,Nova Olinda,TO,1995,1754.21,1434.04,32.4,20.63,75.41,0.87,1.11,6499.2
1714880,Nova Olinda,TO,1996,1647.93,1426.67,32.32,20.61,74.93,0.88,0.92,6605.49
1714880,Nova Olinda,TO,1997,1618.98,1414.75,32.33,20.69,73.64,0.93,0.95,6486.79
1714880,Nova Olinda,TO,1998,1382.89,1481.03,33.31,21.44,72.25,1.03,0.98,6663.83
1714880,Nova Olinda,TO,1999,1800.48,1421.04,32.22,20.59,77.51,0.78,0.98,6613.24
1714880,Nova Olinda,TO,2000,1759.1,1432.46,32.02,20.78,78.38,0.75,0.89,6854.63
1715002,Nova Rosalândia,TO,1981,1600.06,1502.11,32.51,20.53,68.98,1.09,1.15,6698.7
1715002,Nova Rosalândia,TO,1982,1800.63,1454.57,32.63,20.95,71.69,1.01,1.01,6609.79
1715002,Nova Rosalândia,TO,1983,1905.18,1483.84,33.25,21.27,70.96,1.07,1.1,6564.08
1715002,Nova Rosalândia,TO,1984,1632.25,1481.08,32.55,20.78,71.08,1.02,1.03,6724.09
1715002,Nova Rosalândia,TO,1985,2475.68,1369.15,31.79,20.76,75.18,0.87,1.0,6315.25
1715002,Nova Rosalândia,TO,1986,2044.73,1430.05,32.49,21.09,73.29,0.96,0.88,6588.74
1715002,Nova Rosalândia,TO,1987,1913.15,1464.65,33.36,21.56,71.94,1.05,0.87,6652.05
1715002,Nova Rosalândia,TO,1988,1831.64,1497.15,32.93,21.13,71.49,1.03,1.0,6692.83
1715002,Nova Rosalândia,TO,1989,2212.43,1376.46,31.73,21.15,75.94,0.85,0.87,6442.49
1715002,Nova Rosalândia,TO,1990,1545.24,1509.74,33.05,21.61,71.99,1.04,0.92,6878.88
1715002,Nova Rosalândia,TO,1991,1904.15,1417.05,32.58,21.01,73.98,0.92,0.94,6389.24
1715002,Nova Rosalândia,TO,1992,1971.84,1406.92,32.83,21.16,72.98,0.99,0.87,6383.21
1715002,Nova Rosalândia,TO,1993,1665.23,1480.11,32.95,21.27,72.93,0.98,1.01,6719.91
1715002,Nova Rosalândia,TO,1994,2111.19,1455.69,32.69,21.2,73.49,0.96,0.98,6674.51
1715002,Nova Rosalândia,TO,1995,1718.75,1431.43,32.79,21.12,73.95,0.94,0.86,6601.31
1715002,Nova Rosalândia,TO,1996,1677.45,1484.56,32.92,21.03,73.25,0.96,0.89,6844.42
1715002,Nova Rosalândia,TO,1997,1993.72,1456.72,33.09,20.98,72.69,0.99,0.96,6645.45
1715002,Nova Rosalândia,TO,1998,1642.77,1545.62,34.34,21.79,69.45,1.18,0.96,6830.81
1715002,Nova Rosalândia,TO,1999,2125.01,1504.93,33.19,21.18,73.78,0.97,1.03,6793.27
1715002,Nova Rosalândia,TO,2000,1939.13,1521.2,32.92,21.34,74.32,0.95,1.09,6949.51
1715101,Novo Acordo,TO,1981,1470.93,1497.0,32.46,20.38,69.05,1.08,1.05,6801.59
1715101,Novo Acordo,TO,1982,1550.51,1411.63,32.65,20.85,71.58,1.01,0.71,6694.46
1715101,Novo Acordo,TO,1983,1563.86,1435.48,33.27,21.06,69.99,1.1,0.74,6696.5
1715101,Novo Acordo,TO,1984,1211.71,1435.48,32.61,20.61,71.51,1.0,0.73,6774.2
1715101,Novo Acordo,TO,1985,2225.36,1345.45,31.77,20.86,74.83,0.88,0.74,6408.72
1715101,Novo Acordo,TO,1986,1514.2,1434.66,32.49,21.05,72.86,0.97,0.75,6746.61
1715101,Novo Acordo,TO,1987,1501.14,1462.04,33.36,21.59,71.7,1.06,0.74,6775.83
1715101,Novo Acordo,TO,1988,1524.35,1497.82,32.85,21.14,71.09,1.04,0.86,6877.72
1715101,Novo Acordo,TO,1989,2167.94,1361.11,31.87,21.23,74.23,0.91,0.73,6428.2
1715101,Novo Acordo,TO,1990,1064.62,1507.74,33.18,21.64,70.31,1.1,0.79,6967.16
1715101,Novo Acordo,TO,1991,1341.95,1423.35,32.65,21.09,71.62,1.01,0.81,6504.38
1715101,Novo Acordo,TO,1992,1625.12,1414.08,32.8,21.1,70.32,1.07,0.76,6544.07
1715101,Novo Acordo,TO,1993,1380.69,1511.22,32.99,21.16,69.22,1.11,0.93,6876.36
1715101,Novo Acordo,TO,1994,1563.24,1461.78,32.83,21.12,72.8,0.98,0.87,6784.78
1715101,Novo Acordo,TO,1995,1972.91,1438.24,32.82,20.96,72.39,0.99,0.71,6758.86
1715101,Novo Acordo,TO,1996,1961.66,1479.75,32.93,20.91,73.9,0.94,0.78,6920.76
1715101,Novo Acordo,TO,1997,1861.56,1447.45,33.01,20.83,72.61,0.99,0.84,6739.07
1715101,Novo Acordo,TO,1998,1267.22,1540.04,34.31,21.64,69.94,1.15,0.83,6952.71
1715101,Novo Acordo,TO,1999,1761.02,1496.89,33.1,21.07,73.36,0.97,0.91,6848.56
1715101,Novo Acordo,TO,2000,1702.83,1517.72,32.94,21.29,72.68,1.0,0.95,6991.92
1715150,Novo Alegre,TO,1981,1733.59,1394.68,29.72,18.9,68.93,0.96,1.0,6632.41
1715150,Novo Alegre,TO,1982,1321.41,1432.46,30.55,19.31,66.17,1.08,0.88,6838.51
1715150,Novo Alegre,TO,1983,1705.74,1402.77,30.77,19.75,68.25,1.05,0.9,6631.47
1715150,Novo Alegre,TO,1984,1119.39,1474.58,30.86,19.14,65.24,1.11,0.91,6993.02
1715150,Novo Alegre,TO,1985,1937.44,1370.73,29.9,19.13,69.85,0.95,0.89,6614.5
1715150,Novo Alegre,TO,1986,1325.53,1461.22,30.75,19.06,67.78,1.03,0.93,6940.93
1715150,Novo Alegre,TO,1987,1679.07,1446.38,31.77,20.28,66.67,1.16,0.87,6660.21
1715150,Novo Alegre,TO,1988,1737.14,1479.85,30.95,19.53,66.37,1.1,0.94,6881.81
1715150,Novo Alegre,TO,1989,1454.5,1389.11,30.71,19.78,67.62,1.07,0.84,6554.65
1715150,Novo Alegre,TO,1990,962.74,1475.81,31.51,19.67,66.87,1.1,0.79,7031.41
1715150,Novo Alegre,TO,1991,1482.11,1411.27,30.51,19.32,69.54,0.97,0.98,6563.76
1715150,Novo Alegre,TO,1992,2066.01,1355.28,30.37,19.57,70.3,0.96,0.94,6313.0
1715150,Novo Alegre,TO,1993,1127.24,1536.1,31.54,19.69,64.75,1.17,1.1,6990.25
1715150,Novo Alegre,TO,1994,1286.73,1527.96,31.5,20.04,65.86,1.17,1.09,6984.13
1715150,Novo Alegre,TO,1995,1489.65,1486.66,31.35,20.05,66.22,1.14,1.0,6809.29
1715150,Novo Alegre,TO,1996,1143.09,1540.76,31.7,19.94,62.84,1.26,0.99,7050.52
1715150,Novo Alegre,TO,1997,1553.73,1461.27,31.16,19.81,66.17,1.14,0.98,6748.65
1715150,Novo Alegre,TO,1998,1110.0,1571.11,32.68,20.81,61.03,1.4,0.98,6996.38
1715150,Novo Alegre,TO,1999,1383.19,1521.72,31.49,20.19,63.29,1.25,0.99,6960.41
1715150,Novo Alegre,TO,2000,1463.35,1496.74,31.37,19.95,65.73,1.15,0.93,7006.69
1715259,Novo Jardim,TO,1981,1706.57,1435.12,30.18,18.9,67.87,1.01,0.95,6880.76
1715259,Novo Jardim,TO,1982,1431.42,1417.77,30.89,19.24,67.28,1.05,0.8,6814.94
1715259,Novo Jardim,TO,1983,1711.91,1405.94,31.22,19.7,68.15,1.06,0.8,6705.61
1715259,Novo Jardim,TO,1984,1350.58,1446.33,31.21,18.97,68.83,1.0,0.78,6988.78
1715259,Novo Jardim,TO,1985,2316.78,1348.57,30.17,19.08,71.89,0.89,0.79,6548.21
1715259,Novo Jardim,TO,1986,1639.9,1455.33,30.94,18.71,69.25,0.98,0.87,7000.46
1715259,Novo Jardim,TO,1987,1854.12,1465.37,31.88,20.36,66.26,1.18,0.78,6926.48
1715259,Novo Jardim,TO,1988,1800.88,1517.67,31.13,19.39,67.12,1.07,0.94,7160.95
1715259,Novo Jardim,TO,1989,1948.66,1398.47,30.77,19.68,69.84,0.99,0.79,6720.85
1715259,Novo Jardim,TO,1990,1104.91,1501.3,31.73,19.6,67.6,1.08,0.78,7177.97
1715259,Novo Jardim,TO,1991,1544.99,1386.8,30.75,19.12,69.49,0.97,0.79,6574.76
1715259,Novo Jardim,TO,1992,2268.33,1371.19,30.82,19.37,69.73,0.98,0.85,6449.82
1715259,Novo Jardim,TO,1993,1082.06,1511.99,31.69,19.35,67.06,1.08,0.99,7051.52
1715259,Novo Jardim,TO,1994,1544.0,1520.49,31.59,19.77,66.11,1.15,0.98,7106.18
1715259,Novo Jardim,TO,1995,2064.94,1467.36,31.58,19.79,67.63,1.09,0.88,6876.36
1715259,Novo Jardim,TO,1996,1450.07,1502.17,31.87,19.72,66.63,1.13,0.84,7106.91
1715259,Novo Jardim,TO,1997,1627.47,1437.88,31.39,19.62,69.16,1.03,0.83,6885.63
1715259,Novo Jardim,TO,1998,1450.64,1533.69,32.95,20.57,64.27,1.28,0.83,7074.92
1715259,Novo Jardim,TO,1999,1682.62,1494.39,31.75,19.99,65.53,1.18,0.85,6993.24
1715259,Novo Jardim,TO,2000,1763.0,1487.12,31.56,19.75,68.93,1.05,0.86,7110.37
1715507,Oliveira de Fátima,TO,1981,1592.52,1501.91,32.58,20.6,69.21,1.09,1.14,6700.58
1715507,Oliveira de Fátima,TO,1982,1788.23,1456.2,32.7,21.06,71.59,1.02,0.99,6614.82
1715507,Oliveira de Fátima,TO,1983,1900.23,1485.12,33.31,21.39,70.87,1.08,1.08,6569.73
1715507,Oliveira de Fátima,TO,1984,1628.19,1480.87,32.6,20.88,71.05,1.03,1.02,6730.37
1715507,Oliveira de Fátima,TO,1985,2470.92,1371.04,31.85,20.82,75.04,0.87,0.99,6322.95
1715507,Oliveira de Fátima,TO,1986,2030.2,1431.23,32.55,21.14,73.21,0.96,0.86,6594.08
1715507,Oliveira de Fátima,TO,1987,1907.46,1464.39,33.42,21.59,71.83,1.06,0.86,6652.52
1715507,Oliveira de Fátima,TO,1988,1706.98,1499.56,33.0,21.17,71.4,1.04,0.99,6701.47
1715507,Oliveira de Fátima,TO,1989,2193.35,1380.0,31.76,21.18,74.8,0.89,0.86,6444.38
1715507,Oliveira de Fátima,TO,1990,1532.74,1512.3,33.09,21.67,71.56,1.06,0.91,6887.99
1715507,Oliveira de Fátima,TO,1991,1913.4,1418.54,32.65,21.06,73.75,0.94,0.93,6398.98
1715507,Oliveira de Fátima,TO,1992,1936.37,1409.83,32.91,21.23,72.59,1.01,0.86,6392.8
1715507,Oliveira de Fátima,TO,1993,1658.11,1489.88,33.0,21.37,72.85,0.99,1.01,6767.35
1715507,Oliveira de Fátima,TO,1994,2128.62,1461.32,32.7,21.3,72.87,0.98,0.97,6697.76
1715507,Oliveira de Fátima,TO,1995,1707.0,1432.66,32.85,21.23,73.85,0.95,0.84,6609.63
1715507,Oliveira de Fátima,TO,1996,1663.13,1485.33,32.98,21.1,73.13,0.97,0.87,6849.45
1715507,Oliveira de Fátima,TO,1997,1983.37,1458.05,33.19,21.05,72.58,1.0,0.94,6648.9
1715507,Oliveira de Fátima,TO,1998,1633.06,1546.13,34.42,21.87,69.35,1.19,0.94,6836.94
1715507,Oliveira de Fátima,TO,1999,2103.62,1508.05,33.3,21.26,73.54,0.98,1.01,6796.72
1715507,Oliveira de Fátima,TO,2000,1948.92,1523.66,33.0,21.37,74.12,0.96,1.08,6951.4
1715705,Palmeirante,TO,1981,1685.66,1482.0,32.32,20.89,70.56,1.04,1.19,6559.68
1715705,Palmeirante,TO,1982,1790.65,1436.7,32.26,20.99,72.78,0.96,1.09,6528.42
1715705,Palmeirante,TO,1983,1520.71,1503.34,32.87,21.29,71.26,1.05,1.28,6480.51
1715705,Palmeirante,TO,1984,1559.87,1450.63,32.11,20.5,74.25,0.89,1.22,6523.02
1715705,Palmeirante,TO,1985,2816.01,1319.96,31.41,20.62,77.95,0.75,1.0,6187.54
1715705,Palmeirante,TO,1986,1783.62,1411.01,31.88,20.87,76.79,0.81,1.19,6402.12
1715705,Palmeirante,TO,1987,1452.99,1483.43,32.94,21.48,74.56,0.93,1.18,6573.66
1715705,Palmeirante,TO,1988,1812.99,1460.91,32.37,21.05,74.93,0.88,1.17,6542.5
1715705,Palmeirante,TO,1989,2127.14,1367.97,31.63,21.14,78.6,0.75,1.1,6319.65
1715705,Palmeirante,TO,1990,1637.24,1476.42,32.73,21.34,75.8,0.87,1.19,6635.24
1715705,Palmeirante,TO,1991,1460.57,1399.91,32.2,20.94,75.63,0.85,1.26,6148.58
1715705,Palmeirante,TO,1992,1645.58,1447.4,32.37,20.89,73.67,0.93,1.33,6283.15
1715705,Palmeirante,TO,1993,1731.53,1462.24,32.42,20.83,75.66,0.86,1.29,6531.4
1715705,Palmeirante,TO,1994,1845.17,1419.05,32.38,21.02,75.65,0.87,1.18,6370.08
1715705,Palmeirante,TO,1995,1673.78,1461.73,32.68,21.17,74.2,0.93,1.11,6568.16
1715705,Palmeirante,TO,1996,1605.61,1440.39,32.59,21.11,74.55,0.91,0.9,6626.07
1715705,Palmeirante,TO,1997,1575.59,1430.46,32.62,21.16,73.13,0.97,0.94,6518.84
1715705,Palmeirante,TO,1998,1335.99,1494.49,33.7,21.94,71.5,1.08,0.94,6694.14
1715705,Palmeirante,TO,1999,1701.79,1438.96,32.54,21.13,76.83,0.83,0.97,6641.84
1715705,Palmeirante,TO,2000,1700.48,1447.15,32.36,21.26,77.77,0.79,0.88,6872.22
1715754,Palmeirópolis,TO,1981,1579.04,1467.46,31.08,19.64,68.55,1.03,1.24,6644.19
1715754,Palmeirópolis,TO,1982,1268.55,1417.0,31.5,19.05,67.01,1.07,0.88,6661.94
1715754,Palmeirópolis,TO,1983,1588.05,1399.6,31.76,19.88,67.51,1.1,0.88,6534.39
1715754,Palmeirópolis,TO,1984,1006.8,1444.02,31.87,19.78,67.58,1.08,0.84,6807.82
1715754,Palmeirópolis,TO,1985,1866.58,1369.56,31.21,19.64,70.01,0.98,0.85,6509.72
1715754,Palmeirópolis,TO,1986,1322.32,1432.61,31.68,20.24,68.13,1.08,0.8,6742.84
1715754,Palmeirópolis,TO,1987,1347.9,1423.24,32.5,20.66,67.42,1.16,0.76,6611.36
1715754,Palmeirópolis,TO,1988,1519.94,1480.98,31.74,20.26,67.26,1.11,0.88,6904.74
1715754,Palmeirópolis,TO,1989,1872.94,1377.54,31.35,20.41,69.91,1.02,0.8,6497.47
1715754,Palmeirópolis,TO,1990,1078.53,1485.84,32.56,20.28,67.18,1.14,0.79,6953.02
1715754,Palmeirópolis,TO,1991,1736.59,1384.35,31.33,19.88,69.12,1.02,0.82,6482.24
1715754,Palmeirópolis,TO,1992,1857.03,1328.25,31.4,20.47,70.28,1.01,0.7,6288.02
1715754,Palmeirópolis,TO,1993,1017.8,1457.07,32.32,20.65,65.44,1.21,0.91,6680.32
1715754,Palmeirópolis,TO,1994,1625.72,1451.7,32.33,20.85,66.18,1.21,0.83,6779.76
1715754,Palmeirópolis,TO,1995,1809.61,1402.93,32.1,20.78,67.77,1.13,0.63,6705.3
1715754,Palmeirópolis,TO,1996,1171.76,1430.82,32.35,20.79,67.04,1.16,0.58,6903.17
1715754,Palmeirópolis,TO,1997,1407.26,1384.45,32.06,20.59,68.22,1.11,0.62,6668.54
1715754,Palmeirópolis,TO,1998,1021.54,1472.38,33.71,21.4,63.13,1.38,0.64,6869.77
1715754,Palmeirópolis,TO,1999,1509.4,1465.78,32.68,20.92,65.06,1.25,0.68,6911.24
1715754,Palmeirópolis,TO,2000,2121.38,1447.66,32.29,20.71,67.35,1.15,0.73,6889.03
1716109,Paraíso do Tocantins,TO,1981,1740.94,1491.78,32.02,19.97,68.99,1.05,1.15,6737.19
1716109,Paraíso do Tocantins,TO,1982,1913.57,1440.24,32.11,20.39,72.15,0.96,1.01,6613.24
1716109,Paraíso do Tocantins,TO,1983,1911.85,1473.09,32.75,20.73,71.12,1.04,1.12,6563.76
1716109,Paraíso do Tocantins,TO,1984,1639.11,1465.37,32.02,20.22,71.24,0.99,1.06,6709.48
1716109,Paraíso do Tocantins,TO,1985,2451.09,1355.94,31.28,20.28,75.44,0.83,1.02,6302.68
1716109,Paraíso do Tocantins,TO,1986,2013.09,1425.14,31.94,20.59,73.49,0.92,0.94,6592.98
1716109,Paraíso do Tocantins,TO,1987,1925.08,1461.58,32.83,21.06,72.18,1.01,0.94,6676.24
1716109,Paraíso do Tocantins,TO,1988,2052.55,1489.73,32.4,20.63,71.65,0.99,1.06,6699.59
1716109,Paraíso do Tocantins,TO,1989,2188.41,1365.15,31.2,20.65,76.15,0.82,0.92,6423.17
1716109,Paraíso do Tocantins,TO,1990,1648.82,1502.32,32.52,21.12,72.12,1.0,0.98,6875.42
1716109,Paraíso do Tocantins,TO,1991,2035.06,1409.94,32.08,20.52,74.03,0.9,1.01,6382.01
1716109,Paraíso do Tocantins,TO,1992,1928.96,1406.05,32.3,20.63,73.01,0.95,0.93,6423.27
1716109,Paraíso do Tocantins,TO,1993,1693.07,1469.15,32.44,20.73,73.05,0.95,1.05,6722.58
1716109,Paraíso do Tocantins,TO,1994,2050.9,1443.31,32.25,20.61,73.74,0.92,1.02,6659.74
1716109,Paraíso do Tocantins,TO,1995,1710.23,1424.93,32.27,20.47,74.18,0.9,0.91,6623.14
1716109,Paraíso do Tocantins,TO,1996,1702.35,1471.05,32.4,20.38,74.18,0.9,0.93,6846.3
1716109,Paraíso do Tocantins,TO,1997,2021.0,1445.82,32.52,20.42,72.95,0.95,0.98,6670.27
1716109,Paraíso do Tocantins,TO,1998,1615.89,1536.35,33.77,21.19,69.69,1.13,0.99,6856.1
1716109,Paraíso do Tocantins,TO,1999,2195.73,1483.89,32.55,20.57,74.57,0.9,1.04,6795.47
1716109,Paraíso do Tocantins,TO,2000,1959.31,1508.77,32.34,20.89,74.58,0.91,1.11,6969.77
1716208,Paranã,TO,1981,1482.18,1467.82,32.01,20.49,68.91,1.08,1.11,6592.67
1716208,Paranã,TO,1982,1244.14,1427.54,32.18,18.93,66.83,1.09,0.86,6662.88
1716208,Paranã,TO,1983,1475.5,1416.8,32.64,20.23,67.39,1.14,0.85,6532.5
1716208,Paranã,TO,1984,1040.62,1470.54,32.83,20.34,67.86,1.12,0.83,6814.1
1716208,Paranã,TO,1985,1583.65,1385.17,32.25,20.16,70.9,0.99,0.84,6461.18
1716208,Paranã,TO,1986,1112.12,1448.68,32.65,21.03,67.85,1.15,0.78,6681.58
1716208,Paranã,TO,1987,1174.67,1433.99,33.52,21.56,66.95,1.25,0.75,6511.92
1716208,Paranã,TO,1988,1402.66,1480.67,32.75,21.13,67.2,1.17,0.86,6691.73
1716208,Paranã,TO,1989,1920.42,1383.58,32.38,21.35,69.86,1.09,0.78,6367.4
1716208,Paranã,TO,1990,946.05,1506.41,33.58,20.73,66.88,1.2,0.77,6923.18
1716208,Paranã,TO,1991,1396.39,1395.91,32.06,20.33,69.04,1.05,0.79,6465.27
1716208,Paranã,TO,1992,1617.76,1357.17,32.33,21.35,70.16,1.07,0.7,6311.27
1716208,Paranã,TO,1993,1047.36,1503.09,33.4,21.5,65.31,1.28,0.95,6713.0
1716208,Paranã,TO,1994,1559.25,1506.72,33.31,21.71,67.05,1.24,0.9,6832.85
1716208,Paranã,TO,1995,1678.98,1461.22,32.99,21.61,68.74,1.15,0.77,6726.19
1716208,Paranã,TO,1996,1035.21,1494.69,33.26,21.63,68.08,1.18,0.75,6916.05
1716208,Paranã,TO,1997,1347.81,1439.37,32.93,21.47,68.57,1.16,0.75,6672.78
1716208,Paranã,TO,1998,1069.52,1542.34,34.56,22.28,63.8,1.43,0.79,6863.8
1716208,Paranã,TO,1999,1264.79,1519.21,33.48,21.77,65.92,1.29,0.84,6855.79
1716208,Paranã,TO,2000,1565.83,1524.38,33.15,21.61,67.26,1.22,0.89,6946.06
1716307,Pau D'Arco,TO,1981,1630.05,1451.8,32.35,20.67,72.93,0.95,1.23,6415.63
1716307,Pau D'Arco,TO,1982,1641.13,1432.97,32.24,20.83,74.62,0.89,1.2,6464.48
1716307,Pau D'Arco,TO,1983,1578.27,1491.57,33.04,21.16,71.44,1.04,1.29,6398.51
1716307,Pau D'Arco,TO,1984,1601.36,1460.61,32.2,20.38,72.93,0.94,1.26,6502.44
1716307,Pau D'Arco,TO,1985,2772.37,1332.45,31.51,20.52,77.8,0.76,1.12,6147.48
1716307,Pau D'Arco,TO,1986,1797.75,1404.56,31.95,20.74,78.83,0.74,1.26,6383.11
1716307,Pau D'Arco,TO,1987,1607.89,1463.93,33.0,21.46,76.11,0.88,1.26,6432.28
1716307,Pau D'Arco,TO,1988,1676.56,1458.25,32.49,21.06,76.5,0.83,1.26,6487.83
1716307,Pau D'Arco,TO,1989,2179.3,1375.49,31.74,21.15,79.69,0.71,1.18,6338.34
1716307,Pau D'Arco,TO,1990,1682.55,1482.0,32.78,21.36,76.33,0.86,1.28,6605.86
1716307,Pau D'Arco,TO,1991,1614.11,1383.63,32.3,21.0,77.89,0.78,1.33,6083.08
1716307,Pau D'Arco,TO,1992,1534.73,1430.41,32.43,20.75,76.81,0.82,1.4,6253.3
1716307,Pau D'Arco,TO,1993,1952.32,1444.28,32.47,20.44,78.5,0.75,1.37,6493.23
1716307,Pau D'Arco,TO,1994,2164.46,1407.79,32.39,20.78,78.27,0.77,1.26,6336.77
1716307,Pau D'Arco,TO,1995,1984.28,1443.1,32.68,21.1,76.58,0.85,1.2,6447.83
1716307,Pau D'Arco,TO,1996,1656.75,1444.02,32.7,21.29,76.15,0.86,1.01,6570.77
1716307,Pau D'Arco,TO,1997,1714.6,1439.98,32.65,21.39,74.44,0.93,1.06,6482.55
1716307,Pau D'Arco,TO,1998,1522.4,1502.32,33.7,22.12,73.81,1.0,1.06,6639.16
1716307,Pau D'Arco,TO,1999,1730.51,1438.7,32.58,21.32,78.56,0.77,1.08,6585.13
1716307,Pau D'Arco,TO,2000,1813.53,1447.04,32.43,21.42,78.93,0.76,0.98,6798.08
1716505,Pedro Afonso,TO,1981,1523.18,1487.07,32.08,19.99,69.16,1.06,1.12,6741.27
1716505,Pedro Afonso,TO,1982,1635.99,1420.28,32.0,20.11,72.34,0.95,0.98,6620.0
1716505,Pedro Afonso,TO,1983,1658.4,1463.93,32.74,20.27,71.12,1.02,1.07,6601.31
1716505,Pedro Afonso,TO,1984,1262.71,1440.03,32.02,19.72,72.51,0.93,1.03,6646.96
1716505,Pedro Afonso,TO,1985,2621.91,1332.6,31.14,20.67,76.86,0.79,0.94,6279.91
1716505,Pedro Afonso,TO,1986,1721.47,1423.86,31.72,21.14,75.39,0.86,1.0,6590.31
1716505,Pedro Afonso,TO,1987,1599.36,1470.33,32.67,21.59,74.33,0.94,0.98,6722.89
1716505,Pedro Afonso,TO,1988,1600.87,1482.56,32.17,21.04,73.02,0.95,1.06,6716.71
1716505,Pedro Afonso,TO,1989,2141.63,1359.27,31.17,21.11,76.84,0.8,0.93,6391.44
1716505,Pedro Afonso,TO,1990,1083.99,1491.32,32.49,21.4,72.8,0.98,0.99,6844.16
1716505,Pedro Afonso,TO,1991,1444.91,1407.43,32.01,20.78,73.93,0.91,1.02,6370.08
1716505,Pedro Afonso,TO,1992,1660.71,1422.68,32.1,20.75,71.66,1.0,0.99,6469.61
1716505,Pedro Afonso,TO,1993,1322.49,1478.01,32.56,20.86,72.92,0.96,1.05,6750.7
1716505,Pedro Afonso,TO,1994,1631.55,1435.37,32.36,21.04,74.36,0.91,1.03,6582.93
1716505,Pedro Afonso,TO,1995,1964.64,1420.02,32.22,20.93,74.24,0.91,0.84,6674.35
1716505,Pedro Afonso,TO,1996,1423.21,1464.55,32.34,20.87,74.71,0.89,0.87,6840.49
1716505,Pedro Afonso,TO,1997,1665.32,1436.96,32.38,20.79,73.82,0.93,0.92,6664.93
1716505,Pedro Afonso,TO,1998,1444.27,1522.54,33.85,21.49,72.92,1.02,0.95,6860.03
1716505,Pedro Afonso,TO,1999,1818.78,1480.98,32.61,21.04,74.42,0.92,1.01,6763.42
1716505,Pedro Afonso,TO,2000,1556.14,1496.64,32.56,20.99,74.01,0.93,1.01,6950.45
1716604,Peixe,TO,1981,1383.87,1478.67,32.24,20.12,70.05,1.03,1.08,6757.14
1716604,Peixe,TO,1982,1434.01,1419.25,32.6,20.68,70.59,1.04,0.77,6673.72
1716604,Peixe,TO,1983,1484.68,1421.86,33.01,20.86,70.04,1.08,0.8,6623.93
1716604,Peixe,TO,1984,1188.47,1450.98,32.79,20.6,68.83,1.1,0.75,6831.85
1716604,Peixe,TO,1985,1805.84,1349.34,31.93,20.59,74.15,0.89,0.75,6434.01
1716604,Peixe,TO,1986,1193.15,1427.95,32.72,20.91,71.46,1.02,0.7,6715.67
1716604,Peixe,TO,1987,1360.85,1432.61,33.53,21.27,70.0,1.12,0.7,6624.71
1716604,Peixe,TO,1988,1661.54,1486.56,32.66,20.71,69.83,1.06,0.86,6862.48
1716604,Peixe,TO,1989,1834.99,1377.08,32.35,20.87,73.12,0.95,0.73,6484.9
1716604,Peixe,TO,1990,1203.43,1497.0,33.3,21.41,70.1,1.1,0.75,6959.15
1716604,Peixe,TO,1991,1511.33,1401.95,32.46,21.05,72.2,0.98,0.77,6485.85
1716604,Peixe,TO,1992,1677.52,1373.24,32.39,21.16,71.82,1.01,0.7,6424.84
1716604,Peixe,TO,1993,1323.95,1477.65,33.4,21.25,68.25,1.17,0.87,6735.3
1716604,Peixe,TO,1994,1413.17,1474.22,33.37,21.39,69.79,1.12,0.83,6804.26
1716604,Peixe,TO,1995,1697.31,1431.79,32.99,21.31,71.51,1.04,0.67,6725.88
1716604,Peixe,TO,1996,1311.27,1476.68,33.28,21.42,71.29,1.06,0.7,6905.21
1716604,Peixe,TO,1997,1710.79,1428.41,32.85,21.26,71.31,1.04,0.76,6700.43
1716604,Peixe,TO,1998,1274.6,1526.22,34.7,21.94,66.96,1.29,0.77,6880.76
1716604,Peixe,TO,1999,1572.94,1512.25,33.68,21.56,68.99,1.17,0.86,6831.12
1716604,Peixe,TO,2000,1872.4,1508.05,33.11,21.27,70.27,1.09,0.9,6957.52
1716653,Pequizeiro,TO,1981,1740.93,1485.68,32.61,20.39,71.88,0.99,1.28,6522.76
1716653,Pequizeiro,TO,1982,1773.9,1444.84,32.49,20.68,73.64,0.93,1.18,6494.8
1716653,Pequizeiro,TO,1983,1592.88,1512.96,33.41,21.13,71.22,1.06,1.32,6431.81
1716653,Pequizeiro,TO,1984,1684.41,1477.14,32.55,20.42,73.13,0.94,1.28,6532.76
1716653,Pequizeiro,TO,1985,2665.86,1351.03,31.86,20.72,77.38,0.79,1.15,6155.34
1716653,Pequizeiro,TO,1986,1922.54,1415.67,32.32,21.09,77.61,0.8,1.18,6391.12
1716653,Pequizeiro,TO,1987,1750.44,1478.93,33.33,21.96,75.67,0.92,1.16,6530.93
1716653,Pequizeiro,TO,1988,1721.25,1485.79,32.94,21.57,75.02,0.92,1.22,6504.64
1716653,Pequizeiro,TO,1989,2331.42,1386.14,32.13,21.57,78.98,0.76,1.13,6331.27
1716653,Pequizeiro,TO,1990,1294.03,1498.74,33.19,21.93,75.96,0.9,1.19,6675.92
1716653,Pequizeiro,TO,1991,1919.14,1402.31,32.72,21.57,77.72,0.81,1.25,6146.86
1716653,Pequizeiro,TO,1992,1762.25,1435.07,32.76,20.98,75.53,0.88,1.28,6256.6
1716653,Pequizeiro,TO,1993,1764.05,1473.5,33.01,20.24,76.64,0.83,1.3,6569.89
1716653,Pequizeiro,TO,1994,1941.47,1437.42,32.77,20.86,76.15,0.86,1.23,6396.15
1716653,Pequizeiro,TO,1995,2027.51,1450.73,32.92,21.45,75.56,0.91,1.12,6483.02
1716653,Pequizeiro,TO,1996,1489.18,1481.39,33.16,21.93,75.3,0.93,1.03,6639.11
1716653,Pequizeiro,TO,1997,1817.28,1470.69,33.03,22.04,74.21,0.97,1.12,6505.01
1716653,Pequizeiro,TO,1998,1625.9,1548.84,34.23,22.75,73.13,1.07,1.15,6672.78
1716653,Pequizeiro,TO,1999,1737.3,1478.57,32.97,22.03,77.97,0.83,1.17,6615.76
1716653,Pequizeiro,TO,2000,2108.42,1496.79,32.9,21.99,77.45,0.85,1.09,6866.73
1716703,Colméia,TO,1981,1708.58,1491.06,32.02,19.87,70.93,0.99,1.25,6679.22
1716703,Colméia,TO,1982,1948.03,1433.99,31.92,20.06,72.15,0.95,1.11,6571.15
1716703,Colméia,TO,1983,1709.87,1493.72,32.71,20.33,71.04,1.02,1.28,6527.79
1716703,Colméia,TO,1984,1707.48,1456.26,31.92,19.72,72.5,0.93,1.21,6566.85
1716703,Colméia,TO,1985,2612.2,1329.63,31.1,20.36,77.2,0.77,1.09,6180.63
1716703,Colméia,TO,1986,2127.57,1409.83,31.65,20.78,75.79,0.84,1.14,6421.91
1716703,Colméia,TO,1987,1873.34,1461.68,32.61,21.39,74.59,0.93,1.12,6558.26
1716703,Colméia,TO,1988,1902.31,1471.46,32.14,20.9,73.4,0.93,1.2,6534.33
1716703,Colméia,TO,1989,2333.27,1368.17,31.21,20.94,77.35,0.78,1.08,6351.22
1716703,Colméia,TO,1990,1338.95,1486.66,32.43,21.25,74.03,0.93,1.15,6719.91
1716703,Colméia,TO,1991,1884.52,1395.56,31.95,20.74,74.89,0.87,1.18,6191.94
1716703,Colméia,TO,1992,1750.66,1420.12,32.04,20.52,72.19,0.97,1.17,6297.13
1716703,Colméia,TO,1993,1541.68,1468.03,32.4,20.33,73.84,0.91,1.2,6613.56
1716703,Colméia,TO,1994,1753.39,1424.27,32.22,20.67,75.69,0.85,1.16,6455.84
1716703,Colméia,TO,1995,1880.22,1415.62,32.22,20.78,75.85,0.85,1.02,6517.11
1716703,Colméia,TO,1996,1476.18,1448.58,32.36,20.91,75.11,0.88,0.97,6667.85
1716703,Colméia,TO,1997,1825.2,1435.22,32.35,20.89,74.0,0.92,1.08,6523.86
1716703,Colméia,TO,1998,1675.3,1512.09,33.7,21.59,72.95,1.02,1.07,6697.76
1716703,Colméia,TO,1999,1727.74,1450.01,32.46,21.04,77.31,0.81,1.1,6632.88
1716703,Colméia,TO,2000,1862.8,1485.28,32.4,21.03,76.79,0.83,1.14,6866.88
1717008,Pindorama do Tocantins,TO,1981,1571.84,1453.29,31.26,19.39,69.12,1.01,1.03,6773.94
1717008,Pindorama do Tocantins,TO,1982,1563.27,1376.46,31.44,19.58,70.42,0.98,0.69,6661.78
1717008,Pindorama do Tocantins,TO,1983,1480.8,1391.46,32.02,20.04,69.87,1.04,0.74,6614.5
1717008,Pindorama do Tocantins,TO,1984,1301.66,1414.13,31.6,19.62,70.84,0.97,0.72,6822.74
1717008,Pindorama do Tocantins,TO,1985,2020.52,1322.42,30.79,19.62,74.08,0.84,0.73,6418.77
1717008,Pindorama do Tocantins,TO,1986,1634.22,1402.11,31.46,19.87,72.15,0.93,0.73,6738.44
1717008,Pindorama do Tocantins,TO,1987,1560.61,1426.21,32.32,20.47,70.82,1.03,0.71,6766.88
1717008,Pindorama do Tocantins,TO,1988,1579.7,1463.98,31.75,19.99,70.41,0.99,0.84,6890.45
1717008,Pindorama do Tocantins,TO,1989,1835.25,1340.38,30.87,20.08,73.11,0.9,0.7,6476.11
1717008,Pindorama do Tocantins,TO,1990,1232.37,1475.91,32.17,20.36,69.86,1.04,0.75,7003.92
1717008,Pindorama do Tocantins,TO,1991,1372.39,1373.96,31.38,19.8,71.19,0.95,0.75,6490.09
1717008,Pindorama do Tocantins,TO,1992,1774.37,1375.29,31.65,20.08,70.76,1.0,0.72,6536.37
1717008,Pindorama do Tocantins,TO,1993,1189.66,1491.57,32.1,20.14,67.48,1.11,0.93,6937.0
1717008,Pindorama do Tocantins,TO,1994,1557.06,1459.28,31.8,20.25,68.38,1.09,0.86,6900.87
1717008,Pindorama do Tocantins,TO,1995,1912.58,1406.97,31.78,20.17,71.3,0.98,0.68,6753.52
1717008,Pindorama do Tocantins,TO,1996,1407.25,1440.9,31.95,20.12,71.63,0.97,0.69,6923.9
1717008,Pindorama do Tocantins,TO,1997,1719.22,1406.41,31.96,20.01,71.87,0.96,0.73,6738.91
1717008,Pindorama do Tocantins,TO,1998,1355.1,1494.18,33.35,20.82,68.85,1.14,0.75,6939.2
1717008,Pindorama do Tocantins,TO,1999,1646.17,1465.93,32.23,20.26,69.2,1.07,0.81,6846.36
1717008,Pindorama do Tocantins,TO,2000,1854.13,1476.22,31.97,20.3,69.91,1.04,0.87,6957.21
1717206,Piraquê,TO,1981,1387.95,1453.24,32.44,21.4,72.06,1.01,1.17,6378.4
1717206,Piraquê,TO,1982,1367.4,1428.0,32.29,21.32,74.76,0.9,1.15,6429.61
1717206,Piraquê,TO,1983,1543.72,1486.3,32.75,21.6,72.52,1.0,1.33,6345.88
1717206,Piraquê,TO,1984,1774.3,1430.56,31.99,20.66,74.32,0.89,1.18,6466.31
1717206,Piraquê,TO,1985,2512.48,1312.9,31.48,20.37,77.79,0.75,0.97,6164.29
1717206,Piraquê,TO,1986,1732.43,1387.52,31.88,20.3,78.05,0.75,1.21,6305.51
1717206,Piraquê,TO,1987,1314.96,1461.83,32.97,20.88,74.75,0.9,1.21,6443.59
1717206,Piraquê,TO,1988,1847.58,1453.95,32.33,20.46,75.43,0.85,1.2,6532.13
1717206,Piraquê,TO,1989,2172.85,1368.48,31.67,20.69,78.95,0.72,1.11,6352.64
1717206,Piraquê,TO,1990,1649.95,1460.25,32.66,20.66,75.9,0.85,1.21,6562.82
1717206,Piraquê,TO,1991,1460.26,1366.07,32.17,20.45,77.49,0.77,1.27,6062.5
1717206,Piraquê,TO,1992,1408.87,1431.23,32.34,20.51,76.39,0.82,1.38,6284.41
1717206,Piraquê,TO,1993,1508.02,1420.48,32.14,20.62,78.5,0.74,1.25,6473.44
1717206,Piraquê,TO,1994,1926.61,1392.38,32.23,20.69,77.97,0.77,1.17,6326.4
1717206,Piraquê,TO,1995,1947.24,1440.03,32.75,20.73,75.67,0.86,1.08,6516.95
1717206,Piraquê,TO,1996,1944.76,1418.69,32.6,20.64,75.58,0.86,0.89,6580.04
1717206,Piraquê,TO,1997,1649.17,1416.39,32.62,20.76,73.96,0.92,0.91,6511.45
1717206,Piraquê,TO,1998,1305.5,1464.96,33.46,21.49,73.87,0.97,0.92,6636.49
1717206,Piraquê,TO,1999,1802.94,1408.2,32.45,20.56,77.18,0.8,0.93,6562.03
1717206,Piraquê,TO,2000,1941.8,1420.12,32.22,20.89,77.55,0.79,0.84,6759.59
1717503,Pium,TO,1981,1651.94,1507.18,32.89,20.9,72.14,1.0,1.24,6672.0
1717503,Pium,TO,1982,2024.46,1472.58,33.01,21.12,72.2,1.01,1.08,6608.69
1717503,Pium,TO,1983,2056.31,1503.24,33.62,21.49,71.18,1.08,1.17,6547.9
1717503,Pium,TO,1984,1754.78,1502.06,32.98,21.02,70.52,1.06,1.1,6701.78
1717503,Pium,TO,1985,2350.27,1378.51,32.28,21.19,76.85,0.83,1.06,6289.8
1717503,Pium,TO,1986,1784.27,1434.04,32.8,21.48,75.27,0.9,1.0,6481.76
1717503,Pium,TO,1987,1696.17,1473.96,33.72,22.01,73.64,1.01,1.0,6538.47
1717503,Pium,TO,1988,2109.16,1503.96,33.22,21.55,73.11,0.99,1.13,6589.31
1717503,Pium,TO,1989,2258.81,1386.19,32.26,21.62,77.17,0.83,0.99,6364.58
1717503,Pium,TO,1990,1574.34,1526.12,33.56,22.06,72.86,1.03,1.06,6781.33
1717503,Pium,TO,1991,1817.4,1424.27,32.96,21.5,74.47,0.93,1.09,6248.96
1717503,Pium,TO,1992,1945.32,1424.68,33.09,21.48,73.19,0.99,1.04,6307.5
1717503,Pium,TO,1993,1724.11,1487.43,33.34,21.41,74.21,0.95,1.13,6651.26
1717503,Pium,TO,1994,1674.68,1456.15,33.24,21.6,73.98,0.97,1.08,6512.87
1717503,Pium,TO,1995,1868.43,1452.06,33.3,21.66,74.71,0.94,1.0,6523.71
1717503,Pium,TO,1996,1637.4,1483.94,33.45,21.69,74.29,0.96,0.95,6713.25
1717503,Pium,TO,1997,2177.17,1467.41,33.49,21.66,73.49,0.99,1.03,6573.34
1717503,Pium,TO,1998,1293.44,1554.27,34.82,22.41,70.75,1.16,1.03,6728.23
1717503,Pium,TO,1999,1771.41,1506.21,33.62,21.83,74.99,0.95,1.09,6694.3
1717503,Pium,TO,2000,1856.23,1538.35,33.41,21.95,74.85,0.95,1.14,6930.97
1717800,Ponte Alta do Bom Jesus,TO,1981,1735.22,1445.71,30.76,19.98,68.22,1.05,0.93,6857.2
1717800,Ponte Alta do Bom Jesus,TO,1982,1389.0,1443.36,31.54,20.39,66.08,1.16,0.79,6825.0
1717800,Ponte Alta do Bom Jesus,TO,1983,1802.06,1418.74,31.84,20.81,67.86,1.13,0.79,6661.63
1717800,Ponte Alta do Bom Jesus,TO,1984,1316.53,1472.38,31.86,19.93,67.6,1.09,0.78,6998.84
1717800,Ponte Alta do Bom Jesus,TO,1985,2290.0,1375.24,30.86,20.1,70.8,0.97,0.8,6581.04
1717800,Ponte Alta do Bom Jesus,TO,1986,1638.47,1488.65,31.65,19.63,68.71,1.05,0.88,7049.16
1717800,Ponte Alta do Bom Jesus,TO,1987,1995.84,1506.36,32.61,21.23,65.93,1.25,0.84,6920.35
1717800,Ponte Alta do Bom Jesus,TO,1988,2005.24,1558.36,31.82,20.46,66.63,1.15,0.97,7226.14
1717800,Ponte Alta do Bom Jesus,TO,1989,1878.29,1424.32,31.5,20.68,69.13,1.07,0.79,6731.22
1717800,Ponte Alta do Bom Jesus,TO,1990,1066.13,1525.15,32.48,20.57,66.77,1.17,0.77,7177.5
1717800,Ponte Alta do Bom Jesus,TO,1991,1733.18,1411.47,31.49,20.16,68.97,1.04,0.79,6572.87
1717800,Ponte Alta do Bom Jesus,TO,1992,2449.43,1405.23,31.55,20.28,69.38,1.04,0.93,6400.02
1717800,Ponte Alta do Bom Jesus,TO,1993,1189.8,1558.26,32.46,20.17,65.24,1.2,1.05,7074.29
1717800,Ponte Alta do Bom Jesus,TO,1994,1644.76,1565.63,32.39,20.82,65.46,1.24,1.03,7116.55
1717800,Ponte Alta do Bom Jesus,TO,1995,2102.04,1530.62,32.31,20.92,66.37,1.2,0.97,6930.09
1717800,Ponte Alta do Bom Jesus,TO,1996,1478.13,1570.08,32.62,20.83,65.01,1.25,0.93,7186.87
1717800,Ponte Alta do Bom Jesus,TO,1997,1627.08,1496.74,32.13,20.7,67.93,1.14,0.92,6939.51
1717800,Ponte Alta do Bom Jesus,TO,1998,1422.27,1612.15,33.64,21.7,62.47,1.43,0.94,7156.45
1717800,Ponte Alta do Bom Jesus,TO,1999,1620.25,1563.89,32.49,21.09,64.02,1.3,0.96,7063.46
1717800,Ponte Alta do Bom Jesus,TO,2000,1714.9,1532.57,32.36,20.84,68.0,1.14,0.89,7117.91
1717909,Ponte Alta do Tocantins,TO,1981,1426.24,1481.03,32.11,20.18,69.22,1.06,1.03,6787.92
1717909,Ponte Alta do Tocantins,TO,1982,1481.7,1397.04,32.28,20.49,70.78,1.02,0.68,6664.93
1717909,Ponte Alta do Tocantins,TO,1983,1500.18,1415.57,32.88,20.91,70.18,1.08,0.74,6621.88
1717909,Ponte Alta do Tocantins,TO,1984,1344.85,1435.78,32.38,20.43,71.16,1.0,0.73,6814.57
1717909,Ponte Alta do Tocantins,TO,1985,2099.47,1341.82,31.57,20.5,74.37,0.88,0.74,6414.06
1717909,Ponte Alta do Tocantins,TO,1986,1597.1,1425.96,32.25,20.68,72.42,0.97,0.74,6745.67
1717909,Ponte Alta do Tocantins,TO,1987,1614.15,1452.52,33.12,21.29,71.16,1.06,0.72,6782.74
1717909,Ponte Alta do Tocantins,TO,1988,1501.87,1488.7,32.58,20.83,70.65,1.04,0.84,6893.43
1717909,Ponte Alta do Tocantins,TO,1989,1966.65,1360.55,31.63,20.92,73.31,0.93,0.71,6467.94
1717909,Ponte Alta do Tocantins,TO,1990,1181.2,1503.5,32.94,21.24,69.69,1.1,0.77,7001.25
1717909,Ponte Alta do Tocantins,TO,1991,1445.13,1407.53,32.24,20.65,69.39,1.06,0.77,6488.36
1717909,Ponte Alta do Tocantins,TO,1992,1756.42,1408.91,32.52,20.85,68.31,1.13,0.73,6553.97
1717909,Ponte Alta do Tocantins,TO,1993,1216.88,1521.15,32.89,20.85,66.58,1.19,0.93,6929.93
1717909,Ponte Alta do Tocantins,TO,1994,1435.2,1482.87,32.58,20.98,68.17,1.14,0.87,6877.62
1717909,Ponte Alta do Tocantins,TO,1995,1812.13,1431.33,32.56,20.91,71.52,1.01,0.69,6761.53
1717909,Ponte Alta do Tocantins,TO,1996,2008.54,1464.7,32.71,20.83,71.88,1.0,0.7,6923.75
1717909,Ponte Alta do Tocantins,TO,1997,1957.2,1431.28,32.76,20.76,72.09,1.0,0.74,6740.33
1717909,Ponte Alta do Tocantins,TO,1998,1318.57,1519.36,34.11,21.57,69.23,1.17,0.76,6945.33
1717909,Ponte Alta do Tocantins,TO,1999,1646.77,1487.83,32.95,20.99,69.51,1.11,0.82,6846.99
1717909,Ponte Alta do Tocantins,TO,2000,1787.68,1500.63,32.73,21.13,70.11,1.09,0.88,6957.99
1718006,Porto Alegre do Tocantins,TO,1981,1607.36,1471.66,31.63,19.99,68.08,1.07,0.96,6864.27
1718006,Porto Alegre do Tocantins,TO,1982,1314.88,1442.54,32.09,20.07,67.47,1.11,0.8,6789.81
1718006,Porto Alegre do Tocantins,TO,1983,1468.75,1435.68,32.54,20.63,68.14,1.13,0.81,6686.45
1718006,Porto Alegre do Tocantins,TO,1984,1215.06,1475.19,32.45,20.13,68.94,1.07,0.78,6960.98
1718006,Porto Alegre do Tocantins,TO,1985,1852.35,1376.46,31.47,20.14,71.99,0.94,0.8,6529.52
1718006,Porto Alegre do Tocantins,TO,1986,1433.13,1483.28,32.2,20.15,69.4,1.06,0.85,6958.05
1718006,Porto Alegre do Tocantins,TO,1987,1644.62,1489.06,33.11,21.32,66.56,1.24,0.77,6902.91
1718006,Porto Alegre do Tocantins,TO,1988,1500.16,1548.33,32.42,20.49,67.26,1.14,0.94,7121.05
1718006,Porto Alegre do Tocantins,TO,1989,1710.84,1422.53,31.92,20.77,70.19,1.05,0.79,6694.46
1718006,Porto Alegre do Tocantins,TO,1990,1161.44,1530.88,32.94,20.76,68.0,1.14,0.77,7157.24
1718006,Porto Alegre do Tocantins,TO,1991,1515.71,1409.07,31.96,20.25,70.25,1.01,0.78,6554.34
1718006,Porto Alegre do Tocantins,TO,1992,1964.75,1398.37,32.14,20.64,70.27,1.04,0.82,6441.96
1718006,Porto Alegre do Tocantins,TO,1993,1003.35,1530.98,32.87,20.73,67.4,1.16,0.96,6994.18
1718006,Porto Alegre do Tocantins,TO,1994,1517.47,1534.36,32.69,20.93,66.39,1.21,0.94,7041.93
1718006,Porto Alegre do Tocantins,TO,1995,1800.32,1481.44,32.64,20.92,68.73,1.12,0.84,6841.96
1718006,Porto Alegre do Tocantins,TO,1996,1372.54,1517.83,32.9,20.84,67.92,1.15,0.8,7081.31
1718006,Porto Alegre do Tocantins,TO,1997,1606.66,1461.48,32.61,20.76,69.53,1.09,0.8,6858.61
1718006,Porto Alegre do Tocantins,TO,1998,1402.74,1558.41,34.11,21.66,64.58,1.36,0.81,7039.58
1718006,Porto Alegre do Tocantins,TO,1999,1598.98,1522.59,32.94,21.09,66.41,1.22,0.85,6969.05
1718006,Porto Alegre do Tocantins,TO,2000,1792.87,1513.99,32.72,21.0,69.1,1.12,0.88,7024.44
1718204,Porto Nacional,TO,1981,1598.17,1513.83,33.1,21.13,69.21,1.12,1.11,6707.65
1718204,Porto Nacional,TO,1982,1814.16,1466.08,33.23,21.68,71.95,1.04,0.97,6612.77
1718204,Porto Nacional,TO,1983,1848.6,1500.58,33.84,22.0,71.17,1.11,1.07,6574.92
1718204,Porto Nacional,TO,1984,1630.74,1493.93,33.06,21.46,71.33,1.05,1.02,6720.01
1718204,Porto Nacional,TO,1985,2416.27,1381.58,32.32,21.34,75.35,0.89,0.98,6313.52
1718204,Porto Nacional,TO,1986,2026.1,1440.75,33.03,21.62,73.38,0.99,0.84,6592.98
1718204,Porto Nacional,TO,1987,1994.24,1475.35,33.9,22.04,72.12,1.08,0.84,6662.26
1718204,Porto Nacional,TO,1988,1665.46,1507.69,33.53,21.65,71.5,1.06,0.96,6693.62
1718204,Porto Nacional,TO,1989,2126.18,1388.85,32.16,21.65,74.93,0.91,0.84,6447.36
1718204,Porto Nacional,TO,1990,1566.24,1519.62,33.54,22.19,71.62,1.09,0.87,6884.85
1718204,Porto Nacional,TO,1991,1815.06,1427.8,33.18,21.54,73.75,0.96,0.89,6400.86
1718204,Porto Nacional,TO,1992,1821.9,1420.12,33.45,21.72,72.52,1.04,0.83,6401.44
1718204,Porto Nacional,TO,1993,1610.67,1500.32,33.44,21.91,72.85,1.02,0.98,6769.55
1718204,Porto Nacional,TO,1994,2019.07,1473.04,33.12,21.85,72.81,1.02,0.95,6709.7
1718204,Porto Nacional,TO,1995,1755.75,1445.82,33.34,21.81,73.78,0.98,0.82,6622.04
1718204,Porto Nacional,TO,1996,1673.51,1495.15,33.47,21.55,73.12,1.0,0.85,6855.42
1718204,Porto Nacional,TO,1997,1984.1,1468.64,33.78,21.55,72.47,1.04,0.89,6655.19
1718204,Porto Nacional,TO,1998,1516.59,1554.63,34.95,22.42,69.26,1.23,0.9,6841.34
1718204,Porto Nacional,TO,1999,2103.75,1519.16,33.86,21.79,73.25,1.03,0.97,6794.84
1718204,Porto Nacional,TO,2000,1985.22,1538.61,33.5,21.83,73.69,1.0,1.07,6940.87
1718303,Praia Norte,TO,1981,1516.48,1471.41,32.83,21.94,71.32,1.07,1.16,6352.64
1718303,Praia Norte,TO,1982,1516.75,1426.78,32.53,21.45,75.34,0.89,1.11,6410.76
1718303,Praia Norte,TO,1983,1260.06,1499.91,32.88,21.49,72.45,1.0,1.34,6374.0
1718303,Praia Norte,TO,1984,1560.49,1432.35,31.97,20.73,74.44,0.88,1.15,6486.89
1718303,Praia Norte,TO,1985,2021.28,1343.76,31.69,22.0,77.79,0.8,0.97,6210.95
1718303,Praia Norte,TO,1986,1778.15,1385.83,31.85,21.08,78.01,0.77,1.1,6350.6
1718303,Praia Norte,TO,1987,1294.65,1477.24,33.32,21.12,74.45,0.94,1.14,6542.87
1718303,Praia Norte,TO,1988,1631.03,1449.7,32.51,20.78,75.35,0.87,1.07,6630.15
1718303,Praia Norte,TO,1989,1937.4,1383.12,32.02,21.53,78.32,0.77,1.03,6361.59
1718303,Praia Norte,TO,1990,1341.61,1441.06,32.63,21.58,76.13,0.86,1.07,6532.19
1718303,Praia Norte,TO,1991,1194.9,1382.86,32.72,22.37,77.07,0.85,1.06,6132.4
1718303,Praia Norte,TO,1992,1258.58,1455.03,32.97,22.61,75.8,0.92,1.19,6375.04
1718303,Praia Norte,TO,1993,1304.36,1440.18,32.62,22.73,77.73,0.84,1.04,6499.67
1718303,Praia Norte,TO,1994,1902.67,1394.17,32.37,22.63,78.52,0.8,0.96,6365.36
1718303,Praia Norte,TO,1995,2056.86,1455.39,32.94,22.54,75.74,0.92,0.9,6626.6
1718303,Praia Norte,TO,1996,1984.48,1444.07,33.05,22.08,75.19,0.93,0.84,6593.08
1718303,Praia Norte,TO,1997,1447.9,1460.66,33.3,22.19,72.94,1.03,0.87,6601.15
1718303,Praia Norte,TO,1998,1349.51,1509.02,34.13,22.82,73.15,1.06,0.9,6693.99
1718303,Praia Norte,TO,1999,1849.24,1437.88,32.75,21.78,75.34,0.91,0.87,6619.84
1718303,Praia Norte,TO,2000,1881.7,1436.65,32.87,22.21,77.12,0.86,0.83,6653.72
1718402,Presidente Kennedy,TO,1981,1607.18,1489.32,32.23,20.19,70.22,1.03,1.21,6625.34
1718402,Presidente Kennedy,TO,1982,1844.02,1433.12,32.13,20.35,72.28,0.96,1.09,6546.33
1718402,Presidente Kennedy,TO,1983,1606.32,1494.54,32.88,20.65,71.32,1.03,1.27,6493.23
1718402,Presidente Kennedy,TO,1984,1582.2,1452.52,32.11,19.99,73.13,0.92,1.2,6540.3
1718402,Presidente Kennedy,TO,1985,2695.1,1329.07,31.31,20.59,77.46,0.77,1.06,6185.97
1718402,Presidente Kennedy,TO,1986,1886.71,1410.4,31.84,20.99,75.72,0.85,1.12,6414.37
1718402,Presidente Kennedy,TO,1987,1730.28,1467.52,32.82,21.58,74.22,0.95,1.09,6565.18
1718402,Presidente Kennedy,TO,1988,1817.14,1467.82,32.34,21.1,73.57,0.94,1.14,6533.7
1718402,Presidente Kennedy,TO,1989,2324.67,1365.46,31.43,21.15,77.85,0.77,1.05,6337.09
1718402,Presidente Kennedy,TO,1990,1253.31,1479.75,32.64,21.45,74.57,0.92,1.11,6686.6
1718402,Presidente Kennedy,TO,1991,1801.12,1395.4,32.15,20.94,75.83,0.85,1.19,6177.49
1718402,Presidente Kennedy,TO,1992,1733.32,1432.56,32.25,20.75,72.55,0.97,1.22,6282.68
1718402,Presidente Kennedy,TO,1993,1687.78,1470.59,32.56,20.59,74.4,0.9,1.23,6585.13
1718402,Presidente Kennedy,TO,1994,1734.75,1421.15,32.4,20.89,75.97,0.85,1.15,6414.69
1718402,Presidente Kennedy,TO,1995,1826.24,1426.62,32.41,21.01,75.39,0.88,1.03,6522.92
1718402,Presidente Kennedy,TO,1996,1495.06,1449.24,32.51,21.09,74.77,0.9,0.94,6644.13
1718402,Presidente Kennedy,TO,1997,1762.48,1441.98,32.5,21.09,73.42,0.95,1.04,6514.75
1718402,Presidente Kennedy,TO,1998,1578.18,1524.74,33.82,21.8,71.52,1.09,1.07,6686.6
1718402,Presidente Kennedy,TO,1999,1737.16,1458.76,32.6,21.21,77.21,0.82,1.09,6619.37
1718402,Presidente Kennedy,TO,2000,1886.32,1471.61,32.52,21.21,76.96,0.83,1.01,6862.8
1718451,Pugmil,TO,1981,1734.24,1504.72,32.63,20.65,68.99,1.1,1.14,6698.07
1718451,Pugmil,TO,1982,1906.75,1457.48,32.75,21.09,71.83,1.01,1.0,6610.1
1718451,Pugmil,TO,1983,1917.05,1489.22,33.37,21.41,71.09,1.08,1.1,6565.33
1718451,Pugmil,TO,1984,1635.4,1483.74,32.65,20.9,71.16,1.03,1.04,6716.71
1718451,Pugmil,TO,1985,2462.88,1372.47,31.9,20.89,75.23,0.87,1.01,6312.11
1718451,Pugmil,TO,1986,2028.95,1432.61,32.59,21.21,73.38,0.96,0.88,6584.03
1718451,Pugmil,TO,1987,1916.56,1468.33,33.47,21.67,72.07,1.06,0.87,6653.93
1718451,Pugmil,TO,1988,2044.02,1499.91,33.05,21.25,71.54,1.03,1.0,6688.9
1718451,Pugmil,TO,1989,2181.76,1382.86,31.82,21.27,74.95,0.89,0.87,6442.96
1718451,Pugmil,TO,1990,1615.14,1513.53,33.14,21.74,71.71,1.05,0.92,6879.51
1718451,Pugmil,TO,1991,2012.46,1421.09,32.71,21.13,73.8,0.94,0.94,6392.07
1718451,Pugmil,TO,1992,1952.92,1412.44,32.95,21.28,72.59,1.01,0.88,6388.87
1718451,Pugmil,TO,1993,1680.49,1489.47,33.06,21.41,72.97,0.99,1.01,6760.44
1718451,Pugmil,TO,1994,2081.18,1462.96,32.8,21.29,73.07,0.98,0.98,6690.06
1718451,Pugmil,TO,1995,1707.35,1433.63,32.88,21.18,74.01,0.94,0.86,6600.84
1718451,Pugmil,TO,1996,1685.75,1486.76,33.02,21.07,73.32,0.96,0.89,6843.63
1718451,Pugmil,TO,1997,2000.31,1458.1,33.18,21.06,72.69,1.0,0.96,6642.78
1718451,Pugmil,TO,1998,1626.26,1548.23,34.42,21.85,69.49,1.18,0.96,6830.97
1718451,Pugmil,TO,1999,2144.21,1505.8,33.25,21.25,73.87,0.97,1.03,6792.17
1718451,Pugmil,TO,2000,1951.42,1524.74,32.99,21.45,74.33,0.95,1.1,6949.98
1718501,Recursolândia,TO,1981,1377.93,1471.3,31.7,19.84,68.97,1.04,1.12,6691.47
1718501,Recursolândia,TO,1982,1341.81,1409.53,31.76,20.14,71.95,0.95,0.94,6612.77
1718501,Recursolândia,TO,1983,1336.47,1517.26,32.4,20.4,69.08,1.08,1.28,6620.94
1718501,Recursolândia,TO,1984,1301.95,1465.62,31.62,19.88,71.32,0.96,1.2,6602.82
1718501,Recursolândia,TO,1985,2331.34,1346.32,30.75,20.14,76.86,0.76,1.05,6328.45
1718501,Recursolândia,TO,1986,1725.63,1419.2,31.44,20.43,75.65,0.83,1.07,6601.15
1718501,Recursolândia,TO,1987,1380.55,1474.37,32.38,20.98,74.47,0.91,1.04,6769.86
1718501,Recursolândia,TO,1988,1559.21,1465.57,31.83,20.5,74.0,0.89,1.05,6757.39
1718501,Recursolândia,TO,1989,2074.95,1347.7,31.0,20.63,76.63,0.79,0.95,6331.43
1718501,Recursolândia,TO,1990,1288.57,1493.0,32.24,20.93,71.26,1.01,1.06,6788.71
1718501,Recursolândia,TO,1991,1488.67,1410.6,31.72,20.46,71.82,0.96,1.1,6315.25
1718501,Recursolândia,TO,1992,1810.16,1439.42,31.89,20.46,71.19,0.99,1.08,6490.82
1718501,Recursolândia,TO,1993,1684.33,1465.62,31.93,20.51,72.6,0.94,1.09,6685.19
1718501,Recursolândia,TO,1994,1690.58,1420.38,31.78,20.61,73.82,0.9,1.04,6544.44
1718501,Recursolândia,TO,1995,1885.22,1447.66,31.93,20.61,73.21,0.93,0.88,6788.87
1718501,Recursolândia,TO,1996,1563.97,1424.73,31.96,20.4,74.58,0.88,0.75,6761.16
1718501,Recursolândia,TO,1997,1648.17,1407.79,32.08,20.33,73.17,0.93,0.78,6670.9
1718501,Recursolândia,TO,1998,1252.71,1480.26,33.33,21.22,72.31,1.02,0.77,6870.08
1718501,Recursolândia,TO,1999,1728.83,1432.51,32.04,20.6,74.99,0.87,0.82,6765.15
1718501,Recursolândia,TO,2000,1574.64,1437.78,31.96,20.59,75.36,0.85,0.74,6933.96
1718550,Riachinho,TO,1981,1329.84,1456.0,32.6,21.64,71.56,1.04,1.15,6359.39
1718550,Riachinho,TO,1982,1318.9,1440.65,32.44,21.5,73.42,0.95,1.16,6417.04
1718550,Riachinho,TO,1983,1583.84,1496.84,32.85,21.71,72.45,1.01,1.35,6350.44
1718550,Riachinho,TO,1984,1873.82,1440.49,32.09,20.88,74.33,0.9,1.18,6480.29
1718550,Riachinho,TO,1985,2405.01,1332.55,31.59,20.96,76.56,0.81,0.97,6204.98
1718550,Riachinho,TO,1986,1675.19,1402.0,31.96,20.81,77.83,0.77,1.23,6334.57
1718550,Riachinho,TO,1987,1266.27,1475.4,33.15,21.3,74.61,0.93,1.21,6477.52
1718550,Riachinho,TO,1988,1775.53,1462.04,32.49,20.9,75.31,0.87,1.19,6542.5
1718550,Riachinho,TO,1989,2114.62,1386.04,31.86,21.16,77.92,0.77,1.12,6359.55
1718550,Riachinho,TO,1990,1572.32,1471.97,32.79,21.19,75.63,0.87,1.2,6574.92
1718550,Riachinho,TO,1991,1460.28,1387.26,32.43,21.08,76.13,0.84,1.26,6077.11
1718550,Riachinho,TO,1992,1370.27,1456.51,32.64,21.23,74.5,0.91,1.35,6300.11
1718550,Riachinho,TO,1993,1490.72,1439.67,32.42,21.31,77.05,0.82,1.22,6480.82
1718550,Riachinho,TO,1994,1936.36,1402.21,32.37,21.35,77.67,0.8,1.14,6337.09
1718550,Riachinho,TO,1995,1908.42,1458.15,32.88,21.4,75.45,0.9,1.05,6602.41
1718550,Riachinho,TO,1996,1926.41,1432.51,32.73,21.28,74.38,0.92,0.87,6597.16
1718550,Riachinho,TO,1997,1613.84,1434.5,32.8,21.41,72.42,1.0,0.89,6547.27
1718550,Riachinho,TO,1998,1270.16,1481.39,33.65,22.13,72.47,1.05,0.91,6652.67
1718550,Riachinho,TO,1999,1803.97,1416.44,32.59,21.17,76.35,0.85,0.9,6586.23
1718550,Riachinho,TO,2000,1941.8,1432.87,32.43,21.5,77.21,0.82,0.84,6761.01
1718659,Rio da Conceição,TO,1981,1613.03,1446.17,30.58,18.76,68.02,1.0,0.96,6894.9
1718659,Rio da Conceição,TO,1982,1429.69,1415.93,31.09,19.09,67.45,1.05,0.78,6804.89
1718659,Rio da Conceição,TO,1983,1625.93,1410.65,31.5,19.59,68.18,1.06,0.81,6700.74
1718659,Rio da Conceição,TO,1984,1313.94,1449.6,31.44,19.04,68.97,1.0,0.79,6977.63
1718659,Rio da Conceição,TO,1985,2162.68,1350.16,30.38,19.06,72.0,0.88,0.8,6540.36
1718659,Rio da Conceição,TO,1986,1558.73,1459.17,31.12,18.75,69.36,0.98,0.87,6992.77
1718659,Rio da Conceição,TO,1987,1805.86,1465.37,32.04,20.25,66.38,1.17,0.78,6923.49
1718659,Rio da Conceição,TO,1988,1753.55,1522.74,31.36,19.28,67.29,1.06,0.96,7155.61
1718659,Rio da Conceição,TO,1989,2029.57,1397.4,30.88,19.58,70.16,0.98,0.8,6714.25
1718659,Rio da Conceição,TO,1990,1157.5,1503.19,31.88,19.64,67.81,1.08,0.78,7173.1
1718659,Rio da Conceição,TO,1991,1574.08,1390.95,30.94,19.08,70.16,0.95,0.82,6573.03
1718659,Rio da Conceição,TO,1992,2250.65,1380.0,31.11,19.38,70.21,0.98,0.86,6474.17
1718659,Rio da Conceição,TO,1993,1106.27,1509.43,31.81,19.51,67.0,1.09,1.01,7010.99
1718659,Rio da Conceição,TO,1994,1595.28,1506.11,31.61,19.73,66.2,1.14,0.96,7055.44
1718659,Rio da Conceição,TO,1995,2052.14,1461.32,31.58,19.77,68.62,1.05,0.87,6877.31
1718659,Rio da Conceição,TO,1996,1516.89,1490.5,31.84,19.66,67.86,1.08,0.82,7085.08
1718659,Rio da Conceição,TO,1997,1678.67,1444.13,31.53,19.61,69.5,1.02,0.82,6921.45
1718659,Rio da Conceição,TO,1998,1494.59,1539.07,33.03,20.53,64.54,1.27,0.83,7099.74
1718659,Rio da Conceição,TO,1999,1715.31,1495.26,31.83,19.96,66.66,1.14,0.86,6996.22
1718659,Rio da Conceição,TO,2000,1882.24,1486.35,31.63,19.87,69.15,1.04,0.89,7038.11
1718709,Rio dos Bois,TO,1981,1652.94,1503.19,32.2,20.08,69.19,1.06,1.2,6718.49
1718709,Rio dos Bois,TO,1982,1968.55,1425.7,32.12,20.23,73.11,0.93,1.03,6595.49
1718709,Rio dos Bois,TO,1983,1774.77,1476.83,32.86,20.42,71.17,1.03,1.14,6573.34
1718709,Rio dos Bois,TO,1984,1594.72,1446.89,32.12,19.85,72.48,0.94,1.1,6598.42
1718709,Rio dos Bois,TO,1985,2738.19,1328.87,31.24,20.72,77.1,0.79,1.0,6201.84
1718709,Rio dos Bois,TO,1986,2052.9,1408.04,31.83,21.18,75.4,0.86,1.04,6443.28
1718709,Rio dos Bois,TO,1987,1819.86,1456.56,32.77,21.66,74.3,0.95,1.02,6579.31
1718709,Rio dos Bois,TO,1988,1751.73,1470.89,32.28,21.12,72.99,0.95,1.11,6560.25
1718709,Rio dos Bois,TO,1989,2194.69,1360.8,31.28,21.18,77.21,0.79,0.98,6359.08
1718709,Rio dos Bois,TO,1990,1293.19,1482.56,32.58,21.48,72.89,0.98,1.03,6735.3
1718709,Rio dos Bois,TO,1991,1732.84,1393.2,32.1,20.88,74.24,0.9,1.07,6226.5
1718709,Rio dos Bois,TO,1992,1719.68,1405.02,32.2,20.81,72.85,0.96,1.04,6331.37
1718709,Rio dos Bois,TO,1993,1378.26,1469.1,32.67,20.9,73.45,0.95,1.09,6654.24
1718709,Rio dos Bois,TO,1994,1658.22,1432.05,32.48,21.1,74.65,0.91,1.08,6498.41
1718709,Rio dos Bois,TO,1995,1929.37,1412.75,32.37,21.03,74.48,0.91,0.9,6555.91
1718709,Rio dos Bois,TO,1996,1417.53,1445.56,32.49,20.99,74.8,0.9,0.89,6695.5
1718709,Rio dos Bois,TO,1997,1713.43,1429.23,32.53,20.94,73.98,0.93,0.97,6551.67
1718709,Rio dos Bois,TO,1998,1509.4,1511.79,33.97,21.64,72.81,1.03,1.0,6722.89
1718709,Rio dos Bois,TO,1999,1793.92,1467.46,32.71,21.16,75.13,0.9,1.04,6652.83
1718709,Rio dos Bois,TO,2000,1705.31,1498.02,32.66,21.15,74.53,0.92,1.05,6907.57
1718758,Rio Sono,TO,1981,1356.56,1488.65,32.2,20.07,68.95,1.07,1.1,6758.86
1718758,Rio Sono,TO,1982,1461.48,1433.07,32.23,20.4,72.02,0.97,0.97,6635.39
1718758,Rio Sono,TO,1983,1601.66,1472.63,32.95,20.57,70.72,1.05,1.05,6628.48
1718758,Rio Sono,TO,1984,1299.94,1447.76,32.17,20.12,72.62,0.94,1.02,6675.08
1718758,Rio Sono,TO,1985,2508.1,1343.4,31.35,20.61,75.57,0.84,0.93,6306.61
1718758,Rio Sono,TO,1986,1533.28,1437.42,32.0,20.93,73.59,0.93,0.99,6615.13
1718758,Rio Sono,TO,1987,1630.56,1486.81,32.91,21.43,72.66,1.0,0.97,6781.33
1718758,Rio Sono,TO,1988,1643.55,1498.79,32.45,21.0,71.59,1.0,1.05,6757.24
1718758,Rio Sono,TO,1989,2133.8,1367.61,31.43,21.06,75.54,0.85,0.92,6393.64
1718758,Rio Sono,TO,1990,1173.26,1501.6,32.73,21.44,72.62,0.99,0.97,6879.82
1718758,Rio Sono,TO,1991,1504.31,1414.7,32.27,20.88,73.38,0.93,0.99,6396.31
1718758,Rio Sono,TO,1992,1701.46,1434.81,32.44,20.84,70.7,1.04,0.96,6506.06
1718758,Rio Sono,TO,1993,1396.45,1482.51,32.61,20.9,71.42,1.02,1.0,6809.45
1718758,Rio Sono,TO,1994,1611.63,1451.09,32.45,20.94,73.09,0.96,0.99,6681.11
1718758,Rio Sono,TO,1995,1879.01,1428.77,32.51,20.83,73.58,0.94,0.81,6711.58
1718758,Rio Sono,TO,1996,1966.01,1477.24,32.67,20.79,74.47,0.91,0.88,6865.16
1718758,Rio Sono,TO,1997,1786.9,1455.08,32.77,20.74,72.6,0.98,0.96,6702.31
1718758,Rio Sono,TO,1998,1304.48,1545.67,34.07,21.53,70.87,1.1,0.95,6906.05
1718758,Rio Sono,TO,1999,1818.07,1476.98,32.81,20.97,76.7,0.84,1.0,6801.75
1718758,Rio Sono,TO,2000,1582.59,1513.27,32.72,21.15,74.89,0.91,1.05,6973.39
1718808,Sampaio,TO,1981,1556.02,1465.57,32.91,22.09,71.41,1.07,1.16,6317.29
1718808,Sampaio,TO,1982,1545.36,1417.87,32.64,21.69,76.98,0.83,1.1,6393.95
1718808,Sampaio,TO,1983,1276.66,1499.04,32.98,21.8,72.48,1.01,1.36,6340.86
1718808,Sampaio,TO,1984,1779.43,1446.74,32.14,21.07,74.45,0.9,1.2,6495.69
1718808,Sampaio,TO,1985,2138.62,1363.82,31.83,22.07,77.8,0.8,1.1,6210.95
1718808,Sampaio,TO,1986,1934.54,1389.77,32.01,21.35,78.12,0.77,1.1,6355.62
1718808,Sampaio,TO,1987,1392.91,1477.19,33.47,21.51,74.56,0.95,1.13,6509.57
1718808,Sampaio,TO,1988,1878.12,1447.81,32.7,21.15,75.47,0.88,1.06,6578.31
1718808,Sampaio,TO,1989,1974.64,1388.39,32.16,21.88,79.57,0.74,1.02,6409.03
1718808,Sampaio,TO,1990,1302.98,1444.13,32.81,22.01,78.0,0.81,1.06,6566.28
1718808,Sampaio,TO,1991,1340.12,1369.96,32.86,22.38,79.31,0.77,1.04,6138.69
1718808,Sampaio,TO,1992,1339.81,1434.5,33.12,22.69,78.05,0.84,1.12,6373.63
1718808,Sampaio,TO,1993,1319.24,1419.61,32.78,22.78,80.66,0.73,0.98,6497.94
1718808,Sampaio,TO,1994,1837.08,1385.98,32.52,22.68,80.54,0.73,0.95,6367.25
1718808,Sampaio,TO,1995,1997.95,1441.41,33.05,22.64,76.86,0.89,0.83,6625.03
1718808,Sampaio,TO,1996,1960.8,1436.4,33.06,22.3,75.83,0.91,0.8,6576.43
1718808,Sampaio,TO,1997,1481.07,1462.19,33.3,22.37,72.96,1.03,0.87,6600.52
1718808,Sampaio,TO,1998,1369.46,1510.05,34.09,23.04,73.22,1.06,0.91,6691.94
1718808,Sampaio,TO,1999,1839.63,1433.63,32.79,22.08,76.55,0.87,0.85,6619.21
1718808,Sampaio,TO,2000,1919.52,1431.84,32.89,22.48,78.41,0.82,0.84,6631.57
1718840,Sandolândia,TO,1981,1368.42,1463.88,32.32,20.45,67.47,1.13,1.03,6596.12
1718840,Sandolândia,TO,1982,1685.17,1405.02,32.55,20.53,68.89,1.09,0.75,6580.73
1718840,Sandolândia,TO,1983,1852.23,1393.0,32.93,20.99,68.81,1.13,0.76,6462.76
1718840,Sandolândia,TO,1984,1255.74,1447.25,32.77,20.69,68.73,1.1,0.77,6758.96
1718840,Sandolândia,TO,1985,2083.38,1377.64,31.98,20.6,71.12,1.0,0.81,6497.94
1718840,Sandolândia,TO,1986,1248.1,1443.77,32.67,21.01,68.61,1.12,0.82,6645.45
1718840,Sandolândia,TO,1987,1418.48,1434.56,33.43,21.44,67.81,1.2,0.76,6572.72
1718840,Sandolândia,TO,1988,1539.57,1478.83,32.7,20.25,71.01,1.01,0.9,6804.52
1718840,Sandolândia,TO,1989,1979.36,1387.88,32.17,20.5,74.79,0.88,0.81,6549.62
1718840,Sandolândia,TO,1990,1250.07,1486.71,33.13,21.07,71.01,1.05,0.8,6906.37
1718840,Sandolândia,TO,1991,1425.18,1405.02,32.37,20.79,72.1,0.97,0.83,6465.11
1718840,Sandolândia,TO,1992,1853.66,1345.14,32.36,20.93,74.28,0.91,0.75,6280.16
1718840,Sandolândia,TO,1993,1383.65,1455.49,33.21,21.08,69.27,1.12,0.92,6594.08
1718840,Sandolândia,TO,1994,944.17,1463.78,33.08,21.18,69.66,1.11,0.91,6718.34
1718840,Sandolândia,TO,1995,1620.06,1414.95,32.83,20.99,72.3,0.99,0.77,6623.3
1718840,Sandolândia,TO,1996,1206.5,1458.25,33.14,21.16,71.37,1.04,0.7,6871.75
1718840,Sandolândia,TO,1997,2058.7,1402.57,32.91,20.99,71.73,1.02,0.67,6668.07
1718840,Sandolândia,TO,1998,1319.94,1477.85,34.43,21.75,68.58,1.21,0.64,6847.15
1718840,Sandolândia,TO,1999,1639.28,1468.59,33.4,21.14,69.77,1.11,0.69,6898.36
1718840,Sandolândia,TO,2000,1841.68,1439.37,32.94,21.14,70.47,1.07,0.71,6844.73
1718865,Santa Fé do Araguaia,TO,1981,1598.13,1445.92,32.38,21.07,73.09,0.96,1.19,6399.29
1718865,Santa Fé do Araguaia,TO,1982,1663.31,1423.09,32.21,21.09,75.14,0.88,1.16,6449.72
1718865,Santa Fé do Araguaia,TO,1983,1490.82,1508.15,32.82,21.45,71.49,1.04,1.38,6394.27
1718865,Santa Fé do Araguaia,TO,1984,1614.74,1448.78,32.06,20.61,74.21,0.89,1.24,6505.27
1718865,Santa Fé do Araguaia,TO,1985,2616.48,1326.51,31.46,20.54,78.08,0.74,1.09,6156.44
1718865,Santa Fé do Araguaia,TO,1986,1677.5,1399.55,31.88,20.65,78.88,0.73,1.24,6391.6
1718865,Santa Fé do Araguaia,TO,1987,1388.65,1458.25,32.98,21.31,76.01,0.87,1.24,6418.77
1718865,Santa Fé do Araguaia,TO,1988,1553.98,1450.78,32.4,20.89,76.49,0.82,1.23,6498.2
1718865,Santa Fé do Araguaia,TO,1989,1869.29,1370.37,31.67,21.03,79.55,0.71,1.15,6345.88
1718865,Santa Fé do Araguaia,TO,1990,1399.74,1470.69,32.68,21.14,76.38,0.85,1.25,6589.37
1718865,Santa Fé do Araguaia,TO,1991,1551.77,1373.29,32.22,20.81,77.99,0.76,1.29,6085.43
1718865,Santa Fé do Araguaia,TO,1992,1421.8,1427.03,32.39,20.75,76.91,0.81,1.37,6270.42
1718865,Santa Fé do Araguaia,TO,1993,1776.58,1434.86,32.29,20.68,78.67,0.74,1.32,6497.63
1718865,Santa Fé do Araguaia,TO,1994,2113.5,1401.85,32.3,20.84,78.47,0.76,1.22,6349.03
1718865,Santa Fé do Araguaia,TO,1995,2099.65,1437.63,32.68,21.01,76.71,0.84,1.16,6462.76
1718865,Santa Fé do Araguaia,TO,1996,1815.32,1433.28,32.58,21.06,76.04,0.85,0.98,6565.9
1718865,Santa Fé do Araguaia,TO,1997,1864.99,1432.61,32.58,21.17,74.27,0.92,1.02,6491.5
1718865,Santa Fé do Araguaia,TO,1998,1452.58,1489.68,33.51,21.91,73.91,0.98,1.02,6640.42
1718865,Santa Fé do Araguaia,TO,1999,1853.73,1429.59,32.48,21.05,78.1,0.78,1.04,6580.88
1718865,Santa Fé do Araguaia,TO,2000,1733.91,1436.6,32.28,21.26,78.63,0.76,0.94,6782.68
1718881,Santa Maria do Tocantins,TO,1981,1596.54,1486.2,32.12,20.05,70.12,1.03,1.14,6724.15
1718881,Santa Maria do Tocantins,TO,1982,1867.65,1423.3,32.04,20.16,72.47,0.94,0.99,6621.73
1718881,Santa Maria do Tocantins,TO,1983,1567.38,1497.3,32.78,20.33,71.07,1.03,1.23,6600.05
1718881,Santa Maria do Tocantins,TO,1984,1367.07,1459.53,32.05,19.76,72.56,0.93,1.14,6621.67
1718881,Santa Maria do Tocantins,TO,1985,2767.61,1327.28,31.15,20.65,77.17,0.78,0.96,6257.13
1718881,Santa Maria do Tocantins,TO,1986,1874.92,1420.22,31.74,21.11,75.83,0.85,1.05,6541.61
1718881,Santa Maria do Tocantins,TO,1987,1589.82,1471.76,32.68,21.58,74.68,0.93,1.04,6675.29
1718881,Santa Maria do Tocantins,TO,1988,1779.63,1479.24,32.18,21.04,73.51,0.93,1.1,6677.75
1718881,Santa Maria do Tocantins,TO,1989,2324.39,1354.41,31.2,21.11,77.24,0.79,0.96,6337.09
1718881,Santa Maria do Tocantins,TO,1990,1232.13,1485.53,32.51,21.39,73.29,0.96,1.05,6763.11
1718881,Santa Maria do Tocantins,TO,1991,1532.3,1403.13,32.02,20.79,74.33,0.89,1.13,6258.7
1718881,Santa Maria do Tocantins,TO,1992,1806.88,1449.55,32.11,20.75,72.1,0.98,1.22,6391.54
1718881,Santa Maria do Tocantins,TO,1993,1426.24,1476.17,32.55,20.83,73.63,0.94,1.18,6641.21
1718881,Santa Maria do Tocantins,TO,1994,1712.37,1426.06,32.36,21.03,75.53,0.87,1.07,6501.24
1718881,Santa Maria do Tocantins,TO,1995,1900.26,1429.49,32.22,20.94,75.05,0.89,1.0,6579.16
1718881,Santa Maria do Tocantins,TO,1996,1530.28,1442.69,32.33,20.88,75.49,0.87,0.92,6669.74
1718881,Santa Maria do Tocantins,TO,1997,1743.07,1427.18,32.35,20.82,73.92,0.92,0.97,6539.89
1718881,Santa Maria do Tocantins,TO,1998,1459.29,1510.15,33.81,21.51,73.06,1.02,1.01,6713.94
1718881,Santa Maria do Tocantins,TO,1999,1873.64,1460.4,32.58,21.05,76.59,0.84,1.06,6639.95
1718881,Santa Maria do Tocantins,TO,2000,1707.9,1474.22,32.53,20.98,75.93,0.86,0.95,6909.92
1718899,Santa Rita do Tocantins,TO,1981,1513.93,1506.46,32.63,20.65,68.55,1.11,1.15,6697.13
1718899,Santa Rita do Tocantins,TO,1982,1708.87,1458.25,32.77,20.95,71.26,1.03,1.0,6616.07
1718899,Santa Rita do Tocantins,TO,1983,1742.39,1482.51,33.36,21.3,70.58,1.09,1.08,6570.05
1718899,Santa Rita do Tocantins,TO,1984,1483.69,1484.1,32.8,20.87,70.87,1.04,1.01,6740.27
1718899,Santa Rita do Tocantins,TO,1985,2361.94,1374.01,32.01,20.88,74.84,0.88,0.98,6333.0
1718899,Santa Rita do Tocantins,TO,1986,1830.34,1435.94,32.71,21.25,73.01,0.98,0.86,6598.95
1718899,Santa Rita do Tocantins,TO,1987,1749.07,1467.0,33.58,21.74,71.62,1.08,0.86,6638.22
1718899,Santa Rita do Tocantins,TO,1988,1707.55,1503.29,33.06,21.27,71.23,1.04,0.99,6712.15
1718899,Santa Rita do Tocantins,TO,1989,2191.4,1384.91,32.06,21.33,75.19,0.89,0.86,6442.81
1718899,Santa Rita do Tocantins,TO,1990,1473.43,1513.07,33.31,21.72,72.63,1.02,0.92,6882.65
1718899,Santa Rita do Tocantins,TO,1991,1804.26,1416.8,32.71,21.17,74.55,0.91,0.94,6391.6
1718899,Santa Rita do Tocantins,TO,1992,1945.53,1409.48,32.92,21.36,73.54,0.97,0.87,6404.11
1718899,Santa Rita do Tocantins,TO,1993,1628.66,1489.52,33.2,21.39,72.79,1.0,1.03,6726.19
1718899,Santa Rita do Tocantins,TO,1994,2017.97,1464.75,32.97,21.42,73.29,0.98,0.98,6678.28
1718899,Santa Rita do Tocantins,TO,1995,1924.27,1436.5,33.01,21.37,73.82,0.96,0.85,6603.82
1718899,Santa Rita do Tocantins,TO,1996,1480.75,1491.06,33.17,21.37,73.06,0.99,0.88,6847.25
1718899,Santa Rita do Tocantins,TO,1997,1904.66,1461.17,33.24,21.26,72.55,1.01,0.95,6649.53
1718899,Santa Rita do Tocantins,TO,1998,1624.62,1551.96,34.59,22.03,69.33,1.2,0.95,6832.38
1718899,Santa Rita do Tocantins,TO,1999,1885.51,1515.52,33.48,21.47,73.49,0.99,1.03,6799.39
1718899,Santa Rita do Tocantins,TO,2000,1928.36,1527.19,33.17,21.53,74.16,0.96,1.08,6951.08
1718907,Santa Rosa do Tocantins,TO,1981,1518.21,1494.64,32.45,20.49,69.05,1.08,1.06,6778.19
1718907,Santa Rosa do Tocantins,TO,1982,1597.41,1417.0,32.65,20.77,70.44,1.05,0.73,6668.85
1718907,Santa Rosa do Tocantins,TO,1983,1517.18,1429.28,33.2,21.17,69.89,1.11,0.78,6621.57
1718907,Santa Rosa do Tocantins,TO,1984,1293.58,1449.7,32.76,20.79,70.72,1.04,0.75,6825.26
1718907,Santa Rosa do Tocantins,TO,1985,2067.07,1353.79,31.96,20.75,74.11,0.9,0.75,6422.54
1718907,Santa Rosa do Tocantins,TO,1986,1601.06,1431.28,32.65,21.06,72.24,1.0,0.72,6726.35
1718907,Santa Rosa do Tocantins,TO,1987,1702.08,1450.88,33.5,21.53,70.83,1.1,0.72,6724.62
1718907,Santa Rosa do Tocantins,TO,1988,1597.9,1498.12,32.91,21.05,70.49,1.06,0.86,6874.58
1718907,Santa Rosa do Tocantins,TO,1989,1796.77,1369.4,32.04,21.14,73.28,0.95,0.71,6473.6
1718907,Santa Rosa do Tocantins,TO,1990,1350.19,1507.39,33.29,21.52,70.01,1.11,0.76,6987.11
1718907,Santa Rosa do Tocantins,TO,1991,1557.27,1404.92,32.55,20.99,71.65,1.01,0.76,6481.92
1718907,Santa Rosa do Tocantins,TO,1992,1726.87,1400.57,32.75,21.26,70.95,1.06,0.72,6508.1
1718907,Santa Rosa do Tocantins,TO,1993,1281.59,1514.35,33.22,21.37,67.64,1.19,0.93,6872.75
1718907,Santa Rosa do Tocantins,TO,1994,1702.86,1483.28,32.97,21.42,69.21,1.13,0.87,6857.99
1718907,Santa Rosa do Tocantins,TO,1995,1847.61,1435.07,32.96,21.36,71.47,1.04,0.68,6742.68
1718907,Santa Rosa do Tocantins,TO,1996,1491.83,1471.2,33.13,21.33,71.71,1.04,0.69,6913.07
1718907,Santa Rosa do Tocantins,TO,1997,1815.99,1437.93,33.13,21.19,72.02,1.03,0.74,6731.22
1718907,Santa Rosa do Tocantins,TO,1998,1406.11,1526.99,34.58,21.98,68.82,1.22,0.75,6920.82
1718907,Santa Rosa do Tocantins,TO,1999,1635.98,1503.39,33.51,21.45,69.17,1.16,0.82,6841.34
1718907,Santa Rosa do Tocantins,TO,2000,1835.46,1511.63,33.15,21.41,70.06,1.11,0.89,6954.69
1719004,Santa Tereza do Tocantins,TO,1981,1491.11,1488.35,32.27,20.19,68.94,1.07,1.06,6768.76
1719004,Santa Tereza do Tocantins,TO,1982,1527.26,1439.26,32.4,20.55,71.72,0.99,0.86,6715.67
1719004,Santa Tereza do Tocantins,TO,1983,1573.96,1489.63,33.02,20.86,70.67,1.06,1.03,6729.65
1719004,Santa Tereza do Tocantins,TO,1984,1475.4,1473.5,32.34,20.44,71.43,0.99,0.99,6794.94
1719004,Santa Tereza do Tocantins,TO,1985,2262.34,1372.32,31.56,20.55,75.0,0.86,0.95,6419.56
1719004,Santa Tereza do Tocantins,TO,1986,1808.06,1434.81,32.21,20.86,73.02,0.95,0.9,6643.41
1719004,Santa Tereza do Tocantins,TO,1987,1850.8,1471.41,33.09,21.33,71.8,1.04,0.9,6729.18
1719004,Santa Tereza do Tocantins,TO,1988,1542.84,1499.61,32.64,20.89,71.2,1.02,1.02,6759.75
1719004,Santa Tereza do Tocantins,TO,1989,2036.25,1372.42,31.51,20.94,74.52,0.89,0.87,6421.91
1719004,Santa Tereza do Tocantins,TO,1990,1166.84,1509.18,32.86,21.36,71.52,1.04,0.94,6905.74
1719004,Santa Tereza do Tocantins,TO,1991,1335.1,1416.44,32.35,20.77,73.69,0.92,0.96,6420.66
1719004,Santa Tereza do Tocantins,TO,1992,1505.46,1418.13,32.57,20.89,72.46,0.99,0.89,6480.29
1719004,Santa Tereza do Tocantins,TO,1993,1369.14,1483.74,32.76,21.01,72.87,0.97,1.0,6796.25
1719004,Santa Tereza do Tocantins,TO,1994,1585.12,1454.21,32.58,20.87,73.13,0.95,0.97,6710.64
1719004,Santa Tereza do Tocantins,TO,1995,1883.32,1434.04,32.57,20.68,73.97,0.92,0.86,6682.36
1719004,Santa Tereza do Tocantins,TO,1996,2059.73,1473.3,32.7,20.6,74.03,0.92,0.86,6873.64
1719004,Santa Tereza do Tocantins,TO,1997,1882.85,1435.68,32.79,20.63,72.65,0.97,0.85,6709.54
1719004,Santa Tereza do Tocantins,TO,1998,1259.14,1525.56,34.06,21.4,69.8,1.14,0.85,6903.7
1719004,Santa Tereza do Tocantins,TO,1999,1757.06,1483.43,32.8,20.79,73.42,0.95,0.92,6825.94
1719004,Santa Tereza do Tocantins,TO,2000,1719.49,1509.43,32.63,21.17,72.61,1.0,0.97,6979.51
1720002,Santa Terezinha do Tocantins,TO,1981,1203.58,1439.37,31.82,20.83,71.28,1.0,1.15,6391.75
1720002,Santa Terezinha do Tocantins,TO,1982,1345.44,1408.3,31.67,20.66,73.17,0.92,1.08,6440.14
1720002,Santa Terezinha do Tocantins,TO,1983,1381.32,1481.85,32.05,20.9,72.35,0.97,1.34,6425.37
1720002,Santa Terezinha do Tocantins,TO,1984,1734.0,1422.99,31.27,20.08,74.31,0.86,1.2,6500.87
1720002,Santa Terezinha do Tocantins,TO,1985,2239.14,1330.86,30.78,20.33,76.45,0.78,1.05,6211.42
1720002,Santa Terezinha do Tocantins,TO,1986,1565.35,1379.33,31.11,20.15,77.48,0.75,1.22,6333.94
1720002,Santa Terezinha do Tocantins,TO,1987,1022.6,1462.4,32.37,20.58,74.23,0.9,1.2,6551.98
1720002,Santa Terezinha do Tocantins,TO,1988,1791.0,1451.34,31.69,20.21,74.94,0.85,1.18,6637.22
1720002,Santa Terezinha do Tocantins,TO,1989,1922.67,1365.46,31.09,20.48,77.58,0.75,1.1,6358.45
1720002,Santa Terezinha do Tocantins,TO,1990,1577.89,1450.06,32.01,20.57,75.14,0.86,1.18,6575.54
1720002,Santa Terezinha do Tocantins,TO,1991,1427.79,1369.96,31.69,20.48,75.5,0.83,1.2,6120.94
1720002,Santa Terezinha do Tocantins,TO,1992,1242.3,1435.12,31.9,20.73,73.78,0.91,1.23,6385.73
1720002,Santa Terezinha do Tocantins,TO,1993,1388.98,1411.98,31.72,20.84,76.45,0.82,1.07,6513.65
1720002,Santa Terezinha do Tocantins,TO,1994,1858.11,1389.46,31.58,20.85,76.16,0.82,1.09,6357.82
1720002,Santa Terezinha do Tocantins,TO,1995,1782.55,1428.77,32.06,20.87,74.3,0.9,0.91,6639.32
1720002,Santa Terezinha do Tocantins,TO,1996,1850.71,1404.1,31.89,20.64,73.74,0.91,0.78,6609.42
1720002,Santa Terezinha do Tocantins,TO,1997,1520.25,1404.1,32.03,20.75,72.14,0.97,0.81,6564.08
1720002,Santa Terezinha do Tocantins,TO,1998,1200.64,1446.22,32.94,21.5,72.06,1.02,0.77,6704.67
1720002,Santa Terezinha do Tocantins,TO,1999,1551.95,1394.63,31.78,20.51,74.42,0.88,0.84,6617.02
1720002,Santa Terezinha do Tocantins,TO,2000,1809.75,1407.22,31.66,20.84,75.1,0.86,0.76,6766.19
1720101,São Bento do Tocantins,TO,1981,1110.06,1474.07,32.63,21.73,71.14,1.06,1.21,6355.31
1720101,São Bento do Tocantins,TO,1982,1284.84,1431.33,32.39,21.39,73.19,0.96,1.12,6421.91
1720101,São Bento do Tocantins,TO,1983,1408.24,1501.14,32.74,21.55,72.37,1.01,1.34,6412.17
1720101,São Bento do Tocantins,TO,1984,1761.84,1435.48,31.91,20.79,74.29,0.89,1.16,6498.67
1720101,São Bento do Tocantins,TO,1985,1830.52,1340.23,31.54,21.54,76.38,0.83,0.97,6207.8
1720101,São Bento do Tocantins,TO,1986,1434.1,1397.6,31.78,21.01,77.75,0.77,1.21,6341.17
1720101,São Bento do Tocantins,TO,1987,1047.83,1492.44,33.16,21.26,74.39,0.94,1.23,6556.85
1720101,São Bento do Tocantins,TO,1988,1420.39,1468.28,32.42,20.9,75.22,0.87,1.17,6633.3
1720101,São Bento do Tocantins,TO,1989,1664.43,1389.36,31.87,21.41,77.66,0.79,1.11,6365.83
1720101,São Bento do Tocantins,TO,1990,1473.78,1466.13,32.61,21.5,75.87,0.87,1.18,6580.88
1720101,São Bento do Tocantins,TO,1991,1316.68,1394.58,32.54,21.79,75.75,0.88,1.19,6113.4
1720101,São Bento do Tocantins,TO,1992,1279.95,1459.07,32.78,22.09,74.38,0.95,1.22,6391.22
1720101,São Bento do Tocantins,TO,1993,1295.0,1436.4,32.49,22.21,76.83,0.86,1.05,6512.4
1720101,São Bento do Tocantins,TO,1994,1842.38,1411.11,32.27,22.14,76.56,0.86,1.08,6356.57
1720101,São Bento do Tocantins,TO,1995,1919.42,1451.29,32.78,22.11,74.76,0.94,0.91,6627.54
1720101,São Bento do Tocantins,TO,1996,1834.48,1433.94,32.72,21.81,73.98,0.95,0.8,6607.22
1720101,São Bento do Tocantins,TO,1997,1461.68,1436.76,32.92,21.95,72.16,1.04,0.84,6562.98
1720101,São Bento do Tocantins,TO,1998,1247.54,1479.18,33.77,22.61,72.42,1.07,0.81,6689.9
1720101,São Bento do Tocantins,TO,1999,1728.41,1421.45,32.54,21.59,74.62,0.92,0.86,6616.07
1720101,São Bento do Tocantins,TO,2000,1834.5,1438.14,32.56,22.01,75.24,0.91,0.8,6743.73
1720150,São Félix do Tocantins,TO,1981,988.44,1458.15,31.36,18.82,68.28,1.02,0.93,6914.07
1720150,São Félix do Tocantins,TO,1982,1101.69,1424.37,31.72,19.34,69.06,1.02,0.78,6837.72
1720150,São Félix do Tocantins,TO,1983,1177.8,1438.29,32.35,19.46,68.4,1.07,0.77,6847.3
1720150,São Félix do Tocantins,TO,1984,1174.26,1447.5,31.7,19.29,68.6,1.03,0.73,6998.84
1720150,São Félix do Tocantins,TO,1985,1960.83,1333.06,30.66,19.41,73.87,0.84,0.73,6521.82
1720150,São Félix do Tocantins,TO,1986,1338.32,1443.15,31.46,19.38,71.88,0.92,0.85,6908.1
1720150,São Félix do Tocantins,TO,1987,1507.14,1474.94,32.29,20.27,69.63,1.06,0.82,6961.19
1720150,São Félix do Tocantins,TO,1988,1464.37,1511.43,31.85,19.7,69.47,1.01,0.95,7068.74
1720150,São Félix do Tocantins,TO,1989,2076.73,1369.35,30.95,19.96,71.74,0.94,0.76,6590.47
1720150,São Félix do Tocantins,TO,1990,1233.12,1477.19,32.14,20.21,68.18,1.09,0.72,7081.05
1720150,São Félix do Tocantins,TO,1991,1569.15,1407.33,31.71,19.58,68.17,1.05,0.75,6623.46
1720150,São Félix do Tocantins,TO,1992,1732.32,1412.65,31.9,19.64,66.72,1.12,0.8,6618.84
1720150,São Félix do Tocantins,TO,1993,1270.21,1506.06,32.15,19.73,65.25,1.17,0.9,7029.68
1720150,São Félix do Tocantins,TO,1994,1460.3,1473.15,31.84,19.7,67.15,1.1,0.88,6935.12
1720150,São Félix do Tocantins,TO,1995,1797.02,1451.65,31.81,19.5,70.13,0.99,0.82,6897.26
1720150,São Félix do Tocantins,TO,1996,1994.83,1490.5,31.89,19.45,72.07,0.93,0.88,7067.95
1720150,São Félix do Tocantins,TO,1997,1818.58,1453.13,31.92,19.31,71.54,0.95,0.92,6889.09
1720150,São Félix do Tocantins,TO,1998,1170.53,1557.54,33.23,20.2,68.17,1.13,0.94,7119.69
1720150,São Félix do Tocantins,TO,1999,1561.29,1496.89,31.99,19.62,71.38,0.96,0.98,6986.8
1720150,São Félix do Tocantins,TO,2000,1578.89,1519.82,31.86,19.7,71.33,0.97,1.02,7149.48
1720200,São Miguel do Tocantins,TO,1981,1227.06,1479.39,32.9,22.03,71.17,1.08,1.16,6389.08
1720200,São Miguel do Tocantins,TO,1982,1503.31,1432.05,32.58,21.5,73.79,0.94,1.08,6419.24
1720200,São Miguel do Tocantins,TO,1983,1201.65,1514.5,32.92,21.5,70.88,1.06,1.34,6380.44
1720200,São Miguel do Tocantins,TO,1984,1346.79,1440.9,32.0,20.73,74.37,0.89,1.18,6490.03
1720200,São Miguel do Tocantins,TO,1985,1790.92,1366.13,31.75,22.13,77.66,0.81,1.08,6212.52
1720200,São Miguel do Tocantins,TO,1986,1586.03,1389.57,31.89,21.1,77.68,0.78,1.11,6343.37
1720200,São Miguel do Tocantins,TO,1987,1169.06,1480.72,33.36,21.07,74.23,0.94,1.14,6548.68
1720200,São Miguel do Tocantins,TO,1988,1464.89,1452.21,32.53,20.73,75.17,0.88,1.06,6630.78
1720200,São Miguel do Tocantins,TO,1989,1632.66,1385.42,32.06,21.51,78.16,0.78,1.03,6366.78
1720200,São Miguel do Tocantins,TO,1990,1245.83,1445.92,32.64,21.49,75.8,0.87,1.08,6541.46
1720200,São Miguel do Tocantins,TO,1991,1225.78,1392.74,32.77,22.57,76.65,0.88,1.09,6132.87
1720200,São Miguel do Tocantins,TO,1992,1165.06,1462.09,33.02,22.76,75.43,0.93,1.2,6378.5
1720200,São Miguel do Tocantins,TO,1993,1268.32,1443.67,32.65,22.87,77.49,0.86,1.04,6500.93
1720200,São Miguel do Tocantins,TO,1994,1840.09,1403.13,32.41,22.77,77.95,0.83,0.98,6371.49
1720200,São Miguel do Tocantins,TO,1995,2005.99,1461.43,33.01,22.68,75.54,0.94,0.9,6645.92
1720200,São Miguel do Tocantins,TO,1996,1902.22,1447.81,33.17,22.14,75.08,0.93,0.83,6599.84
1720200,São Miguel do Tocantins,TO,1997,1374.95,1461.73,33.44,22.26,72.89,1.04,0.85,6603.35
1720200,São Miguel do Tocantins,TO,1998,1048.99,1508.56,34.29,22.85,73.09,1.07,0.88,6691.47
1720200,São Miguel do Tocantins,TO,1999,1660.68,1443.05,32.89,21.78,73.66,0.98,0.85,6625.66
1720200,São Miguel do Tocantins,TO,2000,1801.69,1447.15,33.01,22.27,76.53,0.89,0.81,6699.43
1720259,São Salvador do Tocantins,TO,1981,1465.49,1475.35,31.88,20.02,68.53,1.07,1.13,6656.13
1720259,São Salvador do Tocantins,TO,1982,1401.91,1434.04,32.2,19.7,67.34,1.1,0.87,6666.81
1720259,São Salvador do Tocantins,TO,1983,1591.78,1420.28,32.58,20.46,67.72,1.14,0.86,6553.55
1720259,São Salvador do Tocantins,TO,1984,1205.7,1462.76,32.56,20.36,68.27,1.1,0.82,6830.44
1720259,São Salvador do Tocantins,TO,1985,1760.56,1375.95,31.89,20.25,71.3,0.98,0.83,6472.81
1720259,São Salvador do Tocantins,TO,1986,1283.0,1446.63,32.39,20.71,68.28,1.12,0.78,6737.34
1720259,São Salvador do Tocantins,TO,1987,1207.94,1437.17,33.21,21.12,67.5,1.2,0.75,6600.99
1720259,São Salvador do Tocantins,TO,1988,1601.18,1499.61,32.41,20.62,67.33,1.14,0.88,6900.18
1720259,São Salvador do Tocantins,TO,1989,2023.8,1392.74,32.08,20.8,70.04,1.05,0.79,6497.32
1720259,São Salvador do Tocantins,TO,1990,1080.55,1506.93,33.25,20.91,67.3,1.18,0.79,6952.08
1720259,São Salvador do Tocantins,TO,1991,1373.63,1402.46,32.05,20.48,69.25,1.05,0.81,6468.41
1720259,São Salvador do Tocantins,TO,1992,1632.93,1350.46,32.13,20.98,70.29,1.05,0.7,6308.6
1720259,São Salvador do Tocantins,TO,1993,1179.09,1481.85,33.11,21.11,65.59,1.25,0.91,6709.38
1720259,São Salvador do Tocantins,TO,1994,1459.86,1476.01,33.08,21.27,67.2,1.21,0.83,6819.97
1720259,São Salvador do Tocantins,TO,1995,1851.08,1420.07,32.72,21.15,68.86,1.13,0.64,6720.22
1720259,São Salvador do Tocantins,TO,1996,1295.6,1463.78,32.98,21.21,68.34,1.15,0.65,6904.43
1720259,São Salvador do Tocantins,TO,1997,1451.69,1429.95,32.63,21.06,68.99,1.12,0.75,6682.52
1720259,São Salvador do Tocantins,TO,1998,1106.34,1532.11,34.37,21.79,64.43,1.37,0.78,6863.8
1720259,São Salvador do Tocantins,TO,1999,1308.88,1511.58,33.32,21.35,66.11,1.26,0.84,6862.7
1720259,São Salvador do Tocantins,TO,2000,1905.82,1515.27,32.85,21.13,67.34,1.19,0.9,6947.63
1720309,São Sebastião do Tocantins,TO,1981,1501.0,1463.42,32.64,22.2,71.57,1.06,1.2,6299.23
1720309,São Sebastião do Tocantins,TO,1982,1524.04,1410.91,32.42,21.96,77.5,0.82,1.13,6376.83
1720309,São Sebastião do Tocantins,TO,1983,1406.96,1473.96,32.73,22.31,75.0,0.93,1.36,6331.27
1720309,São Sebastião do Tocantins,TO,1984,1978.66,1448.07,32.04,21.63,74.67,0.9,1.19,6502.76
1720309,São Sebastião do Tocantins,TO,1985,2404.51,1352.46,31.71,22.11,77.77,0.8,1.11,6147.8
1720309,São Sebastião do Tocantins,TO,1986,2081.61,1363.21,31.95,21.78,81.49,0.66,1.08,6306.61
1720309,São Sebastião do Tocantins,TO,1987,1502.1,1448.89,33.32,22.23,77.95,0.84,1.16,6397.09
1720309,São Sebastião do Tocantins,TO,1988,2133.91,1436.24,32.6,21.82,78.77,0.77,1.09,6560.25
1720309,São Sebastião do Tocantins,TO,1989,2174.64,1382.25,31.99,22.22,80.6,0.7,1.04,6410.92
1720309,São Sebastião do Tocantins,TO,1990,1533.18,1442.85,32.64,22.44,78.4,0.8,1.05,6580.73
1720309,São Sebastião do Tocantins,TO,1991,1411.02,1359.63,32.68,22.4,79.7,0.75,1.03,6123.29
1720309,São Sebastião do Tocantins,TO,1992,1504.58,1428.67,33.02,22.68,78.45,0.82,1.11,6374.26
1720309,São Sebastião do Tocantins,TO,1993,1451.11,1410.6,32.6,22.72,80.98,0.72,0.97,6495.43
1720309,São Sebastião do Tocantins,TO,1994,1928.48,1378.26,32.43,22.58,80.83,0.71,0.95,6348.71
1720309,São Sebastião do Tocantins,TO,1995,1982.89,1417.1,32.82,22.68,78.53,0.82,0.84,6538.94
1720309,São Sebastião do Tocantins,TO,1996,1874.13,1431.48,32.67,22.58,75.98,0.9,0.85,6528.68
1720309,São Sebastião do Tocantins,TO,1997,1518.31,1449.14,32.88,22.66,73.01,1.03,0.94,6523.71
1720309,São Sebastião do Tocantins,TO,1998,1519.53,1498.43,33.56,23.4,73.5,1.05,0.91,6679.06
1720309,São Sebastião do Tocantins,TO,1999,1967.18,1429.59,32.55,22.5,76.97,0.86,0.87,6604.13
1720309,São Sebastião do Tocantins,TO,2000,1876.08,1427.75,32.54,22.85,78.66,0.81,0.85,6629.05
1720499,São Valério,TO,1981,1477.45,1463.68,31.81,19.82,69.17,1.04,1.04,6742.06
1720499,São Valério,TO,1982,1479.88,1429.18,32.14,20.06,67.71,1.1,0.84,6661.31
1720499,São Valério,TO,1983,1527.01,1419.25,32.57,20.48,67.78,1.14,0.85,6562.82
1720499,São Valério,TO,1984,1244.63,1455.28,32.38,20.25,68.61,1.08,0.8,6838.61
1720499,São Valério,TO,1985,1721.88,1361.72,31.59,20.19,71.76,0.95,0.8,6441.08
1720499,São Valério,TO,1986,1238.1,1417.97,32.26,20.51,70.98,1.01,0.7,6722.89
1720499,São Valério,TO,1987,1371.01,1430.05,33.09,20.94,69.94,1.1,0.69,6673.25
1720499,São Valério,TO,1988,1692.2,1478.88,32.29,20.42,69.37,1.06,0.84,6878.98
1720499,São Valério,TO,1989,1820.84,1369.5,31.87,20.58,72.59,0.95,0.72,6499.36
1720499,São Valério,TO,1990,1170.57,1493.0,32.96,20.95,68.8,1.12,0.74,6989.94
1720499,São Valério,TO,1991,1549.39,1390.59,32.0,20.52,71.64,0.97,0.76,6486.79
1720499,São Valério,TO,1992,1682.0,1364.95,32.03,20.79,71.59,1.0,0.71,6417.14
1720499,São Valério,TO,1993,1219.99,1472.33,32.93,20.86,67.96,1.15,0.88,6750.22
1720499,São Valério,TO,1994,1501.28,1476.11,32.85,21.03,68.87,1.13,0.84,6854.69
1720499,São Valério,TO,1995,1796.98,1425.04,32.57,20.94,69.77,1.08,0.67,6723.68
1720499,São Valério,TO,1996,1316.86,1467.93,32.82,21.02,69.42,1.1,0.7,6908.51
1720499,São Valério,TO,1997,1657.81,1421.5,32.5,20.86,70.51,1.05,0.74,6693.83
1720499,São Valério,TO,1998,1283.18,1521.82,34.23,21.58,66.34,1.29,0.77,6885.79
1720499,São Valério,TO,1999,1519.05,1501.45,33.19,21.15,66.68,1.22,0.84,6833.64
1720499,São Valério,TO,2000,1889.86,1508.72,32.7,20.94,67.75,1.16,0.91,6942.6
1720655,Silvanópolis,TO,1981,1540.01,1497.41,32.59,20.64,69.02,1.09,1.05,6774.57
1720655,Silvanópolis,TO,1982,1624.57,1418.64,32.75,20.99,70.52,1.06,0.72,6666.03
1720655,Silvanópolis,TO,1983,1531.32,1434.15,33.33,21.37,69.94,1.12,0.77,6622.67
1720655,Silvanópolis,TO,1984,1311.46,1451.39,32.77,20.92,70.79,1.04,0.75,6809.86
1720655,Silvanópolis,TO,1985,2104.36,1355.74,31.99,20.87,74.18,0.91,0.76,6417.36
1720655,Silvanópolis,TO,1986,1633.48,1433.17,32.68,21.18,72.28,1.0,0.72,6724.46
1720655,Silvanópolis,TO,1987,1680.6,1449.55,33.54,21.64,70.92,1.1,0.71,6710.64
1720655,Silvanópolis,TO,1988,1596.4,1502.63,33.04,21.19,70.51,1.07,0.86,6864.37
1720655,Silvanópolis,TO,1989,1840.72,1364.03,31.98,21.25,73.29,0.95,0.71,6442.49
1720655,Silvanópolis,TO,1990,1319.81,1503.96,33.3,21.67,70.19,1.11,0.76,6943.28
1720655,Silvanópolis,TO,1991,1518.47,1411.57,32.68,21.09,71.69,1.01,0.77,6472.97
1720655,Silvanópolis,TO,1992,1706.62,1402.77,32.92,21.32,70.75,1.08,0.72,6504.01
1720655,Silvanópolis,TO,1993,1308.31,1516.09,33.22,21.44,68.54,1.16,0.92,6879.04
1720655,Silvanópolis,TO,1994,1733.34,1469.56,32.91,21.47,70.97,1.07,0.86,6809.76
1720655,Silvanópolis,TO,1995,1829.29,1435.22,32.99,21.41,71.79,1.03,0.67,6742.37
1720655,Silvanópolis,TO,1996,1471.94,1473.3,33.13,21.32,71.77,1.03,0.69,6916.05
1720655,Silvanópolis,TO,1997,1771.3,1440.7,33.26,21.21,72.06,1.03,0.74,6729.8
1720655,Silvanópolis,TO,1998,1372.57,1528.57,34.6,22.02,68.92,1.22,0.75,6928.36
1720655,Silvanópolis,TO,1999,1647.35,1501.4,33.51,21.45,69.24,1.15,0.82,6830.81
1720655,Silvanópolis,TO,2000,1857.21,1514.5,33.19,21.47,70.04,1.12,0.89,6952.5
1720804,Sítio Novo do Tocantins,TO,1981,1225.22,1466.18,32.43,21.54,71.1,1.05,1.16,6392.38
1720804,Sítio Novo do Tocantins,TO,1982,1515.27,1418.59,32.13,21.04,73.71,0.92,1.07,6420.81
1720804,Sítio Novo do Tocantins,TO,1983,1213.96,1487.37,32.47,21.05,72.44,0.98,1.34,6382.64
1720804,Sítio Novo do Tocantins,TO,1984,1388.27,1421.35,31.55,20.29,74.34,0.86,1.15,6491.92
1720804,Sítio Novo do Tocantins,TO,1985,1852.97,1333.88,31.29,21.62,77.59,0.79,0.97,6214.72
1720804,Sítio Novo do Tocantins,TO,1986,1574.11,1376.16,31.44,20.65,77.62,0.76,1.11,6341.49
1720804,Sítio Novo do Tocantins,TO,1987,1140.42,1467.46,32.91,20.66,74.21,0.92,1.14,6548.05
1720804,Sítio Novo do Tocantins,TO,1988,1457.2,1439.47,32.09,20.32,75.13,0.86,1.06,6629.52
1720804,Sítio Novo do Tocantins,TO,1989,1640.29,1373.8,31.61,21.06,78.13,0.76,1.04,6365.05
1720804,Sítio Novo do Tocantins,TO,1990,1244.33,1435.07,32.21,21.06,75.7,0.85,1.08,6545.86
1720804,Sítio Novo do Tocantins,TO,1991,1244.59,1378.72,32.31,22.02,76.55,0.85,1.09,6128.0
1720804,Sítio Novo do Tocantins,TO,1992,1160.44,1449.76,32.56,22.24,75.32,0.91,1.21,6378.34
1720804,Sítio Novo do Tocantins,TO,1993,1258.3,1430.31,32.21,22.35,77.47,0.83,1.05,6500.14
1720804,Sítio Novo do Tocantins,TO,1994,1825.99,1390.03,31.96,22.26,77.89,0.81,0.98,6369.92
1720804,Sítio Novo do Tocantins,TO,1995,1984.07,1447.96,32.55,22.17,75.46,0.91,0.9,6648.28
1720804,Sítio Novo do Tocantins,TO,1996,1814.67,1432.15,32.67,21.66,75.05,0.91,0.82,6600.46
1720804,Sítio Novo do Tocantins,TO,1997,1408.75,1443.56,32.93,21.78,72.86,1.01,0.84,6591.41
1720804,Sítio Novo do Tocantins,TO,1998,1121.89,1495.26,33.81,22.38,73.07,1.04,0.88,6698.54
1720804,Sítio Novo do Tocantins,TO,1999,1581.68,1427.59,32.4,21.3,73.69,0.95,0.85,6620.78
1720804,Sítio Novo do Tocantins,TO,2000,1791.94,1431.84,32.51,21.8,76.49,0.86,0.8,6700.68
1720853,Sucupira,TO,1981,1417.79,1456.56,31.96,19.89,69.12,1.04,1.0,6721.79
1720853,Sucupira,TO,1982,1414.04,1438.39,32.31,20.34,67.44,1.13,0.86,6663.2
1720853,Sucupira,TO,1983,1592.26,1426.06,32.72,20.61,67.64,1.15,0.87,6559.21
1720853,Sucupira,TO,1984,1161.21,1452.88,32.51,20.35,68.65,1.09,0.8,6834.37
1720853,Sucupira,TO,1985,1766.58,1362.75,31.68,20.32,71.4,0.97,0.79,6471.71
1720853,Sucupira,TO,1986,1264.52,1439.88,32.42,20.65,69.55,1.07,0.78,6717.39
1720853,Sucupira,TO,1987,1423.62,1435.48,33.24,21.03,69.29,1.13,0.74,6643.25
1720853,Sucupira,TO,1988,1695.82,1495.72,32.4,20.49,67.43,1.13,0.88,6878.04
1720853,Sucupira,TO,1989,1935.5,1387.01,32.04,20.64,70.68,1.02,0.78,6489.46
1720853,Sucupira,TO,1990,1115.01,1493.31,33.05,21.11,68.88,1.13,0.75,6954.75
1720853,Sucupira,TO,1991,1398.46,1394.99,32.17,20.73,71.41,0.99,0.78,6479.41
1720853,Sucupira,TO,1992,1675.93,1344.48,32.13,20.9,71.53,1.01,0.67,6333.42
1720853,Sucupira,TO,1993,1354.65,1462.24,33.07,20.98,67.98,1.16,0.9,6684.88
1720853,Sucupira,TO,1994,1330.22,1460.4,33.03,21.14,68.78,1.14,0.82,6805.05
1720853,Sucupira,TO,1995,1694.81,1411.06,32.71,21.04,69.62,1.09,0.61,6727.92
1720853,Sucupira,TO,1996,1270.37,1447.96,32.98,21.14,69.13,1.12,0.59,6913.22
1720853,Sucupira,TO,1997,1644.1,1401.24,32.6,20.98,69.39,1.1,0.66,6677.96
1720853,Sucupira,TO,1998,1166.02,1491.21,34.41,21.67,64.86,1.35,0.68,6852.02
1720853,Sucupira,TO,1999,1414.87,1481.44,33.37,21.27,67.01,1.22,0.73,6865.68
1720853,Sucupira,TO,2000,1892.32,1473.45,32.84,21.01,68.17,1.15,0.8,6893.59
1720903,Taguatinga,TO,1981,1739.05,1471.1,31.41,20.86,68.14,1.11,0.97,6814.0
1720903,Taguatinga,TO,1982,1489.16,1456.87,32.23,21.37,65.97,1.22,0.77,6790.75
1720903,Taguatinga,TO,1983,1834.03,1433.07,32.53,21.75,67.68,1.2,0.77,6631.94
1720903,Taguatinga,TO,1984,1346.96,1484.71,32.48,20.75,67.16,1.16,0.77,6967.42
1720903,Taguatinga,TO,1985,2314.42,1390.59,31.55,20.97,70.7,1.03,0.78,6564.08
1720903,Taguatinga,TO,1986,1537.45,1499.09,32.34,20.35,69.27,1.08,0.87,6997.64
1720903,Taguatinga,TO,1987,1944.28,1518.8,33.3,21.97,66.85,1.27,0.86,6854.69
1720903,Taguatinga,TO,1988,2063.34,1560.31,32.48,21.31,67.78,1.16,0.95,7136.44
1720903,Taguatinga,TO,1989,2005.64,1439.88,32.19,21.48,69.47,1.11,0.79,6710.48
1720903,Taguatinga,TO,1990,950.31,1537.33,33.16,21.36,67.01,1.21,0.75,7150.95
1720903,Taguatinga,TO,1991,1735.21,1437.68,32.21,21.03,68.74,1.1,0.8,6592.51
1720903,Taguatinga,TO,1992,2453.78,1413.83,32.22,21.07,69.57,1.08,0.92,6356.67
1720903,Taguatinga,TO,1993,1259.92,1593.27,33.15,20.96,65.09,1.26,1.08,7089.53
1720903,Taguatinga,TO,1994,1678.49,1587.48,33.12,21.67,65.43,1.31,1.04,7084.35
1720903,Taguatinga,TO,1995,1983.72,1544.29,33.01,21.78,67.14,1.23,0.94,6918.78
1720903,Taguatinga,TO,1996,1336.93,1585.03,33.33,21.68,65.28,1.3,0.92,7144.46
1720903,Taguatinga,TO,1997,1635.88,1516.39,32.86,21.55,68.12,1.19,0.92,6910.61
1720903,Taguatinga,TO,1998,1326.3,1628.94,34.33,22.57,62.74,1.49,0.93,7126.45
1720903,Taguatinga,TO,1999,1491.51,1591.02,33.21,21.94,64.12,1.36,0.97,7069.74
1720903,Taguatinga,TO,2000,1608.08,1551.5,33.12,21.69,67.84,1.21,0.89,7090.89
1720937,Taipas do Tocantins,TO,1981,1552.64,1456.77,31.48,20.58,68.25,1.09,0.94,6793.58
1720937,Taipas do Tocantins,TO,1982,1291.96,1447.81,32.1,20.55,66.23,1.17,0.79,6788.87
1720937,Taipas do Tocantins,TO,1983,1605.96,1426.37,32.45,21.09,67.79,1.16,0.79,6628.8
1720937,Taipas do Tocantins,TO,1984,1201.1,1482.67,32.48,20.47,67.39,1.14,0.78,6970.09
1720937,Taipas do Tocantins,TO,1985,1906.32,1383.58,31.54,20.54,70.87,1.0,0.79,6546.17
1720937,Taipas do Tocantins,TO,1986,1346.5,1459.22,32.31,20.46,69.69,1.06,0.78,6850.76
1720937,Taipas do Tocantins,TO,1987,1728.17,1464.29,33.28,21.79,68.13,1.21,0.7,6778.19
1720937,Taipas do Tocantins,TO,1988,1666.23,1516.29,32.47,21.09,67.45,1.16,0.84,7010.15
1720937,Taipas do Tocantins,TO,1989,2128.12,1415.06,32.15,21.3,69.93,1.08,0.76,6606.8
1720937,Taipas do Tocantins,TO,1990,1054.63,1528.11,33.12,21.07,67.23,1.19,0.77,7095.19
1720937,Taipas do Tocantins,TO,1991,1595.06,1409.63,32.05,20.71,70.17,1.03,0.79,6499.99
1720937,Taipas do Tocantins,TO,1992,2194.4,1379.84,32.18,21.01,70.11,1.06,0.79,6343.47
1720937,Taipas do Tocantins,TO,1993,1058.37,1546.54,33.1,20.94,66.07,1.22,0.96,7009.1
1720937,Taipas do Tocantins,TO,1994,1610.96,1540.4,32.99,21.53,67.04,1.23,0.92,7025.6
1720937,Taipas do Tocantins,TO,1995,1885.63,1477.44,32.92,21.58,68.22,1.18,0.77,6809.29
1720937,Taipas do Tocantins,TO,1996,1335.0,1514.96,33.23,21.49,66.81,1.23,0.74,7027.27
1720937,Taipas do Tocantins,TO,1997,1514.46,1449.6,32.78,21.35,69.13,1.13,0.75,6775.36
1720937,Taipas do Tocantins,TO,1998,1373.63,1543.01,34.3,22.34,64.86,1.39,0.74,6972.66
1720937,Taipas do Tocantins,TO,1999,1570.3,1509.64,33.16,21.76,65.8,1.28,0.78,6898.36
1720937,Taipas do Tocantins,TO,2000,1604.58,1503.6,33.0,21.51,68.42,1.17,0.82,6955.95
1720978,Talismã,TO,1981,1612.56,1507.9,32.02,20.17,67.69,1.1,1.26,6664.3
1720978,Talismã,TO,1982,1464.93,1440.8,32.35,20.27,67.26,1.13,0.87,6660.37
1720978,Talismã,TO,1983,1720.86,1425.91,32.72,20.76,67.6,1.16,0.87,6547.74
1720978,Talismã,TO,1984,1133.43,1453.13,32.63,20.51,68.49,1.1,0.8,6817.09
1720978,Talismã,TO,1985,1925.28,1368.28,31.86,20.42,71.17,0.99,0.8,6483.65
1720978,Talismã,TO,1986,1230.61,1449.6,32.49,20.82,68.5,1.12,0.79,6728.7
1720978,Talismã,TO,1987,1347.11,1445.15,33.31,21.22,67.96,1.19,0.76,6632.88
1720978,Talismã,TO,1988,1580.4,1502.68,32.54,20.77,67.37,1.15,0.89,6885.42
1720978,Talismã,TO,1989,2031.76,1395.3,32.12,20.91,70.23,1.05,0.8,6497.47
1720978,Talismã,TO,1990,1096.85,1502.52,33.18,21.13,68.06,1.16,0.78,6954.91
1720978,Talismã,TO,1991,1444.34,1408.86,32.21,20.74,69.48,1.06,0.81,6481.29
1720978,Talismã,TO,1992,1826.55,1347.34,32.21,21.06,70.55,1.05,0.69,6305.46
1720978,Talismã,TO,1993,1253.74,1472.17,33.13,21.16,66.45,1.22,0.91,6654.4
1720978,Talismã,TO,1994,1409.19,1469.51,33.08,21.32,67.7,1.19,0.84,6793.42
1720978,Talismã,TO,1995,1653.4,1415.11,32.81,21.17,69.44,1.11,0.62,6726.03
1720978,Talismã,TO,1996,1313.17,1448.53,33.08,21.26,68.91,1.13,0.6,6903.48
1720978,Talismã,TO,1997,1639.6,1400.72,32.78,21.07,69.23,1.11,0.64,6677.81
1720978,Talismã,TO,1998,1194.84,1488.14,34.48,21.8,64.63,1.37,0.66,6853.43
1720978,Talismã,TO,1999,1392.48,1480.0,33.43,21.36,66.85,1.23,0.71,6882.65
1720978,Talismã,TO,2000,1819.84,1464.75,32.98,21.18,68.1,1.16,0.76,6885.1
1721000,Palmas,TO,1981,1547.6,1445.82,30.72,18.68,68.97,0.98,1.09,6761.22
1721000,Palmas,TO,1982,1453.56,1396.12,30.82,19.12,72.0,0.9,0.95,6628.32
1721000,Palmas,TO,1983,1575.55,1428.0,31.46,19.46,70.91,0.97,1.06,6584.34
1721000,Palmas,TO,1984,1430.13,1421.91,30.71,18.95,71.43,0.91,1.01,6724.25
1721000,Palmas,TO,1985,2297.7,1316.74,29.97,18.98,75.29,0.77,0.97,6316.67
1721000,Palmas,TO,1986,1730.78,1388.18,30.64,19.29,73.3,0.86,0.9,6624.08
1721000,Palmas,TO,1987,1785.09,1423.19,31.52,19.74,72.06,0.94,0.89,6708.44
1721000,Palmas,TO,1988,1547.53,1450.17,31.11,19.31,71.41,0.93,1.02,6734.46
1721000,Palmas,TO,1989,1962.13,1329.74,29.87,19.34,74.8,0.8,0.88,6422.7
1721000,Palmas,TO,1990,1256.98,1459.22,31.2,19.82,71.66,0.94,0.93,6895.06
1721000,Palmas,TO,1991,1483.52,1372.52,30.78,19.2,73.75,0.84,0.96,6411.08
1721000,Palmas,TO,1992,1607.93,1372.17,31.02,19.34,72.49,0.9,0.89,6463.64
1721000,Palmas,TO,1993,1341.31,1436.86,31.17,19.49,72.87,0.89,1.0,6786.83
1721000,Palmas,TO,1994,1556.85,1408.4,31.01,19.09,73.05,0.86,0.98,6705.93
1721000,Palmas,TO,1995,1788.89,1384.3,30.91,18.78,73.96,0.82,0.86,6672.15
1721000,Palmas,TO,1996,1851.98,1426.32,31.03,18.75,74.1,0.82,0.88,6869.24
1721000,Palmas,TO,1997,1882.53,1401.08,31.05,18.87,72.65,0.87,0.93,6700.74
1721000,Palmas,TO,1998,1304.98,1486.66,32.3,19.59,69.68,1.03,0.93,6890.97
1721000,Palmas,TO,1999,1868.32,1434.35,30.95,18.95,73.98,0.84,1.0,6808.03
1721000,Palmas,TO,2000,1835.03,1462.65,30.85,19.61,74.04,0.86,1.08,6971.03
1721109,Tocantínia,TO,1981,1597.39,1485.74,31.61,19.47,68.96,1.03,1.16,6765.93
1721109,Tocantínia,TO,1982,1568.35,1420.17,31.61,19.75,73.04,0.9,1.01,6646.7
1721109,Tocantínia,TO,1983,1662.2,1456.15,32.33,19.95,71.1,1.0,1.08,6623.3
1721109,Tocantínia,TO,1984,1402.47,1438.14,31.58,19.44,72.63,0.9,1.03,6706.65
1721109,Tocantínia,TO,1985,2551.6,1326.2,30.75,20.07,76.99,0.76,0.95,6305.98
1721109,Tocantínia,TO,1986,1625.03,1409.83,31.38,20.44,74.14,0.88,0.93,6620.94
1721109,Tocantínia,TO,1987,1575.47,1455.59,32.31,20.92,72.93,0.96,0.93,6731.53
1721109,Tocantínia,TO,1988,1573.9,1475.76,31.83,20.42,72.0,0.96,1.04,6729.43
1721109,Tocantínia,TO,1989,1996.75,1346.83,30.79,20.48,76.85,0.78,0.91,6407.62
1721109,Tocantínia,TO,1990,1152.8,1486.81,32.08,20.85,72.56,0.96,0.97,6897.73
1721109,Tocantínia,TO,1991,1421.74,1401.08,31.63,20.27,73.91,0.88,1.01,6399.14
1721109,Tocantínia,TO,1992,1712.42,1396.94,31.74,20.23,72.71,0.94,0.95,6455.0
1721109,Tocantínia,TO,1993,1296.43,1467.46,32.09,20.34,73.04,0.93,1.05,6775.83
1721109,Tocantínia,TO,1994,1472.82,1438.29,32.01,20.38,73.47,0.91,1.01,6674.51
1721109,Tocantínia,TO,1995,1822.85,1414.29,31.96,20.22,74.77,0.86,0.89,6642.93
1721109,Tocantínia,TO,1996,1551.84,1465.01,32.09,20.18,74.92,0.86,0.94,6856.36
1721109,Tocantínia,TO,1997,1711.84,1438.96,32.15,20.19,73.23,0.92,0.99,6683.78
1721109,Tocantínia,TO,1998,1344.3,1529.09,33.47,20.93,70.87,1.07,0.99,6871.97
1721109,Tocantínia,TO,1999,1936.46,1463.37,32.17,20.35,76.38,0.82,1.03,6795.94
1721109,Tocantínia,TO,2000,1706.44,1501.09,32.09,20.66,74.98,0.88,1.1,6982.97
1721208,Tocantinópolis,TO,1981,1219.69,1475.14,32.26,21.2,70.63,1.05,1.22,6406.99
1721208,Tocantinópolis,TO,1982,1397.28,1423.24,32.06,20.94,72.77,0.95,1.08,6445.95
1721208,Tocantinópolis,TO,1983,1365.38,1494.08,32.44,21.1,72.26,0.99,1.34,6430.87
1721208,Tocantinópolis,TO,1984,1732.72,1433.33,31.61,20.34,74.2,0.87,1.19,6501.81
1721208,Tocantinópolis,TO,1985,1951.37,1347.04,31.16,20.95,76.28,0.81,1.05,6212.99
1721208,Tocantinópolis,TO,1986,1502.23,1376.41,31.42,20.56,77.38,0.77,1.11,6339.13
1721208,Tocantinópolis,TO,1987,889.52,1481.69,32.77,20.88,74.06,0.93,1.18,6580.26
1721208,Tocantinópolis,TO,1988,1437.78,1456.67,32.06,20.52,74.81,0.87,1.11,6648.38
1721208,Tocantinópolis,TO,1989,1752.67,1376.87,31.51,20.91,77.31,0.78,1.05,6373.84
1721208,Tocantinópolis,TO,1990,1501.37,1446.43,32.34,20.97,75.41,0.87,1.07,6584.66
1721208,Tocantinópolis,TO,1991,1299.8,1385.11,32.17,21.1,74.97,0.88,1.11,6155.97
1721208,Tocantinópolis,TO,1992,1266.8,1452.62,32.37,21.46,73.51,0.95,1.21,6402.69
1721208,Tocantinópolis,TO,1993,1326.57,1429.03,32.17,21.59,76.15,0.86,1.03,6527.0
1721208,Tocantinópolis,TO,1994,1807.88,1393.92,31.9,21.56,76.08,0.85,0.98,6391.75
1721208,Tocantinópolis,TO,1995,1844.11,1442.59,32.41,21.52,74.2,0.93,0.89,6663.98
1721208,Tocantinópolis,TO,1996,1751.77,1416.74,32.3,21.2,73.65,0.94,0.76,6616.64
1721208,Tocantinópolis,TO,1997,1351.0,1421.3,32.48,21.3,71.83,1.01,0.79,6597.54
1721208,Tocantinópolis,TO,1998,1042.52,1466.13,33.4,22.03,71.9,1.06,0.79,6708.44
1721208,Tocantinópolis,TO,1999,1558.03,1413.37,32.15,20.97,72.69,0.97,0.8,6638.54
1721208,Tocantinópolis,TO,2000,1719.36,1418.43,32.1,21.38,75.04,0.89,0.75,6744.51
1721257,Tupirama,TO,1981,1561.1,1495.67,32.25,20.13,69.94,1.04,1.19,6695.09
1721257,Tupirama,TO,1982,1867.42,1428.06,32.13,20.21,72.16,0.96,1.03,6587.33
1721257,Tupirama,TO,1983,1715.11,1488.65,32.87,20.36,71.03,1.03,1.21,6553.71
1721257,Tupirama,TO,1984,1494.8,1454.06,32.17,19.8,72.52,0.93,1.15,6582.4
1721257,Tupirama,TO,1985,2871.82,1330.25,31.27,20.85,77.23,0.79,1.02,6199.48
1721257,Tupirama,TO,1986,1959.39,1414.08,31.85,21.35,75.8,0.85,1.09,6442.34
1721257,Tupirama,TO,1987,1736.46,1466.03,32.8,21.78,74.61,0.94,1.07,6578.69
1721257,Tupirama,TO,1988,1723.11,1471.05,32.29,21.21,73.41,0.94,1.14,6554.44
1721257,Tupirama,TO,1989,2273.02,1364.39,31.28,21.28,77.34,0.79,1.02,6354.84
1721257,Tupirama,TO,1990,1232.21,1488.76,32.61,21.56,73.4,0.97,1.09,6726.82
1721257,Tupirama,TO,1991,1690.0,1399.65,32.13,20.93,74.44,0.9,1.13,6214.24
1721257,Tupirama,TO,1992,1665.04,1420.07,32.21,20.9,72.2,0.99,1.12,6314.57
1721257,Tupirama,TO,1993,1421.93,1475.5,32.73,21.03,73.77,0.94,1.15,6624.87
1721257,Tupirama,TO,1994,1716.54,1433.02,32.51,21.23,74.98,0.9,1.11,6470.92
1721257,Tupirama,TO,1995,1830.11,1420.33,32.31,21.1,74.48,0.91,0.95,6545.23
1721257,Tupirama,TO,1996,1464.89,1447.04,32.43,21.02,74.84,0.9,0.91,6674.92
1721257,Tupirama,TO,1997,1731.48,1429.13,32.46,20.92,74.0,0.93,0.99,6533.44
1721257,Tupirama,TO,1998,1574.3,1513.63,33.98,21.6,72.93,1.03,1.01,6711.9
1721257,Tupirama,TO,1999,1792.52,1471.0,32.75,21.21,75.58,0.89,1.06,6652.52
1721257,Tupirama,TO,2000,1795.93,1493.21,32.72,21.07,75.02,0.9,1.04,6904.58
1721307,Tupiratins,TO,1981,1646.74,1490.39,32.36,20.42,70.19,1.04,1.19,6627.07
1721307,Tupiratins,TO,1982,1828.74,1432.87,32.27,20.58,72.35,0.97,1.06,6553.55
1721307,Tupiratins,TO,1983,1526.34,1494.44,33.0,20.86,71.38,1.04,1.25,6501.4
1721307,Tupiratins,TO,1984,1590.68,1450.27,32.23,20.19,73.14,0.93,1.18,6529.93
1721307,Tupiratins,TO,1985,2719.45,1327.33,31.39,20.75,77.49,0.78,1.02,6194.3
1721307,Tupiratins,TO,1986,1797.54,1413.21,31.95,21.14,75.75,0.85,1.1,6429.3
1721307,Tupiratins,TO,1987,1561.51,1473.81,32.92,21.72,74.22,0.96,1.07,6603.51
1721307,Tupiratins,TO,1988,1875.17,1468.08,32.41,21.22,73.63,0.94,1.11,6551.77
1721307,Tupiratins,TO,1989,2292.18,1364.64,31.54,21.29,77.88,0.78,1.02,6334.26
1721307,Tupiratins,TO,1990,1244.95,1474.73,32.74,21.56,74.56,0.93,1.08,6659.11
1721307,Tupiratins,TO,1991,1677.32,1398.98,32.24,21.06,75.79,0.85,1.18,6191.62
1721307,Tupiratins,TO,1992,1820.29,1448.83,32.34,20.93,72.57,0.97,1.28,6301.53
1721307,Tupiratins,TO,1993,1710.31,1478.11,32.65,20.84,74.42,0.91,1.27,6558.89
1721307,Tupiratins,TO,1994,1756.14,1423.35,32.52,21.08,75.92,0.86,1.13,6417.52
1721307,Tupiratins,TO,1995,1702.1,1446.28,32.56,21.16,75.25,0.89,1.09,6535.64
1721307,Tupiratins,TO,1996,1561.25,1453.85,32.63,21.19,74.59,0.92,0.95,6640.36
1721307,Tupiratins,TO,1997,1787.48,1439.83,32.63,21.19,73.21,0.97,0.99,6514.44
1721307,Tupiratins,TO,1998,1474.86,1520.74,33.93,21.91,71.47,1.09,1.03,6688.33
1721307,Tupiratins,TO,1999,1765.56,1458.92,32.72,21.3,76.86,0.84,1.07,6613.87
1721307,Tupiratins,TO,2000,1863.6,1473.4,32.63,21.31,76.81,0.84,0.96,6889.82
1722081,Wanderlândia,TO,1981,1432.54,1443.97,31.95,20.94,71.92,0.99,1.18,6392.38
1722081,Wanderlândia,TO,1982,1414.52,1415.98,31.83,20.89,74.74,0.88,1.14,6438.25
1722081,Wanderlândia,TO,1983,1587.29,1478.83,32.29,21.16,72.72,0.97,1.35,6349.18
1722081,Wanderlândia,TO,1984,1751.54,1429.33,31.56,20.18,74.27,0.87,1.21,6470.87
1722081,Wanderlândia,TO,1985,2688.29,1314.28,31.04,19.78,77.88,0.72,1.03,6173.87
1722081,Wanderlândia,TO,1986,1659.86,1375.9,31.45,19.71,77.8,0.73,1.21,6306.3
1722081,Wanderlândia,TO,1987,1310.97,1452.62,32.52,20.31,74.59,0.88,1.21,6477.99
1722081,Wanderlândia,TO,1988,1723.17,1443.15,31.88,19.89,75.2,0.83,1.2,6543.44
1722081,Wanderlândia,TO,1989,2147.46,1353.74,31.22,20.13,78.87,0.7,1.11,6346.04
1722081,Wanderlândia,TO,1990,1542.15,1447.4,32.23,20.07,75.57,0.83,1.21,6564.7
1722081,Wanderlândia,TO,1991,1480.67,1355.79,31.71,19.81,77.08,0.76,1.27,6065.8
1722081,Wanderlândia,TO,1992,1359.15,1422.02,31.86,19.87,75.91,0.81,1.39,6283.46
1722081,Wanderlândia,TO,1993,1593.33,1406.87,31.66,20.01,78.27,0.73,1.26,6471.4
1722081,Wanderlândia,TO,1994,2002.49,1378.92,31.78,20.08,77.68,0.75,1.17,6319.81
1722081,Wanderlândia,TO,1995,1986.47,1425.04,32.32,20.1,75.26,0.85,1.06,6532.97
1722081,Wanderlândia,TO,1996,1881.05,1400.01,32.16,20.02,75.39,0.84,0.84,6581.3
1722081,Wanderlândia,TO,1997,1715.22,1395.86,32.17,20.14,73.83,0.89,0.87,6509.88
1722081,Wanderlândia,TO,1998,1327.25,1444.07,33.0,20.87,73.77,0.94,0.89,6638.85
1722081,Wanderlândia,TO,1999,1818.2,1392.43,32.0,19.95,76.84,0.78,0.9,6562.66
1722081,Wanderlândia,TO,2000,1860.95,1400.42,31.75,20.28,77.35,0.77,0.8,6763.36
1722107,Xambioá,TO,1981,1280.82,1431.89,32.04,21.07,72.3,0.98,1.15,6361.75
1722107,Xambioá,TO,1982,1254.02,1414.95,31.87,20.95,74.89,0.87,1.15,6422.86
1722107,Xambioá,TO,1983,1512.99,1473.09,32.31,21.26,72.49,0.98,1.34,6339.91
1722107,Xambioá,TO,1984,1824.73,1418.33,31.55,20.41,74.34,0.87,1.18,6465.06
1722107,Xambioá,TO,1985,2488.08,1308.19,31.07,20.3,77.77,0.74,0.99,6161.94
1722107,Xambioá,TO,1986,1753.49,1376.57,31.46,20.22,78.15,0.73,1.21,6311.64
1722107,Xambioá,TO,1987,1284.14,1450.88,32.61,20.77,74.81,0.89,1.21,6438.25
1722107,Xambioá,TO,1988,1867.2,1442.28,31.96,20.37,75.54,0.83,1.2,6528.68
1722107,Xambioá,TO,1989,2188.11,1360.55,31.29,20.58,79.02,0.71,1.11,6357.04
1722107,Xambioá,TO,1990,1561.4,1446.84,32.23,20.61,76.13,0.83,1.21,6562.03
1722107,Xambioá,TO,1991,1473.97,1357.07,31.83,20.5,77.72,0.76,1.26,6063.6
1722107,Xambioá,TO,1992,1412.32,1421.09,32.04,20.55,76.67,0.8,1.37,6285.82
1722107,Xambioá,TO,1993,1502.1,1412.19,31.82,20.61,78.66,0.73,1.24,6476.27
1722107,Xambioá,TO,1994,1932.97,1383.58,31.86,20.66,78.11,0.75,1.17,6327.98
1722107,Xambioá,TO,1995,1925.23,1430.05,32.34,20.75,75.86,0.85,1.09,6508.15
1722107,Xambioá,TO,1996,1977.48,1414.54,32.19,20.65,75.64,0.85,0.91,6581.61
1722107,Xambioá,TO,1997,1638.28,1413.21,32.24,20.78,74.0,0.91,0.94,6511.45
1722107,Xambioá,TO,1998,1291.42,1460.5,33.08,21.5,73.95,0.95,0.94,6635.87
1722107,Xambioá,TO,1999,1814.02,1403.03,32.07,20.56,77.31,0.79,0.95,6565.8
1722107,Xambioá,TO,2000,1982.9,1417.61,31.88,20.88,77.66,0.78,0.87,6759.44
